genero,localidad,tipo_tramite,clase,fecha_otorgamiento,fecha_inicio_tramite,fecha_vencimiento,estado_licencia
MASCULINO,VENADO TUERTO,RENOVACIÓN,"A.2.1, E.1, G.1",1/jul/2025,12/jun/2025,1/jul/2026,VIGENTE
FEMENINO,VENADO TUERTO,ORIGINAL,A.2.1,1/jul/2025,19/jun/2025,1/jul/2030,VIGENTE
MASCULINO,VENADO TUERTO,ORIGINAL,"A.2.1, B.1",1/jul/2025,19/jun/2025,1/jul/2026,VIGENTE
FEMENINO,VENADO TUERTO,ORIGINAL,"A.2.1, B.1",1/jul/2025,23/jun/2025,1/jul/2030,VIGENTE
FEMENINO,VENADO TUERTO,ORIGINAL,A.2.1,1/jul/2025,30/jun/2025,1/jul/2030,VIGENTE
FEMENINO,VENADO TUERTO,ORIGINAL,A.2.1,1/jul/2025,30/jun/2025,1/jul/2030,VIGENTE
FEMENINO,VENADO TUERTO,ORIGINAL,"A.2.1, B.1",1/jul/2025,1/jul/2025,1/jul/2030,VIGENTE
FEMENINO,VENADO TUERTO,RENOVACIÓN,B.1,1/jul/2025,1/jul/2025,1/jul/2026,VIGENTE
FEMENINO,VENADO TUERTO,RENOVACIÓN,B.2,1/jul/2025,1/jul/2025,1/jul/2026,VIGENTE
FEMENINO,VENADO TUERTO,RENOVACIÓN,B.2,1/jul/2025,1/jul/2025,1/jul/2030,VIGENTE
FEMENINO,VENADO TUERTO,RENOVACIÓN,"A.2.1, B.1",1/jul/2025,1/jul/2025,1/jul/2030,VIGENTE
MASCULINO,VENADO TUERTO,RENOVACIÓN,B.1,1/jul/2025,1/jul/2025,1/jul/2026,VIGENTE
MASCULINO,VENADO TUERTO,RENOVACIÓN,"A.3, B.2",1/jul/2025,1/jul/2025,1/jul/2030,VIGENTE
MASCULINO,VENADO TUERTO,RENOVACIÓN,"A.3, E.1",1/jul/2025,1/jul/2025,1/jul/2026,VIGENTE
FEMENINO,VENADO TUERTO,RENOVACIÓN,B.2,1/jul/2025,1/jul/2025,1/jul/2030,VIGENTE
MASCULINO,VENADO TUERTO,RENOVACIÓN,B.2,1/jul/2025,1/jul/2025,1/jul/2026,VIGENTE
MASCULINO,VENADO TUERTO,RENOVACIÓN,"A.2.2, B.2",1/jul/2025,1/jul/2025,1/jul/2030,VIGENTE
MASCULINO,SAN EDUARDO,RENOVACIÓN,"A.2.1, B.1",1/jul/2025,1/jul/2025,1/jul/2026,VIGENTE
MASCULINO,VENADO TUERTO,RENOVACIÓN,"A.3, B.2",1/jul/2025,1/jul/2025,1/jul/2030,VIGENTE
MASCULINO,VENADO TUERTO,RENOVACIÓN,"A.2.2, B.2, E.2, G.1, G.2",1/jul/2025,1/jul/2025,1/jul/2026,VIGENTE
MASCULINO,VENADO TUERTO,RENOVACIÓN,"A.2.1, E.1",1/jul/2025,1/jul/2025,1/jul/2026,VIGENTE
FEMENINO,VENADO TUERTO,ORIGINAL,A.2.1,1/jul/2025,1/jul/2025,1/jul/2030,VIGENTE
FEMENINO,VENADO TUERTO,RENOVACIÓN,B.1,1/jul/2025,1/jul/2025,1/jul/2030,VIGENTE
MASCULINO,VENADO TUERTO,RENOVACIÓN,"A.2.2, B.2, D.3",1/jul/2025,1/jul/2025,1/jul/2026,VIGENTE
MASCULINO,VENADO TUERTO,RENOVACIÓN,B.2,1/jul/2025,1/jul/2025,1/jul/2030,VIGENTE
MASCULINO,VENADO TUERTO,RENOVACIÓN,B.1,1/jul/2025,1/jul/2025,1/jul/2030,VIGENTE
MASCULINO,VENADO TUERTO,RENOVACIÓN,B.2,1/jul/2025,1/jul/2025,1/jul/2026,VIGENTE
FEMENINO,VENADO TUERTO,RENOVACIÓN,"A.2.1, B.2",1/jul/2025,1/jul/2025,1/jul/2030,VIGENTE
MASCULINO,VENADO TUERTO,ORIGINAL,"A.2.1, B.1",1/jul/2025,1/jul/2025,1/jul/2030,VIGENTE
MASCULINO,VENADO TUERTO,RENOVACIÓN,"A.2.2, B.2",1/jul/2025,1/jul/2025,1/jul/2030,VIGENTE
MASCULINO,VENADO TUERTO,RENOVACIÓN,"A.2.1, B.2, D.1",1/jul/2025,1/jul/2025,1/jul/2026,VIGENTE
MASCULINO,VENADO TUERTO,RENOVACIÓN,B.2,1/jul/2025,1/jul/2025,1/jul/2026,VIGENTE
MASCULINO,VENADO TUERTO,RENOVACIÓN,B.2,1/jul/2025,1/jul/2025,1/jul/2026,VIGENTE
FEMENINO,VENADO TUERTO,RENOVACIÓN,B.1,1/jul/2025,1/jul/2025,1/jul/2030,VIGENTE
FEMENINO,VENADO TUERTO,RENOVACIÓN,"A.2.2, B.1",1/jul/2025,1/jul/2025,1/jul/2030,VIGENTE
MASCULINO,VENADO TUERTO,ORIGINAL,"A.2.1, B.1",1/jul/2025,1/jul/2025,1/jul/2026,VIGENTE
FEMENINO,VENADO TUERTO,RENOVACIÓN,B.2,1/jul/2025,1/jul/2025,1/jul/2030,VIGENTE
FEMENINO,VENADO TUERTO,RENOVACIÓN,A.2.1,1/jul/2025,1/jul/2025,1/jul/2030,VIGENTE
FEMENINO,VENADO TUERTO,RENOVACIÓN,B.2,1/jul/2025,1/jul/2025,1/jul/2026,VIGENTE
MASCULINO,VENADO TUERTO,RENOVACIÓN,"A.3, B.2",1/jul/2025,1/jul/2025,1/jul/2030,VIGENTE
MASCULINO,VENADO TUERTO,RENOVACIÓN,"B.2, D.1",1/jul/2025,1/jul/2025,1/jul/2027,VIGENTE
MASCULINO,VENADO TUERTO,RENOVACIÓN,B.1,2/jul/2025,8/ene/2025,2/jul/2026,VIGENTE
MASCULINO,VENADO TUERTO,ORIGINAL,"A.2.1, B.1",2/jul/2025,14/abr/2025,2/jul/2026,VIGENTE
MASCULINO,VENADO TUERTO,ORIGINAL,A.2.1,2/jul/2025,5/jun/2025,2/jul/2026,VIGENTE
MASCULINO,VENADO TUERTO,RENOVACIÓN,C,2/jul/2025,6/jun/2025,2/jul/2026,VIGENTE
MASCULINO,VENADO TUERTO,RENOVACIÓN,"A.3, E.1, E.2",2/jul/2025,12/jun/2025,2/jul/2026,VIGENTE
MASCULINO,VENADO TUERTO,RENOVACIÓN,E.1,2/jul/2025,18/jun/2025,2/abr/2026,VIGENTE
MASCULINO,VENADO TUERTO,RENOVACIÓN,E.1,2/jul/2025,18/jun/2025,2/jul/2026,VIGENTE
FEMENINO,VENADO TUERTO,ORIGINAL,A.2.1,2/jul/2025,25/jun/2025,2/jul/2026,VIGENTE
MASCULINO,VENADO TUERTO,RENOVACIÓN,E.1,2/jul/2025,26/jun/2025,2/jul/2026,VIGENTE
MASCULINO,VENADO TUERTO,ORIGINAL,"A.2.2, B.1",2/jul/2025,30/jun/2025,2/jul/2030,VIGENTE
MASCULINO,VENADO TUERTO,RENOVACIÓN,"E.1, G.1, G.2",2/jul/2025,1/jul/2025,2/jul/2026,VIGENTE
FEMENINO,VENADO TUERTO,RENOVACIÓN,B.1,2/jul/2025,1/jul/2025,2/jul/2028,VIGENTE
FEMENINO,VENADO TUERTO,ORIGINAL,A.2.1,2/jul/2025,2/jul/2025,2/jul/2026,VIGENTE
FEMENINO,VENADO TUERTO,RENOVACIÓN,"A.2.1, B.2",2/jul/2025,2/jul/2025,2/jul/2030,VIGENTE
MASCULINO,VENADO TUERTO,RENOVACIÓN,"A.2.1, B.1",2/jul/2025,2/jul/2025,2/jul/2030,VIGENTE
MASCULINO,VENADO TUERTO,RENOVACIÓN CON AMPLIACIÓN,"A.2.1, B.1",2/jul/2025,2/jul/2025,2/jul/2028,VIGENTE
MASCULINO,VENADO TUERTO,RENOVACIÓN,B.2,2/jul/2025,2/jul/2025,2/jul/2026,VIGENTE
FEMENINO,VENADO TUERTO,RENOVACIÓN CON AMPLIACIÓN,"A.2.1, B.1",2/jul/2025,2/jul/2025,2/jul/2030,VIGENTE
MASCULINO,VENADO TUERTO,RENOVACIÓN,"A.2.2, B.2, E.2",2/jul/2025,2/jul/2025,2/jul/2027,VIGENTE
MASCULINO,VENADO TUERTO,RENOVACIÓN CON AMPLIACIÓN,"A.2.1, B.1",2/jul/2025,2/jul/2025,2/jul/2030,VIGENTE
MASCULINO,VENADO TUERTO,RENOVACIÓN,B.2,2/jul/2025,2/jul/2025,2/jul/2026,VIGENTE
FEMENINO,VENADO TUERTO,RENOVACIÓN,B.2,2/jul/2025,2/jul/2025,2/jul/2026,VIGENTE
FEMENINO,VENADO TUERTO,RENOVACIÓN,B.2,2/jul/2025,2/jul/2025,2/jul/2030,VIGENTE
MASCULINO,VENADO TUERTO,RENOVACIÓN,D.1,2/jul/2025,2/jul/2025,2/jul/2026,VIGENTE
MASCULINO,VENADO TUERTO,RENOVACIÓN,"A.2.1, B.1",2/jul/2025,2/jul/2025,2/jul/2026,VIGENTE
MASCULINO,VENADO TUERTO,RENOVACIÓN,B.2,2/jul/2025,2/jul/2025,2/jul/2030,VIGENTE
FEMENINO,VENADO TUERTO,RENOVACIÓN,A.2.1,2/jul/2025,2/jul/2025,2/jul/2030,VIGENTE
MASCULINO,VENADO TUERTO,RENOVACIÓN,"A.3, D.1",2/jul/2025,2/jul/2025,2/jul/2026,VIGENTE
FEMENINO,VENADO TUERTO,RENOVACIÓN,B.2,2/jul/2025,2/jul/2025,2/jul/2030,VIGENTE
FEMENINO,VENADO TUERTO,RENOVACIÓN,"A.2.1, B.1",2/jul/2025,2/jul/2025,2/jul/2030,VIGENTE
MASCULINO,VENADO TUERTO,RENOVACIÓN,"A.2.1, B.2",2/jul/2025,2/jul/2025,2/jul/2030,VIGENTE
FEMENINO,SAN EDUARDO,RENOVACIÓN,"A.2.1, B.2",2/jul/2025,2/jul/2025,2/jul/2030,VIGENTE
MASCULINO,VENADO TUERTO,RENOVACIÓN,B.2,2/jul/2025,2/jul/2025,2/jul/2026,VIGENTE
MASCULINO,VENADO TUERTO,RENOVACIÓN,"A.2.1, B.1",2/jul/2025,2/jul/2025,2/jul/2030,VIGENTE
MASCULINO,VENADO TUERTO,RENOVACIÓN,"A.2.2, B.1",2/jul/2025,2/jul/2025,2/jul/2030,VIGENTE
MASCULINO,VENADO TUERTO,RENOVACIÓN,"A.3, B.2",2/jul/2025,2/jul/2025,2/jul/2030,VIGENTE
MASCULINO,VENADO TUERTO,RENOVACIÓN,B.2,2/jul/2025,2/jul/2025,2/jul/2030,VIGENTE
MASCULINO,VENADO TUERTO,RENOVACIÓN,"A.2.1, B.1",2/jul/2025,2/jul/2025,2/jul/2028,VIGENTE
FEMENINO,VENADO TUERTO,ORIGINAL,"A.2.1, B.1",2/jul/2025,2/jul/2025,2/jul/2030,VIGENTE
MASCULINO,VENADO TUERTO,RENOVACIÓN,"A.2.1, E.1",2/jul/2025,2/jul/2025,2/jul/2026,VIGENTE
FEMENINO,VENADO TUERTO,RENOVACIÓN,B.1,2/jul/2025,2/jul/2025,2/jul/2026,VIGENTE
FEMENINO,VENADO TUERTO,RENOVACIÓN CON AMPLIACIÓN,"A.2.1, B.1",2/jul/2025,2/jul/2025,2/jul/2030,VIGENTE
FEMENINO,VENADO TUERTO,RENOVACIÓN CON AMPLIACIÓN,"A.2.1, B.1",2/jul/2025,2/jul/2025,2/jul/2030,VIGENTE
FEMENINO,VENADO TUERTO,RENOVACIÓN,B.2,2/jul/2025,2/jul/2025,2/jul/2026,VIGENTE
MASCULINO,VENADO TUERTO,RENOVACIÓN,"A.2.1, E.1",2/jul/2025,2/jul/2025,2/jul/2026,VIGENTE
FEMENINO,VENADO TUERTO,RENOVACIÓN,B.2,2/jul/2025,2/jul/2025,2/jul/2026,VIGENTE
MASCULINO,VENADO TUERTO,RENOVACIÓN,B.1,2/jul/2025,2/jul/2025,2/jul/2026,VIGENTE
FEMENINO,VENADO TUERTO,RENOVACIÓN,B.2,2/jul/2025,2/jul/2025,2/jul/2026,VIGENTE
FEMENINO,VENADO TUERTO,ORIGINAL,B.1,3/jul/2025,23/jun/2025,3/jul/2030,VIGENTE
MASCULINO,VENADO TUERTO,ORIGINAL,A.2.1,3/jul/2025,23/jun/2025,3/jul/2026,VIGENTE
MASCULINO,VENADO TUERTO,RENOVACIÓN,D.1,3/jul/2025,30/jun/2025,3/jul/2027,VIGENTE
MASCULINO,VENADO TUERTO,ORIGINAL,"A.2.2, B.2",3/jul/2025,1/jul/2025,3/jul/2030,VIGENTE
MASCULINO,VENADO TUERTO,ORIGINAL,A.2.1,3/jul/2025,2/jul/2025,3/jul/2026,VIGENTE
MASCULINO,VENADO TUERTO,RENOVACIÓN,B.2,3/jul/2025,2/jul/2025,3/jul/2026,VIGENTE
MASCULINO,VENADO TUERTO,RENOVACIÓN,B.1,3/jul/2025,3/jul/2025,3/jul/2030,VIGENTE
MASCULINO,VENADO TUERTO,RENOVACIÓN,B.2,3/jul/2025,3/jul/2025,3/jul/2030,VIGENTE
MASCULINO,VENADO TUERTO,RENOVACIÓN,"B.2, D.1",3/jul/2025,3/jul/2025,3/jul/2027,VIGENTE
FEMENINO,VENADO TUERTO,RENOVACIÓN,B.2,3/jul/2025,3/jul/2025,3/jul/2030,VIGENTE
FEMENINO,VENADO TUERTO,ORIGINAL,"A.2.1, B.1",3/jul/2025,3/jul/2025,3/jul/2026,VIGENTE
MASCULINO,VENADO TUERTO,RENOVACIÓN,"A.2.2, B.2",3/jul/2025,3/jul/2025,3/jul/2030,VIGENTE
FEMENINO,VENADO TUERTO,RENOVACIÓN,B.2,3/jul/2025,3/jul/2025,3/jul/2030,VIGENTE
MASCULINO,VENADO TUERTO,RENOVACIÓN,"A.2.1, E.1",3/jul/2025,3/jul/2025,3/feb/2026,VIGENTE
FEMENINO,VENADO TUERTO,RENOVACIÓN,B.2,3/jul/2025,3/jul/2025,3/jul/2030,VIGENTE
MASCULINO,VENADO TUERTO,RENOVACIÓN,B.2,3/jul/2025,3/jul/2025,3/jul/2028,VIGENTE
MASCULINO,VENADO TUERTO,RENOVACIÓN,B.1,3/jul/2025,3/jul/2025,3/jul/2026,VIGENTE
MASCULINO,VENADO TUERTO,RENOVACIÓN,D.1,3/jul/2025,3/jul/2025,3/jul/2026,VIGENTE
MASCULINO,VENADO TUERTO,RENOVACIÓN,"A.2.2, B.2",3/jul/2025,3/jul/2025,3/jul/2030,VIGENTE
FEMENINO,VENADO TUERTO,RENOVACIÓN,"A.2.1, B.2",3/jul/2025,3/jul/2025,3/jul/2030,VIGENTE
FEMENINO,VENADO TUERTO,RENOVACIÓN,"A.2.1, B.2",3/jul/2025,3/jul/2025,3/jul/2030,VIGENTE
MASCULINO,VENADO TUERTO,ORIGINAL,A.2.1,3/jul/2025,3/jul/2025,3/jul/2026,VIGENTE
MASCULINO,VENADO TUERTO,ORIGINAL,"A.2.1, B.1",3/jul/2025,3/jul/2025,3/jul/2030,VIGENTE
MASCULINO,VENADO TUERTO,ORIGINAL,"A.2.2, B.2",3/jul/2025,3/jul/2025,3/jul/2030,VIGENTE
MASCULINO,VENADO TUERTO,ORIGINAL,A.2.1,3/jul/2025,3/jul/2025,3/jul/2026,VIGENTE
MASCULINO,VENADO TUERTO,RENOVACIÓN,"A.2.2, B.2",3/jul/2025,3/jul/2025,3/jul/2026,VIGENTE
FEMENINO,VENADO TUERTO,RENOVACIÓN,A.2.1,3/jul/2025,3/jul/2025,3/jul/2028,VIGENTE
MASCULINO,VENADO TUERTO,RENOVACIÓN,B.2,3/jul/2025,3/jul/2025,3/jul/2026,VIGENTE
MASCULINO,VENADO TUERTO,RENOVACIÓN,B.2,3/jul/2025,3/jul/2025,3/jul/2026,VIGENTE
MASCULINO,VENADO TUERTO,ORIGINAL,"A.2.1, B.1",3/jul/2025,3/jul/2025,3/jul/2030,VIGENTE
FEMENINO,VENADO TUERTO,RENOVACIÓN,B.1,3/jul/2025,3/jul/2025,3/jul/2028,VIGENTE
MASCULINO,VENADO TUERTO,RENOVACIÓN,"A.2.1, B.1, E.2",3/jul/2025,3/jul/2025,3/jul/2027,VIGENTE
MASCULINO,VENADO TUERTO,RENOVACIÓN,B.2,3/jul/2025,3/jul/2025,3/jul/2026,VIGENTE
FEMENINO,VENADO TUERTO,RENOVACIÓN CON AMPLIACIÓN,"A.2.1, B.2",3/jul/2025,3/jul/2025,3/jul/2030,VIGENTE
MASCULINO,VENADO TUERTO,ORIGINAL,"A.2.1, B.1",3/jul/2025,3/jul/2025,3/jul/2030,VIGENTE
FEMENINO,VENADO TUERTO,RENOVACIÓN,A.2.1,3/jul/2025,3/jul/2025,3/jul/2030,VIGENTE
MASCULINO,VENADO TUERTO,RENOVACIÓN,"A.2.1, B.2, G.1",3/jul/2025,3/jul/2025,3/jul/2030,VIGENTE
FEMENINO,VENADO TUERTO,RENOVACIÓN,"A.2.1, B.1",3/jul/2025,3/jul/2025,3/jul/2030,VIGENTE
MASCULINO,VENADO TUERTO,RENOVACIÓN CON AMPLIACIÓN,"A.2.1, B.2, G.1, G.2",3/jul/2025,3/jul/2025,3/jul/2030,VIGENTE
MASCULINO,VENADO TUERTO,RENOVACIÓN,"A.3, B.2, D.3",3/jul/2025,3/jul/2025,3/jul/2027,VIGENTE
MASCULINO,VENADO TUERTO,RENOVACIÓN,B.2,3/jul/2025,3/jul/2025,3/jul/2030,VIGENTE
FEMENINO,VENADO TUERTO,RENOVACIÓN,B.2,3/jul/2025,3/jul/2025,3/jul/2028,VIGENTE
MASCULINO,VENADO TUERTO,RENOVACIÓN,B.2,3/jul/2025,3/jul/2025,3/jul/2028,VIGENTE
MASCULINO,SAN EDUARDO,RENOVACIÓN,"A.2.1, B.1",3/jul/2025,3/jul/2025,3/jul/2030,VIGENTE
MASCULINO,VENADO TUERTO,RENOVACIÓN,E.1,4/jul/2025,9/jun/2025,4/jul/2026,VIGENTE
FEMENINO,VENADO TUERTO,ORIGINAL,A.2.1,4/jul/2025,11/jun/2025,4/jul/2030,VIGENTE
MASCULINO,VENADO TUERTO,RENOVACIÓN CON AMPLIACIÓN,"A.2.2, B.1",4/jul/2025,13/jun/2025,4/jul/2030,VIGENTE
MASCULINO,VENADO TUERTO,RENOVACIÓN,"A.2.2, E.1",4/jul/2025,23/jun/2025,4/jul/2026,VIGENTE
MASCULINO,VENADO TUERTO,RENOVACIÓN,"A.2.1, D.3, E.1",4/jul/2025,27/jun/2025,4/jul/2027,VIGENTE
MASCULINO,VENADO TUERTO,ORIGINAL,A.2.1,4/jul/2025,27/jun/2025,4/jul/2030,VIGENTE
FEMENINO,VENADO TUERTO,RENOVACIÓN,B.1,4/jul/2025,4/jul/2025,4/jul/2028,VIGENTE
MASCULINO,VENADO TUERTO,RENOVACIÓN,"A.2.1, B.2, G.1",4/jul/2025,4/jul/2025,4/jul/2030,VIGENTE
MASCULINO,VENADO TUERTO,RENOVACIÓN,"A.2.1, B.1",4/jul/2025,4/jul/2025,4/jul/2030,VIGENTE
MASCULINO,VENADO TUERTO,RENOVACIÓN,"A.2.1, B.1",4/jul/2025,4/jul/2025,4/jul/2026,VIGENTE
FEMENINO,VENADO TUERTO,ORIGINAL,B.1,4/jul/2025,4/jul/2025,4/jul/2026,VIGENTE
FEMENINO,VENADO TUERTO,RENOVACIÓN,B.2,4/jul/2025,4/jul/2025,4/jul/2026,VIGENTE
MASCULINO,VENADO TUERTO,RENOVACIÓN,"A.2.2, B.2",4/jul/2025,4/jul/2025,4/jul/2030,VIGENTE
MASCULINO,VENADO TUERTO,RENOVACIÓN,"B.2, E.2, G.1, G.2",4/jul/2025,4/jul/2025,4/jul/2026,VIGENTE
MASCULINO,VENADO TUERTO,RENOVACIÓN,B.2,4/jul/2025,4/jul/2025,4/jul/2026,VIGENTE
MASCULINO,VENADO TUERTO,RENOVACIÓN,B.2,4/jul/2025,4/jul/2025,4/jul/2026,VIGENTE
MASCULINO,VENADO TUERTO,RENOVACIÓN,B.1,4/jul/2025,4/jul/2025,4/jul/2030,VIGENTE
FEMENINO,VENADO TUERTO,RENOVACIÓN,B.2,4/jul/2025,4/jul/2025,4/jul/2026,VIGENTE
MASCULINO,VENADO TUERTO,RENOVACIÓN,"A.2.1, B.2",4/jul/2025,4/jul/2025,4/jul/2026,VIGENTE
MASCULINO,VENADO TUERTO,RENOVACIÓN,"A.3, B.2",4/jul/2025,4/jul/2025,4/jul/2028,VIGENTE
MASCULINO,VENADO TUERTO,RENOVACIÓN,"A.2.1, B.2",4/jul/2025,4/jul/2025,4/jul/2026,VIGENTE
MASCULINO,VENADO TUERTO,RENOVACIÓN CON AMPLIACIÓN,"A.2.1, B.1",4/jul/2025,4/jul/2025,4/jul/2030,VIGENTE
MASCULINO,VENADO TUERTO,RENOVACIÓN CON AMPLIACIÓN,"A.2.2, B.1",4/jul/2025,4/jul/2025,4/jul/2030,VIGENTE
MASCULINO,VENADO TUERTO,RENOVACIÓN,B.1,4/jul/2025,4/jul/2025,4/jul/2030,VIGENTE
MASCULINO,VENADO TUERTO,ORIGINAL,"A.2.1, B.1",4/jul/2025,4/jul/2025,4/jul/2030,VIGENTE
MASCULINO,VENADO TUERTO,RENOVACIÓN,"A.3, B.2, D.1",4/jul/2025,4/jul/2025,4/jul/2026,VIGENTE
FEMENINO,VENADO TUERTO,RENOVACIÓN,A.2.1,4/jul/2025,4/jul/2025,4/jul/2030,VIGENTE
FEMENINO,VENADO TUERTO,RENOVACIÓN,"A.2.1, B.1",4/jul/2025,4/jul/2025,4/jul/2030,VIGENTE
MASCULINO,SAN EDUARDO,RENOVACIÓN CON AMPLIACIÓN,"A.3, B.1, G.1",4/jul/2025,4/jul/2025,4/jul/2030,VIGENTE
FEMENINO,VENADO TUERTO,RENOVACIÓN,A.2.1,4/jul/2025,4/jul/2025,4/jul/2028,VIGENTE
MASCULINO,VENADO TUERTO,ORIGINAL,"A.2.1, B.2",4/jul/2025,4/jul/2025,4/jul/2030,VIGENTE
FEMENINO,VENADO TUERTO,RENOVACIÓN,B.2,4/jul/2025,4/jul/2025,4/jul/2030,VIGENTE
MASCULINO,VENADO TUERTO,RENOVACIÓN,B.1,4/jul/2025,4/jul/2025,4/jul/2028,VIGENTE
FEMENINO,VENADO TUERTO,RENOVACIÓN,"A.2.1, B.1",4/jul/2025,4/jul/2025,4/jul/2030,VIGENTE
FEMENINO,VENADO TUERTO,RENOVACIÓN,B.2,4/jul/2025,4/jul/2025,4/jul/2026,VIGENTE
FEMENINO,VENADO TUERTO,RENOVACIÓN,B.2,4/jul/2025,4/jul/2025,4/jul/2026,VIGENTE
MASCULINO,VENADO TUERTO,RENOVACIÓN,B.2,4/jul/2025,4/jul/2025,4/jul/2026,VIGENTE
FEMENINO,VENADO TUERTO,RENOVACIÓN,"A.2.1, B.1",4/jul/2025,4/jul/2025,4/jul/2030,VIGENTE
MASCULINO,VENADO TUERTO,RENOVACIÓN CON AMPLIACIÓN,"A.3, B.2",4/jul/2025,4/jul/2025,4/jul/2030,VIGENTE
FEMENINO,VENADO TUERTO,RENOVACIÓN,"A.2.1, B.2",4/jul/2025,4/jul/2025,4/jul/2030,VIGENTE
MASCULINO,VENADO TUERTO,RENOVACIÓN,D.1,4/jul/2025,4/jul/2025,4/jul/2026,NO VIGENTE
FEMENINO,VENADO TUERTO,ORIGINAL,"A.2.1, B.1",4/jul/2025,4/jul/2025,4/jul/2030,VIGENTE
MASCULINO,VENADO TUERTO,RENOVACIÓN,B.2,4/jul/2025,4/jul/2025,4/jul/2026,VIGENTE
FEMENINO,VENADO TUERTO,RENOVACIÓN,B.2,4/jul/2025,4/jul/2025,4/jul/2026,VIGENTE
FEMENINO,VENADO TUERTO,RENOVACIÓN,"A.2.1, B.2",4/jul/2025,4/jul/2025,4/jul/2030,VIGENTE
FEMENINO,VENADO TUERTO,ORIGINAL,A.2.1,4/jul/2025,4/jul/2025,4/jul/2030,VIGENTE
MASCULINO,VENADO TUERTO,RENOVACIÓN,"A.2.1, B.2",4/jul/2025,4/jul/2025,4/jul/2030,VIGENTE
MASCULINO,VENADO TUERTO,RENOVACIÓN,B.1,4/jul/2025,4/jul/2025,4/jul/2028,VIGENTE
FEMENINO,VENADO TUERTO,RENOVACIÓN,B.2,4/jul/2025,4/jul/2025,4/jul/2026,VIGENTE
MASCULINO,VENADO TUERTO,RENOVACIÓN,B.2,4/jul/2025,4/jul/2025,4/jul/2026,VIGENTE
FEMENINO,VENADO TUERTO,RENOVACIÓN,B.2,4/jul/2025,4/jul/2025,4/jul/2026,VIGENTE
MASCULINO,VENADO TUERTO,RENOVACIÓN,"A.2.1, B.2",4/jul/2025,4/jul/2025,4/jul/2026,VIGENTE
FEMENINO,VENADO TUERTO,RENOVACIÓN,B.2,4/jul/2025,4/jul/2025,4/jul/2028,VIGENTE
MASCULINO,VENADO TUERTO,RENOVACIÓN,"D.1, F",4/jul/2025,4/jul/2025,4/jul/2026,VIGENTE
MASCULINO,VENADO TUERTO,RENOVACIÓN,B.2,4/jul/2025,4/jul/2025,4/jul/2030,VIGENTE
MASCULINO,VENADO TUERTO,RENOVACIÓN,"A.2.2, B.1",4/jul/2025,4/jul/2025,4/jul/2030,VIGENTE
MASCULINO,VENADO TUERTO,RENOVACIÓN,"A.3, B.2, D.1, D.3",4/jul/2025,4/jul/2025,4/jul/2027,VIGENTE
MASCULINO,VENADO TUERTO,RENOVACIÓN,"A.2.1, B.2",4/jul/2025,4/jul/2025,4/jul/2026,VIGENTE
MASCULINO,VENADO TUERTO,RENOVACIÓN,"B.2, G.1, G.2",4/jul/2025,4/jul/2025,4/jul/2030,VIGENTE
FEMENINO,VENADO TUERTO,ORIGINAL,A.2.1,7/jul/2025,25/jun/2025,7/jul/2030,VIGENTE
MASCULINO,VENADO TUERTO,RENOVACIÓN CON AMPLIACIÓN,"A.2.1, D.1",7/jul/2025,25/jun/2025,7/jul/2026,VIGENTE
FEMENINO,VENADO TUERTO,ORIGINAL,A.2.1,7/jul/2025,25/jun/2025,7/jul/2030,VIGENTE
FEMENINO,VENADO TUERTO,RENOVACIÓN CON AMPLIACIÓN,"A.2.1, B.1",7/jul/2025,26/jun/2025,7/jul/2030,VIGENTE
MASCULINO,VENADO TUERTO,RENOVACIÓN,"A.3, E.1",7/jul/2025,1/jul/2025,7/jul/2026,VIGENTE
MASCULINO,VENADO TUERTO,RENOVACIÓN,"A.3, C",7/jul/2025,1/jul/2025,7/jul/2027,VIGENTE
MASCULINO,VENADO TUERTO,RENOVACIÓN,"A.2.2, E.1",7/jul/2025,2/jul/2025,7/jul/2026,VIGENTE
MASCULINO,VENADO TUERTO,RENOVACIÓN CON AMPLIACIÓN,"A.2.2, B.1",7/jul/2025,2/jul/2025,7/jul/2030,VIGENTE
FEMENINO,VENADO TUERTO,ORIGINAL,A.2.1,7/jul/2025,3/jul/2025,7/jul/2026,VIGENTE
FEMENINO,VENADO TUERTO,ORIGINAL,A.2.1,7/jul/2025,7/jul/2025,7/jul/2030,VIGENTE
FEMENINO,VENADO TUERTO,RENOVACIÓN,B.2,7/jul/2025,7/jul/2025,7/jul/2028,VIGENTE
MASCULINO,VENADO TUERTO,RENOVACIÓN,B.2,7/jul/2025,7/jul/2025,7/jul/2026,VIGENTE
MASCULINO,VENADO TUERTO,RENOVACIÓN,"A.2.2, B.2",7/jul/2025,7/jul/2025,7/jul/2030,VIGENTE
MASCULINO,VENADO TUERTO,RENOVACIÓN,B.1,7/jul/2025,7/jul/2025,7/jul/2030,VIGENTE
MASCULINO,VENADO TUERTO,RENOVACIÓN,"A.3, B.2",7/jul/2025,7/jul/2025,7/jul/2030,VIGENTE
FEMENINO,VENADO TUERTO,RENOVACIÓN,B.2,7/jul/2025,7/jul/2025,7/jul/2026,VIGENTE
FEMENINO,VENADO TUERTO,RENOVACIÓN,"A.2.1, B.2",7/jul/2025,7/jul/2025,7/jul/2030,VIGENTE
MASCULINO,VENADO TUERTO,RENOVACIÓN,B.2,7/jul/2025,7/jul/2025,7/jul/2028,VIGENTE
MASCULINO,VENADO TUERTO,RENOVACIÓN,"A.2.1, B.1",7/jul/2025,7/jul/2025,7/jul/2030,VIGENTE
FEMENINO,VENADO TUERTO,RENOVACIÓN,B.2,7/jul/2025,7/jul/2025,7/jul/2026,VIGENTE
MASCULINO,VENADO TUERTO,RENOVACIÓN,B.2,7/jul/2025,7/jul/2025,7/jul/2026,VIGENTE
FEMENINO,VENADO TUERTO,RENOVACIÓN,A.2.1,7/jul/2025,7/jul/2025,7/jul/2030,VIGENTE
FEMENINO,VENADO TUERTO,RENOVACIÓN,B.2,7/jul/2025,7/jul/2025,7/jul/2030,VIGENTE
FEMENINO,VENADO TUERTO,RENOVACIÓN,B.1,7/jul/2025,7/jul/2025,7/jul/2028,VIGENTE
MASCULINO,SAN EDUARDO,RENOVACIÓN CON AMPLIACIÓN,"A.2.1, B.2, G.1, G.2",7/jul/2025,7/jul/2025,7/jul/2030,VIGENTE
FEMENINO,VENADO TUERTO,RENOVACIÓN,B.2,7/jul/2025,7/jul/2025,7/jul/2030,VIGENTE
MASCULINO,VENADO TUERTO,RENOVACIÓN,B.2,7/jul/2025,7/jul/2025,7/jul/2026,VIGENTE
FEMENINO,VENADO TUERTO,RENOVACIÓN,B.1,7/jul/2025,7/jul/2025,7/jul/2030,VIGENTE
MASCULINO,VENADO TUERTO,RENOVACIÓN,B.2,7/jul/2025,7/jul/2025,7/jul/2030,VIGENTE
MASCULINO,VENADO TUERTO,RENOVACIÓN,B.2,7/jul/2025,7/jul/2025,7/jul/2030,VIGENTE
MASCULINO,VENADO TUERTO,ORIGINAL,"A.2.1, B.1",7/jul/2025,7/jul/2025,7/jul/2026,VIGENTE
MASCULINO,VENADO TUERTO,RENOVACIÓN,"A.3, B.2",7/jul/2025,7/jul/2025,7/jul/2030,VIGENTE
MASCULINO,VENADO TUERTO,RENOVACIÓN,"A.2.2, B.2, E.2, G.2",7/jul/2025,7/jul/2025,7/jul/2026,VIGENTE
FEMENINO,VENADO TUERTO,RENOVACIÓN,B.2,7/jul/2025,7/jul/2025,7/jul/2026,VIGENTE
MASCULINO,VENADO TUERTO,RENOVACIÓN,B.1,7/jul/2025,7/jul/2025,7/jul/2028,VIGENTE
MASCULINO,VENADO TUERTO,RENOVACIÓN,"A.2.1, B.2",7/jul/2025,7/jul/2025,7/jul/2030,VIGENTE
MASCULINO,VENADO TUERTO,RENOVACIÓN,"A.2.1, B.2",7/jul/2025,7/jul/2025,7/jul/2030,VIGENTE
MASCULINO,VENADO TUERTO,RENOVACIÓN,B.2,7/jul/2025,7/jul/2025,7/jul/2026,VIGENTE
MASCULINO,VENADO TUERTO,RENOVACIÓN,B.2,7/jul/2025,7/jul/2025,7/jul/2026,VIGENTE
FEMENINO,VENADO TUERTO,RENOVACIÓN,"A.2.1, B.1",7/jul/2025,7/jul/2025,7/jul/2030,VIGENTE
MASCULINO,VENADO TUERTO,RENOVACIÓN CON AMPLIACIÓN,A.2.2,7/jul/2025,7/jul/2025,7/jul/2030,VIGENTE
MASCULINO,VENADO TUERTO,RENOVACIÓN,"A.2.2, E.1, E.2",7/jul/2025,7/jul/2025,7/jul/2027,VIGENTE
MASCULINO,VENADO TUERTO,RENOVACIÓN,B.2,7/jul/2025,7/jul/2025,7/jul/2026,VIGENTE
FEMENINO,VENADO TUERTO,RENOVACIÓN,B.2,7/jul/2025,7/jul/2025,7/jul/2026,VIGENTE
MASCULINO,VENADO TUERTO,RENOVACIÓN,"A.2.1, B.2",7/jul/2025,7/jul/2025,7/jul/2026,VIGENTE
FEMENINO,VENADO TUERTO,RENOVACIÓN,B.2,7/jul/2025,7/jul/2025,7/jul/2030,VIGENTE
FEMENINO,VENADO TUERTO,RENOVACIÓN,B.1,7/jul/2025,7/jul/2025,7/jul/2030,VIGENTE
MASCULINO,VENADO TUERTO,RENOVACIÓN,B.1,7/jul/2025,7/jul/2025,7/jul/2030,VIGENTE
MASCULINO,VENADO TUERTO,RENOVACIÓN CON AMPLIACIÓN,"A.3, B.2",7/jul/2025,7/jul/2025,7/jul/2030,VIGENTE
FEMENINO,VENADO TUERTO,RENOVACIÓN,B.2,7/jul/2025,7/jul/2025,7/jul/2026,VIGENTE
FEMENINO,VENADO TUERTO,RENOVACIÓN,"A.2.1, B.1",7/jul/2025,7/jul/2025,7/jul/2030,VIGENTE
MASCULINO,VENADO TUERTO,RENOVACIÓN,E.1,7/jul/2025,7/jul/2025,7/jul/2026,VIGENTE
MASCULINO,VENADO TUERTO,ORIGINAL,A.2.1,8/jul/2025,26/may/2025,8/jul/2026,VIGENTE
MASCULINO,VENADO TUERTO,RENOVACIÓN CON AMPLIACIÓN,"A.2.1, B.1",8/jul/2025,7/jul/2025,8/jul/2030,VIGENTE
MASCULINO,VENADO TUERTO,RENOVACIÓN CON AMPLIACIÓN,"A.2.1, B.2",8/jul/2025,7/jul/2025,8/jul/2030,VIGENTE
MASCULINO,VENADO TUERTO,RENOVACIÓN,"A.2.1, B.2",8/jul/2025,8/jul/2025,8/jul/2030,VIGENTE
FEMENINO,VENADO TUERTO,RENOVACIÓN,"A.2.1, B.2, D.1",8/jul/2025,8/jul/2025,8/jul/2026,VIGENTE
MASCULINO,VENADO TUERTO,RENOVACIÓN,"A.2.1, B.1",8/jul/2025,8/jul/2025,8/jul/2030,VIGENTE
MASCULINO,VENADO TUERTO,RENOVACIÓN CON AMPLIACIÓN,"A.2.1, B.1, E.2",8/jul/2025,8/jul/2025,8/jul/2027,VIGENTE
MASCULINO,VENADO TUERTO,RENOVACIÓN,A.2.1,8/jul/2025,8/jul/2025,8/jul/2028,VIGENTE
MASCULINO,VENADO TUERTO,RENOVACIÓN,B.1,8/jul/2025,8/jul/2025,8/jul/2030,VIGENTE
FEMENINO,VENADO TUERTO,ORIGINAL,A.2.1,8/jul/2025,8/jul/2025,8/jul/2026,VIGENTE
FEMENINO,VENADO TUERTO,RENOVACIÓN,A.2.1,8/jul/2025,8/jul/2025,8/jul/2030,VIGENTE
FEMENINO,VENADO TUERTO,RENOVACIÓN,"A.2.1, B.1",8/jul/2025,8/jul/2025,8/jul/2030,VIGENTE
FEMENINO,VENADO TUERTO,RENOVACIÓN,A.2.1,8/jul/2025,8/jul/2025,8/jul/2030,VIGENTE
FEMENINO,VENADO TUERTO,RENOVACIÓN CON AMPLIACIÓN,"A.2.1, B.1",8/jul/2025,8/jul/2025,8/jul/2030,VIGENTE
FEMENINO,VENADO TUERTO,RENOVACIÓN CON AMPLIACIÓN,"A.2.1, B.2",8/jul/2025,8/jul/2025,8/jul/2030,VIGENTE
FEMENINO,VENADO TUERTO,ORIGINAL,A.2.1,8/jul/2025,8/jul/2025,8/jul/2030,VIGENTE
MASCULINO,VENADO TUERTO,RENOVACIÓN,"A.2.1, B.2",8/jul/2025,8/jul/2025,8/jul/2030,VIGENTE
FEMENINO,VENADO TUERTO,RENOVACIÓN CON AMPLIACIÓN,"A.2.1, B.1",8/jul/2025,8/jul/2025,8/jul/2028,VIGENTE
MASCULINO,VENADO TUERTO,RENOVACIÓN,B.1,8/jul/2025,8/jul/2025,8/jul/2030,VIGENTE
MASCULINO,VENADO TUERTO,RENOVACIÓN,B.2,8/jul/2025,8/jul/2025,8/jul/2030,VIGENTE
FEMENINO,VENADO TUERTO,RENOVACIÓN,B.2,8/jul/2025,8/jul/2025,8/jul/2026,VIGENTE
MASCULINO,VENADO TUERTO,RENOVACIÓN,B.2,8/jul/2025,8/jul/2025,8/jul/2026,VIGENTE
FEMENINO,VENADO TUERTO,ORIGINAL,B.1,8/jul/2025,8/jul/2025,8/jul/2026,VIGENTE
MASCULINO,VENADO TUERTO,RENOVACIÓN,"A.2.1, D.1",8/jul/2025,8/jul/2025,8/jul/2026,VIGENTE
MASCULINO,VENADO TUERTO,ORIGINAL,"A.2.2, B.2",8/jul/2025,8/jul/2025,8/jul/2030,VIGENTE
MASCULINO,VENADO TUERTO,RENOVACIÓN,B.2,8/jul/2025,8/jul/2025,8/jul/2026,VIGENTE
FEMENINO,VENADO TUERTO,RENOVACIÓN,A.2.1,8/jul/2025,8/jul/2025,8/jul/2030,VIGENTE
MASCULINO,VENADO TUERTO,RENOVACIÓN,B.2,8/jul/2025,8/jul/2025,8/jul/2030,VIGENTE
MASCULINO,VENADO TUERTO,RENOVACIÓN,D.1,8/jul/2025,8/jul/2025,8/jul/2026,VIGENTE
MASCULINO,VENADO TUERTO,RENOVACIÓN,D.1,8/jul/2025,8/jul/2025,8/jul/2026,VIGENTE
MASCULINO,VENADO TUERTO,RENOVACIÓN,B.2,8/jul/2025,8/jul/2025,8/jul/2030,VIGENTE
FEMENINO,VENADO TUERTO,RENOVACIÓN,B.2,8/jul/2025,8/jul/2025,8/jul/2030,VIGENTE
MASCULINO,VENADO TUERTO,RENOVACIÓN,B.2,8/jul/2025,8/jul/2025,8/jul/2030,VIGENTE
FEMENINO,VENADO TUERTO,RENOVACIÓN,B.1,8/jul/2025,8/jul/2025,8/jul/2030,VIGENTE
MASCULINO,VENADO TUERTO,RENOVACIÓN,"A.2.2, E.1",8/jul/2025,8/jul/2025,8/jul/2026,VIGENTE
FEMENINO,VENADO TUERTO,RENOVACIÓN,A.2.1,8/jul/2025,8/jul/2025,8/jul/2030,VIGENTE
FEMENINO,VENADO TUERTO,RENOVACIÓN,"A.2.1, B.1",8/jul/2025,8/jul/2025,8/jul/2030,VIGENTE
MASCULINO,VENADO TUERTO,RENOVACIÓN,B.2,8/jul/2025,8/jul/2025,8/jul/2026,VIGENTE
MASCULINO,VENADO TUERTO,ORIGINAL,A.2.2,8/jul/2025,8/jul/2025,8/jul/2030,VIGENTE
MASCULINO,VENADO TUERTO,RENOVACIÓN,"A.2.1, B.2, E.2, G.1",8/jul/2025,8/jul/2025,8/jul/2026,VIGENTE
FEMENINO,VENADO TUERTO,RENOVACIÓN,B.2,8/jul/2025,8/jul/2025,8/jul/2026,VIGENTE
FEMENINO,VENADO TUERTO,RENOVACIÓN,"A.2.1, B.1",8/jul/2025,8/jul/2025,8/jul/2030,VIGENTE
MASCULINO,VENADO TUERTO,RENOVACIÓN,B.1,8/jul/2025,8/jul/2025,8/jul/2028,VIGENTE
MASCULINO,VENADO TUERTO,ORIGINAL,"A.2.1, B.2",8/jul/2025,8/jul/2025,8/jul/2030,VIGENTE
MASCULINO,VENADO TUERTO,RENOVACIÓN,B.2,8/jul/2025,8/jul/2025,8/jul/2030,VIGENTE
FEMENINO,VENADO TUERTO,RENOVACIÓN,"A.2.1, B.2",8/jul/2025,8/jul/2025,8/jul/2030,VIGENTE
MASCULINO,VENADO TUERTO,RENOVACIÓN,"A.2.1, B.1",8/jul/2025,8/jul/2025,8/jul/2030,VIGENTE
MASCULINO,VENADO TUERTO,RENOVACIÓN,B.2,8/jul/2025,8/jul/2025,8/jul/2026,VIGENTE
MASCULINO,VENADO TUERTO,RENOVACIÓN,"A.2.1, E.1",8/jul/2025,8/jul/2025,8/jul/2026,VIGENTE
MASCULINO,VENADO TUERTO,RENOVACIÓN,"B.2, G.1, G.2",8/jul/2025,8/jul/2025,8/jul/2030,VIGENTE
MASCULINO,VENADO TUERTO,ORIGINAL,B.1,8/jul/2025,8/jul/2025,8/jul/2026,VIGENTE
MASCULINO,VENADO TUERTO,DUPLICADO,B.2,8/jul/2025,8/jul/2025,16/dic/2027,VIGENTE
MASCULINO,VENADO TUERTO,RENOVACIÓN,B.1,8/jul/2025,8/jul/2025,8/jul/2028,VIGENTE
MASCULINO,VENADO TUERTO,RENOVACIÓN CON AMPLIACIÓN,E.1,10/jul/2025,30/may/2025,10/jul/2027,VIGENTE
MASCULINO,VENADO TUERTO,RENOVACIÓN,"A.3, E.1",10/jul/2025,11/jun/2025,10/jul/2027,VIGENTE
MASCULINO,VENADO TUERTO,RENOVACIÓN,"A.2.1, E.1",10/jul/2025,26/jun/2025,10/jul/2027,VIGENTE
FEMENINO,VENADO TUERTO,ORIGINAL,A.2.1,10/jul/2025,30/jun/2025,10/jul/2030,VIGENTE
MASCULINO,VENADO TUERTO,RENOVACIÓN,E.1,10/jul/2025,1/jul/2025,10/jul/2026,VIGENTE
MASCULINO,VENADO TUERTO,RENOVACIÓN,"E.1, E.2",10/jul/2025,2/jul/2025,10/jul/2026,VIGENTE
MASCULINO,VENADO TUERTO,ORIGINAL,"A.2.1, B.1",10/jul/2025,8/jul/2025,10/jul/2026,VIGENTE
MASCULINO,VENADO TUERTO,ORIGINAL,"A.2.1, B.1",10/jul/2025,8/jul/2025,10/jul/2026,VIGENTE
MASCULINO,VENADO TUERTO,RENOVACIÓN,"A.2.1, B.1",10/jul/2025,10/jul/2025,10/jul/2030,VIGENTE
MASCULINO,VENADO TUERTO,RENOVACIÓN,"A.2.1, B.2",10/jul/2025,10/jul/2025,10/jul/2030,VIGENTE
FEMENINO,VENADO TUERTO,RENOVACIÓN,B.1,10/jul/2025,10/jul/2025,10/jul/2030,VIGENTE
MASCULINO,VENADO TUERTO,RENOVACIÓN,B.1,10/jul/2025,10/jul/2025,10/jul/2030,VIGENTE
FEMENINO,VENADO TUERTO,RENOVACIÓN,B.2,10/jul/2025,10/jul/2025,10/jul/2030,VIGENTE
FEMENINO,VENADO TUERTO,RENOVACIÓN,B.2,10/jul/2025,10/jul/2025,10/jul/2026,VIGENTE
MASCULINO,VENADO TUERTO,RENOVACIÓN,"A.2.1, D.3, E.1",10/jul/2025,10/jul/2025,10/jul/2027,VIGENTE
MASCULINO,VENADO TUERTO,RENOVACIÓN,B.2,10/jul/2025,10/jul/2025,10/jul/2030,VIGENTE
MASCULINO,VENADO TUERTO,RENOVACIÓN,"A.2.1, B.1",10/jul/2025,10/jul/2025,10/jul/2030,VIGENTE
FEMENINO,VENADO TUERTO,RENOVACIÓN,B.2,10/jul/2025,10/jul/2025,10/jul/2030,VIGENTE
MASCULINO,VENADO TUERTO,DUPLICADO,"A.2.1, B.1",10/jul/2025,10/jul/2025,4/abr/2026,VIGENTE
FEMENINO,VENADO TUERTO,RENOVACIÓN,B.2,10/jul/2025,10/jul/2025,10/jul/2026,VIGENTE
FEMENINO,VENADO TUERTO,RENOVACIÓN,"A.2.1, B.1",10/jul/2025,10/jul/2025,10/jul/2030,VIGENTE
MASCULINO,VENADO TUERTO,RENOVACIÓN,B.2,10/jul/2025,10/jul/2025,10/jul/2026,VIGENTE
FEMENINO,VENADO TUERTO,RENOVACIÓN,A.2.1,10/jul/2025,10/jul/2025,10/jul/2030,VIGENTE
FEMENINO,VENADO TUERTO,RENOVACIÓN,"A.2.1, B.1",10/jul/2025,10/jul/2025,10/jul/2030,VIGENTE
MASCULINO,VENADO TUERTO,RENOVACIÓN,B.2,10/jul/2025,10/jul/2025,10/jul/2030,VIGENTE
FEMENINO,VENADO TUERTO,ORIGINAL,"A.2.1, B.1",10/jul/2025,10/jul/2025,10/jul/2030,VIGENTE
MASCULINO,VENADO TUERTO,RENOVACIÓN,B.2,10/jul/2025,10/jul/2025,10/jul/2026,VIGENTE
FEMENINO,VENADO TUERTO,RENOVACIÓN,B.2,10/jul/2025,10/jul/2025,10/jul/2026,VIGENTE
FEMENINO,VENADO TUERTO,RENOVACIÓN,"A.2.1, B.1",10/jul/2025,10/jul/2025,10/jul/2030,VIGENTE
FEMENINO,VENADO TUERTO,RENOVACIÓN,"A.2.1, B.1",10/jul/2025,10/jul/2025,10/jul/2030,VIGENTE
MASCULINO,VENADO TUERTO,RENOVACIÓN,B.2,10/jul/2025,10/jul/2025,10/jul/2030,VIGENTE
FEMENINO,VENADO TUERTO,RENOVACIÓN,D.1,10/jul/2025,10/jul/2025,10/jul/2026,VIGENTE
MASCULINO,VENADO TUERTO,RENOVACIÓN,B.2,10/jul/2025,10/jul/2025,10/jul/2026,VIGENTE
FEMENINO,VENADO TUERTO,RENOVACIÓN,B.1,10/jul/2025,10/jul/2025,10/jul/2026,VIGENTE
MASCULINO,VENADO TUERTO,RENOVACIÓN,"A.2.2, B.2",10/jul/2025,10/jul/2025,10/jul/2030,VIGENTE
MASCULINO,VENADO TUERTO,RENOVACIÓN,B.2,10/jul/2025,10/jul/2025,10/jul/2026,VIGENTE
FEMENINO,VENADO TUERTO,RENOVACIÓN,B.2,10/jul/2025,10/jul/2025,10/jul/2026,VIGENTE
MASCULINO,VENADO TUERTO,RENOVACIÓN,B.2,10/jul/2025,10/jul/2025,10/jul/2026,VIGENTE
FEMENINO,VENADO TUERTO,RENOVACIÓN,A.2.1,10/jul/2025,10/jul/2025,10/jul/2028,VIGENTE
MASCULINO,VENADO TUERTO,RENOVACIÓN,"A.2.1, B.1",10/jul/2025,10/jul/2025,10/jul/2028,VIGENTE
FEMENINO,VENADO TUERTO,RENOVACIÓN,B.2,10/jul/2025,10/jul/2025,10/jul/2026,VIGENTE
MASCULINO,VENADO TUERTO,RENOVACIÓN,"A.2.1, B.1",10/jul/2025,10/jul/2025,10/jul/2030,VIGENTE
MASCULINO,VENADO TUERTO,RENOVACIÓN,B.2,10/jul/2025,10/jul/2025,10/jul/2026,VIGENTE
FEMENINO,VENADO TUERTO,RENOVACIÓN,B.2,10/jul/2025,10/jul/2025,10/jul/2026,VIGENTE
MASCULINO,VENADO TUERTO,RENOVACIÓN,D.1,10/jul/2025,10/jul/2025,10/jul/2026,VIGENTE
MASCULINO,VENADO TUERTO,RENOVACIÓN,"A.2.1, E.1",10/jul/2025,10/jul/2025,10/jul/2026,VIGENTE
FEMENINO,VENADO TUERTO,RENOVACIÓN,B.1,10/jul/2025,10/jul/2025,10/jul/2028,VIGENTE
MASCULINO,VENADO TUERTO,RENOVACIÓN,"A.2.2, D.3, E.1",10/jul/2025,10/jul/2025,10/jul/2026,VIGENTE
MASCULINO,VENADO TUERTO,RENOVACIÓN,D.1,10/jul/2025,10/jul/2025,10/jul/2026,VIGENTE
FEMENINO,VENADO TUERTO,RENOVACIÓN,"A.2.1, B.1",10/jul/2025,10/jul/2025,10/jul/2030,VIGENTE
MASCULINO,VENADO TUERTO,RENOVACIÓN,B.2,10/jul/2025,10/jul/2025,10/jul/2028,VIGENTE
FEMENINO,VENADO TUERTO,RENOVACIÓN,B.1,10/jul/2025,10/jul/2025,10/jul/2030,VIGENTE
MASCULINO,VENADO TUERTO,RENOVACIÓN,"A.2.1, E.1",10/jul/2025,10/jul/2025,10/dic/2025,VIGENTE
MASCULINO,VENADO TUERTO,RENOVACIÓN,"A.3, D.1, D.3, E.1",10/jul/2025,10/jul/2025,10/jul/2027,VIGENTE
MASCULINO,VENADO TUERTO,RENOVACIÓN CON AMPLIACIÓN,"A.3, B.2, D.3",10/jul/2025,10/jul/2025,10/jul/2027,VIGENTE
MASCULINO,VENADO TUERTO,RENOVACIÓN,B.2,10/jul/2025,10/jul/2025,10/jul/2026,VIGENTE
MASCULINO,VENADO TUERTO,RENOVACIÓN,"A.2.1, B.2",11/jul/2025,22/abr/2025,11/jul/2026,VIGENTE
FEMENINO,VENADO TUERTO,ORIGINAL,A.2.1,11/jul/2025,20/may/2025,11/jul/2030,VIGENTE
MASCULINO,VENADO TUERTO,RENOVACIÓN,"A.3, B.2, G.2",11/jul/2025,24/jun/2025,11/jul/2030,VIGENTE
MASCULINO,VENADO TUERTO,RENOVACIÓN,"A.2.1, D.1",11/jul/2025,30/jun/2025,11/jul/2026,VIGENTE
MASCULINO,VENADO TUERTO,RENOVACIÓN,"A.2.1, E.1",11/jul/2025,1/jul/2025,11/jul/2026,VIGENTE
MASCULINO,VENADO TUERTO,RENOVACIÓN,"A.2.1, B.2",11/jul/2025,7/jul/2025,11/jul/2030,VIGENTE
MASCULINO,VENADO TUERTO,RENOVACIÓN,"B.2, E.2",11/jul/2025,10/jul/2025,11/jul/2026,VIGENTE
MASCULINO,VENADO TUERTO,RENOVACIÓN,B.2,11/jul/2025,11/jul/2025,11/jul/2028,VIGENTE
FEMENINO,VENADO TUERTO,RENOVACIÓN,"A.2.1, B.1",11/jul/2025,11/jul/2025,11/jul/2030,VIGENTE
MASCULINO,VENADO TUERTO,RENOVACIÓN,A.2.1,11/jul/2025,11/jul/2025,11/jul/2028,VIGENTE
MASCULINO,VENADO TUERTO,RENOVACIÓN,B.2,11/jul/2025,11/jul/2025,11/jul/2026,VIGENTE
MASCULINO,VENADO TUERTO,RENOVACIÓN,"A.2.1, B.2",11/jul/2025,11/jul/2025,11/jul/2026,VIGENTE
FEMENINO,VENADO TUERTO,RENOVACIÓN,"A.2.1, B.2",11/jul/2025,11/jul/2025,11/jul/2030,VIGENTE
MASCULINO,VENADO TUERTO,RENOVACIÓN,"A.2.1, D.1",11/jul/2025,11/jul/2025,11/jul/2026,VIGENTE
FEMENINO,VENADO TUERTO,RENOVACIÓN,"A.2.1, B.2",11/jul/2025,11/jul/2025,11/jul/2030,VIGENTE
FEMENINO,VENADO TUERTO,RENOVACIÓN,B.1,11/jul/2025,11/jul/2025,11/jul/2030,VIGENTE
MASCULINO,VENADO TUERTO,RENOVACIÓN,"A.2.1, B.2",11/jul/2025,11/jul/2025,11/jul/2030,VIGENTE
MASCULINO,VENADO TUERTO,RENOVACIÓN,"A.2.1, B.2",11/jul/2025,11/jul/2025,11/jul/2030,VIGENTE
FEMENINO,VENADO TUERTO,RENOVACIÓN,B.1,11/jul/2025,11/jul/2025,11/jul/2030,VIGENTE
MASCULINO,VENADO TUERTO,RENOVACIÓN,"A.3, B.1",11/jul/2025,11/jul/2025,11/jul/2030,VIGENTE
MASCULINO,VENADO TUERTO,RENOVACIÓN,"A.2.1, B.1",11/jul/2025,11/jul/2025,11/jul/2028,VIGENTE
MASCULINO,VENADO TUERTO,RENOVACIÓN,B.2,11/jul/2025,11/jul/2025,11/jul/2026,VIGENTE
MASCULINO,VENADO TUERTO,RENOVACIÓN,A.2.2,11/jul/2025,11/jul/2025,11/jul/2030,VIGENTE
FEMENINO,VENADO TUERTO,RENOVACIÓN,B.2,11/jul/2025,11/jul/2025,11/jul/2026,VIGENTE
MASCULINO,VENADO TUERTO,RENOVACIÓN,"A.2.1, B.2, E.2",11/jul/2025,11/jul/2025,11/jul/2026,VIGENTE
MASCULINO,VENADO TUERTO,RENOVACIÓN,B.1,11/jul/2025,11/jul/2025,11/jul/2030,VIGENTE
FEMENINO,VENADO TUERTO,RENOVACIÓN,"A.2.1, B.2",11/jul/2025,11/jul/2025,11/jul/2030,VIGENTE
MASCULINO,VENADO TUERTO,DUPLICADO,"A.2.1, B.2",11/jul/2025,11/jul/2025,12/jun/2030,VIGENTE
MASCULINO,VENADO TUERTO,RENOVACIÓN CON AMPLIACIÓN,"A.3, B.2",11/jul/2025,11/jul/2025,11/jul/2030,VIGENTE
MASCULINO,VENADO TUERTO,RENOVACIÓN,"A.2.2, B.1",11/jul/2025,11/jul/2025,11/jul/2026,VIGENTE
MASCULINO,VENADO TUERTO,ORIGINAL,A.2.1,11/jul/2025,11/jul/2025,11/jul/2030,VIGENTE
MASCULINO,VENADO TUERTO,RENOVACIÓN,B.2,11/jul/2025,11/jul/2025,11/jul/2026,VIGENTE
MASCULINO,VENADO TUERTO,RENOVACIÓN,"A.2.1, B.2",11/jul/2025,11/jul/2025,11/jul/2030,VIGENTE
MASCULINO,VENADO TUERTO,RENOVACIÓN,"A.2.1, B.1",11/jul/2025,11/jul/2025,11/jul/2030,VIGENTE
MASCULINO,VENADO TUERTO,RENOVACIÓN,"A.2.1, B.1",11/jul/2025,11/jul/2025,11/jul/2028,VIGENTE
FEMENINO,VENADO TUERTO,RENOVACIÓN,A.2.1,11/jul/2025,11/jul/2025,11/jul/2030,VIGENTE
FEMENINO,VENADO TUERTO,RENOVACIÓN,"A.2.1, B.1",11/jul/2025,11/jul/2025,11/jul/2030,VIGENTE
MASCULINO,VENADO TUERTO,RENOVACIÓN,B.2,11/jul/2025,11/jul/2025,11/jul/2030,VIGENTE
MASCULINO,VENADO TUERTO,RENOVACIÓN,"A.3, B.2",11/jul/2025,11/jul/2025,11/jul/2030,VIGENTE
FEMENINO,VENADO TUERTO,RENOVACIÓN,"A.2.1, B.2",11/jul/2025,11/jul/2025,11/jul/2030,VIGENTE
MASCULINO,VENADO TUERTO,RENOVACIÓN,"A.2.1, B.1",11/jul/2025,11/jul/2025,11/jul/2028,VIGENTE
FEMENINO,VENADO TUERTO,ORIGINAL,B.1,11/jul/2025,11/jul/2025,11/jul/2030,VIGENTE
FEMENINO,VENADO TUERTO,ORIGINAL,B.1,11/jul/2025,11/jul/2025,11/jul/2026,VIGENTE
FEMENINO,VENADO TUERTO,RENOVACIÓN,"A.2.1, B.2, D.1",11/jul/2025,11/jul/2025,11/jul/2026,VIGENTE
MASCULINO,VENADO TUERTO,RENOVACIÓN,"A.2.1, B.2, C",11/jul/2025,11/jul/2025,11/jul/2026,VIGENTE
MASCULINO,VENADO TUERTO,RENOVACIÓN,B.1,11/jul/2025,11/jul/2025,11/jul/2028,VIGENTE
MASCULINO,VENADO TUERTO,RENOVACIÓN,"A.2.1, C",11/jul/2025,11/jul/2025,11/jul/2026,VIGENTE
MASCULINO,VENADO TUERTO,RENOVACIÓN,B.2,11/jul/2025,11/jul/2025,11/jul/2026,VIGENTE
FEMENINO,VENADO TUERTO,RENOVACIÓN,"A.2.1, B.2, D.1",11/jul/2025,11/jul/2025,11/jul/2027,VIGENTE
MASCULINO,VENADO TUERTO,RENOVACIÓN CON AMPLIACIÓN,"A.2.1, B.2, D.1, D.3",11/jul/2025,11/jul/2025,11/jul/2026,VIGENTE
MASCULINO,VENADO TUERTO,RENOVACIÓN,"A.2.1, B.1",11/jul/2025,11/jul/2025,11/jul/2030,VIGENTE
MASCULINO,VENADO TUERTO,RENOVACIÓN,D.1,11/jul/2025,11/jul/2025,11/jul/2026,VIGENTE
FEMENINO,VENADO TUERTO,ORIGINAL,A.2.1,11/jul/2025,11/jul/2025,11/jul/2026,VIGENTE
FEMENINO,VENADO TUERTO,RENOVACIÓN,B.1,11/jul/2025,11/jul/2025,11/jul/2030,VIGENTE
MASCULINO,VENADO TUERTO,RENOVACIÓN CON AMPLIACIÓN,"A.2.1, E.1",11/jul/2025,11/jul/2025,11/jul/2027,VIGENTE
FEMENINO,VENADO TUERTO,RENOVACIÓN,A.2.1,11/jul/2025,11/jul/2025,11/jul/2026,VIGENTE
MASCULINO,VENADO TUERTO,RENOVACIÓN,"A.3, E.1",11/jul/2025,11/jul/2025,11/jul/2026,VIGENTE
FEMENINO,VENADO TUERTO,RENOVACIÓN,"A.2.1, B.1",11/jul/2025,11/jul/2025,11/jul/2030,VIGENTE
MASCULINO,VENADO TUERTO,RENOVACIÓN,"A.3, D.3, E.1",11/jul/2025,11/jul/2025,11/jul/2027,VIGENTE
FEMENINO,VENADO TUERTO,RENOVACIÓN,B.1,11/jul/2025,11/jul/2025,11/jul/2030,VIGENTE
FEMENINO,VENADO TUERTO,RENOVACIÓN,"A.2.1, B.2",11/jul/2025,11/jul/2025,11/jul/2030,VIGENTE
FEMENINO,VENADO TUERTO,RENOVACIÓN,B.2,14/jul/2025,2/jul/2025,14/jul/2030,VIGENTE
MASCULINO,VENADO TUERTO,ORIGINAL,A.2.1,14/jul/2025,3/jul/2025,14/jul/2030,VIGENTE
FEMENINO,VENADO TUERTO,ORIGINAL,A.2.1,14/jul/2025,4/jul/2025,14/jul/2026,VIGENTE
MASCULINO,VENADO TUERTO,RENOVACIÓN,"A.2.1, E.1",14/jul/2025,10/jul/2025,14/jul/2027,VIGENTE
MASCULINO,VENADO TUERTO,RENOVACIÓN,B.1,14/jul/2025,10/jul/2025,14/jul/2030,VIGENTE
MASCULINO,VENADO TUERTO,RENOVACIÓN,"B.2, C",14/jul/2025,14/jul/2025,14/jul/2027,VIGENTE
MASCULINO,VENADO TUERTO,RENOVACIÓN,B.2,14/jul/2025,14/jul/2025,14/jul/2026,VIGENTE
FEMENINO,VENADO TUERTO,RENOVACIÓN,B.1,14/jul/2025,14/jul/2025,14/jul/2028,VIGENTE
MASCULINO,VENADO TUERTO,RENOVACIÓN,B.1,14/jul/2025,14/jul/2025,14/jul/2030,VIGENTE
MASCULINO,VENADO TUERTO,RENOVACIÓN,B.1,14/jul/2025,14/jul/2025,14/jul/2026,VIGENTE
MASCULINO,VENADO TUERTO,RENOVACIÓN,"A.3, D.1, D.3, E.1",14/jul/2025,14/jul/2025,14/jul/2027,VIGENTE
FEMENINO,VENADO TUERTO,RENOVACIÓN,A.2.1,14/jul/2025,14/jul/2025,14/jul/2030,VIGENTE
FEMENINO,VENADO TUERTO,RENOVACIÓN,"A.2.1, B.1",14/jul/2025,14/jul/2025,14/jul/2030,VIGENTE
FEMENINO,VENADO TUERTO,RENOVACIÓN,"A.2.1, B.2",14/jul/2025,14/jul/2025,14/jul/2030,VIGENTE
FEMENINO,VENADO TUERTO,RENOVACIÓN,A.2.1,14/jul/2025,14/jul/2025,14/jul/2030,VIGENTE
MASCULINO,VENADO TUERTO,RENOVACIÓN,"A.2.1, B.2, E.2",14/jul/2025,14/jul/2025,14/jul/2026,VIGENTE
MASCULINO,VENADO TUERTO,RENOVACIÓN,E.1,14/jul/2025,14/jul/2025,14/ene/2026,VIGENTE
FEMENINO,VENADO TUERTO,RENOVACIÓN,A.2.1,14/jul/2025,14/jul/2025,14/jul/2030,VIGENTE
FEMENINO,VENADO TUERTO,RENOVACIÓN,B.2,14/jul/2025,14/jul/2025,14/jul/2026,VIGENTE
FEMENINO,VENADO TUERTO,RENOVACIÓN,B.2,14/jul/2025,14/jul/2025,14/jul/2030,VIGENTE
MASCULINO,VENADO TUERTO,RENOVACIÓN,E.1,14/jul/2025,14/jul/2025,14/mar/2026,VIGENTE
MASCULINO,VENADO TUERTO,RENOVACIÓN,"A.2.1, B.2",14/jul/2025,14/jul/2025,14/jul/2030,VIGENTE
MASCULINO,VENADO TUERTO,RENOVACIÓN,"A.2.1, B.2",14/jul/2025,14/jul/2025,14/jul/2030,VIGENTE
FEMENINO,VENADO TUERTO,RENOVACIÓN,"A.2.1, B.1",14/jul/2025,14/jul/2025,14/jul/2030,VIGENTE
MASCULINO,VENADO TUERTO,RENOVACIÓN,B.2,14/jul/2025,14/jul/2025,14/jul/2026,VIGENTE
MASCULINO,VENADO TUERTO,RENOVACIÓN CON AMPLIACIÓN,"A.2.1, B.1",14/jul/2025,14/jul/2025,14/jul/2030,VIGENTE
FEMENINO,VENADO TUERTO,ORIGINAL,A.2.1,14/jul/2025,14/jul/2025,14/jul/2030,VIGENTE
MASCULINO,VENADO TUERTO,RENOVACIÓN,B.1,14/jul/2025,14/jul/2025,14/jul/2028,VIGENTE
MASCULINO,VENADO TUERTO,RENOVACIÓN,"A.2.1, B.2",14/jul/2025,14/jul/2025,14/jul/2030,VIGENTE
MASCULINO,VENADO TUERTO,RENOVACIÓN CON AMPLIACIÓN,"A.2.2, B.2",14/jul/2025,14/jul/2025,14/jul/2030,VIGENTE
FEMENINO,VENADO TUERTO,RENOVACIÓN,"A.2.2, B.2",14/jul/2025,14/jul/2025,14/jul/2030,VIGENTE
MASCULINO,VENADO TUERTO,RENOVACIÓN,B.1,14/jul/2025,14/jul/2025,14/jul/2030,VIGENTE
MASCULINO,VENADO TUERTO,RENOVACIÓN,"A.2.2, B.1",14/jul/2025,14/jul/2025,14/jul/2030,VIGENTE
MASCULINO,VENADO TUERTO,RENOVACIÓN,A.2.1,14/jul/2025,14/jul/2025,14/jul/2028,VIGENTE
MASCULINO,VENADO TUERTO,RENOVACIÓN,"A.2.1, B.2",14/jul/2025,14/jul/2025,14/jul/2030,VIGENTE
FEMENINO,VENADO TUERTO,RENOVACIÓN,B.2,14/jul/2025,14/jul/2025,14/jul/2026,VIGENTE
MASCULINO,VENADO TUERTO,RENOVACIÓN,B.2,15/jul/2025,14/mar/2025,15/jul/2026,VIGENTE
MASCULINO,VENADO TUERTO,ORIGINAL,A.2.1,15/jul/2025,25/jun/2025,15/jul/2030,VIGENTE
MASCULINO,VENADO TUERTO,RENOVACIÓN,E.1,15/jul/2025,1/jul/2025,15/jul/2027,VIGENTE
MASCULINO,VENADO TUERTO,RENOVACIÓN,"A.2.1, C",15/jul/2025,3/jul/2025,15/jul/2026,VIGENTE
MASCULINO,VENADO TUERTO,RENOVACIÓN CON AMPLIACIÓN,"A.2.1, B.2",15/jul/2025,3/jul/2025,15/jul/2030,VIGENTE
MASCULINO,VENADO TUERTO,RENOVACIÓN,"A.2.1, E.1",15/jul/2025,3/jul/2025,15/jul/2027,VIGENTE
MASCULINO,VENADO TUERTO,ORIGINAL,A.2.1,15/jul/2025,10/jul/2025,15/jul/2026,VIGENTE
MASCULINO,VENADO TUERTO,ORIGINAL,"A.2.1, B.2",15/jul/2025,14/jul/2025,15/jul/2030,VIGENTE
MASCULINO,VENADO TUERTO,ORIGINAL,"A.2.1, B.1",15/jul/2025,15/jul/2025,15/jul/2026,VIGENTE
MASCULINO,VENADO TUERTO,RENOVACIÓN,B.2,15/jul/2025,15/jul/2025,15/jul/2030,VIGENTE
MASCULINO,VENADO TUERTO,RENOVACIÓN,B.2,15/jul/2025,15/jul/2025,15/jul/2030,VIGENTE
MASCULINO,VENADO TUERTO,RENOVACIÓN,B.2,15/jul/2025,15/jul/2025,15/jul/2026,VIGENTE
MASCULINO,VENADO TUERTO,RENOVACIÓN,"A.2.1, B.2",15/jul/2025,15/jul/2025,15/jul/2030,VIGENTE
FEMENINO,VENADO TUERTO,ORIGINAL,A.2.1,15/jul/2025,15/jul/2025,15/jul/2030,VIGENTE
MASCULINO,VENADO TUERTO,RENOVACIÓN,B.1,15/jul/2025,15/jul/2025,15/jul/2030,VIGENTE
MASCULINO,VENADO TUERTO,RENOVACIÓN,A.2.1,15/jul/2025,15/jul/2025,15/jul/2030,VIGENTE
MASCULINO,VENADO TUERTO,RENOVACIÓN,B.2,15/jul/2025,15/jul/2025,15/jul/2030,VIGENTE
MASCULINO,VENADO TUERTO,RENOVACIÓN,"A.3, B.2",15/jul/2025,15/jul/2025,15/jul/2028,VIGENTE
MASCULINO,SAN EDUARDO,RENOVACIÓN,B.2,15/jul/2025,15/jul/2025,15/jul/2026,VIGENTE
MASCULINO,VENADO TUERTO,RENOVACIÓN,"A.2.1, B.2",15/jul/2025,15/jul/2025,15/jul/2026,VIGENTE
FEMENINO,VENADO TUERTO,RENOVACIÓN,"A.2.1, B.1",15/jul/2025,15/jul/2025,15/jul/2030,VIGENTE
MASCULINO,VENADO TUERTO,RENOVACIÓN,"A.2.1, B.2",15/jul/2025,15/jul/2025,15/jul/2030,VIGENTE
FEMENINO,VENADO TUERTO,RENOVACIÓN,"A.2.1, B.2",15/jul/2025,15/jul/2025,15/jul/2030,VIGENTE
MASCULINO,VENADO TUERTO,RENOVACIÓN,B.2,15/jul/2025,15/jul/2025,15/jul/2030,VIGENTE
MASCULINO,VENADO TUERTO,RENOVACIÓN,"A.2.1, B.1",15/jul/2025,15/jul/2025,15/jul/2030,VIGENTE
MASCULINO,VENADO TUERTO,RENOVACIÓN,B.2,15/jul/2025,15/jul/2025,15/jul/2026,VIGENTE
FEMENINO,VENADO TUERTO,ORIGINAL,A.2.1,15/jul/2025,15/jul/2025,15/jul/2030,VIGENTE
FEMENINO,VENADO TUERTO,RENOVACIÓN,B.2,15/jul/2025,15/jul/2025,15/jul/2030,VIGENTE
FEMENINO,VENADO TUERTO,ORIGINAL,A.2.1,15/jul/2025,15/jul/2025,15/jul/2030,VIGENTE
MASCULINO,VENADO TUERTO,RENOVACIÓN,"A.3, C",15/jul/2025,15/jul/2025,15/jul/2027,VIGENTE
MASCULINO,VENADO TUERTO,RENOVACIÓN,B.1,15/jul/2025,15/jul/2025,15/jul/2026,VIGENTE
MASCULINO,VENADO TUERTO,RENOVACIÓN,B.1,15/jul/2025,15/jul/2025,15/jul/2026,VIGENTE
FEMENINO,VENADO TUERTO,DUPLICADO,B.1,15/jul/2025,15/jul/2025,16/abr/2030,VIGENTE
MASCULINO,VENADO TUERTO,RENOVACIÓN,"A.2.2, B.2",15/jul/2025,15/jul/2025,15/jul/2030,VIGENTE
MASCULINO,VENADO TUERTO,ORIGINAL,"A.2.1, B.2",15/jul/2025,15/jul/2025,15/jul/2030,VIGENTE
MASCULINO,VENADO TUERTO,RENOVACIÓN,"A.2.1, C",15/jul/2025,15/jul/2025,15/jul/2026,VIGENTE
FEMENINO,VENADO TUERTO,ORIGINAL,A.2.1,15/jul/2025,15/jul/2025,15/jul/2030,VIGENTE
MASCULINO,VENADO TUERTO,RENOVACIÓN,"A.3, B.1",15/jul/2025,15/jul/2025,15/jul/2030,VIGENTE
MASCULINO,VENADO TUERTO,RENOVACIÓN,"A.2.1, C",15/jul/2025,15/jul/2025,15/jul/2027,VIGENTE
MASCULINO,VENADO TUERTO,RENOVACIÓN,"D.1, E.1",15/jul/2025,15/jul/2025,15/jul/2026,VIGENTE
MASCULINO,VENADO TUERTO,RENOVACIÓN,B.1,15/jul/2025,15/jul/2025,15/jul/2030,VIGENTE
MASCULINO,VENADO TUERTO,RENOVACIÓN,B.2,15/jul/2025,15/jul/2025,15/jul/2030,VIGENTE
MASCULINO,VENADO TUERTO,RENOVACIÓN,"A.2.1, B.2",15/jul/2025,15/jul/2025,15/jul/2026,VIGENTE
MASCULINO,VENADO TUERTO,RENOVACIÓN,B.2,15/jul/2025,15/jul/2025,15/jul/2030,VIGENTE
FEMENINO,VENADO TUERTO,RENOVACIÓN,"A.2.1, B.2",15/jul/2025,15/jul/2025,15/jul/2030,VIGENTE
FEMENINO,VENADO TUERTO,RENOVACIÓN,"A.2.1, B.1",15/jul/2025,15/jul/2025,15/jul/2030,VIGENTE
FEMENINO,VENADO TUERTO,RENOVACIÓN,"A.2.1, B.1",15/jul/2025,15/jul/2025,15/jul/2030,VIGENTE
FEMENINO,VENADO TUERTO,RENOVACIÓN,B.2,15/jul/2025,15/jul/2025,15/jul/2026,VIGENTE
MASCULINO,VENADO TUERTO,ORIGINAL,A.2.1,16/jul/2025,24/jun/2025,16/jul/2030,VIGENTE
MASCULINO,VENADO TUERTO,RENOVACIÓN,D.1,16/jul/2025,27/jun/2025,16/jul/2026,VIGENTE
MASCULINO,VENADO TUERTO,ORIGINAL,B.2,16/jul/2025,8/jul/2025,16/jul/2030,VIGENTE
MASCULINO,VENADO TUERTO,DUPLICADO,E.1,16/jul/2025,14/jul/2025,28/ene/2027,VIGENTE
FEMENINO,VENADO TUERTO,ORIGINAL,"A.2.1, B.1",16/jul/2025,15/jul/2025,16/jul/2026,VIGENTE
FEMENINO,VENADO TUERTO,ORIGINAL,B.1,16/jul/2025,15/jul/2025,16/jul/2030,VIGENTE
FEMENINO,VENADO TUERTO,RENOVACIÓN,B.1,16/jul/2025,16/jul/2025,16/jul/2030,VIGENTE
MASCULINO,VENADO TUERTO,RENOVACIÓN,"A.2.2, B.2, D.1",16/jul/2025,16/jul/2025,16/jul/2026,VIGENTE
FEMENINO,VENADO TUERTO,RENOVACIÓN,B.2,16/jul/2025,16/jul/2025,16/jul/2026,VIGENTE
MASCULINO,VENADO TUERTO,RENOVACIÓN,B.2,16/jul/2025,16/jul/2025,16/jul/2030,VIGENTE
MASCULINO,VENADO TUERTO,RENOVACIÓN,"A.2.1, B.1",16/jul/2025,16/jul/2025,16/jul/2030,VIGENTE
FEMENINO,VENADO TUERTO,RENOVACIÓN,A.2.1,16/jul/2025,16/jul/2025,16/jul/2030,VIGENTE
MASCULINO,VENADO TUERTO,RENOVACIÓN,B.2,16/jul/2025,16/jul/2025,16/jul/2026,VIGENTE
MASCULINO,VENADO TUERTO,RENOVACIÓN,B.1,16/jul/2025,16/jul/2025,16/jul/2028,VIGENTE
FEMENINO,SAN EDUARDO,RENOVACIÓN,A.2.1,16/jul/2025,16/jul/2025,16/jul/2030,VIGENTE
FEMENINO,VENADO TUERTO,ORIGINAL,B.1,16/jul/2025,16/jul/2025,16/jul/2026,VIGENTE
MASCULINO,VENADO TUERTO,RENOVACIÓN,B.2,16/jul/2025,16/jul/2025,16/jul/2026,VIGENTE
FEMENINO,VENADO TUERTO,RENOVACIÓN,B.2,16/jul/2025,16/jul/2025,16/jul/2026,VIGENTE
FEMENINO,VENADO TUERTO,RENOVACIÓN CON AMPLIACIÓN,"A.2.1, D.1",16/jul/2025,16/jul/2025,16/jul/2027,VIGENTE
FEMENINO,VENADO TUERTO,RENOVACIÓN,B.2,16/jul/2025,16/jul/2025,16/jul/2028,VIGENTE
MASCULINO,VENADO TUERTO,RENOVACIÓN,B.2,16/jul/2025,16/jul/2025,16/jul/2026,VIGENTE
FEMENINO,VENADO TUERTO,ORIGINAL,B.1,16/jul/2025,16/jul/2025,16/jul/2026,VIGENTE
MASCULINO,VENADO TUERTO,RENOVACIÓN,B.2,16/jul/2025,16/jul/2025,16/jul/2026,VIGENTE
FEMENINO,VENADO TUERTO,RENOVACIÓN,B.2,16/jul/2025,16/jul/2025,16/jul/2030,VIGENTE
MASCULINO,VENADO TUERTO,RENOVACIÓN,"A.2.1, B.2",16/jul/2025,16/jul/2025,16/jul/2030,VIGENTE
MASCULINO,VENADO TUERTO,RENOVACIÓN,B.2,16/jul/2025,16/jul/2025,16/jul/2028,VIGENTE
FEMENINO,VENADO TUERTO,RENOVACIÓN,B.2,16/jul/2025,16/jul/2025,16/jul/2026,VIGENTE
MASCULINO,VENADO TUERTO,RENOVACIÓN,"A.2.1, B.1",16/jul/2025,16/jul/2025,16/jul/2028,VIGENTE
MASCULINO,VENADO TUERTO,RENOVACIÓN,"A.2.1, B.1",16/jul/2025,16/jul/2025,16/jul/2030,VIGENTE
MASCULINO,VENADO TUERTO,RENOVACIÓN,A.2.1,16/jul/2025,16/jul/2025,16/jul/2030,VIGENTE
MASCULINO,VENADO TUERTO,RENOVACIÓN,"A.2.1, B.2",16/jul/2025,16/jul/2025,16/jul/2028,VIGENTE
MASCULINO,VENADO TUERTO,RENOVACIÓN CON AMPLIACIÓN,"A.2.1, B.1",16/jul/2025,16/jul/2025,16/jul/2030,VIGENTE
MASCULINO,VENADO TUERTO,RENOVACIÓN,"A.2.1, D.1",16/jul/2025,16/jul/2025,16/jul/2027,VIGENTE
MASCULINO,VENADO TUERTO,RENOVACIÓN,"A.2.1, B.2",16/jul/2025,16/jul/2025,16/jul/2030,VIGENTE
FEMENINO,VENADO TUERTO,RENOVACIÓN,B.2,16/jul/2025,16/jul/2025,16/jul/2026,VIGENTE
MASCULINO,VENADO TUERTO,RENOVACIÓN,"A.2.1, B.2, C",16/jul/2025,16/jul/2025,16/jul/2026,VIGENTE
FEMENINO,VENADO TUERTO,RENOVACIÓN,B.1,16/jul/2025,16/jul/2025,16/jul/2030,VIGENTE
FEMENINO,VENADO TUERTO,RENOVACIÓN,B.2,16/jul/2025,16/jul/2025,16/jul/2026,VIGENTE
FEMENINO,VENADO TUERTO,RENOVACIÓN,A.2.1,16/jul/2025,16/jul/2025,16/jul/2026,VIGENTE
FEMENINO,VENADO TUERTO,RENOVACIÓN,B.2,16/jul/2025,16/jul/2025,16/jul/2026,VIGENTE
MASCULINO,VENADO TUERTO,RENOVACIÓN,B.2,16/jul/2025,16/jul/2025,16/jul/2026,VIGENTE
FEMENINO,VENADO TUERTO,RENOVACIÓN,B.2,16/jul/2025,16/jul/2025,16/jul/2026,VIGENTE
FEMENINO,VENADO TUERTO,ORIGINAL,B.1,16/jul/2025,16/jul/2025,16/jul/2026,VIGENTE
MASCULINO,VENADO TUERTO,RENOVACIÓN,"A.2.1, B.2",16/jul/2025,16/jul/2025,16/jul/2030,VIGENTE
MASCULINO,VENADO TUERTO,RENOVACIÓN,"A.2.1, E.1",16/jul/2025,16/jul/2025,16/abr/2026,VIGENTE
FEMENINO,VENADO TUERTO,ORIGINAL,"A.2.1, B.1",16/jul/2025,16/jul/2025,16/jul/2030,VIGENTE
MASCULINO,VENADO TUERTO,RENOVACIÓN,B.1,16/jul/2025,16/jul/2025,16/jul/2030,VIGENTE
MASCULINO,VENADO TUERTO,ORIGINAL,"A.2.1, B.1",17/jul/2025,6/feb/2025,17/jul/2030,VIGENTE
MASCULINO,VENADO TUERTO,RENOVACIÓN CON AMPLIACIÓN,"A.2.1, B.1",17/jul/2025,7/jul/2025,17/jul/2030,VIGENTE
MASCULINO,VENADO TUERTO,RENOVACIÓN,"A.2.2, E.1",17/jul/2025,10/jul/2025,17/jul/2027,VIGENTE
FEMENINO,VENADO TUERTO,RENOVACIÓN CON AMPLIACIÓN,"A.2.1, B.1",17/jul/2025,11/jul/2025,17/jul/2030,VIGENTE
MASCULINO,VENADO TUERTO,RENOVACIÓN CON AMPLIACIÓN,"A.3, B.2",17/jul/2025,16/jul/2025,17/jul/2030,VIGENTE
FEMENINO,VENADO TUERTO,ORIGINAL,A.2.1,17/jul/2025,16/jul/2025,17/jul/2030,VIGENTE
MASCULINO,VENADO TUERTO,ORIGINAL,B.1,17/jul/2025,16/jul/2025,17/jul/2026,VIGENTE
FEMENINO,VENADO TUERTO,RENOVACIÓN CON AMPLIACIÓN,"A.2.1, B.1",17/jul/2025,16/jul/2025,17/jul/2030,VIGENTE
FEMENINO,VENADO TUERTO,RENOVACIÓN CON AMPLIACIÓN,"A.2.1, B.1",17/jul/2025,16/jul/2025,17/jul/2030,VIGENTE
FEMENINO,VENADO TUERTO,ORIGINAL,A.2.1,17/jul/2025,16/jul/2025,17/jul/2026,VIGENTE
FEMENINO,VENADO TUERTO,RENOVACIÓN CON AMPLIACIÓN,"A.2.1, B.1",17/jul/2025,17/jul/2025,17/jul/2030,VIGENTE
FEMENINO,VENADO TUERTO,RENOVACIÓN CON AMPLIACIÓN,"A.2.1, B.2",17/jul/2025,17/jul/2025,17/jul/2030,VIGENTE
MASCULINO,VENADO TUERTO,RENOVACIÓN,B.2,17/jul/2025,17/jul/2025,17/jul/2026,VIGENTE
FEMENINO,VENADO TUERTO,RENOVACIÓN,"A.2.1, B.1",17/jul/2025,17/jul/2025,17/jul/2030,VIGENTE
MASCULINO,VENADO TUERTO,RENOVACIÓN,B.2,17/jul/2025,17/jul/2025,17/jul/2026,VIGENTE
MASCULINO,VENADO TUERTO,RENOVACIÓN,B.2,17/jul/2025,17/jul/2025,17/jul/2030,VIGENTE
MASCULINO,VENADO TUERTO,RENOVACIÓN,B.2,17/jul/2025,17/jul/2025,17/jul/2030,VIGENTE
MASCULINO,VENADO TUERTO,RENOVACIÓN,E.1,17/jul/2025,17/jul/2025,17/jul/2026,VIGENTE
MASCULINO,VENADO TUERTO,RENOVACIÓN,B.2,17/jul/2025,17/jul/2025,17/jul/2030,VIGENTE
MASCULINO,VENADO TUERTO,RENOVACIÓN,"A.2.2, B.2",17/jul/2025,17/jul/2025,17/jul/2026,VIGENTE
MASCULINO,VENADO TUERTO,RENOVACIÓN,B.2,17/jul/2025,17/jul/2025,17/jul/2026,VIGENTE
MASCULINO,VENADO TUERTO,RENOVACIÓN,B.2,17/jul/2025,17/jul/2025,17/jul/2028,VIGENTE
MASCULINO,VENADO TUERTO,RENOVACIÓN,"A.2.1, B.2, E.2",17/jul/2025,17/jul/2025,17/jul/2027,VIGENTE
MASCULINO,VENADO TUERTO,ORIGINAL,B.1,17/jul/2025,17/jul/2025,17/jul/2026,VIGENTE
FEMENINO,VENADO TUERTO,RENOVACIÓN,"A.2.1, B.2",17/jul/2025,17/jul/2025,17/jul/2030,VIGENTE
MASCULINO,VENADO TUERTO,RENOVACIÓN,B.1,17/jul/2025,17/jul/2025,17/jul/2030,VIGENTE
MASCULINO,VENADO TUERTO,RENOVACIÓN,"A.2.1, D.1, E.1",17/jul/2025,17/jul/2025,17/jul/2026,VIGENTE
FEMENINO,VENADO TUERTO,RENOVACIÓN,A.2.1,17/jul/2025,17/jul/2025,17/jul/2030,VIGENTE
MASCULINO,VENADO TUERTO,RENOVACIÓN,A.2.1,17/jul/2025,17/jul/2025,17/jul/2028,VIGENTE
MASCULINO,VENADO TUERTO,RENOVACIÓN,"A.2.2, B.1",17/jul/2025,17/jul/2025,17/jul/2030,VIGENTE
FEMENINO,VENADO TUERTO,RENOVACIÓN,B.1,17/jul/2025,17/jul/2025,17/jul/2028,VIGENTE
MASCULINO,VENADO TUERTO,RENOVACIÓN CON AMPLIACIÓN,"A.2.1, B.2",17/jul/2025,17/jul/2025,17/jul/2028,VIGENTE
FEMENINO,VENADO TUERTO,ORIGINAL,A.2.1,17/jul/2025,17/jul/2025,17/jul/2030,VIGENTE
MASCULINO,VENADO TUERTO,RENOVACIÓN,"A.2.1, B.1",17/jul/2025,17/jul/2025,17/jul/2028,VIGENTE
FEMENINO,VENADO TUERTO,RENOVACIÓN,"A.2.1, B.1",17/jul/2025,17/jul/2025,17/jul/2030,VIGENTE
MASCULINO,VENADO TUERTO,RENOVACIÓN,B.2,17/jul/2025,17/jul/2025,17/jul/2030,VIGENTE
FEMENINO,VENADO TUERTO,RENOVACIÓN,B.2,17/jul/2025,17/jul/2025,17/jul/2030,VIGENTE
MASCULINO,VENADO TUERTO,RENOVACIÓN,"A.2.1, B.1",17/jul/2025,17/jul/2025,17/jul/2030,VIGENTE
MASCULINO,VENADO TUERTO,RENOVACIÓN,"A.2.1, B.1",17/jul/2025,17/jul/2025,17/jul/2030,VIGENTE
FEMENINO,VENADO TUERTO,ORIGINAL,B.1,17/jul/2025,17/jul/2025,17/jul/2026,VIGENTE
FEMENINO,VENADO TUERTO,RENOVACIÓN,"A.2.1, B.1",17/jul/2025,17/jul/2025,17/jul/2028,VIGENTE
MASCULINO,VENADO TUERTO,RENOVACIÓN,"A.2.2, E.1, E.2",17/jul/2025,17/jul/2025,17/jul/2027,VIGENTE
MASCULINO,VENADO TUERTO,RENOVACIÓN,"A.2.1, B.1",17/jul/2025,17/jul/2025,17/jul/2030,VIGENTE
FEMENINO,VENADO TUERTO,RENOVACIÓN,B.2,17/jul/2025,17/jul/2025,17/jul/2026,VIGENTE
FEMENINO,VENADO TUERTO,RENOVACIÓN,B.2,17/jul/2025,17/jul/2025,17/jul/2026,VIGENTE
MASCULINO,VENADO TUERTO,RENOVACIÓN,"A.2.1, B.1",17/jul/2025,17/jul/2025,17/jul/2030,VIGENTE
MASCULINO,VENADO TUERTO,DUPLICADO,"A.2.2, B.2",17/jul/2025,17/jul/2025,9/oct/2029,VIGENTE
FEMENINO,VENADO TUERTO,RENOVACIÓN,B.2,17/jul/2025,17/jul/2025,17/jul/2026,VIGENTE
FEMENINO,VENADO TUERTO,ORIGINAL,B.1,17/jul/2025,17/jul/2025,17/jul/2026,VIGENTE
MASCULINO,VENADO TUERTO,ORIGINAL,"A.3, B.1",17/jul/2025,17/jul/2025,17/jul/2030,VIGENTE
MASCULINO,VENADO TUERTO,RENOVACIÓN,"A.2.1, B.1",17/jul/2025,17/jul/2025,17/jul/2030,VIGENTE
MASCULINO,VENADO TUERTO,RENOVACIÓN,A.2.2,17/jul/2025,17/jul/2025,17/jul/2026,VIGENTE
MASCULINO,VENADO TUERTO,ORIGINAL,"A.2.1, B.2",17/jul/2025,17/jul/2025,17/jul/2030,VIGENTE
FEMENINO,VENADO TUERTO,ORIGINAL,B.1,17/jul/2025,17/jul/2025,17/jul/2026,VIGENTE
FEMENINO,VENADO TUERTO,RENOVACIÓN,B.2,17/jul/2025,17/jul/2025,17/jul/2026,VIGENTE
MASCULINO,VENADO TUERTO,RENOVACIÓN,B.2,17/jul/2025,17/jul/2025,17/jul/2026,VIGENTE
MASCULINO,VENADO TUERTO,RENOVACIÓN,B.2,17/jul/2025,17/jul/2025,17/jul/2026,VIGENTE
MASCULINO,VENADO TUERTO,RENOVACIÓN,"A.2.1, B.2",17/jul/2025,17/jul/2025,17/jul/2030,VIGENTE
MASCULINO,VENADO TUERTO,RENOVACIÓN,"A.2.1, E.1, G.1, G.2",17/jul/2025,17/jul/2025,17/ene/2026,VIGENTE
FEMENINO,VENADO TUERTO,RENOVACIÓN,B.1,17/jul/2025,17/jul/2025,17/jul/2030,VIGENTE
FEMENINO,VENADO TUERTO,ORIGINAL,A.2.1,17/jul/2025,17/jul/2025,17/jul/2030,VIGENTE
FEMENINO,VENADO TUERTO,RENOVACIÓN,B.2,17/jul/2025,17/jul/2025,17/jul/2026,VIGENTE
MASCULINO,VENADO TUERTO,RENOVACIÓN,"A.2.1, B.2",17/jul/2025,17/jul/2025,17/jul/2030,VIGENTE
MASCULINO,VENADO TUERTO,RENOVACIÓN,E.1,18/jul/2025,7/jul/2025,18/jul/2026,VIGENTE
FEMENINO,VENADO TUERTO,ORIGINAL,B.1,18/jul/2025,7/jul/2025,18/jul/2026,VIGENTE
MASCULINO,VENADO TUERTO,RENOVACIÓN,E.1,18/jul/2025,7/jul/2025,18/jul/2027,VIGENTE
MASCULINO,VENADO TUERTO,RENOVACIÓN,"A.2.1, D.1, E.1",18/jul/2025,11/jul/2025,18/jul/2027,VIGENTE
MASCULINO,VENADO TUERTO,RENOVACIÓN,E.1,18/jul/2025,11/jul/2025,18/jul/2026,VIGENTE
FEMENINO,VENADO TUERTO,RENOVACIÓN CON AMPLIACIÓN,"A.2.2, B.2",18/jul/2025,15/jul/2025,18/jul/2030,VIGENTE
MASCULINO,VENADO TUERTO,RENOVACIÓN,"A.3, B.2, D.1",18/jul/2025,15/jul/2025,18/jul/2026,VIGENTE
MASCULINO,VENADO TUERTO,ORIGINAL,A.2.1,18/jul/2025,16/jul/2025,18/jul/2030,VIGENTE
MASCULINO,VENADO TUERTO,RENOVACIÓN,"A.2.1, B.2, D.3",18/jul/2025,18/jul/2025,18/jul/2026,VIGENTE
MASCULINO,VENADO TUERTO,RENOVACIÓN,"A.3, E.1",18/jul/2025,18/jul/2025,18/jul/2026,VIGENTE
MASCULINO,VENADO TUERTO,RENOVACIÓN,B.2,18/jul/2025,18/jul/2025,18/jul/2030,VIGENTE
MASCULINO,VENADO TUERTO,RENOVACIÓN,B.1,18/jul/2025,18/jul/2025,18/jul/2028,VIGENTE
MASCULINO,VENADO TUERTO,RENOVACIÓN,"A.2.1, B.2",18/jul/2025,18/jul/2025,18/jul/2030,VIGENTE
FEMENINO,VENADO TUERTO,RENOVACIÓN,A.2.1,18/jul/2025,18/jul/2025,18/jul/2030,VIGENTE
FEMENINO,VENADO TUERTO,RENOVACIÓN,A.2.1,18/jul/2025,18/jul/2025,18/jul/2030,VIGENTE
MASCULINO,VENADO TUERTO,RENOVACIÓN,E.1,18/jul/2025,18/jul/2025,18/sept/2025,VIGENTE
FEMENINO,VENADO TUERTO,RENOVACIÓN,B.2,18/jul/2025,18/jul/2025,18/jul/2030,VIGENTE
FEMENINO,VENADO TUERTO,RENOVACIÓN,B.2,18/jul/2025,18/jul/2025,18/jul/2030,VIGENTE
MASCULINO,VENADO TUERTO,RENOVACIÓN,"A.2.1, B.1",18/jul/2025,18/jul/2025,18/jul/2030,VIGENTE
FEMENINO,VENADO TUERTO,ORIGINAL,"A.2.1, B.2",18/jul/2025,18/jul/2025,18/jul/2030,VIGENTE
FEMENINO,VENADO TUERTO,RENOVACIÓN,"A.2.1, B.1",18/jul/2025,18/jul/2025,18/jul/2028,VIGENTE
MASCULINO,VENADO TUERTO,RENOVACIÓN,D.1,18/jul/2025,18/jul/2025,18/jul/2026,VIGENTE
MASCULINO,VENADO TUERTO,RENOVACIÓN,E.1,18/jul/2025,18/jul/2025,18/may/2026,VIGENTE
FEMENINO,VENADO TUERTO,RENOVACIÓN,B.2,18/jul/2025,18/jul/2025,18/jul/2030,VIGENTE
FEMENINO,VENADO TUERTO,ORIGINAL,A.2.1,18/jul/2025,18/jul/2025,18/jul/2026,VIGENTE
FEMENINO,VENADO TUERTO,ORIGINAL,B.1,18/jul/2025,18/jul/2025,18/jul/2030,VIGENTE
MASCULINO,VENADO TUERTO,RENOVACIÓN CON AMPLIACIÓN,"A.2.1, B.1",18/jul/2025,18/jul/2025,18/jul/2030,VIGENTE
MASCULINO,VENADO TUERTO,RENOVACIÓN,"A.2.1, B.2",18/jul/2025,18/jul/2025,18/jul/2030,VIGENTE
FEMENINO,VENADO TUERTO,RENOVACIÓN,B.2,18/jul/2025,18/jul/2025,18/jul/2026,VIGENTE
FEMENINO,VENADO TUERTO,RENOVACIÓN,"A.2.1, B.1",18/jul/2025,18/jul/2025,18/jul/2030,VIGENTE
FEMENINO,VENADO TUERTO,RENOVACIÓN CON AMPLIACIÓN,"A.2.1, B.1",18/jul/2025,18/jul/2025,18/jul/2028,VIGENTE
MASCULINO,VENADO TUERTO,RENOVACIÓN,"A.2.2, B.2",18/jul/2025,18/jul/2025,18/jul/2026,VIGENTE
MASCULINO,VENADO TUERTO,RENOVACIÓN,"A.2.1, B.2, C, G.2",18/jul/2025,18/jul/2025,18/jul/2027,VIGENTE
MASCULINO,VENADO TUERTO,RENOVACIÓN,B.2,18/jul/2025,18/jul/2025,18/jul/2030,VIGENTE
MASCULINO,VENADO TUERTO,RENOVACIÓN,B.2,18/jul/2025,18/jul/2025,18/jul/2026,VIGENTE
FEMENINO,VENADO TUERTO,RENOVACIÓN,B.1,18/jul/2025,18/jul/2025,18/jul/2030,VIGENTE
FEMENINO,VENADO TUERTO,RENOVACIÓN,B.2,18/jul/2025,18/jul/2025,18/jul/2026,VIGENTE
MASCULINO,VENADO TUERTO,RENOVACIÓN,B.2,18/jul/2025,18/jul/2025,18/jul/2026,VIGENTE
FEMENINO,VENADO TUERTO,RENOVACIÓN,B.1,18/jul/2025,18/jul/2025,18/jul/2028,VIGENTE
MASCULINO,VENADO TUERTO,RENOVACIÓN,B.2,18/jul/2025,18/jul/2025,18/jul/2026,VIGENTE
MASCULINO,VENADO TUERTO,RENOVACIÓN,"A.2.2, B.2",18/jul/2025,18/jul/2025,18/jul/2030,VIGENTE
FEMENINO,VENADO TUERTO,DUPLICADO,B.1,18/jul/2025,18/jul/2025,2/dic/2029,VIGENTE
MASCULINO,VENADO TUERTO,RENOVACIÓN,"A.2.2, B.1",18/jul/2025,18/jul/2025,18/jul/2030,VIGENTE
MASCULINO,VENADO TUERTO,RENOVACIÓN,"A.2.1, B.1",18/jul/2025,18/jul/2025,18/jul/2030,VIGENTE
FEMENINO,VENADO TUERTO,RENOVACIÓN,A.2.1,18/jul/2025,18/jul/2025,18/jul/2030,VIGENTE
FEMENINO,VENADO TUERTO,RENOVACIÓN,B.1,18/jul/2025,18/jul/2025,18/jul/2028,VIGENTE
MASCULINO,VENADO TUERTO,RENOVACIÓN,"A.2.1, B.2",18/jul/2025,18/jul/2025,18/jul/2026,VIGENTE
MASCULINO,VENADO TUERTO,ORIGINAL,"A.2.1, B.2",18/jul/2025,18/jul/2025,18/jul/2030,VIGENTE
FEMENINO,VENADO TUERTO,RENOVACIÓN,B.2,18/jul/2025,18/jul/2025,18/jul/2030,VIGENTE
MASCULINO,VENADO TUERTO,ORIGINAL,B.1,18/jul/2025,18/jul/2025,18/jul/2026,VIGENTE
MASCULINO,VENADO TUERTO,ORIGINAL,A.2.2,18/jul/2025,18/jul/2025,18/jul/2030,VIGENTE
FEMENINO,VENADO TUERTO,RENOVACIÓN CON AMPLIACIÓN,"A.2.1, B.1",18/jul/2025,18/jul/2025,18/jul/2030,VIGENTE
MASCULINO,VENADO TUERTO,RENOVACIÓN,"A.2.1, B.1",18/jul/2025,18/jul/2025,18/jul/2030,VIGENTE
FEMENINO,VENADO TUERTO,ORIGINAL,B.2,18/jul/2025,18/jul/2025,18/jul/2030,VIGENTE
MASCULINO,VENADO TUERTO,RENOVACIÓN,"A.3, B.2",18/jul/2025,18/jul/2025,18/jul/2030,VIGENTE
FEMENINO,VENADO TUERTO,RENOVACIÓN,"A.2.1, B.2",18/jul/2025,18/jul/2025,18/jul/2030,VIGENTE
FEMENINO,VENADO TUERTO,ORIGINAL,A.2.1,18/jul/2025,18/jul/2025,18/jul/2030,VIGENTE
MASCULINO,VENADO TUERTO,RENOVACIÓN,"A.3, B.2",18/jul/2025,18/jul/2025,18/jul/2026,VIGENTE
MASCULINO,VENADO TUERTO,RENOVACIÓN CON AMPLIACIÓN,"A.2.1, D.1",18/jul/2025,18/jul/2025,18/jul/2027,VIGENTE
MASCULINO,VENADO TUERTO,RENOVACIÓN,B.2,18/jul/2025,18/jul/2025,18/jul/2026,VIGENTE
MASCULINO,VENADO TUERTO,RENOVACIÓN,B.1,18/jul/2025,18/jul/2025,18/jul/2030,VIGENTE
FEMENINO,VENADO TUERTO,ORIGINAL,B.1,18/jul/2025,18/jul/2025,18/jul/2030,VIGENTE
MASCULINO,VENADO TUERTO,RENOVACIÓN,B.2,18/jul/2025,18/jul/2025,18/jul/2026,VIGENTE
MASCULINO,VENADO TUERTO,RENOVACIÓN,A.2.1,18/jul/2025,18/jul/2025,18/jul/2028,VIGENTE
MASCULINO,VENADO TUERTO,RENOVACIÓN,B.1,18/jul/2025,18/jul/2025,18/jul/2028,VIGENTE
FEMENINO,VENADO TUERTO,RENOVACIÓN,B.1,18/jul/2025,18/jul/2025,18/jul/2028,VIGENTE
MASCULINO,VENADO TUERTO,RENOVACIÓN,"A.3, E.1",18/jul/2025,18/jul/2025,18/jul/2026,VIGENTE
MASCULINO,VENADO TUERTO,RENOVACIÓN,E.1,18/jul/2025,18/jul/2025,18/jul/2026,VIGENTE
MASCULINO,VENADO TUERTO,ORIGINAL,"A.2.1, B.1",18/jul/2025,18/jul/2025,18/jul/2026,VIGENTE
FEMENINO,VENADO TUERTO,ORIGINAL,B.2,18/jul/2025,18/jul/2025,18/jul/2030,VIGENTE
MASCULINO,VENADO TUERTO,RENOVACIÓN,B.1,18/jul/2025,18/jul/2025,18/jul/2030,VIGENTE
MASCULINO,VENADO TUERTO,RENOVACIÓN,"A.2.1, B.2",18/jul/2025,18/jul/2025,18/jul/2030,VIGENTE
MASCULINO,VENADO TUERTO,ORIGINAL,A.2.1,18/jul/2025,18/jul/2025,18/jul/2026,VIGENTE
MASCULINO,VENADO TUERTO,ORIGINAL,E.1,21/jul/2025,26/jun/2025,21/jul/2026,VIGENTE
MASCULINO,VENADO TUERTO,ORIGINAL,"A.2.1, B.1",21/jul/2025,30/jun/2025,21/jul/2030,VIGENTE
MASCULINO,VENADO TUERTO,RENOVACIÓN,"D.1, E.1, G.2",21/jul/2025,11/jul/2025,21/jul/2026,VIGENTE
MASCULINO,VENADO TUERTO,ORIGINAL,"A.2.1, B.2",21/jul/2025,11/jul/2025,21/jul/2030,VIGENTE
MASCULINO,VENADO TUERTO,RENOVACIÓN,"A.3, E.1",21/jul/2025,15/jul/2025,21/jul/2026,VIGENTE
FEMENINO,VENADO TUERTO,ORIGINAL,"A.2.1, B.2",21/jul/2025,18/jul/2025,21/jul/2030,VIGENTE
FEMENINO,VENADO TUERTO,RENOVACIÓN CON AMPLIACIÓN,"A.2.1, B.1",21/jul/2025,21/jul/2025,21/jul/2030,VIGENTE
FEMENINO,VENADO TUERTO,RENOVACIÓN,A.2.1,21/jul/2025,21/jul/2025,21/jul/2028,VIGENTE
MASCULINO,VENADO TUERTO,RENOVACIÓN,B.1,21/jul/2025,21/jul/2025,21/jul/2030,VIGENTE
MASCULINO,VENADO TUERTO,RENOVACIÓN CON AMPLIACIÓN,"A.2.2, B.2, D.1",21/jul/2025,21/jul/2025,21/jul/2026,VIGENTE
MASCULINO,VENADO TUERTO,ORIGINAL,A.2.1,21/jul/2025,21/jul/2025,21/jul/2030,VIGENTE
MASCULINO,VENADO TUERTO,RENOVACIÓN,"A.2.2, E.1",21/jul/2025,21/jul/2025,21/feb/2027,VIGENTE
FEMENINO,VENADO TUERTO,RENOVACIÓN,"A.2.1, B.2",21/jul/2025,21/jul/2025,21/jul/2030,VIGENTE
FEMENINO,VENADO TUERTO,RENOVACIÓN,"A.2.1, B.1",21/jul/2025,21/jul/2025,21/jul/2028,VIGENTE
FEMENINO,VENADO TUERTO,ORIGINAL,"A.2.1, D.1",21/jul/2025,21/jul/2025,21/jul/2026,VIGENTE
MASCULINO,VENADO TUERTO,RENOVACIÓN,B.2,21/jul/2025,21/jul/2025,21/jul/2030,VIGENTE
FEMENINO,VENADO TUERTO,ORIGINAL,A.2.1,21/jul/2025,21/jul/2025,21/jul/2030,VIGENTE
FEMENINO,VENADO TUERTO,RENOVACIÓN,B.2,21/jul/2025,21/jul/2025,21/jul/2030,VIGENTE
MASCULINO,VENADO TUERTO,RENOVACIÓN,"A.3, E.1",21/jul/2025,21/jul/2025,21/jul/2027,VIGENTE
MASCULINO,VENADO TUERTO,RENOVACIÓN,"A.2.1, B.2, C",21/jul/2025,21/jul/2025,21/jul/2027,VIGENTE
FEMENINO,VENADO TUERTO,RENOVACIÓN,"A.2.1, B.2",21/jul/2025,21/jul/2025,21/jul/2030,VIGENTE
MASCULINO,VENADO TUERTO,RENOVACIÓN,E.1,21/jul/2025,21/jul/2025,21/jul/2026,VIGENTE
MASCULINO,VENADO TUERTO,RENOVACIÓN,B.1,21/jul/2025,21/jul/2025,21/jul/2030,VIGENTE
FEMENINO,VENADO TUERTO,ORIGINAL,B.1,21/jul/2025,21/jul/2025,21/jul/2026,VIGENTE
MASCULINO,VENADO TUERTO,ORIGINAL,A.2.1,21/jul/2025,21/jul/2025,21/jul/2030,VIGENTE
MASCULINO,VENADO TUERTO,RENOVACIÓN,B.2,21/jul/2025,21/jul/2025,21/jul/2026,VIGENTE
FEMENINO,VENADO TUERTO,ORIGINAL,A.2.1,21/jul/2025,21/jul/2025,21/jul/2030,VIGENTE
FEMENINO,VENADO TUERTO,RENOVACIÓN,A.2.1,21/jul/2025,21/jul/2025,21/jul/2030,VIGENTE
MASCULINO,VENADO TUERTO,RENOVACIÓN,B.2,21/jul/2025,21/jul/2025,21/jul/2026,VIGENTE
MASCULINO,VENADO TUERTO,RENOVACIÓN,"A.2.1, B.2",21/jul/2025,21/jul/2025,21/jul/2026,VIGENTE
MASCULINO,VENADO TUERTO,RENOVACIÓN CON AMPLIACIÓN,"A.2.1, B.1",21/jul/2025,21/jul/2025,21/jul/2028,VIGENTE
FEMENINO,VENADO TUERTO,RENOVACIÓN,B.1,21/jul/2025,21/jul/2025,21/jul/2030,VIGENTE
FEMENINO,VENADO TUERTO,RENOVACIÓN,B.2,21/jul/2025,21/jul/2025,21/jul/2028,VIGENTE
MASCULINO,VENADO TUERTO,ORIGINAL,B.1,21/jul/2025,21/jul/2025,21/jul/2026,VIGENTE
MASCULINO,VENADO TUERTO,RENOVACIÓN,"A.2.1, C, E.2",21/jul/2025,21/jul/2025,21/jul/2027,VIGENTE
MASCULINO,VENADO TUERTO,RENOVACIÓN,B.2,21/jul/2025,21/jul/2025,21/jul/2026,VIGENTE
MASCULINO,VENADO TUERTO,RENOVACIÓN,"A.3, B.2, C",21/jul/2025,21/jul/2025,21/jul/2027,VIGENTE
FEMENINO,VENADO TUERTO,RENOVACIÓN,B.2,21/jul/2025,21/jul/2025,21/jul/2026,VIGENTE
FEMENINO,VENADO TUERTO,RENOVACIÓN CON AMPLIACIÓN,"A.2.1, B.2",21/jul/2025,21/jul/2025,21/jul/2030,VIGENTE
FEMENINO,VENADO TUERTO,RENOVACIÓN,B.2,21/jul/2025,21/jul/2025,21/jul/2028,VIGENTE
FEMENINO,VENADO TUERTO,ORIGINAL,"A.2.1, B.2",21/jul/2025,21/jul/2025,21/jul/2030,VIGENTE
MASCULINO,VENADO TUERTO,RENOVACIÓN,B.2,21/jul/2025,21/jul/2025,21/jul/2026,VIGENTE
MASCULINO,VENADO TUERTO,RENOVACIÓN,"B.2, G.1",21/jul/2025,21/jul/2025,21/jul/2030,VIGENTE
MASCULINO,VENADO TUERTO,RENOVACIÓN,"A.2.1, B.1",21/jul/2025,21/jul/2025,21/jul/2030,VIGENTE
FEMENINO,VENADO TUERTO,DUPLICADO,A.2.1,21/jul/2025,21/jul/2025,11/mar/2030,VIGENTE
MASCULINO,VENADO TUERTO,RENOVACIÓN,A.2.1,21/jul/2025,21/jul/2025,21/jul/2030,VIGENTE
FEMENINO,VENADO TUERTO,RENOVACIÓN,A.2.1,21/jul/2025,21/jul/2025,21/jul/2030,VIGENTE
FEMENINO,VENADO TUERTO,RENOVACIÓN,"A.2.1, B.2",21/jul/2025,21/jul/2025,21/jul/2030,VIGENTE
MASCULINO,VENADO TUERTO,RENOVACIÓN,B.2,21/jul/2025,21/jul/2025,21/jul/2026,VIGENTE
FEMENINO,VENADO TUERTO,RENOVACIÓN,B.1,21/jul/2025,21/jul/2025,21/jul/2030,VIGENTE
MASCULINO,VENADO TUERTO,RENOVACIÓN CON AMPLIACIÓN,"A.2.1, B.1",21/jul/2025,21/jul/2025,21/jul/2030,VIGENTE
FEMENINO,SAN EDUARDO,RENOVACIÓN,B.2,21/jul/2025,21/jul/2025,21/jul/2030,VIGENTE
FEMENINO,VENADO TUERTO,RENOVACIÓN,"A.2.1, B.1",21/jul/2025,21/jul/2025,21/jul/2028,VIGENTE
FEMENINO,VENADO TUERTO,ORIGINAL,"A.2.1, B.2",21/jul/2025,21/jul/2025,21/jul/2030,VIGENTE
FEMENINO,VENADO TUERTO,RENOVACIÓN,B.1,21/jul/2025,21/jul/2025,21/jul/2030,VIGENTE
FEMENINO,VENADO TUERTO,RENOVACIÓN,B.2,21/jul/2025,21/jul/2025,21/jul/2026,VIGENTE
FEMENINO,VENADO TUERTO,RENOVACIÓN,B.1,21/jul/2025,21/jul/2025,21/jul/2028,VIGENTE
FEMENINO,VENADO TUERTO,ORIGINAL,A.2.1,21/jul/2025,21/jul/2025,21/jul/2030,VIGENTE
MASCULINO,VENADO TUERTO,RENOVACIÓN,B.2,21/jul/2025,21/jul/2025,21/jul/2030,VIGENTE
MASCULINO,VENADO TUERTO,RENOVACIÓN,D.1,21/jul/2025,21/jul/2025,21/jul/2026,VIGENTE
MASCULINO,VENADO TUERTO,RENOVACIÓN,"A.2.1, B.2",21/jul/2025,21/jul/2025,21/jul/2030,VIGENTE
MASCULINO,VENADO TUERTO,RENOVACIÓN,D.1,21/jul/2025,21/jul/2025,21/jul/2026,VIGENTE
MASCULINO,SAN EDUARDO,RENOVACIÓN,"A.2.2, B.2",21/jul/2025,21/jul/2025,21/jul/2030,VIGENTE
MASCULINO,VENADO TUERTO,RENOVACIÓN,B.2,21/jul/2025,21/jul/2025,21/jul/2026,VIGENTE
MASCULINO,VENADO TUERTO,RENOVACIÓN,B.2,21/jul/2025,21/jul/2025,21/jul/2030,VIGENTE
MASCULINO,VENADO TUERTO,RENOVACIÓN,B.2,21/jul/2025,21/jul/2025,21/jul/2026,VIGENTE
FEMENINO,VENADO TUERTO,RENOVACIÓN,B.2,22/jul/2025,14/feb/2025,22/jul/2026,VIGENTE
MASCULINO,VENADO TUERTO,RENOVACIÓN CON AMPLIACIÓN,"A.2.1, E.1",22/jul/2025,27/jun/2025,22/jul/2026,VIGENTE
MASCULINO,VENADO TUERTO,RENOVACIÓN,B.2,22/jul/2025,3/jul/2025,22/jul/2026,VIGENTE
FEMENINO,VENADO TUERTO,ORIGINAL,"A.2.1, B.1",22/jul/2025,8/jul/2025,22/jul/2030,VIGENTE
MASCULINO,VENADO TUERTO,ORIGINAL,"A.2.1, B.1",22/jul/2025,10/jul/2025,22/jul/2030,VIGENTE
MASCULINO,VENADO TUERTO,RENOVACIÓN CON AMPLIACIÓN,"A.2.1, B.2",22/jul/2025,14/jul/2025,22/jul/2030,VIGENTE
MASCULINO,VENADO TUERTO,ORIGINAL,B.1,22/jul/2025,21/jul/2025,22/jul/2026,VIGENTE
FEMENINO,VENADO TUERTO,RENOVACIÓN,B.2,22/jul/2025,22/jul/2025,22/jul/2026,VIGENTE
MASCULINO,VENADO TUERTO,RENOVACIÓN,B.2,22/jul/2025,22/jul/2025,22/jul/2026,VIGENTE
MASCULINO,VENADO TUERTO,RENOVACIÓN,B.1,22/jul/2025,22/jul/2025,22/jul/2026,VIGENTE
FEMENINO,VENADO TUERTO,RENOVACIÓN,A.2.1,22/jul/2025,22/jul/2025,22/jul/2030,VIGENTE
MASCULINO,VENADO TUERTO,RENOVACIÓN,"A.2.1, B.1",22/jul/2025,22/jul/2025,22/jul/2030,VIGENTE
FEMENINO,VENADO TUERTO,RENOVACIÓN,B.1,22/jul/2025,22/jul/2025,22/jul/2028,VIGENTE
MASCULINO,VENADO TUERTO,RENOVACIÓN,"A.2.1, B.1, G.1",22/jul/2025,22/jul/2025,22/jul/2030,VIGENTE
FEMENINO,VENADO TUERTO,RENOVACIÓN,"A.2.1, B.1",22/jul/2025,22/jul/2025,22/jul/2030,VIGENTE
FEMENINO,VENADO TUERTO,ORIGINAL,"A.2.1, B.2",22/jul/2025,22/jul/2025,22/jul/2030,VIGENTE
MASCULINO,VENADO TUERTO,RENOVACIÓN,"A.2.1, B.2, E.2",22/jul/2025,22/jul/2025,22/jul/2026,VIGENTE
FEMENINO,VENADO TUERTO,RENOVACIÓN,B.2,22/jul/2025,22/jul/2025,22/jul/2026,VIGENTE
FEMENINO,VENADO TUERTO,RENOVACIÓN,"A.2.1, B.2",22/jul/2025,22/jul/2025,22/jul/2030,VIGENTE
MASCULINO,VENADO TUERTO,RENOVACIÓN,B.2,22/jul/2025,22/jul/2025,22/jul/2028,VIGENTE
FEMENINO,VENADO TUERTO,RENOVACIÓN,B.1,22/jul/2025,22/jul/2025,22/jul/2030,VIGENTE
MASCULINO,VENADO TUERTO,RENOVACIÓN,"A.2.1, B.2",22/jul/2025,22/jul/2025,22/jul/2030,VIGENTE
MASCULINO,VENADO TUERTO,RENOVACIÓN,"A.3, B.2",22/jul/2025,22/jul/2025,22/jul/2030,VIGENTE
MASCULINO,VENADO TUERTO,RENOVACIÓN,"B.2, D.1",22/jul/2025,22/jul/2025,22/jul/2026,VIGENTE
MASCULINO,VENADO TUERTO,RENOVACIÓN CON AMPLIACIÓN,"A.3, B.2",22/jul/2025,22/jul/2025,22/jul/2030,VIGENTE
FEMENINO,VENADO TUERTO,RENOVACIÓN,B.2,22/jul/2025,22/jul/2025,22/jul/2026,VIGENTE
MASCULINO,VENADO TUERTO,RENOVACIÓN,"A.2.1, B.1",22/jul/2025,22/jul/2025,22/jul/2026,VIGENTE
MASCULINO,VENADO TUERTO,ORIGINAL,B.1,22/jul/2025,22/jul/2025,22/jul/2030,VIGENTE
FEMENINO,VENADO TUERTO,RENOVACIÓN,B.2,22/jul/2025,22/jul/2025,22/jul/2030,VIGENTE
MASCULINO,VENADO TUERTO,RENOVACIÓN,"B.2, C, G.1, G.2",22/jul/2025,22/jul/2025,22/jul/2026,VIGENTE
MASCULINO,VENADO TUERTO,RENOVACIÓN,B.1,22/jul/2025,22/jul/2025,22/jul/2028,VIGENTE
MASCULINO,VENADO TUERTO,DUPLICADO,"B.2, D.3",22/jul/2025,22/jul/2025,30/dic/2026,VIGENTE
MASCULINO,VENADO TUERTO,RENOVACIÓN,"A.2.1, B.2",22/jul/2025,22/jul/2025,22/jul/2030,VIGENTE
MASCULINO,VENADO TUERTO,RENOVACIÓN,"A.2.1, B.2",22/jul/2025,22/jul/2025,22/jul/2028,VIGENTE
MASCULINO,VENADO TUERTO,RENOVACIÓN CON AMPLIACIÓN,"B.1, D.3",22/jul/2025,22/jul/2025,22/jul/2027,VIGENTE
MASCULINO,VENADO TUERTO,RENOVACIÓN,B.2,22/jul/2025,22/jul/2025,22/jul/2028,VIGENTE
MASCULINO,VENADO TUERTO,RENOVACIÓN,"A.2.2, B.2",22/jul/2025,22/jul/2025,22/jul/2030,VIGENTE
MASCULINO,VENADO TUERTO,RENOVACIÓN,B.1,22/jul/2025,22/jul/2025,22/jul/2028,VIGENTE
FEMENINO,VENADO TUERTO,RENOVACIÓN,B.2,22/jul/2025,22/jul/2025,22/jul/2030,VIGENTE
MASCULINO,VENADO TUERTO,ORIGINAL,B.1,22/jul/2025,22/jul/2025,22/jul/2026,VIGENTE
MASCULINO,VENADO TUERTO,RENOVACIÓN,"A.3, B.2",22/jul/2025,22/jul/2025,22/jul/2030,VIGENTE
FEMENINO,VENADO TUERTO,RENOVACIÓN,"A.2.1, B.1",22/jul/2025,22/jul/2025,22/jul/2030,VIGENTE
FEMENINO,VENADO TUERTO,RENOVACIÓN,B.2,22/jul/2025,22/jul/2025,22/jul/2026,VIGENTE
FEMENINO,SAN EDUARDO,RENOVACIÓN,B.2,22/jul/2025,22/jul/2025,22/jul/2026,VIGENTE
MASCULINO,VENADO TUERTO,RENOVACIÓN,"A.2.2, E.1",22/jul/2025,22/jul/2025,22/jul/2027,VIGENTE
MASCULINO,VENADO TUERTO,RENOVACIÓN,"A.2.1, B.2",22/jul/2025,22/jul/2025,22/jul/2030,VIGENTE
MASCULINO,VENADO TUERTO,ORIGINAL,B.1,22/jul/2025,22/jul/2025,22/jul/2030,VIGENTE
MASCULINO,VENADO TUERTO,ORIGINAL,B.1,22/jul/2025,22/jul/2025,22/jul/2026,VIGENTE
MASCULINO,VENADO TUERTO,RENOVACIÓN,"A.2.1, A.4, B.1",22/jul/2025,22/jul/2025,22/jul/2027,VIGENTE
MASCULINO,VENADO TUERTO,RENOVACIÓN,B.2,22/jul/2025,22/jul/2025,22/jul/2030,VIGENTE
MASCULINO,VENADO TUERTO,ORIGINAL,"A.2.2, B.2",23/jul/2025,26/nov/2024,23/jul/2030,VIGENTE
MASCULINO,VENADO TUERTO,ORIGINAL,A.2.1,23/jul/2025,12/mar/2025,23/jul/2026,VIGENTE
MASCULINO,VENADO TUERTO,ORIGINAL,A.2.1,23/jul/2025,20/mar/2025,23/jul/2030,VIGENTE
FEMENINO,VENADO TUERTO,ORIGINAL,A.2.1,23/jul/2025,19/may/2025,23/jul/2030,VIGENTE
FEMENINO,VENADO TUERTO,ORIGINAL,A.2.1,23/jul/2025,12/jun/2025,23/jul/2030,VIGENTE
FEMENINO,VENADO TUERTO,ORIGINAL,B.1,23/jul/2025,10/jul/2025,23/jul/2030,VIGENTE
MASCULINO,VENADO TUERTO,RENOVACIÓN,"A.3, D.3, E.1",23/jul/2025,18/jul/2025,23/jul/2027,VIGENTE
MASCULINO,VENADO TUERTO,RENOVACIÓN,B.2,23/jul/2025,22/jul/2025,23/jul/2026,VIGENTE
MASCULINO,VENADO TUERTO,RENOVACIÓN,B.2,23/jul/2025,23/jul/2025,23/jul/2026,VIGENTE
MASCULINO,VENADO TUERTO,RENOVACIÓN CON AMPLIACIÓN,"A.2.1, B.1",23/jul/2025,23/jul/2025,23/jul/2030,VIGENTE
MASCULINO,VENADO TUERTO,RENOVACIÓN,B.2,23/jul/2025,23/jul/2025,23/jul/2026,VIGENTE
MASCULINO,VENADO TUERTO,RENOVACIÓN,"A.2.1, B.2",23/jul/2025,23/jul/2025,23/jul/2030,VIGENTE
MASCULINO,VENADO TUERTO,RENOVACIÓN,A.2.1,23/jul/2025,23/jul/2025,23/jul/2030,VIGENTE
MASCULINO,VENADO TUERTO,RENOVACIÓN,B.2,23/jul/2025,23/jul/2025,23/jul/2026,VIGENTE
MASCULINO,VENADO TUERTO,RENOVACIÓN,"A.2.1, E.1",23/jul/2025,23/jul/2025,23/jul/2026,VIGENTE
MASCULINO,VENADO TUERTO,RENOVACIÓN,B.2,23/jul/2025,23/jul/2025,23/jul/2026,VIGENTE
FEMENINO,VENADO TUERTO,ORIGINAL,B.1,23/jul/2025,23/jul/2025,23/jul/2026,VIGENTE
MASCULINO,VENADO TUERTO,RENOVACIÓN,B.2,23/jul/2025,23/jul/2025,23/jul/2026,VIGENTE
MASCULINO,VENADO TUERTO,RENOVACIÓN,"A.2.2, B.2, C, G.1",23/jul/2025,23/jul/2025,23/jul/2026,VIGENTE
FEMENINO,VENADO TUERTO,RENOVACIÓN,B.1,23/jul/2025,23/jul/2025,23/jul/2030,VIGENTE
FEMENINO,VENADO TUERTO,RENOVACIÓN,B.2,23/jul/2025,23/jul/2025,23/jul/2030,VIGENTE
FEMENINO,VENADO TUERTO,ORIGINAL,"A.2.1, B.2",23/jul/2025,23/jul/2025,23/jul/2030,VIGENTE
MASCULINO,VENADO TUERTO,RENOVACIÓN,"A.3, E.1",23/jul/2025,23/jul/2025,23/jul/2027,VIGENTE
MASCULINO,VENADO TUERTO,RENOVACIÓN,A.2.1,23/jul/2025,23/jul/2025,23/jul/2030,VIGENTE
MASCULINO,VENADO TUERTO,ORIGINAL,B.1,23/jul/2025,23/jul/2025,23/jul/2030,VIGENTE
MASCULINO,VENADO TUERTO,RENOVACIÓN,"A.2.1, B.2",23/jul/2025,23/jul/2025,23/jul/2030,VIGENTE
MASCULINO,VENADO TUERTO,RENOVACIÓN,B.1,23/jul/2025,23/jul/2025,23/jul/2030,VIGENTE
FEMENINO,VENADO TUERTO,RENOVACIÓN,"A.2.1, D.1",23/jul/2025,23/jul/2025,23/jul/2027,VIGENTE
MASCULINO,VENADO TUERTO,RENOVACIÓN,B.2,23/jul/2025,23/jul/2025,23/jul/2030,VIGENTE
FEMENINO,VENADO TUERTO,RENOVACIÓN,"A.2.1, B.2",23/jul/2025,23/jul/2025,23/jul/2030,VIGENTE
MASCULINO,VENADO TUERTO,RENOVACIÓN,"A.2.1, B.2",23/jul/2025,23/jul/2025,23/jul/2030,VIGENTE
MASCULINO,VENADO TUERTO,RENOVACIÓN,"A.3, B.2",23/jul/2025,23/jul/2025,23/jul/2030,VIGENTE
FEMENINO,VENADO TUERTO,ORIGINAL,A.2.1,23/jul/2025,23/jul/2025,23/jul/2026,VIGENTE
MASCULINO,VENADO TUERTO,RENOVACIÓN,"A.2.1, B.2, C",23/jul/2025,23/jul/2025,23/jul/2026,VIGENTE
MASCULINO,VENADO TUERTO,RENOVACIÓN,B.2,23/jul/2025,23/jul/2025,23/jul/2028,VIGENTE
MASCULINO,VENADO TUERTO,RENOVACIÓN,"A.3, B.2",23/jul/2025,23/jul/2025,23/jul/2030,VIGENTE
FEMENINO,VENADO TUERTO,RENOVACIÓN,B.2,23/jul/2025,23/jul/2025,23/jul/2026,VIGENTE
MASCULINO,VENADO TUERTO,RENOVACIÓN,"A.2.1, B.2",23/jul/2025,23/jul/2025,23/jul/2030,VIGENTE
MASCULINO,VENADO TUERTO,ORIGINAL,B.1,23/jul/2025,23/jul/2025,23/jul/2026,VIGENTE
MASCULINO,VENADO TUERTO,ORIGINAL,"A.2.1, D.1",23/jul/2025,23/jul/2025,23/jul/2027,VIGENTE
FEMENINO,VENADO TUERTO,RENOVACIÓN,A.2.1,23/jul/2025,23/jul/2025,23/jul/2030,VIGENTE
FEMENINO,VENADO TUERTO,ORIGINAL,"A.2.2, B.1",23/jul/2025,23/jul/2025,23/jul/2030,VIGENTE
FEMENINO,VENADO TUERTO,ORIGINAL,A.2.1,23/jul/2025,23/jul/2025,23/jul/2030,VIGENTE
MASCULINO,VENADO TUERTO,RENOVACIÓN,B.2,23/jul/2025,23/jul/2025,23/jul/2026,VIGENTE
MASCULINO,VENADO TUERTO,RENOVACIÓN,B.2,23/jul/2025,23/jul/2025,23/jul/2026,VIGENTE
MASCULINO,VENADO TUERTO,RENOVACIÓN,"A.3, B.2",23/jul/2025,23/jul/2025,23/jul/2026,VIGENTE
MASCULINO,VENADO TUERTO,RENOVACIÓN,"E.1, E.2",23/jul/2025,23/jul/2025,23/jul/2026,VIGENTE
FEMENINO,VENADO TUERTO,ORIGINAL,"A.2.1, B.1",23/jul/2025,23/jul/2025,23/jul/2026,VIGENTE
FEMENINO,VENADO TUERTO,RENOVACIÓN,"A.2.1, B.2",23/jul/2025,23/jul/2025,23/jul/2030,VIGENTE
MASCULINO,VENADO TUERTO,RENOVACIÓN,"A.2.1, B.2",24/jul/2025,15/may/2025,24/jul/2026,VIGENTE
MASCULINO,VENADO TUERTO,RENOVACIÓN,E.1,24/jul/2025,16/jul/2025,24/jul/2026,VIGENTE
MASCULINO,VENADO TUERTO,RENOVACIÓN,"A.2.2, E.1",24/jul/2025,21/jul/2025,24/jul/2027,VIGENTE
MASCULINO,VENADO TUERTO,RENOVACIÓN,"A.2.1, B.1",24/jul/2025,23/jul/2025,24/jul/2030,VIGENTE
MASCULINO,VENADO TUERTO,RENOVACIÓN,B.2,24/jul/2025,24/jul/2025,24/jul/2026,VIGENTE
FEMENINO,VENADO TUERTO,RENOVACIÓN,"A.2.1, B.2",24/jul/2025,24/jul/2025,24/jul/2028,VIGENTE
MASCULINO,VENADO TUERTO,RENOVACIÓN,B.1,24/jul/2025,24/jul/2025,24/jul/2030,VIGENTE
MASCULINO,VENADO TUERTO,RENOVACIÓN,B.2,24/jul/2025,24/jul/2025,24/jul/2026,VIGENTE
FEMENINO,VENADO TUERTO,RENOVACIÓN,B.1,24/jul/2025,24/jul/2025,24/jul/2030,VIGENTE
MASCULINO,VENADO TUERTO,RENOVACIÓN,D.1,24/jul/2025,24/jul/2025,24/jul/2026,VIGENTE
MASCULINO,SAN EDUARDO,RENOVACIÓN,B.2,24/jul/2025,24/jul/2025,24/jul/2026,VIGENTE
FEMENINO,VENADO TUERTO,RENOVACIÓN,"A.2.1, B.1",24/jul/2025,24/jul/2025,24/jul/2030,VIGENTE
MASCULINO,VENADO TUERTO,RENOVACIÓN,A.2.1,24/jul/2025,24/jul/2025,24/jul/2030,VIGENTE
MASCULINO,VENADO TUERTO,RENOVACIÓN CON AMPLIACIÓN,"A.2.1, B.2",24/jul/2025,24/jul/2025,24/jul/2030,VIGENTE
MASCULINO,VENADO TUERTO,RENOVACIÓN,B.2,24/jul/2025,24/jul/2025,24/jul/2026,VIGENTE
MASCULINO,VENADO TUERTO,RENOVACIÓN,"A.2.1, B.2, C",24/jul/2025,24/jul/2025,24/jul/2027,VIGENTE
MASCULINO,VENADO TUERTO,RENOVACIÓN,B.2,24/jul/2025,24/jul/2025,24/jul/2026,VIGENTE
FEMENINO,VENADO TUERTO,RENOVACIÓN,"A.2.1, B.1",24/jul/2025,24/jul/2025,24/jul/2030,VIGENTE
MASCULINO,VENADO TUERTO,RENOVACIÓN,"A.2.2, B.2, D.1",24/jul/2025,24/jul/2025,24/jul/2027,VIGENTE
FEMENINO,VENADO TUERTO,ORIGINAL,A.2.1,24/jul/2025,24/jul/2025,24/jul/2030,VIGENTE
MASCULINO,VENADO TUERTO,RENOVACIÓN,B.2,24/jul/2025,24/jul/2025,24/jul/2030,VIGENTE
MASCULINO,VENADO TUERTO,RENOVACIÓN,E.1,24/jul/2025,24/jul/2025,24/feb/2026,VIGENTE
MASCULINO,VENADO TUERTO,RENOVACIÓN,B.2,24/jul/2025,24/jul/2025,24/jul/2026,VIGENTE
MASCULINO,VENADO TUERTO,RENOVACIÓN CON AMPLIACIÓN,"A.3, B.2",24/jul/2025,24/jul/2025,24/jul/2030,VIGENTE
FEMENINO,VENADO TUERTO,RENOVACIÓN,B.1,24/jul/2025,24/jul/2025,24/jul/2030,VIGENTE
FEMENINO,VENADO TUERTO,RENOVACIÓN,A.2.1,24/jul/2025,24/jul/2025,24/jul/2030,VIGENTE
FEMENINO,VENADO TUERTO,RENOVACIÓN,B.2,24/jul/2025,24/jul/2025,24/jul/2030,VIGENTE
FEMENINO,VENADO TUERTO,RENOVACIÓN,B.1,24/jul/2025,24/jul/2025,24/jul/2030,VIGENTE
MASCULINO,VENADO TUERTO,RENOVACIÓN,B.2,24/jul/2025,24/jul/2025,24/jul/2026,VIGENTE
MASCULINO,SAN EDUARDO,RENOVACIÓN,"B.2, G.1",24/jul/2025,24/jul/2025,24/jul/2030,VIGENTE
FEMENINO,VENADO TUERTO,RENOVACIÓN,B.2,24/jul/2025,24/jul/2025,24/jul/2030,VIGENTE
MASCULINO,VENADO TUERTO,RENOVACIÓN CON AMPLIACIÓN,"A.2.1, B.2",24/jul/2025,24/jul/2025,24/jul/2030,VIGENTE
MASCULINO,VENADO TUERTO,RENOVACIÓN CON AMPLIACIÓN,"A.3, B.2",25/jul/2025,15/jul/2025,25/jul/2030,VIGENTE
MASCULINO,VENADO TUERTO,ORIGINAL,"A.2.1, B.2",25/jul/2025,15/jul/2025,25/jul/2030,VIGENTE
MASCULINO,VENADO TUERTO,ORIGINAL,E.1,25/jul/2025,17/jul/2025,25/jul/2026,VIGENTE
MASCULINO,VENADO TUERTO,RENOVACIÓN,"A.2.1, B.2",25/jul/2025,18/jul/2025,25/jul/2028,VIGENTE
MASCULINO,VENADO TUERTO,RENOVACIÓN,"A.2.2, D.1, E.1, E.2",25/jul/2025,21/jul/2025,25/abr/2026,VIGENTE
FEMENINO,VENADO TUERTO,RENOVACIÓN,"A.2.1, B.1",25/jul/2025,23/jul/2025,25/jul/2030,VIGENTE
MASCULINO,VENADO TUERTO,RENOVACIÓN,"B.2, C",25/jul/2025,24/jul/2025,25/jul/2026,VIGENTE
MASCULINO,VENADO TUERTO,RENOVACIÓN,B.2,25/jul/2025,24/jul/2025,25/jul/2030,VIGENTE
MASCULINO,VENADO TUERTO,RENOVACIÓN,B.2,25/jul/2025,25/jul/2025,25/jul/2026,VIGENTE
MASCULINO,VENADO TUERTO,RENOVACIÓN,A.2.1,25/jul/2025,25/jul/2025,25/jul/2030,VIGENTE
FEMENINO,VENADO TUERTO,ORIGINAL,"A.2.1, D.1",25/jul/2025,25/jul/2025,25/jul/2027,VIGENTE
MASCULINO,VENADO TUERTO,RENOVACIÓN,B.1,25/jul/2025,25/jul/2025,25/jul/2028,VIGENTE
FEMENINO,VENADO TUERTO,RENOVACIÓN,"A.2.1, B.2",25/jul/2025,25/jul/2025,25/jul/2026,VIGENTE
MASCULINO,VENADO TUERTO,RENOVACIÓN,E.1,25/jul/2025,25/jul/2025,25/nov/2025,VIGENTE
MASCULINO,VENADO TUERTO,RENOVACIÓN,B.1,25/jul/2025,25/jul/2025,25/jul/2026,VIGENTE
MASCULINO,VENADO TUERTO,RENOVACIÓN,"A.2.1, B.2, C, E.2, G.1",25/jul/2025,25/jul/2025,25/jul/2027,VIGENTE
MASCULINO,VENADO TUERTO,ORIGINAL,B.1,25/jul/2025,25/jul/2025,25/jul/2030,VIGENTE
MASCULINO,VENADO TUERTO,RENOVACIÓN,"A.2.1, B.2",25/jul/2025,25/jul/2025,25/jul/2030,VIGENTE
FEMENINO,SAN EDUARDO,RENOVACIÓN CON AMPLIACIÓN,"A.2.1, B.1",25/jul/2025,25/jul/2025,25/jul/2030,VIGENTE
MASCULINO,VENADO TUERTO,RENOVACIÓN,B.2,25/jul/2025,25/jul/2025,25/jul/2028,VIGENTE
FEMENINO,VENADO TUERTO,RENOVACIÓN,B.1,25/jul/2025,25/jul/2025,25/jul/2030,VIGENTE
MASCULINO,SAN EDUARDO,RENOVACIÓN,"A.3, B.2, E.2, G.1, G.2",25/jul/2025,25/jul/2025,25/jul/2027,VIGENTE
FEMENINO,VENADO TUERTO,RENOVACIÓN,B.2,25/jul/2025,25/jul/2025,25/jul/2026,VIGENTE
FEMENINO,VENADO TUERTO,RENOVACIÓN,B.1,25/jul/2025,25/jul/2025,25/jul/2028,VIGENTE
FEMENINO,VENADO TUERTO,RENOVACIÓN,"A.2.1, B.1",25/jul/2025,25/jul/2025,25/jul/2030,VIGENTE
MASCULINO,VENADO TUERTO,RENOVACIÓN,B.1,25/jul/2025,25/jul/2025,25/jul/2026,VIGENTE
MASCULINO,VENADO TUERTO,RENOVACIÓN,B.2,25/jul/2025,25/jul/2025,25/jul/2030,VIGENTE
MASCULINO,VENADO TUERTO,RENOVACIÓN,"B.2, D.1",25/jul/2025,25/jul/2025,25/jul/2026,VIGENTE
FEMENINO,VENADO TUERTO,RENOVACIÓN,B.2,25/jul/2025,25/jul/2025,25/jul/2030,VIGENTE
MASCULINO,VENADO TUERTO,DUPLICADO,"A.2.1, B.2",25/jul/2025,25/jul/2025,8/may/2030,VIGENTE
FEMENINO,VENADO TUERTO,RENOVACIÓN,"A.2.1, B.1",25/jul/2025,25/jul/2025,25/jul/2030,VIGENTE
FEMENINO,VENADO TUERTO,RENOVACIÓN,B.2,25/jul/2025,25/jul/2025,25/jul/2030,VIGENTE
MASCULINO,VENADO TUERTO,RENOVACIÓN,B.2,25/jul/2025,25/jul/2025,25/jul/2030,VIGENTE
FEMENINO,VENADO TUERTO,RENOVACIÓN,B.1,25/jul/2025,25/jul/2025,25/jul/2030,VIGENTE
MASCULINO,VENADO TUERTO,RENOVACIÓN,B.2,25/jul/2025,25/jul/2025,25/jul/2026,VIGENTE
FEMENINO,VENADO TUERTO,RENOVACIÓN,"A.2.1, D.1",25/jul/2025,25/jul/2025,25/jul/2026,VIGENTE
MASCULINO,SAN EDUARDO,RENOVACIÓN,B.2,25/jul/2025,25/jul/2025,25/jul/2026,VIGENTE
FEMENINO,VENADO TUERTO,RENOVACIÓN,A.2.1,25/jul/2025,25/jul/2025,25/jul/2030,VIGENTE
MASCULINO,VENADO TUERTO,RENOVACIÓN,"A.2.1, E.1",25/jul/2025,25/jul/2025,25/jul/2026,VIGENTE
MASCULINO,VENADO TUERTO,RENOVACIÓN,"A.2.2, B.2",25/jul/2025,25/jul/2025,25/jul/2026,VIGENTE
MASCULINO,VENADO TUERTO,ORIGINAL,"A.3, B.1",25/jul/2025,25/jul/2025,25/jul/2030,VIGENTE
MASCULINO,VENADO TUERTO,RENOVACIÓN,B.2,25/jul/2025,25/jul/2025,25/jul/2030,VIGENTE
FEMENINO,VENADO TUERTO,ORIGINAL,B.1,25/jul/2025,25/jul/2025,25/jul/2030,VIGENTE
FEMENINO,SAN EDUARDO,RENOVACIÓN,B.2,25/jul/2025,25/jul/2025,25/jul/2030,VIGENTE
FEMENINO,VENADO TUERTO,ORIGINAL,B.1,25/jul/2025,25/jul/2025,25/jul/2026,VIGENTE
FEMENINO,VENADO TUERTO,DUPLICADO POR CAMBIO DE DATOS,B.2,25/jul/2025,25/jul/2025,30/oct/2029,VIGENTE
MASCULINO,VENADO TUERTO,DUPLICADO,"A.2.1, E.1",25/jul/2025,25/jul/2025,18/oct/2025,VIGENTE
FEMENINO,VENADO TUERTO,RENOVACIÓN,"A.2.1, B.2",25/jul/2025,25/jul/2025,25/jul/2030,VIGENTE
MASCULINO,VENADO TUERTO,RENOVACIÓN,"A.3, B.2, C, E.2",25/jul/2025,25/jul/2025,25/jul/2027,VIGENTE
MASCULINO,VENADO TUERTO,RENOVACIÓN,B.2,25/jul/2025,25/jul/2025,25/jul/2026,VIGENTE
FEMENINO,VENADO TUERTO,RENOVACIÓN,D.1,25/jul/2025,25/jul/2025,25/jul/2027,VIGENTE
FEMENINO,VENADO TUERTO,RENOVACIÓN,"A.2.2, B.1, D.3",25/jul/2025,25/jul/2025,25/jul/2027,VIGENTE
MASCULINO,VENADO TUERTO,RENOVACIÓN,"A.3, B.2",25/jul/2025,25/jul/2025,25/jul/2030,VIGENTE
MASCULINO,VENADO TUERTO,ORIGINAL,B.1,25/jul/2025,25/jul/2025,25/jul/2026,VIGENTE
FEMENINO,VENADO TUERTO,RENOVACIÓN,"A.2.1, B.2",25/jul/2025,25/jul/2025,25/jul/2030,VIGENTE
FEMENINO,VENADO TUERTO,RENOVACIÓN,"A.2.1, B.1",25/jul/2025,25/jul/2025,25/jul/2030,VIGENTE
MASCULINO,VENADO TUERTO,ORIGINAL,A.2.1,25/jul/2025,25/jul/2025,25/jul/2030,VIGENTE
MASCULINO,VENADO TUERTO,RENOVACIÓN,"A.2.1, B.1",25/jul/2025,25/jul/2025,25/jul/2030,VIGENTE
MASCULINO,VENADO TUERTO,ORIGINAL,B.1,25/jul/2025,25/jul/2025,25/jul/2030,VIGENTE
MASCULINO,VENADO TUERTO,RENOVACIÓN,D.1,25/jul/2025,25/jul/2025,25/jul/2026,VIGENTE
FEMENINO,VENADO TUERTO,ORIGINAL,A.2.1,25/jul/2025,25/jul/2025,25/jul/2030,VIGENTE
FEMENINO,VENADO TUERTO,ORIGINAL,A.2.1,25/jul/2025,25/jul/2025,25/jul/2030,VIGENTE
MASCULINO,VENADO TUERTO,RENOVACIÓN,A.2.1,25/jul/2025,25/jul/2025,25/jul/2030,VIGENTE
MASCULINO,VENADO TUERTO,RENOVACIÓN,B.2,25/jul/2025,25/jul/2025,25/jul/2026,VIGENTE
MASCULINO,VENADO TUERTO,RENOVACIÓN CON AMPLIACIÓN,"A.2.1, B.2",28/jul/2025,26/jun/2025,28/jul/2030,VIGENTE
MASCULINO,VENADO TUERTO,RENOVACIÓN,E.1,28/jul/2025,10/jul/2025,28/jul/2026,VIGENTE
MASCULINO,VENADO TUERTO,ORIGINAL,A.2.1,28/jul/2025,15/jul/2025,28/jul/2026,VIGENTE
FEMENINO,VENADO TUERTO,RENOVACIÓN,D.1,28/jul/2025,18/jul/2025,28/jul/2026,VIGENTE
MASCULINO,VENADO TUERTO,RENOVACIÓN,D.1,28/jul/2025,23/jul/2025,28/jun/2026,VIGENTE
MASCULINO,SAN EDUARDO,RENOVACIÓN,"A.2.1, B.1",28/jul/2025,25/jul/2025,28/jul/2028,VIGENTE
FEMENINO,VENADO TUERTO,ORIGINAL,B.2,28/jul/2025,28/jul/2025,28/jul/2030,VIGENTE
FEMENINO,VENADO TUERTO,RENOVACIÓN,"A.2.1, B.1",28/jul/2025,28/jul/2025,28/jul/2030,VIGENTE
MASCULINO,VENADO TUERTO,RENOVACIÓN,A.2.1,28/jul/2025,28/jul/2025,28/jul/2030,VIGENTE
FEMENINO,VENADO TUERTO,RENOVACIÓN,"A.2.1, B.1",28/jul/2025,28/jul/2025,28/jul/2028,VIGENTE
MASCULINO,VENADO TUERTO,RENOVACIÓN,B.1,28/jul/2025,28/jul/2025,28/jul/2030,VIGENTE
MASCULINO,VENADO TUERTO,RENOVACIÓN,B.1,28/jul/2025,28/jul/2025,28/jul/2026,VIGENTE
FEMENINO,VENADO TUERTO,RENOVACIÓN,"A.2.2, B.2",28/jul/2025,28/jul/2025,28/jul/2030,VIGENTE
MASCULINO,VENADO TUERTO,RENOVACIÓN,"A.2.1, B.2, C, E.2",28/jul/2025,28/jul/2025,28/jul/2027,VIGENTE
MASCULINO,VENADO TUERTO,RENOVACIÓN,B.1,28/jul/2025,28/jul/2025,28/jul/2030,VIGENTE
FEMENINO,VENADO TUERTO,RENOVACIÓN,A.2.1,28/jul/2025,28/jul/2025,28/jul/2030,VIGENTE
FEMENINO,VENADO TUERTO,RENOVACIÓN,B.2,28/jul/2025,28/jul/2025,28/jul/2030,VIGENTE
MASCULINO,VENADO TUERTO,RENOVACIÓN,E.1,28/jul/2025,28/jul/2025,28/sept/2025,VIGENTE
MASCULINO,VENADO TUERTO,RENOVACIÓN,"A.2.1, B.2",28/jul/2025,28/jul/2025,28/jul/2028,VIGENTE
MASCULINO,VENADO TUERTO,RENOVACIÓN,"A.2.1, B.2",28/jul/2025,28/jul/2025,28/jul/2026,VIGENTE
MASCULINO,VENADO TUERTO,RENOVACIÓN,B.2,28/jul/2025,28/jul/2025,28/jul/2026,VIGENTE
FEMENINO,VENADO TUERTO,RENOVACIÓN,B.1,28/jul/2025,28/jul/2025,28/jul/2028,VIGENTE
MASCULINO,VENADO TUERTO,ORIGINAL,A.2.1,28/jul/2025,28/jul/2025,28/jul/2030,VIGENTE
MASCULINO,VENADO TUERTO,RENOVACIÓN CON AMPLIACIÓN,"A.3, B.2",28/jul/2025,28/jul/2025,28/jul/2030,VIGENTE
MASCULINO,VENADO TUERTO,RENOVACIÓN,"E.1, E.2, G.1",28/jul/2025,28/jul/2025,28/nov/2025,VIGENTE
FEMENINO,VENADO TUERTO,RENOVACIÓN,"A.2.2, B.1",28/jul/2025,28/jul/2025,28/jul/2030,VIGENTE
MASCULINO,VENADO TUERTO,RENOVACIÓN,A.2.1,28/jul/2025,28/jul/2025,28/jul/2028,VIGENTE
FEMENINO,VENADO TUERTO,RENOVACIÓN,B.1,28/jul/2025,28/jul/2025,28/jul/2030,VIGENTE
FEMENINO,VENADO TUERTO,RENOVACIÓN,A.2.1,28/jul/2025,28/jul/2025,28/jul/2030,VIGENTE
MASCULINO,VENADO TUERTO,RENOVACIÓN,"A.2.1, B.2",28/jul/2025,28/jul/2025,28/jul/2030,VIGENTE
MASCULINO,VENADO TUERTO,RENOVACIÓN,"A.3, B.2, G.1, G.2",28/jul/2025,28/jul/2025,28/jul/2030,VIGENTE
FEMENINO,VENADO TUERTO,ORIGINAL,"A.2.1, B.1",28/jul/2025,28/jul/2025,28/jul/2030,VIGENTE
MASCULINO,VENADO TUERTO,RENOVACIÓN,"A.3, B.2",28/jul/2025,28/jul/2025,28/jul/2030,VIGENTE
MASCULINO,VENADO TUERTO,RENOVACIÓN,"A.2.1, B.2",28/jul/2025,28/jul/2025,28/jul/2030,VIGENTE
MASCULINO,VENADO TUERTO,RENOVACIÓN,D.1,28/jul/2025,28/jul/2025,28/jul/2026,VIGENTE
MASCULINO,VENADO TUERTO,RENOVACIÓN,"B.2, C, D.1",28/jul/2025,28/jul/2025,28/jul/2026,VIGENTE
MASCULINO,VENADO TUERTO,RENOVACIÓN,E.1,28/jul/2025,28/jul/2025,28/jul/2026,VIGENTE
MASCULINO,VENADO TUERTO,RENOVACIÓN,"B.2, D.3",28/jul/2025,28/jul/2025,28/jul/2026,VIGENTE
MASCULINO,VENADO TUERTO,RENOVACIÓN,"A.2.2, B.2",28/jul/2025,28/jul/2025,28/jul/2030,VIGENTE
FEMENINO,VENADO TUERTO,ORIGINAL,A.2.1,28/jul/2025,28/jul/2025,28/jul/2026,VIGENTE
FEMENINO,VENADO TUERTO,RENOVACIÓN,B.2,28/jul/2025,28/jul/2025,28/jul/2026,VIGENTE
MASCULINO,VENADO TUERTO,RENOVACIÓN,"A.2.1, B.1",28/jul/2025,28/jul/2025,28/jul/2030,VIGENTE
FEMENINO,VENADO TUERTO,RENOVACIÓN,"A.2.1, B.2",28/jul/2025,28/jul/2025,28/jul/2030,VIGENTE
MASCULINO,VENADO TUERTO,RENOVACIÓN,A.2.1,28/jul/2025,28/jul/2025,28/jul/2030,VIGENTE
FEMENINO,VENADO TUERTO,RENOVACIÓN,B.2,28/jul/2025,28/jul/2025,28/jul/2030,VIGENTE
MASCULINO,VENADO TUERTO,RENOVACIÓN,"A.2.2, B.2",28/jul/2025,28/jul/2025,28/jul/2030,VIGENTE
MASCULINO,VENADO TUERTO,RENOVACIÓN,"A.2.1, B.2",29/jul/2025,30/abr/2025,29/jul/2026,VIGENTE
MASCULINO,VENADO TUERTO,RENOVACIÓN,E.1,29/jul/2025,7/jul/2025,29/jul/2026,VIGENTE
FEMENINO,VENADO TUERTO,ORIGINAL,A.2.1,29/jul/2025,15/jul/2025,29/jul/2026,VIGENTE
MASCULINO,VENADO TUERTO,RENOVACIÓN,"A.3, D.3, E.1",29/jul/2025,17/jul/2025,29/jul/2027,VIGENTE
MASCULINO,VENADO TUERTO,ORIGINAL,"A.2.1, B.1",29/jul/2025,18/jul/2025,29/jul/2030,VIGENTE
MASCULINO,VENADO TUERTO,RENOVACIÓN,E.1,29/jul/2025,18/jul/2025,29/jul/2026,VIGENTE
MASCULINO,VENADO TUERTO,RENOVACIÓN,A.2.1,29/jul/2025,23/jul/2025,29/jul/2028,VIGENTE
FEMENINO,VENADO TUERTO,ORIGINAL,A.2.1,29/jul/2025,23/jul/2025,29/jul/2030,VIGENTE
MASCULINO,VENADO TUERTO,RENOVACIÓN CON AMPLIACIÓN,"B.2, C",29/jul/2025,28/jul/2025,29/jul/2026,VIGENTE
FEMENINO,VENADO TUERTO,RENOVACIÓN,B.1,29/jul/2025,29/jul/2025,29/jul/2030,VIGENTE
MASCULINO,VENADO TUERTO,RENOVACIÓN,B.2,29/jul/2025,29/jul/2025,29/jul/2030,VIGENTE
MASCULINO,VENADO TUERTO,RENOVACIÓN CON AMPLIACIÓN,"A.2.1, B.2",29/jul/2025,29/jul/2025,29/jul/2030,VIGENTE
MASCULINO,VENADO TUERTO,RENOVACIÓN,A.2.1,29/jul/2025,29/jul/2025,29/jul/2030,VIGENTE
MASCULINO,VENADO TUERTO,RENOVACIÓN,"A.3, B.2, C, E.2, G.1, G.2",29/jul/2025,29/jul/2025,29/jul/2026,VIGENTE
MASCULINO,VENADO TUERTO,RENOVACIÓN,"A.2.1, E.1",29/jul/2025,29/jul/2025,29/ago/2025,VIGENTE
MASCULINO,VENADO TUERTO,RENOVACIÓN,"A.3, D.3, E.1, E.2, G.1",29/jul/2025,29/jul/2025,29/jul/2027,VIGENTE
MASCULINO,VENADO TUERTO,RENOVACIÓN,"B.2, C",29/jul/2025,29/jul/2025,29/jul/2027,VIGENTE
FEMENINO,VENADO TUERTO,RENOVACIÓN CON AMPLIACIÓN,"A.3, B.2",29/jul/2025,29/jul/2025,29/jul/2030,VIGENTE
FEMENINO,VENADO TUERTO,RENOVACIÓN,B.2,29/jul/2025,29/jul/2025,29/jul/2026,VIGENTE
MASCULINO,VENADO TUERTO,RENOVACIÓN,"A.2.1, B.1",29/jul/2025,29/jul/2025,29/jul/2028,VIGENTE
FEMENINO,VENADO TUERTO,RENOVACIÓN,B.2,29/jul/2025,29/jul/2025,29/jul/2026,VIGENTE
FEMENINO,VENADO TUERTO,ORIGINAL,A.2.1,29/jul/2025,29/jul/2025,29/jul/2030,VIGENTE
FEMENINO,VENADO TUERTO,RENOVACIÓN,"A.2.1, B.2",29/jul/2025,29/jul/2025,29/jul/2030,VIGENTE
MASCULINO,VENADO TUERTO,RENOVACIÓN,B.2,29/jul/2025,29/jul/2025,29/jul/2026,VIGENTE
FEMENINO,VENADO TUERTO,RENOVACIÓN,"A.2.1, B.2",29/jul/2025,29/jul/2025,29/jul/2030,VIGENTE
MASCULINO,VENADO TUERTO,RENOVACIÓN CON AMPLIACIÓN,"A.3, B.2",29/jul/2025,29/jul/2025,29/jul/2030,VIGENTE
MASCULINO,VENADO TUERTO,RENOVACIÓN,B.2,29/jul/2025,29/jul/2025,29/jul/2030,VIGENTE
MASCULINO,VENADO TUERTO,RENOVACIÓN,B.2,29/jul/2025,29/jul/2025,29/jul/2026,VIGENTE
MASCULINO,VENADO TUERTO,RENOVACIÓN,"A.3, B.2",29/jul/2025,29/jul/2025,29/jul/2030,VIGENTE
MASCULINO,VENADO TUERTO,RENOVACIÓN,"A.2.1, B.2, C, E.2, G.1, G.2",29/jul/2025,29/jul/2025,29/jul/2026,VIGENTE
FEMENINO,VENADO TUERTO,RENOVACIÓN,B.2,29/jul/2025,29/jul/2025,29/jul/2026,VIGENTE
MASCULINO,VENADO TUERTO,RENOVACIÓN,"A.2.1, B.1",29/jul/2025,29/jul/2025,29/jul/2030,VIGENTE
MASCULINO,VENADO TUERTO,RENOVACIÓN CON AMPLIACIÓN,"A.3, B.1",29/jul/2025,29/jul/2025,29/jul/2030,VIGENTE
MASCULINO,VENADO TUERTO,RENOVACIÓN,"A.2.1, B.2",29/jul/2025,29/jul/2025,29/jul/2030,VIGENTE
FEMENINO,VENADO TUERTO,ORIGINAL,"A.2.1, B.1",29/jul/2025,29/jul/2025,29/jul/2030,VIGENTE
MASCULINO,VENADO TUERTO,RENOVACIÓN,"A.2.1, B.2",29/jul/2025,29/jul/2025,29/jul/2026,VIGENTE
MASCULINO,VENADO TUERTO,RENOVACIÓN,B.2,29/jul/2025,29/jul/2025,29/jul/2030,VIGENTE
MASCULINO,VENADO TUERTO,RENOVACIÓN CON AMPLIACIÓN,"A.3, B.2",29/jul/2025,29/jul/2025,29/jul/2030,VIGENTE
FEMENINO,VENADO TUERTO,RENOVACIÓN,B.2,29/jul/2025,29/jul/2025,29/jul/2026,VIGENTE
MASCULINO,VENADO TUERTO,RENOVACIÓN,B.2,29/jul/2025,29/jul/2025,29/jul/2026,VIGENTE
FEMENINO,VENADO TUERTO,RENOVACIÓN,B.2,29/jul/2025,29/jul/2025,29/jul/2026,VIGENTE
FEMENINO,VENADO TUERTO,RENOVACIÓN,A.2.1,29/jul/2025,29/jul/2025,29/jul/2026,VIGENTE
MASCULINO,VENADO TUERTO,RENOVACIÓN,"A.2.1, B.2",29/jul/2025,29/jul/2025,29/jul/2030,VIGENTE
MASCULINO,VENADO TUERTO,RENOVACIÓN CON AMPLIACIÓN,"A.3, B.2",29/jul/2025,29/jul/2025,29/jul/2030,VIGENTE
MASCULINO,VENADO TUERTO,RENOVACIÓN,"A.2.1, B.2, G.1, G.2",29/jul/2025,29/jul/2025,29/jul/2030,VIGENTE
FEMENINO,VENADO TUERTO,RENOVACIÓN,B.2,29/jul/2025,29/jul/2025,29/jul/2026,VIGENTE
FEMENINO,VENADO TUERTO,ORIGINAL,B.1,29/jul/2025,29/jul/2025,29/jul/2026,VIGENTE
MASCULINO,VENADO TUERTO,RENOVACIÓN,"A.2.1, E.1",29/jul/2025,29/jul/2025,29/jul/2027,VIGENTE
MASCULINO,VENADO TUERTO,ORIGINAL,B.1,29/jul/2025,29/jul/2025,29/jul/2026,VIGENTE
FEMENINO,VENADO TUERTO,RENOVACIÓN,B.2,29/jul/2025,29/jul/2025,29/jul/2028,VIGENTE
FEMENINO,VENADO TUERTO,RENOVACIÓN CON AMPLIACIÓN,"A.2.1, B.1",29/jul/2025,29/jul/2025,29/jul/2030,VIGENTE
FEMENINO,VENADO TUERTO,RENOVACIÓN,"A.2.1, B.2",29/jul/2025,29/jul/2025,29/jul/2030,VIGENTE
FEMENINO,VENADO TUERTO,ORIGINAL,"A.2.1, B.1",30/jul/2025,29/may/2025,30/jul/2026,VIGENTE
MASCULINO,VENADO TUERTO,RENOVACIÓN,B.2,30/jul/2025,18/jul/2025,30/jul/2030,VIGENTE
MASCULINO,VENADO TUERTO,RENOVACIÓN,B.2,30/jul/2025,28/jul/2025,30/jul/2030,VIGENTE
MASCULINO,VENADO TUERTO,ORIGINAL,"A.2.1, B.1",30/jul/2025,29/jul/2025,30/jul/2030,VIGENTE
FEMENINO,VENADO TUERTO,ORIGINAL,A.2.1,30/jul/2025,29/jul/2025,30/jul/2030,VIGENTE
MASCULINO,VENADO TUERTO,RENOVACIÓN CON AMPLIACIÓN,"A.2.2, D.1",30/jul/2025,30/jul/2025,30/jul/2027,VIGENTE
MASCULINO,VENADO TUERTO,RENOVACIÓN,"A.2.1, B.2",30/jul/2025,30/jul/2025,30/jul/2030,VIGENTE
MASCULINO,VENADO TUERTO,RENOVACIÓN,"A.2.1, B.1",30/jul/2025,30/jul/2025,30/jul/2028,VIGENTE
MASCULINO,VENADO TUERTO,ORIGINAL,B.1,30/jul/2025,30/jul/2025,30/jul/2026,VIGENTE
FEMENINO,VENADO TUERTO,RENOVACIÓN,B.2,30/jul/2025,30/jul/2025,30/jul/2026,VIGENTE
MASCULINO,VENADO TUERTO,RENOVACIÓN,B.2,30/jul/2025,30/jul/2025,30/jul/2026,VIGENTE
FEMENINO,VENADO TUERTO,RENOVACIÓN,"A.2.1, B.1",30/jul/2025,30/jul/2025,30/jul/2030,VIGENTE
MASCULINO,VENADO TUERTO,RENOVACIÓN,"A.2.2, B.2",30/jul/2025,30/jul/2025,30/jul/2030,VIGENTE
MASCULINO,VENADO TUERTO,RENOVACIÓN,E.1,30/jul/2025,30/jul/2025,30/jul/2027,VIGENTE
FEMENINO,VENADO TUERTO,RENOVACIÓN,B.2,30/jul/2025,30/jul/2025,30/jul/2026,VIGENTE
FEMENINO,VENADO TUERTO,RENOVACIÓN,B.2,30/jul/2025,30/jul/2025,30/jul/2026,VIGENTE
MASCULINO,VENADO TUERTO,ORIGINAL,B.2,30/jul/2025,30/jul/2025,30/jul/2030,VIGENTE
MASCULINO,VENADO TUERTO,RENOVACIÓN,B.2,30/jul/2025,30/jul/2025,30/jul/2026,VIGENTE
MASCULINO,VENADO TUERTO,ORIGINAL,A.2.2,30/jul/2025,30/jul/2025,30/jul/2030,VIGENTE
FEMENINO,VENADO TUERTO,RENOVACIÓN,B.2,30/jul/2025,30/jul/2025,30/jul/2026,VIGENTE
MASCULINO,VENADO TUERTO,RENOVACIÓN CON AMPLIACIÓN,"A.2.1, B.1",30/jul/2025,30/jul/2025,30/jul/2030,VIGENTE
MASCULINO,VENADO TUERTO,RENOVACIÓN,B.1,30/jul/2025,30/jul/2025,30/jul/2028,VIGENTE
MASCULINO,VENADO TUERTO,RENOVACIÓN,B.1,30/jul/2025,30/jul/2025,30/jul/2028,VIGENTE
FEMENINO,VENADO TUERTO,RENOVACIÓN,B.1,30/jul/2025,30/jul/2025,30/jul/2026,VIGENTE
FEMENINO,VENADO TUERTO,ORIGINAL,A.2.1,30/jul/2025,30/jul/2025,30/jul/2030,VIGENTE
MASCULINO,SAN EDUARDO,RENOVACIÓN CON AMPLIACIÓN,"A.2.1, B.1",30/jul/2025,30/jul/2025,30/jul/2030,VIGENTE
MASCULINO,VENADO TUERTO,RENOVACIÓN,D.1,30/jul/2025,30/jul/2025,30/jul/2026,VIGENTE
MASCULINO,VENADO TUERTO,RENOVACIÓN,"B.2, D.1",30/jul/2025,30/jul/2025,30/jul/2027,VIGENTE
MASCULINO,VENADO TUERTO,RENOVACIÓN CON AMPLIACIÓN,"A.3, E.1",30/jul/2025,30/jul/2025,30/jul/2026,VIGENTE
MASCULINO,VENADO TUERTO,RENOVACIÓN,E.1,30/jul/2025,30/jul/2025,30/jun/2026,VIGENTE
FEMENINO,VENADO TUERTO,RENOVACIÓN,B.2,30/jul/2025,30/jul/2025,30/jul/2026,VIGENTE
MASCULINO,VENADO TUERTO,RENOVACIÓN,B.2,30/jul/2025,30/jul/2025,30/jul/2026,VIGENTE
MASCULINO,VENADO TUERTO,RENOVACIÓN,D.1,30/jul/2025,30/jul/2025,30/jul/2026,VIGENTE
MASCULINO,VENADO TUERTO,RENOVACIÓN,B.2,30/jul/2025,30/jul/2025,30/jul/2028,VIGENTE
FEMENINO,VENADO TUERTO,RENOVACIÓN,A.2.2,30/jul/2025,30/jul/2025,30/jul/2030,VIGENTE
MASCULINO,VENADO TUERTO,RENOVACIÓN,"A.3, B.2",30/jul/2025,30/jul/2025,30/jul/2030,VIGENTE
MASCULINO,VENADO TUERTO,RENOVACIÓN,"A.2.2, B.2, D.1, D.3",30/jul/2025,30/jul/2025,30/jul/2026,VIGENTE
MASCULINO,VENADO TUERTO,RENOVACIÓN,"B.2, D.1, G.1",30/jul/2025,30/jul/2025,30/jul/2026,VIGENTE
MASCULINO,VENADO TUERTO,RENOVACIÓN,"B.2, G.1, G.2",30/jul/2025,30/jul/2025,30/jul/2026,VIGENTE
FEMENINO,VENADO TUERTO,RENOVACIÓN,A.2.1,30/jul/2025,30/jul/2025,30/jul/2028,VIGENTE
FEMENINO,VENADO TUERTO,RENOVACIÓN,"A.2.2, B.2",30/jul/2025,30/jul/2025,30/jul/2030,VIGENTE
MASCULINO,VENADO TUERTO,RENOVACIÓN,B.2,30/jul/2025,30/jul/2025,30/jul/2026,VIGENTE
FEMENINO,VENADO TUERTO,RENOVACIÓN,B.1,30/jul/2025,30/jul/2025,30/jul/2030,VIGENTE
MASCULINO,VENADO TUERTO,ORIGINAL,"A.2.1, B.1",31/jul/2025,21/jul/2025,31/jul/2030,VIGENTE
MASCULINO,VENADO TUERTO,RENOVACIÓN,E.1,31/jul/2025,24/jul/2025,31/jul/2026,VIGENTE
MASCULINO,VENADO TUERTO,RENOVACIÓN,"A.2.1, C",31/jul/2025,30/jul/2025,31/jul/2027,VIGENTE
FEMENINO,VENADO TUERTO,RENOVACIÓN,"A.2.1, B.2",31/jul/2025,31/jul/2025,31/jul/2030,VIGENTE
MASCULINO,VENADO TUERTO,ORIGINAL,"A.2.1, B.1",31/jul/2025,31/jul/2025,31/jul/2026,VIGENTE
FEMENINO,VENADO TUERTO,RENOVACIÓN,B.2,31/jul/2025,31/jul/2025,31/jul/2026,VIGENTE
MASCULINO,VENADO TUERTO,RENOVACIÓN,A.2.1,31/jul/2025,31/jul/2025,31/jul/2030,VIGENTE
FEMENINO,VENADO TUERTO,RENOVACIÓN,"A.2.1, B.2",31/jul/2025,31/jul/2025,31/jul/2030,VIGENTE
MASCULINO,VENADO TUERTO,RENOVACIÓN,B.2,31/jul/2025,31/jul/2025,31/jul/2026,VIGENTE
FEMENINO,VENADO TUERTO,RENOVACIÓN,A.2.1,31/jul/2025,31/jul/2025,31/jul/2030,VIGENTE
MASCULINO,VENADO TUERTO,RENOVACIÓN,E.1,31/jul/2025,31/jul/2025,31/may/2026,VIGENTE
FEMENINO,VENADO TUERTO,RENOVACIÓN,"A.2.1, B.2, D.1",31/jul/2025,31/jul/2025,31/jul/2026,VIGENTE
MASCULINO,VENADO TUERTO,RENOVACIÓN CON AMPLIACIÓN,"A.2.1, B.2, D.1",31/jul/2025,31/jul/2025,31/jul/2026,VIGENTE
FEMENINO,VENADO TUERTO,RENOVACIÓN,B.2,31/jul/2025,31/jul/2025,31/jul/2030,VIGENTE
MASCULINO,VENADO TUERTO,RENOVACIÓN,"A.2.1, B.1",31/jul/2025,31/jul/2025,31/jul/2028,VIGENTE
MASCULINO,VENADO TUERTO,ORIGINAL,"A.2.1, B.2",31/jul/2025,31/jul/2025,31/jul/2030,VIGENTE
MASCULINO,VENADO TUERTO,RENOVACIÓN,B.2,31/jul/2025,31/jul/2025,31/jul/2030,VIGENTE
MASCULINO,VENADO TUERTO,RENOVACIÓN,B.1,31/jul/2025,31/jul/2025,31/jul/2026,VIGENTE
FEMENINO,VENADO TUERTO,RENOVACIÓN,B.2,31/jul/2025,31/jul/2025,31/jul/2026,VIGENTE
FEMENINO,VENADO TUERTO,RENOVACIÓN,A.2.1,31/jul/2025,31/jul/2025,31/jul/2030,VIGENTE
FEMENINO,VENADO TUERTO,RENOVACIÓN,A.2.1,31/jul/2025,31/jul/2025,31/jul/2030,VIGENTE
MASCULINO,VENADO TUERTO,RENOVACIÓN,B.2,31/jul/2025,31/jul/2025,31/jul/2026,VIGENTE
FEMENINO,VENADO TUERTO,RENOVACIÓN,B.1,31/jul/2025,31/jul/2025,31/jul/2030,VIGENTE
MASCULINO,VENADO TUERTO,ORIGINAL,A.2.1,31/jul/2025,31/jul/2025,31/jul/2030,VIGENTE
MASCULINO,VENADO TUERTO,RENOVACIÓN CON AMPLIACIÓN,"A.2.1, B.1",31/jul/2025,31/jul/2025,31/jul/2028,VIGENTE
MASCULINO,VENADO TUERTO,RENOVACIÓN,"A.2.1, B.2",31/jul/2025,31/jul/2025,31/jul/2030,VIGENTE
FEMENINO,VENADO TUERTO,RENOVACIÓN,B.2,31/jul/2025,31/jul/2025,31/jul/2026,VIGENTE
FEMENINO,VENADO TUERTO,ORIGINAL,A.2.1,31/jul/2025,31/jul/2025,31/jul/2026,VIGENTE
MASCULINO,VENADO TUERTO,RENOVACIÓN,A.2.1,31/jul/2025,31/jul/2025,31/jul/2026,VIGENTE
FEMENINO,VENADO TUERTO,RENOVACIÓN,"A.2.2, B.2",31/jul/2025,31/jul/2025,31/jul/2030,VIGENTE
FEMENINO,VENADO TUERTO,RENOVACIÓN,B.2,31/jul/2025,31/jul/2025,31/jul/2030,VIGENTE
FEMENINO,VENADO TUERTO,RENOVACIÓN CON AMPLIACIÓN,"A.2.1, B.1",31/jul/2025,31/jul/2025,31/jul/2030,VIGENTE
MASCULINO,VENADO TUERTO,ORIGINAL,B.1,31/jul/2025,31/jul/2025,31/jul/2026,VIGENTE
MASCULINO,VENADO TUERTO,RENOVACIÓN,B.2,31/jul/2025,31/jul/2025,31/jul/2030,VIGENTE
MASCULINO,VENADO TUERTO,RENOVACIÓN,"A.2.1, B.2",31/jul/2025,31/jul/2025,31/jul/2026,VIGENTE
MASCULINO,VENADO TUERTO,ORIGINAL,A.2.1,31/jul/2025,31/jul/2025,31/jul/2030,VIGENTE
FEMENINO,VENADO TUERTO,RENOVACIÓN,A.2.1,31/jul/2025,31/jul/2025,31/jul/2030,VIGENTE
MASCULINO,SAN EDUARDO,RENOVACIÓN CON AMPLIACIÓN,"A.2.2, B.1",31/jul/2025,31/jul/2025,31/jul/2030,VIGENTE
MASCULINO,VENADO TUERTO,RENOVACIÓN CON AMPLIACIÓN,"A.3, D.1, D.3",31/jul/2025,31/jul/2025,31/jul/2027,VIGENTE
MASCULINO,VENADO TUERTO,RENOVACIÓN,"A.2.2, B.2, C, E.2, G.1",31/jul/2025,31/jul/2025,31/jul/2027,VIGENTE
MASCULINO,VENADO TUERTO,RENOVACIÓN,B.1,31/jul/2025,31/jul/2025,31/jul/2026,VIGENTE
FEMENINO,VENADO TUERTO,RENOVACIÓN,B.2,31/jul/2025,31/jul/2025,31/jul/2026,VIGENTE
FEMENINO,SAN EDUARDO,RENOVACIÓN CON AMPLIACIÓN,"A.2.2, B.1",31/jul/2025,31/jul/2025,31/jul/2030,VIGENTE
FEMENINO,VENADO TUERTO,RENOVACIÓN,"A.2.2, B.1",31/jul/2025,31/jul/2025,31/jul/2030,VIGENTE
FEMENINO,VENADO TUERTO,RENOVACIÓN,"A.2.1, B.1",31/jul/2025,31/jul/2025,31/jul/2030,VIGENTE
FEMENINO,VENADO TUERTO,RENOVACIÓN,"A.2.1, B.2",31/jul/2025,31/jul/2025,31/jul/2030,VIGENTE
FEMENINO,VENADO TUERTO,RENOVACIÓN,"A.2.1, B.2",31/jul/2025,31/jul/2025,31/jul/2030,VIGENTE
MASCULINO,VENADO TUERTO,RENOVACIÓN,D.1,1/ago/2025,2/jul/2025,1/ago/2026,VIGENTE
MASCULINO,VENADO TUERTO,ORIGINAL,A.2.1,1/ago/2025,22/jul/2025,1/ago/2026,VIGENTE
FEMENINO,VENADO TUERTO,RENOVACIÓN,B.2,1/ago/2025,23/jul/2025,1/ago/2026,VIGENTE
FEMENINO,VENADO TUERTO,RENOVACIÓN CON AMPLIACIÓN,"A.2.1, B.1",1/ago/2025,30/jul/2025,1/ago/2030,VIGENTE
MASCULINO,SAN EDUARDO,ORIGINAL,B.2,1/ago/2025,30/jul/2025,1/ago/2030,VIGENTE
FEMENINO,VENADO TUERTO,ORIGINAL,A.2.1,1/ago/2025,31/jul/2025,1/ago/2030,VIGENTE
MASCULINO,VENADO TUERTO,RENOVACIÓN,"A.3, B.2",1/ago/2025,31/jul/2025,1/ago/2030,VIGENTE
MASCULINO,VENADO TUERTO,RENOVACIÓN,"A.3, B.2",1/ago/2025,31/jul/2025,1/ago/2030,VIGENTE
MASCULINO,VENADO TUERTO,RENOVACIÓN,B.2,1/ago/2025,1/ago/2025,1/ago/2026,VIGENTE
MASCULINO,VENADO TUERTO,RENOVACIÓN CON AMPLIACIÓN,"A.3, B.2",1/ago/2025,1/ago/2025,1/ago/2030,VIGENTE
FEMENINO,VENADO TUERTO,RENOVACIÓN,B.2,1/ago/2025,1/ago/2025,1/ago/2026,VIGENTE
MASCULINO,VENADO TUERTO,RENOVACIÓN,E.1,1/ago/2025,1/ago/2025,1/ago/2026,VIGENTE
FEMENINO,VENADO TUERTO,RENOVACIÓN,B.2,1/ago/2025,1/ago/2025,1/ago/2026,VIGENTE
FEMENINO,VENADO TUERTO,RENOVACIÓN,B.1,1/ago/2025,1/ago/2025,1/ago/2030,VIGENTE
FEMENINO,VENADO TUERTO,ORIGINAL,A.2.1,1/ago/2025,1/ago/2025,1/ago/2030,VIGENTE
MASCULINO,VENADO TUERTO,RENOVACIÓN,"A.2.1, B.1",1/ago/2025,1/ago/2025,1/ago/2028,VIGENTE
MASCULINO,VENADO TUERTO,RENOVACIÓN,B.1,1/ago/2025,1/ago/2025,1/ago/2028,VIGENTE
MASCULINO,VENADO TUERTO,RENOVACIÓN,B.2,1/ago/2025,1/ago/2025,1/ago/2026,VIGENTE
FEMENINO,VENADO TUERTO,ORIGINAL,B.1,1/ago/2025,1/ago/2025,1/ago/2026,VIGENTE
FEMENINO,VENADO TUERTO,RENOVACIÓN,B.1,1/ago/2025,1/ago/2025,1/ago/2030,VIGENTE
FEMENINO,VENADO TUERTO,RENOVACIÓN,B.1,1/ago/2025,1/ago/2025,1/ago/2028,VIGENTE
MASCULINO,SAN EDUARDO,RENOVACIÓN,B.2,1/ago/2025,1/ago/2025,1/ago/2030,VIGENTE
MASCULINO,VENADO TUERTO,RENOVACIÓN,B.1,1/ago/2025,1/ago/2025,1/ago/2028,VIGENTE
MASCULINO,VENADO TUERTO,ORIGINAL,A.2.1,1/ago/2025,1/ago/2025,1/ago/2026,VIGENTE
MASCULINO,VENADO TUERTO,RENOVACIÓN,B.2,1/ago/2025,1/ago/2025,1/ago/2028,VIGENTE
MASCULINO,VENADO TUERTO,RENOVACIÓN,"A.2.2, B.2, E.2",1/ago/2025,1/ago/2025,1/ago/2026,VIGENTE
FEMENINO,VENADO TUERTO,RENOVACIÓN,"A.3, B.2, C",1/ago/2025,1/ago/2025,1/ago/2026,VIGENTE
FEMENINO,VENADO TUERTO,RENOVACIÓN,B.2,1/ago/2025,1/ago/2025,1/ago/2026,VIGENTE
MASCULINO,VENADO TUERTO,RENOVACIÓN,A.2.1,1/ago/2025,1/ago/2025,1/ago/2028,VIGENTE
FEMENINO,VENADO TUERTO,RENOVACIÓN,B.2,1/ago/2025,1/ago/2025,1/ago/2026,VIGENTE
FEMENINO,VENADO TUERTO,RENOVACIÓN,"A.2.1, B.2",1/ago/2025,1/ago/2025,1/ago/2030,VIGENTE
MASCULINO,VENADO TUERTO,RENOVACIÓN,B.2,1/ago/2025,1/ago/2025,1/ago/2030,VIGENTE
FEMENINO,VENADO TUERTO,RENOVACIÓN,"A.2.1, B.1",1/ago/2025,1/ago/2025,1/ago/2030,VIGENTE
MASCULINO,VENADO TUERTO,RENOVACIÓN,B.2,1/ago/2025,1/ago/2025,1/ago/2028,VIGENTE
MASCULINO,VENADO TUERTO,RENOVACIÓN CON AMPLIACIÓN,"B.2, C",1/ago/2025,1/ago/2025,1/ago/2026,VIGENTE
MASCULINO,VENADO TUERTO,RENOVACIÓN,"A.2.1, B.1",1/ago/2025,1/ago/2025,1/ago/2030,VIGENTE
MASCULINO,VENADO TUERTO,RENOVACIÓN,B.2,1/ago/2025,1/ago/2025,1/ago/2026,VIGENTE
MASCULINO,VENADO TUERTO,RENOVACIÓN,B.1,1/ago/2025,1/ago/2025,1/ago/2028,VIGENTE
MASCULINO,VENADO TUERTO,RENOVACIÓN,"A.2.2, E.1",1/ago/2025,1/ago/2025,1/ago/2026,VIGENTE
MASCULINO,VENADO TUERTO,RENOVACIÓN,B.1,1/ago/2025,1/ago/2025,1/ago/2030,VIGENTE
MASCULINO,VENADO TUERTO,RENOVACIÓN,"A.2.2, B.2",1/ago/2025,1/ago/2025,1/ago/2030,VIGENTE
FEMENINO,VENADO TUERTO,RENOVACIÓN,"A.2.2, B.1",1/ago/2025,1/ago/2025,1/ago/2030,VIGENTE
MASCULINO,VENADO TUERTO,RENOVACIÓN,B.1,1/ago/2025,1/ago/2025,1/ago/2030,VIGENTE
FEMENINO,VENADO TUERTO,RENOVACIÓN,"A.2.1, B.2",1/ago/2025,1/ago/2025,1/ago/2030,VIGENTE
MASCULINO,VENADO TUERTO,ORIGINAL,A.2.1,4/ago/2025,10/jul/2025,4/ago/2026,VIGENTE
FEMENINO,VENADO TUERTO,RENOVACIÓN CON AMPLIACIÓN,"A.2.1, B.1",4/ago/2025,17/jul/2025,4/ago/2030,VIGENTE
FEMENINO,VENADO TUERTO,ORIGINAL,A.2.1,4/ago/2025,23/jul/2025,4/ago/2026,VIGENTE
MASCULINO,VENADO TUERTO,RENOVACIÓN CON AMPLIACIÓN,"B.2, C",4/ago/2025,25/jul/2025,4/ago/2027,VIGENTE
FEMENINO,VENADO TUERTO,RENOVACIÓN CON AMPLIACIÓN,"A.2.1, B.1",4/ago/2025,28/jul/2025,4/ago/2030,VIGENTE
FEMENINO,VENADO TUERTO,RENOVACIÓN,A.2.1,4/ago/2025,31/jul/2025,4/ago/2030,VIGENTE
FEMENINO,VENADO TUERTO,ORIGINAL,A.2.1,4/ago/2025,1/ago/2025,4/ago/2030,VIGENTE
FEMENINO,VENADO TUERTO,ORIGINAL,A.2.1,4/ago/2025,1/ago/2025,4/ago/2030,VIGENTE
FEMENINO,VENADO TUERTO,RENOVACIÓN CON AMPLIACIÓN,"A.2.1, B.1",4/ago/2025,1/ago/2025,4/ago/2030,VIGENTE
FEMENINO,VENADO TUERTO,RENOVACIÓN CON AMPLIACIÓN,"A.2.1, B.1",4/ago/2025,1/ago/2025,4/ago/2030,VIGENTE
MASCULINO,VENADO TUERTO,ORIGINAL,A.2.1,4/ago/2025,1/ago/2025,4/ago/2030,VIGENTE
FEMENINO,VENADO TUERTO,ORIGINAL,B.1,4/ago/2025,1/ago/2025,4/ago/2026,VIGENTE
FEMENINO,VENADO TUERTO,RENOVACIÓN,B.1,4/ago/2025,1/ago/2025,4/ago/2030,VIGENTE
MASCULINO,VENADO TUERTO,RENOVACIÓN,B.2,4/ago/2025,4/ago/2025,4/ago/2026,VIGENTE
MASCULINO,VENADO TUERTO,RENOVACIÓN,B.2,4/ago/2025,4/ago/2025,4/ago/2030,VIGENTE
FEMENINO,VENADO TUERTO,RENOVACIÓN CON AMPLIACIÓN,"A.2.1, B.1",4/ago/2025,4/ago/2025,4/ago/2030,VIGENTE
MASCULINO,VENADO TUERTO,RENOVACIÓN,B.1,4/ago/2025,4/ago/2025,4/ago/2030,VIGENTE
MASCULINO,VENADO TUERTO,RENOVACIÓN,C,4/ago/2025,4/ago/2025,4/ago/2026,VIGENTE
MASCULINO,VENADO TUERTO,RENOVACIÓN,"A.3, B.2, D.1, D.3",4/ago/2025,4/ago/2025,4/ago/2027,VIGENTE
FEMENINO,VENADO TUERTO,RENOVACIÓN,A.2.1,4/ago/2025,4/ago/2025,4/ago/2030,VIGENTE
FEMENINO,VENADO TUERTO,ORIGINAL,"A.2.1, B.1",4/ago/2025,4/ago/2025,4/ago/2030,VIGENTE
MASCULINO,VENADO TUERTO,RENOVACIÓN,"A.3, E.1",4/ago/2025,4/ago/2025,4/ago/2026,VIGENTE
MASCULINO,VENADO TUERTO,ORIGINAL,A.2.1,4/ago/2025,4/ago/2025,4/ago/2026,VIGENTE
MASCULINO,VENADO TUERTO,RENOVACIÓN CON AMPLIACIÓN,"A.2.2, B.1",4/ago/2025,4/ago/2025,4/ago/2028,VIGENTE
FEMENINO,VENADO TUERTO,RENOVACIÓN,B.2,4/ago/2025,4/ago/2025,4/ago/2030,VIGENTE
FEMENINO,VENADO TUERTO,RENOVACIÓN,B.1,4/ago/2025,4/ago/2025,4/ago/2028,VIGENTE
MASCULINO,VENADO TUERTO,RENOVACIÓN,B.2,4/ago/2025,4/ago/2025,4/ago/2030,VIGENTE
MASCULINO,VENADO TUERTO,RENOVACIÓN,B.2,4/ago/2025,4/ago/2025,4/ago/2026,VIGENTE
MASCULINO,VENADO TUERTO,RENOVACIÓN,"A.3, B.2",4/ago/2025,4/ago/2025,4/ago/2030,VIGENTE
MASCULINO,VENADO TUERTO,ORIGINAL,A.2.1,4/ago/2025,4/ago/2025,4/nov/2026,VIGENTE
MASCULINO,VENADO TUERTO,DUPLICADO,"A.3, B.2",4/ago/2025,4/ago/2025,11/feb/2030,VIGENTE
MASCULINO,VENADO TUERTO,RENOVACIÓN,B.2,4/ago/2025,4/ago/2025,4/ago/2030,VIGENTE
MASCULINO,VENADO TUERTO,RENOVACIÓN,B.2,4/ago/2025,4/ago/2025,4/ago/2026,VIGENTE
FEMENINO,VENADO TUERTO,ORIGINAL,A.2.1,4/ago/2025,4/ago/2025,4/ago/2030,VIGENTE
MASCULINO,VENADO TUERTO,RENOVACIÓN,"A.2.1, B.1",4/ago/2025,4/ago/2025,4/ago/2030,VIGENTE
FEMENINO,VENADO TUERTO,RENOVACIÓN,B.2,4/ago/2025,4/ago/2025,4/ago/2026,VIGENTE
MASCULINO,VENADO TUERTO,RENOVACIÓN,E.1,4/ago/2025,4/ago/2025,4/may/2026,VIGENTE
FEMENINO,VENADO TUERTO,RENOVACIÓN,B.2,4/ago/2025,4/ago/2025,4/ago/2030,VIGENTE
MASCULINO,VENADO TUERTO,ORIGINAL,A.2.1,4/ago/2025,4/ago/2025,4/ago/2026,VIGENTE
MASCULINO,VENADO TUERTO,RENOVACIÓN,"A.2.2, B.2, D.1",4/ago/2025,4/ago/2025,4/ago/2027,VIGENTE
MASCULINO,VENADO TUERTO,RENOVACIÓN,"A.2.1, B.1",4/ago/2025,4/ago/2025,4/ago/2026,VIGENTE
FEMENINO,VENADO TUERTO,RENOVACIÓN,"A.2.1, B.1",4/ago/2025,4/ago/2025,4/ago/2030,VIGENTE
FEMENINO,VENADO TUERTO,RENOVACIÓN,B.2,4/ago/2025,4/ago/2025,4/ago/2026,VIGENTE
MASCULINO,VENADO TUERTO,RENOVACIÓN,B.1,4/ago/2025,4/ago/2025,4/ago/2026,VIGENTE
FEMENINO,VENADO TUERTO,RENOVACIÓN,B.2,4/ago/2025,4/ago/2025,4/ago/2026,VIGENTE
MASCULINO,VENADO TUERTO,RENOVACIÓN,"A.3, E.1",4/ago/2025,4/ago/2025,4/ago/2026,VIGENTE
MASCULINO,VENADO TUERTO,RENOVACIÓN,E.1,4/ago/2025,4/ago/2025,4/ago/2026,VIGENTE
MASCULINO,VENADO TUERTO,RENOVACIÓN CON AMPLIACIÓN,"A.3, B.2, G.1, G.2",4/ago/2025,4/ago/2025,4/ago/2030,VIGENTE
FEMENINO,VENADO TUERTO,RENOVACIÓN,B.2,4/ago/2025,4/ago/2025,4/ago/2026,VIGENTE
MASCULINO,VENADO TUERTO,RENOVACIÓN,"A.2.1, B.1",4/ago/2025,4/ago/2025,4/ago/2030,VIGENTE
FEMENINO,VENADO TUERTO,RENOVACIÓN,B.2,4/ago/2025,4/ago/2025,4/ago/2028,VIGENTE
MASCULINO,VENADO TUERTO,RENOVACIÓN,"A.3, B.2",4/ago/2025,4/ago/2025,4/ago/2026,VIGENTE
MASCULINO,VENADO TUERTO,DUPLICADO,"A.2.1, B.1",4/ago/2025,4/ago/2025,18/jun/2028,VIGENTE
MASCULINO,VENADO TUERTO,RENOVACIÓN,"A.2.1, B.2",4/ago/2025,4/ago/2025,4/ago/2026,VIGENTE
MASCULINO,VENADO TUERTO,RENOVACIÓN CON AMPLIACIÓN,"A.2.1, B.2",4/ago/2025,4/ago/2025,4/ago/2030,VIGENTE
FEMENINO,VENADO TUERTO,RENOVACIÓN,B.2,4/ago/2025,4/ago/2025,4/ago/2030,VIGENTE
MASCULINO,VENADO TUERTO,RENOVACIÓN,B.1,4/ago/2025,4/ago/2025,4/ago/2030,VIGENTE
MASCULINO,VENADO TUERTO,RENOVACIÓN,C,5/ago/2025,14/jul/2025,5/ago/2026,VIGENTE
MASCULINO,VENADO TUERTO,ORIGINAL,"A.2.1, B.2",5/ago/2025,17/jul/2025,5/ago/2030,VIGENTE
MASCULINO,VENADO TUERTO,RENOVACIÓN CON AMPLIACIÓN,"A.3, B.1",5/ago/2025,24/jul/2025,5/ago/2030,VIGENTE
MASCULINO,VENADO TUERTO,RENOVACIÓN CON AMPLIACIÓN,A.2.2,5/ago/2025,24/jul/2025,5/ago/2030,VIGENTE
MASCULINO,VENADO TUERTO,RENOVACIÓN,A.2.1,5/ago/2025,28/jul/2025,5/ago/2028,VIGENTE
MASCULINO,VENADO TUERTO,RENOVACIÓN,B.2,5/ago/2025,5/ago/2025,5/ago/2026,VIGENTE
MASCULINO,VENADO TUERTO,RENOVACIÓN,B.2,5/ago/2025,5/ago/2025,5/ago/2026,VIGENTE
FEMENINO,VENADO TUERTO,RENOVACIÓN,B.1,5/ago/2025,5/ago/2025,5/ago/2030,VIGENTE
MASCULINO,VENADO TUERTO,RENOVACIÓN,"B.2, C, E.2",5/ago/2025,5/ago/2025,5/ago/2026,VIGENTE
MASCULINO,VENADO TUERTO,ORIGINAL,"A.2.1, B.2",5/ago/2025,5/ago/2025,5/ago/2030,VIGENTE
FEMENINO,VENADO TUERTO,ORIGINAL,"A.2.1, B.1",5/ago/2025,5/ago/2025,5/ago/2030,VIGENTE
MASCULINO,VENADO TUERTO,RENOVACIÓN,E.1,5/ago/2025,5/ago/2025,5/abr/2026,VIGENTE
MASCULINO,VENADO TUERTO,RENOVACIÓN,B.2,5/ago/2025,5/ago/2025,5/ago/2026,VIGENTE
MASCULINO,VENADO TUERTO,RENOVACIÓN,"A.2.1, B.1",5/ago/2025,5/ago/2025,5/ago/2030,VIGENTE
FEMENINO,VENADO TUERTO,RENOVACIÓN,"A.2.1, B.1",5/ago/2025,5/ago/2025,5/ago/2030,VIGENTE
FEMENINO,VENADO TUERTO,RENOVACIÓN,"A.2.1, B.1",5/ago/2025,5/ago/2025,5/ago/2030,VIGENTE
MASCULINO,VENADO TUERTO,RENOVACIÓN,B.2,5/ago/2025,5/ago/2025,5/ago/2026,VIGENTE
FEMENINO,VENADO TUERTO,RENOVACIÓN,B.2,5/ago/2025,5/ago/2025,5/ago/2026,VIGENTE
MASCULINO,VENADO TUERTO,RENOVACIÓN,"A.2.1, C, G.1",5/ago/2025,5/ago/2025,5/ago/2026,VIGENTE
FEMENINO,VENADO TUERTO,RENOVACIÓN CON AMPLIACIÓN,"A.2.1, B.1",5/ago/2025,5/ago/2025,5/ago/2028,VIGENTE
FEMENINO,VENADO TUERTO,RENOVACIÓN,B.1,5/ago/2025,5/ago/2025,5/ago/2030,VIGENTE
FEMENINO,VENADO TUERTO,RENOVACIÓN,B.2,5/ago/2025,5/ago/2025,5/ago/2028,VIGENTE
MASCULINO,VENADO TUERTO,RENOVACIÓN,A.3,5/ago/2025,5/ago/2025,5/ago/2026,VIGENTE
MASCULINO,VENADO TUERTO,RENOVACIÓN,B.2,5/ago/2025,5/ago/2025,5/ago/2026,VIGENTE
MASCULINO,VENADO TUERTO,RENOVACIÓN,B.2,5/ago/2025,5/ago/2025,5/ago/2026,VIGENTE
FEMENINO,VENADO TUERTO,RENOVACIÓN,B.2,5/ago/2025,5/ago/2025,5/ago/2026,VIGENTE
FEMENINO,VENADO TUERTO,RENOVACIÓN,"A.2.1, B.2",5/ago/2025,5/ago/2025,5/ago/2030,VIGENTE
MASCULINO,VENADO TUERTO,RENOVACIÓN,B.2,5/ago/2025,5/ago/2025,5/ago/2026,VIGENTE
MASCULINO,VENADO TUERTO,RENOVACIÓN,"A.2.1, B.2",5/ago/2025,5/ago/2025,5/ago/2026,VIGENTE
MASCULINO,VENADO TUERTO,RENOVACIÓN,"A.2.2, E.1",5/ago/2025,5/ago/2025,5/nov/2025,VIGENTE
MASCULINO,VENADO TUERTO,RENOVACIÓN,"A.2.1, B.1",5/ago/2025,5/ago/2025,5/ago/2030,VIGENTE
MASCULINO,VENADO TUERTO,RENOVACIÓN,"A.2.1, B.2",5/ago/2025,5/ago/2025,5/ago/2028,VIGENTE
MASCULINO,VENADO TUERTO,ORIGINAL,A.2.1,5/ago/2025,5/ago/2025,5/ago/2026,VIGENTE
MASCULINO,VENADO TUERTO,ORIGINAL,A.2.1,5/ago/2025,5/ago/2025,5/ago/2030,VIGENTE
FEMENINO,VENADO TUERTO,RENOVACIÓN,B.2,5/ago/2025,5/ago/2025,5/ago/2026,VIGENTE
MASCULINO,VENADO TUERTO,RENOVACIÓN CON AMPLIACIÓN,A.2.2,5/ago/2025,5/ago/2025,5/ago/2030,VIGENTE
FEMENINO,VENADO TUERTO,RENOVACIÓN,B.1,5/ago/2025,5/ago/2025,5/ago/2030,VIGENTE
MASCULINO,VENADO TUERTO,RENOVACIÓN,B.2,5/ago/2025,5/ago/2025,5/ago/2026,VIGENTE
FEMENINO,VENADO TUERTO,RENOVACIÓN,"A.2.1, B.1",5/ago/2025,5/ago/2025,5/ago/2030,VIGENTE
MASCULINO,VENADO TUERTO,RENOVACIÓN,B.2,5/ago/2025,5/ago/2025,5/ago/2030,VIGENTE
FEMENINO,VENADO TUERTO,RENOVACIÓN,A.2.1,5/ago/2025,5/ago/2025,5/ago/2026,VIGENTE
FEMENINO,VENADO TUERTO,RENOVACIÓN,B.2,5/ago/2025,5/ago/2025,5/ago/2026,VIGENTE
MASCULINO,VENADO TUERTO,RENOVACIÓN,B.2,5/ago/2025,5/ago/2025,5/ago/2030,VIGENTE
FEMENINO,VENADO TUERTO,RENOVACIÓN,B.2,5/ago/2025,5/ago/2025,5/ago/2026,VIGENTE
FEMENINO,VENADO TUERTO,RENOVACIÓN,"A.2.1, B.1",5/ago/2025,5/ago/2025,5/ago/2030,VIGENTE
FEMENINO,VENADO TUERTO,RENOVACIÓN,A.2.1,5/ago/2025,5/ago/2025,5/ago/2030,VIGENTE
MASCULINO,VENADO TUERTO,RENOVACIÓN,"A.3, B.2",5/ago/2025,5/ago/2025,5/ago/2030,VIGENTE
MASCULINO,VENADO TUERTO,RENOVACIÓN,"A.2.1, B.2",5/ago/2025,5/ago/2025,5/ago/2030,VIGENTE
MASCULINO,VENADO TUERTO,RENOVACIÓN,"A.2.2, B.2",5/ago/2025,5/ago/2025,5/ago/2030,VIGENTE
MASCULINO,VENADO TUERTO,RENOVACIÓN,"B.2, C",5/ago/2025,5/ago/2025,5/ago/2026,VIGENTE
MASCULINO,VENADO TUERTO,RENOVACIÓN,B.1,5/ago/2025,5/ago/2025,5/ago/2026,VIGENTE
FEMENINO,VENADO TUERTO,ORIGINAL,B.1,5/ago/2025,5/ago/2025,5/ago/2030,VIGENTE
FEMENINO,VENADO TUERTO,RENOVACIÓN,B.1,5/ago/2025,5/ago/2025,5/ago/2030,VIGENTE
MASCULINO,SAN EDUARDO,RENOVACIÓN,B.2,5/ago/2025,5/ago/2025,5/ago/2026,VIGENTE
MASCULINO,VENADO TUERTO,RENOVACIÓN,E.1,5/ago/2025,5/ago/2025,5/ago/2026,VIGENTE
MASCULINO,VENADO TUERTO,RENOVACIÓN CON AMPLIACIÓN,"A.2.1, B.1",6/ago/2025,8/jul/2025,6/ago/2028,VIGENTE
MASCULINO,VENADO TUERTO,RENOVACIÓN,"E.1, E.2, G.1, G.2",6/ago/2025,15/jul/2025,6/ago/2026,VIGENTE
MASCULINO,VENADO TUERTO,ORIGINAL,A.2.1,6/ago/2025,28/jul/2025,6/ago/2030,VIGENTE
MASCULINO,VENADO TUERTO,ORIGINAL,A.2.1,6/ago/2025,31/jul/2025,6/ago/2030,VIGENTE
MASCULINO,VENADO TUERTO,ORIGINAL,A.2.1,6/ago/2025,1/ago/2025,6/ago/2030,VIGENTE
MASCULINO,VENADO TUERTO,ORIGINAL,A.2.1,6/ago/2025,4/ago/2025,6/ago/2030,VIGENTE
MASCULINO,VENADO TUERTO,RENOVACIÓN,"A.2.1, B.2",6/ago/2025,5/ago/2025,6/ago/2030,VIGENTE
MASCULINO,VENADO TUERTO,RENOVACIÓN CON AMPLIACIÓN,A.2.2,6/ago/2025,5/ago/2025,6/ago/2030,VIGENTE
FEMENINO,VENADO TUERTO,ORIGINAL,A.2.1,6/ago/2025,5/ago/2025,6/ago/2030,VIGENTE
FEMENINO,VENADO TUERTO,RENOVACIÓN,"A.2.1, B.2",6/ago/2025,6/ago/2025,6/ago/2028,VIGENTE
MASCULINO,VENADO TUERTO,ORIGINAL,B.1,6/ago/2025,6/ago/2025,6/ago/2026,VIGENTE
MASCULINO,VENADO TUERTO,ORIGINAL,B.1,6/ago/2025,6/ago/2025,6/ago/2026,VIGENTE
MASCULINO,VENADO TUERTO,RENOVACIÓN,"A.2.1, B.2",6/ago/2025,6/ago/2025,6/ago/2030,VIGENTE
MASCULINO,VENADO TUERTO,RENOVACIÓN,E.1,6/ago/2025,6/ago/2025,6/ago/2026,VIGENTE
MASCULINO,VENADO TUERTO,RENOVACIÓN,C,6/ago/2025,6/ago/2025,6/ago/2027,VIGENTE
MASCULINO,VENADO TUERTO,RENOVACIÓN,B.2,6/ago/2025,6/ago/2025,6/ago/2030,VIGENTE
MASCULINO,VENADO TUERTO,RENOVACIÓN CON AMPLIACIÓN,"A.2.1, D.1, D.3, E.1, E.2",6/ago/2025,6/ago/2025,6/ago/2027,VIGENTE
MASCULINO,VENADO TUERTO,RENOVACIÓN CON AMPLIACIÓN,"A.2.1, B.2",6/ago/2025,6/ago/2025,6/ago/2030,VIGENTE
MASCULINO,VENADO TUERTO,RENOVACIÓN,"A.2.1, B.1",6/ago/2025,6/ago/2025,6/ago/2030,VIGENTE
MASCULINO,VENADO TUERTO,RENOVACIÓN,"A.2.2, E.1",6/ago/2025,6/ago/2025,6/ago/2026,VIGENTE
FEMENINO,VENADO TUERTO,RENOVACIÓN,A.2.1,6/ago/2025,6/ago/2025,6/ago/2028,VIGENTE
MASCULINO,VENADO TUERTO,RENOVACIÓN,B.2,6/ago/2025,6/ago/2025,6/ago/2026,VIGENTE
MASCULINO,VENADO TUERTO,RENOVACIÓN,"A.2.1, B.2, C, E.2, G.1, G.2",6/ago/2025,6/ago/2025,6/ago/2027,VIGENTE
MASCULINO,VENADO TUERTO,RENOVACIÓN,A.2.1,6/ago/2025,6/ago/2025,6/ago/2028,VIGENTE
MASCULINO,VENADO TUERTO,RENOVACIÓN,B.2,6/ago/2025,6/ago/2025,6/ago/2026,VIGENTE
FEMENINO,VENADO TUERTO,RENOVACIÓN,"A.2.1, B.1",6/ago/2025,6/ago/2025,6/ago/2030,VIGENTE
MASCULINO,VENADO TUERTO,RENOVACIÓN,B.1,6/ago/2025,6/ago/2025,6/ago/2028,VIGENTE
FEMENINO,VENADO TUERTO,ORIGINAL,A.2.1,6/ago/2025,6/ago/2025,6/ago/2026,VIGENTE
MASCULINO,VENADO TUERTO,RENOVACIÓN,"A.2.1, B.1",6/ago/2025,6/ago/2025,6/ago/2030,VIGENTE
FEMENINO,VENADO TUERTO,RENOVACIÓN,A.2.2,6/ago/2025,6/ago/2025,6/ago/2030,VIGENTE
MASCULINO,VENADO TUERTO,RENOVACIÓN,E.1,6/ago/2025,6/ago/2025,6/nov/2025,VIGENTE
MASCULINO,VENADO TUERTO,RENOVACIÓN,"B.2, G.1, G.2",6/ago/2025,6/ago/2025,6/ago/2030,VIGENTE
MASCULINO,VENADO TUERTO,RENOVACIÓN,"A.2.1, B.2, G.1, G.2",6/ago/2025,6/ago/2025,6/ago/2030,VIGENTE
MASCULINO,VENADO TUERTO,RENOVACIÓN,"A.3, B.2, G.1, G.2",6/ago/2025,6/ago/2025,6/ago/2030,VIGENTE
FEMENINO,VENADO TUERTO,RENOVACIÓN,B.2,6/ago/2025,6/ago/2025,6/ago/2030,VIGENTE
FEMENINO,VENADO TUERTO,RENOVACIÓN,"A.2.1, B.2",6/ago/2025,6/ago/2025,6/ago/2030,VIGENTE
FEMENINO,VENADO TUERTO,RENOVACIÓN,"A.2.1, B.1",6/ago/2025,6/ago/2025,6/ago/2030,VIGENTE
MASCULINO,VENADO TUERTO,RENOVACIÓN,A.2.1,6/ago/2025,6/ago/2025,6/ago/2028,VIGENTE
FEMENINO,VENADO TUERTO,RENOVACIÓN,B.1,6/ago/2025,6/ago/2025,6/ago/2026,VIGENTE
FEMENINO,VENADO TUERTO,RENOVACIÓN,B.1,6/ago/2025,6/ago/2025,6/ago/2030,VIGENTE
MASCULINO,VENADO TUERTO,RENOVACIÓN,A.2.1,6/ago/2025,6/ago/2025,6/ago/2030,VIGENTE
MASCULINO,VENADO TUERTO,RENOVACIÓN CON AMPLIACIÓN,"A.2.2, B.1",6/ago/2025,6/ago/2025,6/ago/2030,VIGENTE
FEMENINO,VENADO TUERTO,RENOVACIÓN,B.2,6/ago/2025,6/ago/2025,6/ago/2026,VIGENTE
MASCULINO,VENADO TUERTO,RENOVACIÓN,B.1,6/ago/2025,6/ago/2025,6/ago/2030,VIGENTE
FEMENINO,VENADO TUERTO,RENOVACIÓN CON AMPLIACIÓN,"A.2.1, B.1",6/ago/2025,6/ago/2025,6/ago/2028,VIGENTE
MASCULINO,VENADO TUERTO,RENOVACIÓN,"A.3, D.1, D.3",6/ago/2025,6/ago/2025,6/ago/2026,VIGENTE
FEMENINO,VENADO TUERTO,RENOVACIÓN CON AMPLIACIÓN,"A.2.1, B.1",6/ago/2025,6/ago/2025,6/ago/2030,VIGENTE
MASCULINO,VENADO TUERTO,RENOVACIÓN,"A.2.1, E.1",6/ago/2025,6/ago/2025,6/ago/2026,VIGENTE
FEMENINO,VENADO TUERTO,RENOVACIÓN,B.1,6/ago/2025,6/ago/2025,6/ago/2026,VIGENTE
FEMENINO,VENADO TUERTO,ORIGINAL,A.2.1,7/ago/2025,23/may/2025,7/ago/2026,VIGENTE
FEMENINO,VENADO TUERTO,ORIGINAL,A.2.1,7/ago/2025,28/jul/2025,7/ago/2030,VIGENTE
FEMENINO,VENADO TUERTO,ORIGINAL,A.2.2,7/ago/2025,6/ago/2025,7/ago/2030,VIGENTE
FEMENINO,VENADO TUERTO,ORIGINAL,A.2.1,7/ago/2025,6/ago/2025,7/ago/2026,VIGENTE
MASCULINO,VENADO TUERTO,RENOVACIÓN CON AMPLIACIÓN,"A.2.2, B.2, C, D.1, E.2, G.1, G.2",7/ago/2025,6/ago/2025,7/ago/2026,VIGENTE
MASCULINO,SAN EDUARDO,RENOVACIÓN,E.1,7/ago/2025,6/ago/2025,7/ago/2027,VIGENTE
FEMENINO,VENADO TUERTO,RENOVACIÓN,B.2,7/ago/2025,7/ago/2025,7/ago/2028,VIGENTE
FEMENINO,VENADO TUERTO,RENOVACIÓN,"A.2.2, B.2",7/ago/2025,7/ago/2025,7/ago/2030,VIGENTE
MASCULINO,VENADO TUERTO,RENOVACIÓN,B.2,7/ago/2025,7/ago/2025,7/ago/2026,VIGENTE
MASCULINO,VENADO TUERTO,RENOVACIÓN,"A.2.1, B.1",7/ago/2025,7/ago/2025,7/ago/2030,VIGENTE
MASCULINO,VENADO TUERTO,RENOVACIÓN,B.2,7/ago/2025,7/ago/2025,7/ago/2026,VIGENTE
MASCULINO,VENADO TUERTO,RENOVACIÓN,"A.3, B.2",7/ago/2025,7/ago/2025,7/ago/2030,VIGENTE
MASCULINO,VENADO TUERTO,RENOVACIÓN,"A.3, E.1, E.2",7/ago/2025,7/ago/2025,7/ago/2026,VIGENTE
FEMENINO,VENADO TUERTO,ORIGINAL,"A.2.1, B.1",7/ago/2025,7/ago/2025,7/ago/2026,VIGENTE
FEMENINO,VENADO TUERTO,ORIGINAL,A.2.1,7/ago/2025,7/ago/2025,7/ago/2030,VIGENTE
MASCULINO,VENADO TUERTO,DUPLICADO,A.2.1,7/ago/2025,7/ago/2025,27/may/2026,VIGENTE
FEMENINO,VENADO TUERTO,RENOVACIÓN,B.2,7/ago/2025,7/ago/2025,7/ago/2026,VIGENTE
MASCULINO,VENADO TUERTO,RENOVACIÓN,B.2,7/ago/2025,7/ago/2025,7/ago/2026,VIGENTE
MASCULINO,VENADO TUERTO,RENOVACIÓN,D.1,7/ago/2025,7/ago/2025,7/ago/2026,VIGENTE
MASCULINO,VENADO TUERTO,RENOVACIÓN,B.2,7/ago/2025,7/ago/2025,7/ago/2026,VIGENTE
FEMENINO,VENADO TUERTO,ORIGINAL,A.2.1,7/ago/2025,7/ago/2025,7/ago/2030,VIGENTE
FEMENINO,VENADO TUERTO,DUPLICADO,B.1,7/ago/2025,7/ago/2025,29/oct/2029,VIGENTE
MASCULINO,VENADO TUERTO,RENOVACIÓN,"E.1, G.1",7/ago/2025,7/ago/2025,7/mar/2026,VIGENTE
MASCULINO,VENADO TUERTO,RENOVACIÓN,B.1,7/ago/2025,7/ago/2025,7/ago/2026,VIGENTE
FEMENINO,VENADO TUERTO,RENOVACIÓN,B.2,7/ago/2025,7/ago/2025,7/ago/2026,VIGENTE
FEMENINO,VENADO TUERTO,RENOVACIÓN,B.2,7/ago/2025,7/ago/2025,7/ago/2028,NO VIGENTE
MASCULINO,VENADO TUERTO,RENOVACIÓN,"A.2.1, B.2",7/ago/2025,7/ago/2025,7/ago/2028,VIGENTE
FEMENINO,VENADO TUERTO,RENOVACIÓN,B.2,7/ago/2025,7/ago/2025,7/ago/2028,VIGENTE
MASCULINO,VENADO TUERTO,RENOVACIÓN,B.2,7/ago/2025,7/ago/2025,7/ago/2030,VIGENTE
MASCULINO,VENADO TUERTO,RENOVACIÓN,"A.3, B.2",7/ago/2025,7/ago/2025,7/ago/2030,VIGENTE
MASCULINO,VENADO TUERTO,RENOVACIÓN,B.2,7/ago/2025,7/ago/2025,7/ago/2030,VIGENTE
MASCULINO,VENADO TUERTO,RENOVACIÓN,B.2,7/ago/2025,7/ago/2025,7/ago/2026,VIGENTE
FEMENINO,VENADO TUERTO,RENOVACIÓN,B.1,7/ago/2025,7/ago/2025,7/ago/2026,VIGENTE
MASCULINO,VENADO TUERTO,RENOVACIÓN,B.2,7/ago/2025,7/ago/2025,7/ago/2026,VIGENTE
MASCULINO,VENADO TUERTO,RENOVACIÓN,"A.2.2, B.2",7/ago/2025,7/ago/2025,7/ago/2030,VIGENTE
MASCULINO,VENADO TUERTO,RENOVACIÓN,A.2.1,7/ago/2025,7/ago/2025,7/ago/2028,VIGENTE
MASCULINO,VENADO TUERTO,RENOVACIÓN,"D.1, E.1, G.1, G.2",7/ago/2025,7/ago/2025,7/ago/2026,VIGENTE
MASCULINO,VENADO TUERTO,RENOVACIÓN,"A.2.2, C, G.1",7/ago/2025,7/ago/2025,7/ago/2026,VIGENTE
MASCULINO,VENADO TUERTO,RENOVACIÓN,B.2,7/ago/2025,7/ago/2025,7/ago/2026,VIGENTE
MASCULINO,VENADO TUERTO,RENOVACIÓN,B.2,7/ago/2025,7/ago/2025,7/ago/2028,VIGENTE
MASCULINO,VENADO TUERTO,RENOVACIÓN,"A.2.1, C, E.2, G.1",7/ago/2025,7/ago/2025,7/ago/2026,VIGENTE
MASCULINO,VENADO TUERTO,RENOVACIÓN,E.1,7/ago/2025,7/ago/2025,7/jul/2026,VIGENTE
MASCULINO,VENADO TUERTO,RENOVACIÓN,E.1,8/ago/2025,24/jul/2025,8/ago/2026,VIGENTE
MASCULINO,VENADO TUERTO,RENOVACIÓN,"A.2.1, E.1",8/ago/2025,30/jul/2025,8/ago/2026,VIGENTE
FEMENINO,VENADO TUERTO,ORIGINAL,A.2.1,8/ago/2025,4/ago/2025,8/ago/2030,VIGENTE
MASCULINO,VENADO TUERTO,RENOVACIÓN,"A.2.2, E.1",8/ago/2025,5/ago/2025,8/ago/2027,VIGENTE
MASCULINO,VENADO TUERTO,RENOVACIÓN,"A.2.1, B.2",8/ago/2025,5/ago/2025,8/ago/2030,VIGENTE
MASCULINO,VENADO TUERTO,RENOVACIÓN,"A.3, E.1",8/ago/2025,7/ago/2025,8/ago/2026,VIGENTE
MASCULINO,VENADO TUERTO,ORIGINAL,A.2.1,8/ago/2025,7/ago/2025,8/ago/2030,VIGENTE
MASCULINO,VENADO TUERTO,RENOVACIÓN CON AMPLIACIÓN,"A.2.2, B.2",8/ago/2025,7/ago/2025,8/ago/2030,VIGENTE
MASCULINO,VENADO TUERTO,RENOVACIÓN CON AMPLIACIÓN,"A.2.2, B.2",8/ago/2025,7/ago/2025,8/ago/2030,VIGENTE
MASCULINO,VENADO TUERTO,ORIGINAL,B.1,8/ago/2025,8/ago/2025,8/ago/2026,VIGENTE
FEMENINO,VENADO TUERTO,RENOVACIÓN,B.2,8/ago/2025,8/ago/2025,8/ago/2026,VIGENTE
MASCULINO,VENADO TUERTO,RENOVACIÓN,"B.2, G.1",8/ago/2025,8/ago/2025,8/ago/2030,VIGENTE
MASCULINO,VENADO TUERTO,RENOVACIÓN,B.2,8/ago/2025,8/ago/2025,8/ago/2030,VIGENTE
FEMENINO,VENADO TUERTO,RENOVACIÓN,"A.2.1, B.1",8/ago/2025,8/ago/2025,8/ago/2028,VIGENTE
MASCULINO,VENADO TUERTO,RENOVACIÓN,B.2,8/ago/2025,8/ago/2025,8/ago/2026,VIGENTE
FEMENINO,VENADO TUERTO,ORIGINAL,B.1,8/ago/2025,8/ago/2025,8/ago/2030,VIGENTE
FEMENINO,VENADO TUERTO,ORIGINAL,"A.2.1, B.1",8/ago/2025,8/ago/2025,8/ago/2030,VIGENTE
FEMENINO,VENADO TUERTO,RENOVACIÓN CON AMPLIACIÓN,"A.2.1, B.1",8/ago/2025,8/ago/2025,8/ago/2030,VIGENTE
MASCULINO,VENADO TUERTO,RENOVACIÓN,B.2,8/ago/2025,8/ago/2025,8/ago/2026,VIGENTE
MASCULINO,VENADO TUERTO,RENOVACIÓN,B.1,8/ago/2025,8/ago/2025,8/ago/2028,VIGENTE
FEMENINO,VENADO TUERTO,RENOVACIÓN,B.2,8/ago/2025,8/ago/2025,8/ago/2026,VIGENTE
MASCULINO,VENADO TUERTO,RENOVACIÓN CON AMPLIACIÓN,"A.3, B.2",8/ago/2025,8/ago/2025,8/ago/2030,VIGENTE
FEMENINO,VENADO TUERTO,RENOVACIÓN,B.2,8/ago/2025,8/ago/2025,8/ago/2026,VIGENTE
MASCULINO,VENADO TUERTO,RENOVACIÓN,B.2,8/ago/2025,8/ago/2025,8/ago/2026,VIGENTE
MASCULINO,VENADO TUERTO,RENOVACIÓN,"A.2.1, B.2",8/ago/2025,8/ago/2025,8/ago/2030,VIGENTE
MASCULINO,VENADO TUERTO,RENOVACIÓN,"A.2.1, B.1",8/ago/2025,8/ago/2025,8/ago/2030,VIGENTE
MASCULINO,VENADO TUERTO,RENOVACIÓN,"A.2.2, B.2",8/ago/2025,8/ago/2025,8/ago/2030,VIGENTE
MASCULINO,VENADO TUERTO,RENOVACIÓN,B.2,8/ago/2025,8/ago/2025,8/ago/2030,VIGENTE
FEMENINO,VENADO TUERTO,ORIGINAL,A.2.1,8/ago/2025,8/ago/2025,8/ago/2030,VIGENTE
FEMENINO,VENADO TUERTO,ORIGINAL,B.1,8/ago/2025,8/ago/2025,8/ago/2026,VIGENTE
MASCULINO,VENADO TUERTO,RENOVACIÓN,B.2,8/ago/2025,8/ago/2025,8/ago/2026,VIGENTE
FEMENINO,VENADO TUERTO,RENOVACIÓN,B.2,8/ago/2025,8/ago/2025,8/ago/2026,VIGENTE
FEMENINO,VENADO TUERTO,RENOVACIÓN,"A.2.2, B.1, D.3",8/ago/2025,8/ago/2025,8/ago/2027,VIGENTE
MASCULINO,VENADO TUERTO,RENOVACIÓN,"A.2.1, B.2",8/ago/2025,8/ago/2025,8/ago/2030,VIGENTE
MASCULINO,VENADO TUERTO,RENOVACIÓN,"A.2.1, B.2",8/ago/2025,8/ago/2025,8/ago/2026,VIGENTE
MASCULINO,VENADO TUERTO,RENOVACIÓN,B.2,8/ago/2025,8/ago/2025,8/ago/2026,VIGENTE
MASCULINO,VENADO TUERTO,RENOVACIÓN,B.1,8/ago/2025,8/ago/2025,8/ago/2030,VIGENTE
FEMENINO,VENADO TUERTO,RENOVACIÓN CON AMPLIACIÓN,"A.2.1, B.1",8/ago/2025,8/ago/2025,8/ago/2030,VIGENTE
FEMENINO,VENADO TUERTO,RENOVACIÓN,B.2,8/ago/2025,8/ago/2025,8/ago/2030,VIGENTE
MASCULINO,VENADO TUERTO,RENOVACIÓN,"A.2.1, B.2",8/ago/2025,8/ago/2025,8/ago/2030,VIGENTE
MASCULINO,SAN EDUARDO,RENOVACIÓN,"A.2.2, B.2, G.1, G.2",8/ago/2025,8/ago/2025,8/ago/2030,VIGENTE
FEMENINO,VENADO TUERTO,RENOVACIÓN CON AMPLIACIÓN,"A.2.1, B.1",8/ago/2025,8/ago/2025,8/ago/2030,VIGENTE
MASCULINO,VENADO TUERTO,RENOVACIÓN,"A.2.1, E.1",8/ago/2025,8/ago/2025,8/nov/2025,VIGENTE
FEMENINO,VENADO TUERTO,ORIGINAL,A.2.1,8/ago/2025,8/ago/2025,8/ago/2026,VIGENTE
FEMENINO,VENADO TUERTO,RENOVACIÓN,B.1,8/ago/2025,8/ago/2025,8/ago/2030,VIGENTE
FEMENINO,VENADO TUERTO,RENOVACIÓN,A.2.1,8/ago/2025,8/ago/2025,8/ago/2030,VIGENTE
FEMENINO,VENADO TUERTO,RENOVACIÓN,B.2,8/ago/2025,8/ago/2025,8/ago/2030,VIGENTE
FEMENINO,VENADO TUERTO,RENOVACIÓN,B.2,8/ago/2025,8/ago/2025,8/ago/2030,VIGENTE
FEMENINO,VENADO TUERTO,RENOVACIÓN,A.2.1,8/ago/2025,8/ago/2025,8/ago/2030,VIGENTE
MASCULINO,VENADO TUERTO,RENOVACIÓN,B.2,8/ago/2025,8/ago/2025,8/ago/2028,VIGENTE
FEMENINO,VENADO TUERTO,RENOVACIÓN,B.2,8/ago/2025,8/ago/2025,8/ago/2026,VIGENTE
FEMENINO,VENADO TUERTO,RENOVACIÓN,"A.2.1, B.2",8/ago/2025,8/ago/2025,8/ago/2030,VIGENTE
FEMENINO,VENADO TUERTO,RENOVACIÓN,"A.2.1, B.1",8/ago/2025,8/ago/2025,8/ago/2030,VIGENTE
MASCULINO,VENADO TUERTO,RENOVACIÓN,"A.2.1, B.2",8/ago/2025,8/ago/2025,8/ago/2026,VIGENTE
MASCULINO,VENADO TUERTO,RENOVACIÓN,B.2,8/ago/2025,8/ago/2025,8/ago/2026,VIGENTE
MASCULINO,VENADO TUERTO,RENOVACIÓN,B.2,8/ago/2025,8/ago/2025,8/ago/2026,VIGENTE
MASCULINO,VENADO TUERTO,ORIGINAL,B.1,8/ago/2025,8/ago/2025,8/ago/2026,VIGENTE
FEMENINO,VENADO TUERTO,RENOVACIÓN,B.1,8/ago/2025,8/ago/2025,8/ago/2030,VIGENTE
FEMENINO,VENADO TUERTO,RENOVACIÓN,A.2.1,8/ago/2025,8/ago/2025,8/ago/2030,VIGENTE
FEMENINO,VENADO TUERTO,RENOVACIÓN,A.2.1,8/ago/2025,8/ago/2025,8/ago/2030,VIGENTE
FEMENINO,VENADO TUERTO,ORIGINAL,"A.2.1, B.1",8/ago/2025,8/ago/2025,8/ago/2030,VIGENTE
FEMENINO,VENADO TUERTO,RENOVACIÓN,"A.2.1, B.1",8/ago/2025,8/ago/2025,8/ago/2030,VIGENTE
MASCULINO,VENADO TUERTO,RENOVACIÓN,B.2,8/ago/2025,8/ago/2025,8/ago/2026,VIGENTE
MASCULINO,VENADO TUERTO,RENOVACIÓN,B.1,8/ago/2025,8/ago/2025,8/ago/2026,VIGENTE
FEMENINO,VENADO TUERTO,RENOVACIÓN,B.1,8/ago/2025,8/ago/2025,8/ago/2030,VIGENTE
MASCULINO,VENADO TUERTO,RENOVACIÓN,C,8/ago/2025,8/ago/2025,8/ago/2026,VIGENTE
FEMENINO,VENADO TUERTO,RENOVACIÓN,B.1,8/ago/2025,8/ago/2025,8/ago/2030,VIGENTE
MASCULINO,VENADO TUERTO,RENOVACIÓN,B.2,8/ago/2025,8/ago/2025,8/ago/2026,VIGENTE
MASCULINO,VENADO TUERTO,RENOVACIÓN,B.2,8/ago/2025,8/ago/2025,8/ago/2026,VIGENTE
FEMENINO,VENADO TUERTO,RENOVACIÓN CON AMPLIACIÓN,A.2.2,8/ago/2025,8/ago/2025,8/ago/2030,VIGENTE
MASCULINO,VENADO TUERTO,ORIGINAL,"A.3, B.2, E.2",11/ago/2025,19/jun/2025,11/ago/2027,VIGENTE
MASCULINO,VENADO TUERTO,ORIGINAL,A.2.1,11/ago/2025,16/jul/2025,11/ago/2026,VIGENTE
MASCULINO,VENADO TUERTO,ORIGINAL,B.1,11/ago/2025,28/jul/2025,11/ago/2026,VIGENTE
MASCULINO,VENADO TUERTO,RENOVACIÓN CON AMPLIACIÓN,"A.3, B.2",11/ago/2025,29/jul/2025,11/ago/2030,VIGENTE
MASCULINO,VENADO TUERTO,RENOVACIÓN,"A.3, E.1, G.1, G.2",11/ago/2025,6/ago/2025,11/ago/2027,VIGENTE
FEMENINO,VENADO TUERTO,RENOVACIÓN,B.2,11/ago/2025,8/ago/2025,11/ago/2030,VIGENTE
FEMENINO,VENADO TUERTO,RENOVACIÓN,B.1,11/ago/2025,11/ago/2025,11/ago/2026,VIGENTE
MASCULINO,VENADO TUERTO,RENOVACIÓN,"A.2.1, B.2",11/ago/2025,11/ago/2025,11/ago/2030,VIGENTE
MASCULINO,VENADO TUERTO,RENOVACIÓN,"A.2.1, B.1",11/ago/2025,11/ago/2025,11/ago/2030,VIGENTE
FEMENINO,VENADO TUERTO,RENOVACIÓN,B.2,11/ago/2025,11/ago/2025,11/ago/2026,VIGENTE
FEMENINO,VENADO TUERTO,RENOVACIÓN,B.1,11/ago/2025,11/ago/2025,11/ago/2030,VIGENTE
FEMENINO,VENADO TUERTO,RENOVACIÓN,B.1,11/ago/2025,11/ago/2025,11/ago/2028,VIGENTE
MASCULINO,VENADO TUERTO,RENOVACIÓN,B.2,11/ago/2025,11/ago/2025,11/ago/2030,VIGENTE
MASCULINO,VENADO TUERTO,ORIGINAL,A.2.1,11/ago/2025,11/ago/2025,11/ago/2026,VIGENTE
FEMENINO,VENADO TUERTO,RENOVACIÓN,B.1,11/ago/2025,11/ago/2025,11/ago/2030,VIGENTE
MASCULINO,VENADO TUERTO,RENOVACIÓN,"A.2.2, B.2",11/ago/2025,11/ago/2025,11/ago/2030,VIGENTE
FEMENINO,VENADO TUERTO,ORIGINAL,A.2.1,11/ago/2025,11/ago/2025,11/ago/2030,VIGENTE
FEMENINO,VENADO TUERTO,RENOVACIÓN,"A.2.1, B.2",11/ago/2025,11/ago/2025,11/ago/2030,VIGENTE
MASCULINO,VENADO TUERTO,RENOVACIÓN,"A.3, B.2, D.3",11/ago/2025,11/ago/2025,11/ago/2026,VIGENTE
MASCULINO,VENADO TUERTO,RENOVACIÓN,"A.2.1, B.2, E.2",11/ago/2025,11/ago/2025,11/ago/2027,VIGENTE
MASCULINO,VENADO TUERTO,RENOVACIÓN,"A.2.1, E.1",11/ago/2025,11/ago/2025,11/mar/2026,VIGENTE
MASCULINO,VENADO TUERTO,RENOVACIÓN CON AMPLIACIÓN,"A.2.1, B.1, E.2",11/ago/2025,11/ago/2025,11/ago/2027,VIGENTE
MASCULINO,VENADO TUERTO,RENOVACIÓN,E.1,11/ago/2025,11/ago/2025,11/ago/2026,VIGENTE
FEMENINO,VENADO TUERTO,ORIGINAL,A.2.1,11/ago/2025,11/ago/2025,11/ago/2030,VIGENTE
MASCULINO,VENADO TUERTO,RENOVACIÓN CON AMPLIACIÓN,"A.3, B.1",11/ago/2025,11/ago/2025,11/ago/2030,VIGENTE
MASCULINO,VENADO TUERTO,DUPLICADO,E.1,11/ago/2025,11/ago/2025,28/jul/2026,VIGENTE
FEMENINO,VENADO TUERTO,RENOVACIÓN,"A.2.1, B.1",11/ago/2025,11/ago/2025,11/ago/2030,VIGENTE
MASCULINO,VENADO TUERTO,RENOVACIÓN,"B.2, G.1, G.2",11/ago/2025,11/ago/2025,11/ago/2030,VIGENTE
FEMENINO,VENADO TUERTO,RENOVACIÓN,"A.2.1, B.2",11/ago/2025,11/ago/2025,11/ago/2030,VIGENTE
FEMENINO,VENADO TUERTO,RENOVACIÓN,A.2.1,11/ago/2025,11/ago/2025,11/ago/2030,VIGENTE
FEMENINO,VENADO TUERTO,RENOVACIÓN,"A.2.1, B.1",11/ago/2025,11/ago/2025,11/ago/2030,VIGENTE
FEMENINO,VENADO TUERTO,RENOVACIÓN,B.2,11/ago/2025,11/ago/2025,11/ago/2026,VIGENTE
MASCULINO,VENADO TUERTO,RENOVACIÓN,"A.3, B.2",11/ago/2025,11/ago/2025,11/ago/2030,VIGENTE
MASCULINO,VENADO TUERTO,RENOVACIÓN,B.1,11/ago/2025,11/ago/2025,11/ago/2026,VIGENTE
MASCULINO,VENADO TUERTO,RENOVACIÓN,E.1,11/ago/2025,11/ago/2025,11/ago/2027,VIGENTE
FEMENINO,VENADO TUERTO,RENOVACIÓN,B.2,11/ago/2025,11/ago/2025,11/ago/2030,VIGENTE
MASCULINO,VENADO TUERTO,RENOVACIÓN CON AMPLIACIÓN,"A.2.1, B.1",11/ago/2025,11/ago/2025,11/ago/2030,VIGENTE
MASCULINO,VENADO TUERTO,RENOVACIÓN,"A.2.1, B.2",11/ago/2025,11/ago/2025,11/ago/2030,VIGENTE
MASCULINO,VENADO TUERTO,RENOVACIÓN,B.2,11/ago/2025,11/ago/2025,11/ago/2030,VIGENTE
FEMENINO,VENADO TUERTO,ORIGINAL,A.2.1,11/ago/2025,11/ago/2025,11/ago/2030,VIGENTE
MASCULINO,VENADO TUERTO,RENOVACIÓN,B.1,11/ago/2025,11/ago/2025,11/ago/2026,VIGENTE
MASCULINO,VENADO TUERTO,RENOVACIÓN CON AMPLIACIÓN,"A.2.2, B.2, G.1, G.2",11/ago/2025,11/ago/2025,11/ago/2030,VIGENTE
FEMENINO,VENADO TUERTO,RENOVACIÓN,"A.2.1, B.2",11/ago/2025,11/ago/2025,11/ago/2026,VIGENTE
FEMENINO,VENADO TUERTO,RENOVACIÓN,B.2,11/ago/2025,11/ago/2025,11/ago/2030,VIGENTE
MASCULINO,VENADO TUERTO,RENOVACIÓN,E.1,11/ago/2025,11/ago/2025,11/ago/2027,VIGENTE
MASCULINO,VENADO TUERTO,RENOVACIÓN CON AMPLIACIÓN,"A.2.1, B.2",11/ago/2025,11/ago/2025,11/ago/2030,VIGENTE
MASCULINO,VENADO TUERTO,RENOVACIÓN,"A.2.1, B.1",11/ago/2025,11/ago/2025,11/ago/2026,VIGENTE
MASCULINO,VENADO TUERTO,RENOVACIÓN,"A.2.1, B.2, C",11/ago/2025,11/ago/2025,11/ago/2027,VIGENTE
FEMENINO,VENADO TUERTO,RENOVACIÓN,"A.2.1, B.1",11/ago/2025,11/ago/2025,11/ago/2030,VIGENTE
MASCULINO,VENADO TUERTO,RENOVACIÓN CON AMPLIACIÓN,"A.2.1, B.2, C",11/ago/2025,11/ago/2025,11/ago/2027,VIGENTE
MASCULINO,SAN EDUARDO,RENOVACIÓN,"A.2.1, B.1",11/ago/2025,11/ago/2025,11/ago/2030,VIGENTE
MASCULINO,VENADO TUERTO,ORIGINAL,"A.2.1, B.1",12/ago/2025,15/jul/2025,12/ago/2030,VIGENTE
MASCULINO,VENADO TUERTO,RENOVACIÓN,E.1,12/ago/2025,18/jul/2025,12/ago/2026,VIGENTE
MASCULINO,VENADO TUERTO,RENOVACIÓN,"A.3, B.2",12/ago/2025,22/jul/2025,12/ago/2030,VIGENTE
MASCULINO,VENADO TUERTO,RENOVACIÓN CON AMPLIACIÓN,"A.3, B.1",12/ago/2025,31/jul/2025,12/ago/2030,VIGENTE
MASCULINO,VENADO TUERTO,RENOVACIÓN,"A.2.1, B.2",12/ago/2025,7/ago/2025,12/ago/2030,VIGENTE
MASCULINO,VENADO TUERTO,ORIGINAL,B.1,12/ago/2025,8/ago/2025,12/ago/2026,VIGENTE
MASCULINO,VENADO TUERTO,RENOVACIÓN,"E.1, G.1, G.2",12/ago/2025,8/ago/2025,12/ago/2026,VIGENTE
MASCULINO,VENADO TUERTO,RENOVACIÓN,"A.3, E.1",12/ago/2025,11/ago/2025,12/ago/2027,VIGENTE
MASCULINO,VENADO TUERTO,RENOVACIÓN,"A.2.1, B.1",12/ago/2025,12/ago/2025,12/ago/2030,VIGENTE
MASCULINO,VENADO TUERTO,RENOVACIÓN CON AMPLIACIÓN,"B.2, G.2",12/ago/2025,12/ago/2025,12/ago/2028,VIGENTE
FEMENINO,VENADO TUERTO,ORIGINAL,"A.2.1, B.1",12/ago/2025,12/ago/2025,12/ago/2030,VIGENTE
MASCULINO,VENADO TUERTO,RENOVACIÓN,"D.1, E.1, E.2",12/ago/2025,12/ago/2025,12/ago/2026,VIGENTE
MASCULINO,VENADO TUERTO,RENOVACIÓN CON AMPLIACIÓN,"A.2.1, B.2, E.2",12/ago/2025,12/ago/2025,12/ago/2026,VIGENTE
MASCULINO,VENADO TUERTO,ORIGINAL,A.2.1,12/ago/2025,12/ago/2025,12/ago/2030,VIGENTE
MASCULINO,VENADO TUERTO,RENOVACIÓN,B.2,12/ago/2025,12/ago/2025,12/ago/2030,VIGENTE
MASCULINO,VENADO TUERTO,ORIGINAL,"A.2.1, B.1",12/ago/2025,12/ago/2025,12/ago/2026,VIGENTE
FEMENINO,VENADO TUERTO,RENOVACIÓN,"A.2.2, B.2",12/ago/2025,12/ago/2025,12/ago/2030,VIGENTE
FEMENINO,SAN EDUARDO,RENOVACIÓN,B.2,12/ago/2025,12/ago/2025,12/ago/2030,VIGENTE
FEMENINO,VENADO TUERTO,RENOVACIÓN,B.2,12/ago/2025,12/ago/2025,12/ago/2026,VIGENTE
MASCULINO,VENADO TUERTO,RENOVACIÓN,B.1,12/ago/2025,12/ago/2025,12/ago/2030,VIGENTE
FEMENINO,VENADO TUERTO,RENOVACIÓN,B.2,12/ago/2025,12/ago/2025,12/ago/2030,VIGENTE
MASCULINO,VENADO TUERTO,RENOVACIÓN,"A.2.1, B.1",12/ago/2025,12/ago/2025,12/ago/2030,VIGENTE
FEMENINO,VENADO TUERTO,RENOVACIÓN,A.2.1,12/ago/2025,12/ago/2025,12/ago/2026,VIGENTE
MASCULINO,VENADO TUERTO,RENOVACIÓN CON AMPLIACIÓN,"A.2.1, B.1",12/ago/2025,12/ago/2025,12/ago/2030,VIGENTE
FEMENINO,VENADO TUERTO,RENOVACIÓN,"A.2.1, B.1",12/ago/2025,12/ago/2025,12/ago/2030,VIGENTE
MASCULINO,VENADO TUERTO,RENOVACIÓN,"A.2.2, E.1",12/ago/2025,12/ago/2025,12/mar/2026,VIGENTE
MASCULINO,VENADO TUERTO,RENOVACIÓN,B.1,12/ago/2025,12/ago/2025,12/ago/2028,VIGENTE
FEMENINO,VENADO TUERTO,RENOVACIÓN CON AMPLIACIÓN,"A.2.1, B.1",12/ago/2025,12/ago/2025,12/ago/2030,VIGENTE
FEMENINO,VENADO TUERTO,RENOVACIÓN,A.2.1,12/ago/2025,12/ago/2025,12/ago/2030,VIGENTE
MASCULINO,VENADO TUERTO,RENOVACIÓN,"A.3, B.2, C, E.2, G.1, G.2",12/ago/2025,12/ago/2025,12/ago/2026,VIGENTE
MASCULINO,VENADO TUERTO,RENOVACIÓN,B.2,12/ago/2025,12/ago/2025,12/ago/2026,VIGENTE
MASCULINO,VENADO TUERTO,ORIGINAL,"A.3, E.1",12/ago/2025,12/ago/2025,12/ago/2026,VIGENTE
MASCULINO,VENADO TUERTO,RENOVACIÓN,"A.3, B.2",12/ago/2025,12/ago/2025,12/ago/2030,VIGENTE
MASCULINO,VENADO TUERTO,RENOVACIÓN,"A.3, E.1",12/ago/2025,12/ago/2025,12/ago/2026,VIGENTE
MASCULINO,VENADO TUERTO,RENOVACIÓN,"A.2.1, B.2",12/ago/2025,12/ago/2025,12/ago/2030,VIGENTE
FEMENINO,VENADO TUERTO,RENOVACIÓN,"A.2.1, B.2",12/ago/2025,12/ago/2025,12/ago/2030,VIGENTE
MASCULINO,VENADO TUERTO,RENOVACIÓN,"A.3, B.2",12/ago/2025,12/ago/2025,12/ago/2030,VIGENTE
MASCULINO,VENADO TUERTO,RENOVACIÓN,"A.2.2, B.1",12/ago/2025,12/ago/2025,12/ago/2030,VIGENTE
MASCULINO,VENADO TUERTO,RENOVACIÓN,"A.3, B.2",12/ago/2025,12/ago/2025,12/ago/2030,VIGENTE
MASCULINO,VENADO TUERTO,RENOVACIÓN,A.2.1,12/ago/2025,12/ago/2025,12/ago/2030,VIGENTE
MASCULINO,VENADO TUERTO,RENOVACIÓN,"A.2.1, B.1",12/ago/2025,12/ago/2025,12/ago/2030,VIGENTE
MASCULINO,VENADO TUERTO,ORIGINAL,A.2.1,12/ago/2025,12/ago/2025,12/ago/2030,VIGENTE
FEMENINO,VENADO TUERTO,RENOVACIÓN,"A.2.2, B.2",12/ago/2025,12/ago/2025,12/ago/2030,VIGENTE
FEMENINO,VENADO TUERTO,ORIGINAL,A.2.1,12/ago/2025,12/ago/2025,12/ago/2030,VIGENTE
MASCULINO,VENADO TUERTO,RENOVACIÓN,"B.2, D.1",12/ago/2025,12/ago/2025,12/ago/2026,VIGENTE
FEMENINO,VENADO TUERTO,RENOVACIÓN,"A.2.1, B.2",12/ago/2025,12/ago/2025,12/ago/2030,VIGENTE
MASCULINO,VENADO TUERTO,RENOVACIÓN CON AMPLIACIÓN,"A.2.1, B.1",12/ago/2025,12/ago/2025,12/ago/2030,VIGENTE
MASCULINO,VENADO TUERTO,RENOVACIÓN,B.2,12/ago/2025,12/ago/2025,12/ago/2030,VIGENTE
MASCULINO,VENADO TUERTO,RENOVACIÓN,B.2,12/ago/2025,12/ago/2025,12/ago/2026,VIGENTE
FEMENINO,VENADO TUERTO,RENOVACIÓN,A.2.1,12/ago/2025,12/ago/2025,12/ago/2030,VIGENTE
MASCULINO,VENADO TUERTO,RENOVACIÓN,B.2,12/ago/2025,12/ago/2025,12/ago/2026,VIGENTE
MASCULINO,VENADO TUERTO,ORIGINAL,B.1,12/ago/2025,12/ago/2025,12/ago/2026,VIGENTE
FEMENINO,VENADO TUERTO,ORIGINAL,B.1,13/ago/2025,25/jul/2025,13/ago/2030,VIGENTE
FEMENINO,VENADO TUERTO,ORIGINAL,A.2.1,13/ago/2025,30/jul/2025,13/ago/2026,VIGENTE
FEMENINO,VENADO TUERTO,ORIGINAL,A.2.1,13/ago/2025,30/jul/2025,13/ago/2030,VIGENTE
FEMENINO,VENADO TUERTO,ORIGINAL,A.2.1,13/ago/2025,31/jul/2025,13/ago/2030,VIGENTE
MASCULINO,VENADO TUERTO,ORIGINAL,"A.2.1, B.1",13/ago/2025,31/jul/2025,13/ago/2030,VIGENTE
FEMENINO,VENADO TUERTO,RENOVACIÓN,A.2.1,13/ago/2025,31/jul/2025,13/ago/2030,VIGENTE
MASCULINO,VENADO TUERTO,RENOVACIÓN,"A.2.1, B.2",13/ago/2025,6/ago/2025,13/ago/2030,VIGENTE
MASCULINO,VENADO TUERTO,ORIGINAL,A.2.1,13/ago/2025,8/ago/2025,13/ago/2026,VIGENTE
FEMENINO,VENADO TUERTO,RENOVACIÓN,B.2,13/ago/2025,8/ago/2025,13/ago/2028,VIGENTE
MASCULINO,VENADO TUERTO,RENOVACIÓN,"A.2.1, B.2",13/ago/2025,13/ago/2025,13/ago/2030,VIGENTE
MASCULINO,VENADO TUERTO,RENOVACIÓN,B.2,13/ago/2025,13/ago/2025,13/ago/2026,VIGENTE
FEMENINO,VENADO TUERTO,ORIGINAL,A.2.1,13/ago/2025,13/ago/2025,13/ago/2030,VIGENTE
FEMENINO,VENADO TUERTO,RENOVACIÓN,B.2,13/ago/2025,13/ago/2025,13/ago/2026,VIGENTE
FEMENINO,VENADO TUERTO,RENOVACIÓN,B.2,13/ago/2025,13/ago/2025,13/ago/2030,VIGENTE
MASCULINO,VENADO TUERTO,RENOVACIÓN,A.2.1,13/ago/2025,13/ago/2025,13/ago/2030,VIGENTE
MASCULINO,VENADO TUERTO,RENOVACIÓN CON AMPLIACIÓN,"A.3, B.2",13/ago/2025,13/ago/2025,13/ago/2030,VIGENTE
FEMENINO,VENADO TUERTO,RENOVACIÓN,B.2,13/ago/2025,13/ago/2025,13/ago/2030,VIGENTE
MASCULINO,VENADO TUERTO,RENOVACIÓN CON AMPLIACIÓN,"A.2.2, B.2",13/ago/2025,13/ago/2025,13/ago/2030,VIGENTE
FEMENINO,VENADO TUERTO,RENOVACIÓN,B.1,13/ago/2025,13/ago/2025,13/ago/2030,VIGENTE
MASCULINO,VENADO TUERTO,RENOVACIÓN,"A.2.1, B.2",13/ago/2025,13/ago/2025,13/ago/2030,VIGENTE
FEMENINO,VENADO TUERTO,RENOVACIÓN,"A.2.1, B.1",13/ago/2025,13/ago/2025,13/ago/2030,VIGENTE
FEMENINO,VENADO TUERTO,RENOVACIÓN,B.2,13/ago/2025,13/ago/2025,13/ago/2026,VIGENTE
MASCULINO,VENADO TUERTO,ORIGINAL,"A.2.2, B.2",13/ago/2025,13/ago/2025,13/ago/2030,VIGENTE
FEMENINO,VENADO TUERTO,RENOVACIÓN,A.2.1,13/ago/2025,13/ago/2025,13/ago/2030,VIGENTE
MASCULINO,VENADO TUERTO,RENOVACIÓN,B.2,13/ago/2025,13/ago/2025,13/ago/2030,VIGENTE
MASCULINO,VENADO TUERTO,RENOVACIÓN,"A.3, B.2, G.1",13/ago/2025,13/ago/2025,13/ago/2030,VIGENTE
FEMENINO,VENADO TUERTO,ORIGINAL,"A.2.1, B.1",13/ago/2025,13/ago/2025,13/ago/2030,VIGENTE
MASCULINO,VENADO TUERTO,RENOVACIÓN,"A.3, E.1",13/ago/2025,13/ago/2025,13/feb/2026,VIGENTE
MASCULINO,VENADO TUERTO,RENOVACIÓN,"A.2.1, E.1",13/ago/2025,13/ago/2025,13/ago/2026,VIGENTE
FEMENINO,VENADO TUERTO,RENOVACIÓN,B.1,13/ago/2025,13/ago/2025,13/ago/2026,VIGENTE
FEMENINO,VENADO TUERTO,RENOVACIÓN,B.1,13/ago/2025,13/ago/2025,13/ago/2028,VIGENTE
FEMENINO,VENADO TUERTO,RENOVACIÓN CON AMPLIACIÓN,"A.2.2, B.1",13/ago/2025,13/ago/2025,13/ago/2030,VIGENTE
MASCULINO,VENADO TUERTO,RENOVACIÓN,"A.2.1, B.2",13/ago/2025,13/ago/2025,13/ago/2030,VIGENTE
FEMENINO,VENADO TUERTO,RENOVACIÓN,"A.2.1, B.1",13/ago/2025,13/ago/2025,13/ago/2030,VIGENTE
FEMENINO,VENADO TUERTO,RENOVACIÓN,B.2,13/ago/2025,13/ago/2025,13/ago/2030,VIGENTE
MASCULINO,VENADO TUERTO,RENOVACIÓN CON AMPLIACIÓN,"A.3, B.2",13/ago/2025,13/ago/2025,13/ago/2030,VIGENTE
MASCULINO,VENADO TUERTO,RENOVACIÓN,"A.2.1, B.2, G.1, G.2",13/ago/2025,13/ago/2025,13/ago/2030,VIGENTE
MASCULINO,VENADO TUERTO,ORIGINAL,A.2.1,13/ago/2025,13/ago/2025,13/ago/2030,VIGENTE
FEMENINO,VENADO TUERTO,RENOVACIÓN,B.2,13/ago/2025,13/ago/2025,13/ago/2026,VIGENTE
FEMENINO,VENADO TUERTO,RENOVACIÓN,"A.2.1, B.1",13/ago/2025,13/ago/2025,13/ago/2030,VIGENTE
MASCULINO,VENADO TUERTO,RENOVACIÓN,"A.3, B.2, C, D.1, D.3",13/ago/2025,13/ago/2025,13/ago/2027,VIGENTE
MASCULINO,VENADO TUERTO,RENOVACIÓN CON AMPLIACIÓN,"A.3, B.2",13/ago/2025,13/ago/2025,13/ago/2030,VIGENTE
MASCULINO,VENADO TUERTO,RENOVACIÓN,B.2,13/ago/2025,13/ago/2025,13/ago/2026,VIGENTE
MASCULINO,VENADO TUERTO,RENOVACIÓN CON AMPLIACIÓN,"A.3, B.2",13/ago/2025,13/ago/2025,13/ago/2030,VIGENTE
MASCULINO,VENADO TUERTO,RENOVACIÓN,"A.2.2, B.2",13/ago/2025,13/ago/2025,13/ago/2030,VIGENTE
FEMENINO,VENADO TUERTO,RENOVACIÓN,A.2.1,13/ago/2025,13/ago/2025,13/ago/2030,VIGENTE
FEMENINO,VENADO TUERTO,RENOVACIÓN,"A.2.1, B.1",13/ago/2025,13/ago/2025,13/ago/2030,VIGENTE
MASCULINO,VENADO TUERTO,RENOVACIÓN,"A.3, B.2",13/ago/2025,13/ago/2025,13/ago/2030,VIGENTE
FEMENINO,VENADO TUERTO,RENOVACIÓN,A.2.1,13/ago/2025,13/ago/2025,13/ago/2030,VIGENTE
MASCULINO,VENADO TUERTO,ORIGINAL,"A.2.1, B.1",13/ago/2025,13/ago/2025,13/ago/2030,VIGENTE
MASCULINO,VENADO TUERTO,RENOVACIÓN,B.2,13/ago/2025,13/ago/2025,13/ago/2026,VIGENTE
MASCULINO,VENADO TUERTO,ORIGINAL,B.1,13/ago/2025,13/ago/2025,13/ago/2026,VIGENTE
FEMENINO,VENADO TUERTO,RENOVACIÓN,"B.2, D.1",13/ago/2025,13/ago/2025,13/ago/2027,VIGENTE
FEMENINO,VENADO TUERTO,RENOVACIÓN,"A.2.2, B.1",13/ago/2025,13/ago/2025,13/ago/2030,VIGENTE
MASCULINO,VENADO TUERTO,RENOVACIÓN,"A.2.1, B.2",13/ago/2025,13/ago/2025,13/ago/2030,VIGENTE
MASCULINO,VENADO TUERTO,RENOVACIÓN,"A.3, B.2",13/ago/2025,13/ago/2025,13/ago/2026,VIGENTE
FEMENINO,VENADO TUERTO,RENOVACIÓN CON AMPLIACIÓN,"A.2.1, B.1",13/ago/2025,13/ago/2025,13/ago/2030,VIGENTE
FEMENINO,VENADO TUERTO,RENOVACIÓN,B.2,13/ago/2025,13/ago/2025,13/ago/2030,VIGENTE
FEMENINO,VENADO TUERTO,RENOVACIÓN,B.2,13/ago/2025,13/ago/2025,13/ago/2026,VIGENTE
FEMENINO,VENADO TUERTO,ORIGINAL,"A.2.1, B.1",13/ago/2025,13/ago/2025,13/ago/2030,VIGENTE
MASCULINO,VENADO TUERTO,RENOVACIÓN,B.2,13/ago/2025,13/ago/2025,13/ago/2026,VIGENTE
MASCULINO,VENADO TUERTO,ORIGINAL,A.2.1,13/ago/2025,13/ago/2025,13/ago/2026,VIGENTE
MASCULINO,VENADO TUERTO,RENOVACIÓN,"A.3, B.2",13/ago/2025,13/ago/2025,13/ago/2030,VIGENTE
FEMENINO,VENADO TUERTO,ORIGINAL,A.2.1,14/ago/2025,20/may/2025,14/ago/2030,VIGENTE
MASCULINO,VENADO TUERTO,RENOVACIÓN CON AMPLIACIÓN,"A.2.1, B.1",14/ago/2025,17/jun/2025,14/ago/2030,VIGENTE
MASCULINO,VENADO TUERTO,ORIGINAL,A.2.1,14/ago/2025,31/jul/2025,14/ago/2026,VIGENTE
FEMENINO,VENADO TUERTO,RENOVACIÓN CON AMPLIACIÓN,"A.2.1, B.1",14/ago/2025,4/ago/2025,14/ago/2030,VIGENTE
FEMENINO,VENADO TUERTO,ORIGINAL,B.1,14/ago/2025,11/ago/2025,14/ago/2026,VIGENTE
MASCULINO,VENADO TUERTO,RENOVACIÓN CON AMPLIACIÓN,"A.2.1, B.2",14/ago/2025,14/ago/2025,14/ago/2030,VIGENTE
FEMENINO,VENADO TUERTO,RENOVACIÓN,"A.2.1, B.2",14/ago/2025,14/ago/2025,14/ago/2030,VIGENTE
FEMENINO,VENADO TUERTO,RENOVACIÓN CON AMPLIACIÓN,"A.2.1, B.1",14/ago/2025,14/ago/2025,14/ago/2028,VIGENTE
MASCULINO,VENADO TUERTO,RENOVACIÓN,"A.2.1, B.2",14/ago/2025,14/ago/2025,14/ago/2030,VIGENTE
FEMENINO,VENADO TUERTO,RENOVACIÓN,B.2,14/ago/2025,14/ago/2025,14/ago/2030,VIGENTE
MASCULINO,VENADO TUERTO,ORIGINAL,"A.3, B.2",14/ago/2025,14/ago/2025,14/ago/2030,VIGENTE
MASCULINO,VENADO TUERTO,RENOVACIÓN,"A.2.1, B.1, E.2",14/ago/2025,14/ago/2025,14/ago/2027,VIGENTE
MASCULINO,VENADO TUERTO,ORIGINAL,"A.2.1, B.2",14/ago/2025,14/ago/2025,14/ago/2030,VIGENTE
FEMENINO,VENADO TUERTO,RENOVACIÓN,B.2,14/ago/2025,14/ago/2025,14/ago/2026,VIGENTE
FEMENINO,VENADO TUERTO,RENOVACIÓN,B.1,14/ago/2025,14/ago/2025,14/ago/2030,VIGENTE
FEMENINO,VENADO TUERTO,ORIGINAL,A.2.1,14/ago/2025,14/ago/2025,14/ago/2030,VIGENTE
FEMENINO,VENADO TUERTO,RENOVACIÓN,"A.2.1, B.1",14/ago/2025,14/ago/2025,14/ago/2030,VIGENTE
FEMENINO,VENADO TUERTO,RENOVACIÓN,B.2,14/ago/2025,14/ago/2025,14/ago/2026,VIGENTE
MASCULINO,VENADO TUERTO,RENOVACIÓN,B.2,14/ago/2025,14/ago/2025,14/ago/2026,VIGENTE
FEMENINO,VENADO TUERTO,RENOVACIÓN,B.2,14/ago/2025,14/ago/2025,14/ago/2026,VIGENTE
FEMENINO,VENADO TUERTO,RENOVACIÓN,A.2.1,14/ago/2025,14/ago/2025,14/ago/2030,VIGENTE
FEMENINO,VENADO TUERTO,RENOVACIÓN,"A.2.1, B.1",14/ago/2025,14/ago/2025,14/ago/2030,VIGENTE
MASCULINO,VENADO TUERTO,RENOVACIÓN,"A.2.1, B.2",14/ago/2025,14/ago/2025,14/ago/2026,VIGENTE
MASCULINO,VENADO TUERTO,RENOVACIÓN CON AMPLIACIÓN,"A.3, B.2, E.2, G.1, G.2",14/ago/2025,14/ago/2025,14/ago/2027,VIGENTE
FEMENINO,VENADO TUERTO,RENOVACIÓN,"A.2.1, B.1",14/ago/2025,14/ago/2025,14/ago/2028,VIGENTE
FEMENINO,VENADO TUERTO,RENOVACIÓN,B.2,14/ago/2025,14/ago/2025,14/ago/2026,VIGENTE
FEMENINO,VENADO TUERTO,RENOVACIÓN,"A.2.2, D.1",14/ago/2025,14/ago/2025,14/ago/2027,VIGENTE
FEMENINO,VENADO TUERTO,RENOVACIÓN,B.2,14/ago/2025,14/ago/2025,14/ago/2026,VIGENTE
MASCULINO,VENADO TUERTO,RENOVACIÓN,E.1,14/ago/2025,14/ago/2025,14/ago/2027,VIGENTE
FEMENINO,VENADO TUERTO,RENOVACIÓN CON AMPLIACIÓN,"A.2.1, B.1",14/ago/2025,14/ago/2025,14/ago/2030,VIGENTE
FEMENINO,VENADO TUERTO,RENOVACIÓN,A.2.1,14/ago/2025,14/ago/2025,14/ago/2030,VIGENTE
FEMENINO,VENADO TUERTO,RENOVACIÓN,B.2,14/ago/2025,14/ago/2025,14/ago/2030,VIGENTE
MASCULINO,VENADO TUERTO,RENOVACIÓN,"B.2, G.1",14/ago/2025,14/ago/2025,14/ago/2026,VIGENTE
FEMENINO,VENADO TUERTO,ORIGINAL,A.2.1,14/ago/2025,14/ago/2025,14/ago/2030,VIGENTE
MASCULINO,VENADO TUERTO,RENOVACIÓN,"A.3, B.2",14/ago/2025,14/ago/2025,14/ago/2030,VIGENTE
FEMENINO,VENADO TUERTO,RENOVACIÓN,"A.2.1, B.1",14/ago/2025,14/ago/2025,14/ago/2030,VIGENTE
MASCULINO,VENADO TUERTO,RENOVACIÓN CON AMPLIACIÓN,"A.2.2, B.2",14/ago/2025,14/ago/2025,14/ago/2030,VIGENTE
FEMENINO,VENADO TUERTO,ORIGINAL,B.1,14/ago/2025,14/ago/2025,14/ago/2026,VIGENTE
MASCULINO,VENADO TUERTO,RENOVACIÓN,"A.2.2, C",14/ago/2025,14/ago/2025,14/ago/2026,VIGENTE
FEMENINO,VENADO TUERTO,RENOVACIÓN,B.2,14/ago/2025,14/ago/2025,14/ago/2030,VIGENTE
MASCULINO,VENADO TUERTO,RENOVACIÓN,"A.2.1, B.2",14/ago/2025,14/ago/2025,14/ago/2026,VIGENTE
FEMENINO,VENADO TUERTO,RENOVACIÓN CON AMPLIACIÓN,"A.2.1, B.1",14/ago/2025,14/ago/2025,14/ago/2030,VIGENTE
FEMENINO,VENADO TUERTO,RENOVACIÓN CON AMPLIACIÓN,"A.2.1, B.1",14/ago/2025,14/ago/2025,14/ago/2030,VIGENTE
FEMENINO,VENADO TUERTO,RENOVACIÓN,D.1,14/ago/2025,14/ago/2025,14/ago/2026,VIGENTE
MASCULINO,VENADO TUERTO,RENOVACIÓN,"A.2.1, B.2",14/ago/2025,14/ago/2025,14/ago/2030,VIGENTE
FEMENINO,VENADO TUERTO,RENOVACIÓN,B.1,14/ago/2025,14/ago/2025,14/ago/2030,VIGENTE
MASCULINO,VENADO TUERTO,RENOVACIÓN,B.2,14/ago/2025,14/ago/2025,14/ago/2026,VIGENTE
MASCULINO,VENADO TUERTO,RENOVACIÓN,"A.2.1, B.2",14/ago/2025,14/ago/2025,14/ago/2030,VIGENTE
FEMENINO,VENADO TUERTO,RENOVACIÓN,"A.2.1, B.2",14/ago/2025,14/ago/2025,14/ago/2030,VIGENTE
FEMENINO,VENADO TUERTO,RENOVACIÓN,B.2,14/ago/2025,14/ago/2025,14/ago/2026,VIGENTE
MASCULINO,VENADO TUERTO,RENOVACIÓN,B.2,14/ago/2025,14/ago/2025,14/ago/2026,VIGENTE
MASCULINO,VENADO TUERTO,RENOVACIÓN,D.1,14/ago/2025,14/ago/2025,14/ago/2026,VIGENTE
MASCULINO,VENADO TUERTO,RENOVACIÓN,"A.2.1, B.1",14/ago/2025,14/ago/2025,14/ago/2030,VIGENTE
FEMENINO,VENADO TUERTO,RENOVACIÓN,B.2,14/ago/2025,14/ago/2025,14/ago/2026,VIGENTE
FEMENINO,VENADO TUERTO,RENOVACIÓN,"A.2.1, B.1",14/ago/2025,14/ago/2025,14/ago/2030,VIGENTE
MASCULINO,VENADO TUERTO,RENOVACIÓN,B.1,14/ago/2025,14/ago/2025,14/ago/2028,VIGENTE
MASCULINO,VENADO TUERTO,RENOVACIÓN,"A.3, B.2, C",14/ago/2025,14/ago/2025,14/ago/2026,VIGENTE
MASCULINO,VENADO TUERTO,RENOVACIÓN,B.2,14/ago/2025,14/ago/2025,14/ago/2030,VIGENTE
FEMENINO,VENADO TUERTO,RENOVACIÓN,B.2,14/ago/2025,14/ago/2025,14/ago/2026,VIGENTE
FEMENINO,VENADO TUERTO,RENOVACIÓN,B.2,14/ago/2025,14/ago/2025,14/ago/2030,VIGENTE
MASCULINO,VENADO TUERTO,RENOVACIÓN,A.2.1,14/ago/2025,14/ago/2025,14/ago/2028,VIGENTE
MASCULINO,VENADO TUERTO,RENOVACIÓN,"A.2.1, C, E.2, G.1",14/ago/2025,14/ago/2025,14/ago/2026,VIGENTE
FEMENINO,VENADO TUERTO,RENOVACIÓN,"A.2.1, B.1",14/ago/2025,14/ago/2025,14/ago/2030,VIGENTE
MASCULINO,VENADO TUERTO,RENOVACIÓN CON AMPLIACIÓN,A.3,14/ago/2025,14/ago/2025,14/ago/2030,VIGENTE
MASCULINO,VENADO TUERTO,RENOVACIÓN,"A.2.1, B.2",14/ago/2025,14/ago/2025,14/ago/2030,VIGENTE
MASCULINO,VENADO TUERTO,RENOVACIÓN,"A.2.1, D.1, E.1",18/ago/2025,30/jul/2025,18/ago/2026,VIGENTE
FEMENINO,VENADO TUERTO,RENOVACIÓN CON AMPLIACIÓN,"A.2.1, B.1",18/ago/2025,5/ago/2025,18/ago/2030,VIGENTE
MASCULINO,VENADO TUERTO,RENOVACIÓN,"A.2.1, B.2",18/ago/2025,8/ago/2025,18/ago/2026,VIGENTE
FEMENINO,VENADO TUERTO,ORIGINAL,A.2.1,18/ago/2025,8/ago/2025,18/ago/2030,VIGENTE
MASCULINO,VENADO TUERTO,RENOVACIÓN,"B.2, C",18/ago/2025,8/ago/2025,18/ago/2027,VIGENTE
MASCULINO,VENADO TUERTO,RENOVACIÓN,"E.1, G.1, G.2",18/ago/2025,8/ago/2025,18/ago/2026,VIGENTE
MASCULINO,VENADO TUERTO,ORIGINAL,"A.2.1, B.1",18/ago/2025,12/ago/2025,18/ago/2030,VIGENTE
MASCULINO,VENADO TUERTO,RENOVACIÓN,C,18/ago/2025,13/ago/2025,18/ago/2026,VIGENTE
MASCULINO,VENADO TUERTO,RENOVACIÓN,E.1,18/ago/2025,14/ago/2025,18/ago/2026,VIGENTE
FEMENINO,VENADO TUERTO,RENOVACIÓN,B.2,18/ago/2025,14/ago/2025,18/ago/2030,VIGENTE
FEMENINO,VENADO TUERTO,RENOVACIÓN,"A.2.1, B.1",18/ago/2025,14/ago/2025,18/ago/2030,VIGENTE
MASCULINO,VENADO TUERTO,RENOVACIÓN,"A.2.1, B.2",18/ago/2025,18/ago/2025,18/ago/2026,VIGENTE
MASCULINO,VENADO TUERTO,RENOVACIÓN,B.2,18/ago/2025,18/ago/2025,18/ago/2026,VIGENTE
FEMENINO,VENADO TUERTO,RENOVACIÓN,"A.2.1, B.1",18/ago/2025,18/ago/2025,18/ago/2030,VIGENTE
FEMENINO,VENADO TUERTO,RENOVACIÓN,A.2.1,18/ago/2025,18/ago/2025,18/ago/2030,VIGENTE
MASCULINO,VENADO TUERTO,RENOVACIÓN,B.1,18/ago/2025,18/ago/2025,18/ago/2028,VIGENTE
MASCULINO,VENADO TUERTO,RENOVACIÓN CON AMPLIACIÓN,"A.3, B.2",18/ago/2025,18/ago/2025,18/ago/2030,VIGENTE
FEMENINO,VENADO TUERTO,RENOVACIÓN CON AMPLIACIÓN,"A.2.1, B.2",18/ago/2025,18/ago/2025,18/ago/2030,VIGENTE
FEMENINO,VENADO TUERTO,RENOVACIÓN,B.2,18/ago/2025,18/ago/2025,18/ago/2026,VIGENTE
MASCULINO,VENADO TUERTO,RENOVACIÓN,"A.2.2, B.2",18/ago/2025,18/ago/2025,18/ago/2030,VIGENTE
MASCULINO,VENADO TUERTO,RENOVACIÓN,B.1,18/ago/2025,18/ago/2025,18/ago/2030,VIGENTE
FEMENINO,VENADO TUERTO,RENOVACIÓN,"A.2.1, B.1",18/ago/2025,18/ago/2025,18/ago/2030,VIGENTE
FEMENINO,VENADO TUERTO,RENOVACIÓN,B.2,18/ago/2025,18/ago/2025,18/ago/2030,VIGENTE
MASCULINO,VENADO TUERTO,RENOVACIÓN,"A.2.2, B.2",18/ago/2025,18/ago/2025,18/ago/2030,VIGENTE
FEMENINO,VENADO TUERTO,RENOVACIÓN,"A.2.1, B.2",18/ago/2025,18/ago/2025,18/ago/2030,VIGENTE
MASCULINO,VENADO TUERTO,RENOVACIÓN,B.2,18/ago/2025,18/ago/2025,18/ago/2026,VIGENTE
MASCULINO,VENADO TUERTO,RENOVACIÓN,B.1,18/ago/2025,18/ago/2025,18/ago/2026,VIGENTE
FEMENINO,VENADO TUERTO,RENOVACIÓN,"A.2.1, B.1",18/ago/2025,18/ago/2025,18/ago/2030,VIGENTE
MASCULINO,VENADO TUERTO,RENOVACIÓN,B.2,18/ago/2025,18/ago/2025,18/ago/2026,VIGENTE
MASCULINO,VENADO TUERTO,RENOVACIÓN,B.2,18/ago/2025,18/ago/2025,18/ago/2026,VIGENTE
FEMENINO,VENADO TUERTO,RENOVACIÓN,"A.2.1, B.2",18/ago/2025,18/ago/2025,18/ago/2030,VIGENTE
FEMENINO,VENADO TUERTO,RENOVACIÓN,"A.2.1, B.1",18/ago/2025,18/ago/2025,18/ago/2030,VIGENTE
FEMENINO,VENADO TUERTO,ORIGINAL,A.2.1,18/ago/2025,18/ago/2025,18/ago/2030,VIGENTE
MASCULINO,VENADO TUERTO,RENOVACIÓN,"A.2.1, B.2",18/ago/2025,18/ago/2025,18/ago/2026,VIGENTE
MASCULINO,VENADO TUERTO,RENOVACIÓN,"A.2.1, B.1",18/ago/2025,18/ago/2025,18/ago/2030,VIGENTE
MASCULINO,VENADO TUERTO,RENOVACIÓN CON AMPLIACIÓN,"A.2.1, B.1",18/ago/2025,18/ago/2025,18/ago/2030,VIGENTE
FEMENINO,VENADO TUERTO,RENOVACIÓN,A.2.1,18/ago/2025,18/ago/2025,18/ago/2030,VIGENTE
MASCULINO,VENADO TUERTO,RENOVACIÓN,A.2.1,18/ago/2025,18/ago/2025,18/ago/2030,VIGENTE
MASCULINO,VENADO TUERTO,RENOVACIÓN,"A.2.1, B.2",18/ago/2025,18/ago/2025,18/ago/2030,VIGENTE
MASCULINO,VENADO TUERTO,ORIGINAL,B.1,18/ago/2025,18/ago/2025,18/ago/2030,VIGENTE
MASCULINO,VENADO TUERTO,RENOVACIÓN,B.2,18/ago/2025,18/ago/2025,18/ago/2026,VIGENTE
FEMENINO,VENADO TUERTO,ORIGINAL,B.1,18/ago/2025,18/ago/2025,18/ago/2030,VIGENTE
FEMENINO,VENADO TUERTO,RENOVACIÓN,B.2,18/ago/2025,18/ago/2025,18/ago/2030,VIGENTE
MASCULINO,VENADO TUERTO,RENOVACIÓN,"A.2.1, B.2, C",18/ago/2025,18/ago/2025,18/ago/2027,VIGENTE
MASCULINO,VENADO TUERTO,RENOVACIÓN,B.1,18/ago/2025,18/ago/2025,18/ago/2028,VIGENTE
MASCULINO,VENADO TUERTO,RENOVACIÓN,B.1,18/ago/2025,18/ago/2025,18/ago/2030,VIGENTE
MASCULINO,VENADO TUERTO,RENOVACIÓN,B.2,18/ago/2025,18/ago/2025,18/ago/2026,VIGENTE
MASCULINO,VENADO TUERTO,RENOVACIÓN,"A.2.2, B.2",18/ago/2025,18/ago/2025,18/ago/2030,VIGENTE
FEMENINO,VENADO TUERTO,ORIGINAL,A.2.1,18/ago/2025,18/ago/2025,18/ago/2030,VIGENTE
MASCULINO,VENADO TUERTO,ORIGINAL,A.2.1,19/ago/2025,31/jul/2025,19/ago/2026,VIGENTE
MASCULINO,VENADO TUERTO,RENOVACIÓN CON AMPLIACIÓN,"A.2.1, B.2",19/ago/2025,6/ago/2025,19/ago/2030,VIGENTE
MASCULINO,VENADO TUERTO,ORIGINAL,"A.2.1, B.1",19/ago/2025,6/ago/2025,19/ago/2030,VIGENTE
FEMENINO,VENADO TUERTO,ORIGINAL,A.2.1,19/ago/2025,6/ago/2025,19/ago/2030,VIGENTE
MASCULINO,VENADO TUERTO,ORIGINAL,"A.2.1, B.2",19/ago/2025,8/ago/2025,19/ago/2030,VIGENTE
MASCULINO,VENADO TUERTO,RENOVACIÓN,"A.3, E.1",19/ago/2025,8/ago/2025,19/ago/2026,VIGENTE
MASCULINO,VENADO TUERTO,RENOVACIÓN,E.1,19/ago/2025,13/ago/2025,19/ago/2027,VIGENTE
MASCULINO,VENADO TUERTO,RENOVACIÓN,"A.3, E.1, E.2",19/ago/2025,13/ago/2025,19/feb/2026,VIGENTE
MASCULINO,VENADO TUERTO,RENOVACIÓN,B.2,19/ago/2025,14/ago/2025,19/ago/2026,VIGENTE
MASCULINO,VENADO TUERTO,RENOVACIÓN,"A.3, B.2",19/ago/2025,18/ago/2025,19/ago/2030,VIGENTE
MASCULINO,VENADO TUERTO,RENOVACIÓN,"D.1, D.3",19/ago/2025,19/ago/2025,19/ago/2026,VIGENTE
MASCULINO,VENADO TUERTO,RENOVACIÓN,"A.2.1, B.2",19/ago/2025,19/ago/2025,19/ago/2030,VIGENTE
MASCULINO,VENADO TUERTO,RENOVACIÓN,B.2,19/ago/2025,19/ago/2025,19/ago/2026,VIGENTE
FEMENINO,VENADO TUERTO,RENOVACIÓN,"A.2.1, B.2",19/ago/2025,19/ago/2025,19/ago/2030,VIGENTE
MASCULINO,VENADO TUERTO,RENOVACIÓN,B.2,19/ago/2025,19/ago/2025,19/ago/2028,VIGENTE
FEMENINO,VENADO TUERTO,RENOVACIÓN,D.1,19/ago/2025,19/ago/2025,19/ago/2026,VIGENTE
MASCULINO,VENADO TUERTO,RENOVACIÓN,"A.2.1, B.2",19/ago/2025,19/ago/2025,19/ago/2030,VIGENTE
FEMENINO,VENADO TUERTO,ORIGINAL,B.1,19/ago/2025,19/ago/2025,19/ago/2026,VIGENTE
MASCULINO,VENADO TUERTO,RENOVACIÓN,B.2,19/ago/2025,19/ago/2025,19/ago/2026,VIGENTE
MASCULINO,VENADO TUERTO,RENOVACIÓN,"A.2.1, B.2",19/ago/2025,19/ago/2025,19/ago/2030,VIGENTE
FEMENINO,VENADO TUERTO,ORIGINAL,D.1,19/ago/2025,19/ago/2025,19/ago/2027,VIGENTE
FEMENINO,VENADO TUERTO,RENOVACIÓN,"A.2.1, B.2",19/ago/2025,19/ago/2025,19/ago/2030,VIGENTE
MASCULINO,VENADO TUERTO,RENOVACIÓN,E.1,19/ago/2025,19/ago/2025,19/oct/2025,VIGENTE
MASCULINO,VENADO TUERTO,RENOVACIÓN,"A.3, B.2",19/ago/2025,19/ago/2025,19/ago/2030,VIGENTE
FEMENINO,VENADO TUERTO,RENOVACIÓN,A.2.1,19/ago/2025,19/ago/2025,19/ago/2026,VIGENTE
MASCULINO,VENADO TUERTO,RENOVACIÓN,E.1,19/ago/2025,19/ago/2025,19/sept/2026,VIGENTE
MASCULINO,VENADO TUERTO,RENOVACIÓN,B.2,19/ago/2025,19/ago/2025,19/ago/2030,VIGENTE
MASCULINO,VENADO TUERTO,RENOVACIÓN,B.1,19/ago/2025,19/ago/2025,19/ago/2028,VIGENTE
MASCULINO,VENADO TUERTO,RENOVACIÓN,"A.2.1, B.2",19/ago/2025,19/ago/2025,19/ago/2026,VIGENTE
FEMENINO,VENADO TUERTO,RENOVACIÓN,B.2,19/ago/2025,19/ago/2025,19/ago/2026,VIGENTE
MASCULINO,VENADO TUERTO,RENOVACIÓN,"A.2.1, B.1",19/ago/2025,19/ago/2025,19/ago/2028,VIGENTE
FEMENINO,VENADO TUERTO,RENOVACIÓN,"A.2.1, B.1",19/ago/2025,19/ago/2025,19/ago/2030,VIGENTE
MASCULINO,VENADO TUERTO,RENOVACIÓN,B.2,19/ago/2025,19/ago/2025,19/ago/2026,VIGENTE
FEMENINO,VENADO TUERTO,RENOVACIÓN,B.2,19/ago/2025,19/ago/2025,19/ago/2026,VIGENTE
FEMENINO,VENADO TUERTO,RENOVACIÓN,B.2,19/ago/2025,19/ago/2025,19/ago/2026,VIGENTE
MASCULINO,VENADO TUERTO,RENOVACIÓN,B.2,19/ago/2025,19/ago/2025,19/ago/2026,VIGENTE
MASCULINO,VENADO TUERTO,RENOVACIÓN,"A.2.1, B.1, E.2",19/ago/2025,19/ago/2025,19/ago/2027,VIGENTE
MASCULINO,VENADO TUERTO,RENOVACIÓN,"A.2.2, B.2",19/ago/2025,19/ago/2025,19/ago/2028,VIGENTE
MASCULINO,VENADO TUERTO,RENOVACIÓN,B.2,19/ago/2025,19/ago/2025,19/ago/2026,VIGENTE
MASCULINO,VENADO TUERTO,RENOVACIÓN,"A.2.1, B.2",19/ago/2025,19/ago/2025,19/ago/2030,VIGENTE
MASCULINO,VENADO TUERTO,RENOVACIÓN,B.2,19/ago/2025,19/ago/2025,19/ago/2026,VIGENTE
MASCULINO,VENADO TUERTO,RENOVACIÓN,"A.2.2, B.2, G.1",19/ago/2025,19/ago/2025,19/ago/2030,VIGENTE
MASCULINO,VENADO TUERTO,RENOVACIÓN,B.2,19/ago/2025,19/ago/2025,19/ago/2026,VIGENTE
FEMENINO,VENADO TUERTO,RENOVACIÓN,"A.2.1, B.1",19/ago/2025,19/ago/2025,19/ago/2030,VIGENTE
MASCULINO,VENADO TUERTO,ORIGINAL,B.2,19/ago/2025,19/ago/2025,19/ago/2030,VIGENTE
MASCULINO,VENADO TUERTO,RENOVACIÓN,"A.2.2, B.2",19/ago/2025,19/ago/2025,19/ago/2030,VIGENTE
MASCULINO,VENADO TUERTO,RENOVACIÓN,"A.3, B.2",19/ago/2025,19/ago/2025,19/ago/2030,VIGENTE
FEMENINO,VENADO TUERTO,RENOVACIÓN,B.2,19/ago/2025,19/ago/2025,19/ago/2030,VIGENTE
FEMENINO,VENADO TUERTO,RENOVACIÓN,"A.2.1, B.1",19/ago/2025,19/ago/2025,19/ago/2030,VIGENTE
FEMENINO,VENADO TUERTO,ORIGINAL,A.2.1,20/ago/2025,7/ago/2025,20/ago/2030,VIGENTE
MASCULINO,VENADO TUERTO,ORIGINAL,A.2.2,20/ago/2025,7/ago/2025,20/ago/2030,VIGENTE
FEMENINO,VENADO TUERTO,RENOVACIÓN CON AMPLIACIÓN,"A.2.1, B.1",20/ago/2025,7/ago/2025,20/ago/2030,VIGENTE
MASCULINO,VENADO TUERTO,ORIGINAL,A.2.1,20/ago/2025,7/ago/2025,20/ago/2026,VIGENTE
MASCULINO,VENADO TUERTO,ORIGINAL,"A.2.1, B.1",20/ago/2025,14/ago/2025,20/ago/2026,VIGENTE
MASCULINO,VENADO TUERTO,ORIGINAL,A.2.1,20/ago/2025,19/ago/2025,20/ago/2030,VIGENTE
FEMENINO,VENADO TUERTO,ORIGINAL,"A.2.1, B.1",20/ago/2025,19/ago/2025,20/ago/2030,VIGENTE
MASCULINO,VENADO TUERTO,ORIGINAL,A.2.1,20/ago/2025,19/ago/2025,20/ago/2030,VIGENTE
MASCULINO,VENADO TUERTO,RENOVACIÓN CON AMPLIACIÓN,"A.3, B.2",20/ago/2025,19/ago/2025,20/ago/2030,VIGENTE
MASCULINO,VENADO TUERTO,RENOVACIÓN CON AMPLIACIÓN,"A.3, D.3, E.1",20/ago/2025,19/ago/2025,20/abr/2026,VIGENTE
MASCULINO,VENADO TUERTO,RENOVACIÓN,B.2,20/ago/2025,20/ago/2025,20/ago/2026,VIGENTE
MASCULINO,VENADO TUERTO,RENOVACIÓN,B.2,20/ago/2025,20/ago/2025,20/ago/2030,VIGENTE
FEMENINO,VENADO TUERTO,RENOVACIÓN,B.2,20/ago/2025,20/ago/2025,20/ago/2028,VIGENTE
MASCULINO,VENADO TUERTO,RENOVACIÓN,"A.2.2, B.2",20/ago/2025,20/ago/2025,20/ago/2030,VIGENTE
MASCULINO,VENADO TUERTO,RENOVACIÓN,B.2,20/ago/2025,20/ago/2025,20/ago/2026,VIGENTE
FEMENINO,VENADO TUERTO,RENOVACIÓN,A.2.1,20/ago/2025,20/ago/2025,20/ago/2026,VIGENTE
MASCULINO,VENADO TUERTO,RENOVACIÓN,"A.2.2, B.2",20/ago/2025,20/ago/2025,20/ago/2030,VIGENTE
MASCULINO,VENADO TUERTO,ORIGINAL,B.2,20/ago/2025,20/ago/2025,20/ago/2030,VIGENTE
MASCULINO,VENADO TUERTO,RENOVACIÓN,"A.3, B.2",20/ago/2025,20/ago/2025,20/ago/2030,VIGENTE
MASCULINO,VENADO TUERTO,RENOVACIÓN,B.2,20/ago/2025,20/ago/2025,20/ago/2026,VIGENTE
MASCULINO,VENADO TUERTO,RENOVACIÓN,"A.2.1, B.2, C",20/ago/2025,20/ago/2025,20/ago/2026,VIGENTE
MASCULINO,VENADO TUERTO,DUPLICADO,E.1,20/ago/2025,20/ago/2025,16/sept/2026,VIGENTE
FEMENINO,VENADO TUERTO,RENOVACIÓN,"A.2.1, B.2",20/ago/2025,20/ago/2025,20/ago/2030,VIGENTE
MASCULINO,VENADO TUERTO,ORIGINAL,"A.2.1, B.1",20/ago/2025,20/ago/2025,20/ago/2030,VIGENTE
MASCULINO,VENADO TUERTO,RENOVACIÓN,E.1,20/ago/2025,20/ago/2025,20/ago/2026,VIGENTE
MASCULINO,VENADO TUERTO,RENOVACIÓN,B.2,20/ago/2025,20/ago/2025,20/ago/2026,VIGENTE
MASCULINO,VENADO TUERTO,RENOVACIÓN,"A.2.1, E.1",20/ago/2025,20/ago/2025,20/ago/2027,VIGENTE
MASCULINO,VENADO TUERTO,RENOVACIÓN CON AMPLIACIÓN,"A.3, B.2, D.1, D.3",20/ago/2025,20/ago/2025,20/ago/2027,VIGENTE
MASCULINO,VENADO TUERTO,RENOVACIÓN,"A.3, B.2",20/ago/2025,20/ago/2025,20/ago/2026,VIGENTE
MASCULINO,VENADO TUERTO,RENOVACIÓN CON AMPLIACIÓN,"A.2.1, B.1",20/ago/2025,20/ago/2025,20/ago/2028,VIGENTE
MASCULINO,VENADO TUERTO,RENOVACIÓN,"A.2.1, E.1",20/ago/2025,20/ago/2025,20/ago/2026,VIGENTE
FEMENINO,VENADO TUERTO,RENOVACIÓN,B.2,20/ago/2025,20/ago/2025,20/ago/2026,VIGENTE
MASCULINO,VENADO TUERTO,RENOVACIÓN,B.2,20/ago/2025,20/ago/2025,20/ago/2028,VIGENTE
FEMENINO,VENADO TUERTO,ORIGINAL,A.2.1,20/ago/2025,20/ago/2025,20/ago/2030,VIGENTE
MASCULINO,VENADO TUERTO,RENOVACIÓN,D.1,20/ago/2025,20/ago/2025,20/ago/2026,VIGENTE
FEMENINO,VENADO TUERTO,RENOVACIÓN,B.1,20/ago/2025,20/ago/2025,20/ago/2028,VIGENTE
FEMENINO,VENADO TUERTO,RENOVACIÓN,B.2,20/ago/2025,20/ago/2025,20/ago/2026,VIGENTE
MASCULINO,VENADO TUERTO,ORIGINAL,"A.2.1, B.1",20/ago/2025,20/ago/2025,20/ago/2030,VIGENTE
FEMENINO,VENADO TUERTO,RENOVACIÓN,"B.1, F",20/ago/2025,20/ago/2025,20/ago/2028,VIGENTE
FEMENINO,SAN EDUARDO,RENOVACIÓN,B.2,20/ago/2025,20/ago/2025,20/ago/2026,VIGENTE
MASCULINO,VENADO TUERTO,RENOVACIÓN,B.2,20/ago/2025,20/ago/2025,20/ago/2026,VIGENTE
MASCULINO,VENADO TUERTO,RENOVACIÓN,"A.2.1, B.2",20/ago/2025,20/ago/2025,20/ago/2030,VIGENTE
MASCULINO,VENADO TUERTO,ORIGINAL,B.1,20/ago/2025,20/ago/2025,20/ago/2026,VIGENTE
MASCULINO,VENADO TUERTO,RENOVACIÓN,"A.2.1, E.1",20/ago/2025,20/ago/2025,20/ago/2026,VIGENTE
MASCULINO,VENADO TUERTO,RENOVACIÓN,B.2,20/ago/2025,20/ago/2025,20/ago/2030,VIGENTE
MASCULINO,VENADO TUERTO,RENOVACIÓN,A.2.1,20/ago/2025,20/ago/2025,20/ago/2030,VIGENTE
MASCULINO,VENADO TUERTO,RENOVACIÓN CON AMPLIACIÓN,"A.2.2, B.2, D.3",20/ago/2025,20/ago/2025,20/ago/2027,VIGENTE
MASCULINO,VENADO TUERTO,RENOVACIÓN,"A.3, D.1, D.3",20/ago/2025,20/ago/2025,20/ago/2027,VIGENTE
MASCULINO,VENADO TUERTO,RENOVACIÓN CON AMPLIACIÓN,"A.3, B.2",20/ago/2025,20/ago/2025,20/ago/2030,VIGENTE
MASCULINO,VENADO TUERTO,RENOVACIÓN,"A.3, B.2",20/ago/2025,20/ago/2025,20/ago/2030,VIGENTE
MASCULINO,VENADO TUERTO,RENOVACIÓN,B.2,20/ago/2025,20/ago/2025,20/ago/2030,VIGENTE
MASCULINO,VENADO TUERTO,RENOVACIÓN,B.2,20/ago/2025,20/ago/2025,20/ago/2026,VIGENTE
FEMENINO,VENADO TUERTO,RENOVACIÓN,B.1,20/ago/2025,20/ago/2025,20/ago/2026,VIGENTE
MASCULINO,VENADO TUERTO,RENOVACIÓN,A.2.1,20/ago/2025,20/ago/2025,20/ago/2030,VIGENTE
MASCULINO,VENADO TUERTO,RENOVACIÓN,"A.2.1, B.1",20/ago/2025,20/ago/2025,20/ago/2028,VIGENTE
MASCULINO,VENADO TUERTO,RENOVACIÓN,B.2,20/ago/2025,20/ago/2025,20/ago/2030,VIGENTE
MASCULINO,VENADO TUERTO,RENOVACIÓN,"A.2.1, B.2",20/ago/2025,20/ago/2025,20/ago/2030,VIGENTE
MASCULINO,VENADO TUERTO,RENOVACIÓN,B.2,20/ago/2025,20/ago/2025,20/ago/2026,VIGENTE
FEMENINO,VENADO TUERTO,RENOVACIÓN,B.1,20/ago/2025,20/ago/2025,20/ago/2026,VIGENTE
MASCULINO,VENADO TUERTO,RENOVACIÓN,B.2,20/ago/2025,20/ago/2025,20/ago/2026,VIGENTE
FEMENINO,VENADO TUERTO,RENOVACIÓN CON AMPLIACIÓN,"A.2.1, B.1",20/ago/2025,20/ago/2025,20/ago/2030,VIGENTE
FEMENINO,VENADO TUERTO,ORIGINAL,A.2.1,20/ago/2025,20/ago/2025,20/ago/2030,VIGENTE
FEMENINO,VENADO TUERTO,RENOVACIÓN,B.2,20/ago/2025,20/ago/2025,20/ago/2026,VIGENTE
MASCULINO,VENADO TUERTO,ORIGINAL,"A.2.1, B.2",20/ago/2025,20/ago/2025,20/ago/2030,VIGENTE
MASCULINO,VENADO TUERTO,ORIGINAL,B.1,20/ago/2025,20/ago/2025,20/ago/2030,VIGENTE
FEMENINO,VENADO TUERTO,RENOVACIÓN,B.2,20/ago/2025,20/ago/2025,20/ago/2030,VIGENTE
FEMENINO,VENADO TUERTO,ORIGINAL,B.1,20/ago/2025,20/ago/2025,20/ago/2030,VIGENTE
MASCULINO,VENADO TUERTO,ORIGINAL,A.2.1,21/ago/2025,29/jul/2025,21/ago/2030,VIGENTE
FEMENINO,VENADO TUERTO,ORIGINAL,A.2.2,21/ago/2025,5/ago/2025,21/ago/2030,VIGENTE
FEMENINO,VENADO TUERTO,ORIGINAL,A.2.1,21/ago/2025,11/ago/2025,21/ago/2026,VIGENTE
FEMENINO,VENADO TUERTO,ORIGINAL,A.2.1,21/ago/2025,11/ago/2025,21/ago/2030,VIGENTE
MASCULINO,VENADO TUERTO,ORIGINAL,A.2.1,21/ago/2025,11/ago/2025,21/ago/2030,VIGENTE
MASCULINO,VENADO TUERTO,RENOVACIÓN,"B.2, D.1",21/ago/2025,13/ago/2025,21/ago/2026,VIGENTE
MASCULINO,VENADO TUERTO,RENOVACIÓN,B.2,21/ago/2025,19/ago/2025,21/ago/2026,VIGENTE
FEMENINO,VENADO TUERTO,RENOVACIÓN CON AMPLIACIÓN,"A.2.1, B.1",21/ago/2025,19/ago/2025,21/ago/2030,VIGENTE
MASCULINO,VENADO TUERTO,ORIGINAL,"A.2.2, B.2",21/ago/2025,19/ago/2025,21/ago/2030,VIGENTE
FEMENINO,VENADO TUERTO,ORIGINAL,A.2.1,21/ago/2025,21/ago/2025,21/ago/2030,VIGENTE
MASCULINO,VENADO TUERTO,RENOVACIÓN,B.2,21/ago/2025,21/ago/2025,21/ago/2026,VIGENTE
MASCULINO,VENADO TUERTO,RENOVACIÓN,B.2,21/ago/2025,21/ago/2025,21/ago/2030,VIGENTE
MASCULINO,VENADO TUERTO,RENOVACIÓN,"A.3, B.2",21/ago/2025,21/ago/2025,21/ago/2030,VIGENTE
FEMENINO,VENADO TUERTO,RENOVACIÓN,"A.2.1, B.1",21/ago/2025,21/ago/2025,21/ago/2030,VIGENTE
MASCULINO,VENADO TUERTO,RENOVACIÓN CON AMPLIACIÓN,"A.3, B.2, D.3",21/ago/2025,21/ago/2025,21/ago/2027,VIGENTE
MASCULINO,VENADO TUERTO,RENOVACIÓN,"A.3, B.2",21/ago/2025,21/ago/2025,21/ago/2030,VIGENTE
MASCULINO,VENADO TUERTO,ORIGINAL,A.2.1,21/ago/2025,21/ago/2025,21/ago/2026,VIGENTE
FEMENINO,VENADO TUERTO,RENOVACIÓN,B.2,21/ago/2025,21/ago/2025,21/ago/2026,VIGENTE
MASCULINO,VENADO TUERTO,RENOVACIÓN,"A.3, B.2",21/ago/2025,21/ago/2025,21/ago/2030,VIGENTE
FEMENINO,VENADO TUERTO,RENOVACIÓN,"A.2.1, B.1",21/ago/2025,21/ago/2025,21/ago/2030,VIGENTE
MASCULINO,VENADO TUERTO,RENOVACIÓN,"A.3, D.3, E.1",21/ago/2025,21/ago/2025,21/ago/2027,VIGENTE
MASCULINO,VENADO TUERTO,RENOVACIÓN,E.1,21/ago/2025,21/ago/2025,21/abr/2026,VIGENTE
MASCULINO,VENADO TUERTO,RENOVACIÓN,"A.2.1, B.1",21/ago/2025,21/ago/2025,21/ago/2030,VIGENTE
FEMENINO,VENADO TUERTO,RENOVACIÓN,"A.2.1, B.1",21/ago/2025,21/ago/2025,21/ago/2028,VIGENTE
MASCULINO,VENADO TUERTO,RENOVACIÓN,B.2,21/ago/2025,21/ago/2025,21/ago/2030,VIGENTE
FEMENINO,VENADO TUERTO,RENOVACIÓN,A.2.1,21/ago/2025,21/ago/2025,21/ago/2030,VIGENTE
MASCULINO,VENADO TUERTO,RENOVACIÓN,D.1,21/ago/2025,21/ago/2025,21/ago/2026,VIGENTE
FEMENINO,VENADO TUERTO,DUPLICADO,B.2,21/ago/2025,21/ago/2025,7/ago/2028,VIGENTE
MASCULINO,VENADO TUERTO,RENOVACIÓN,"A.3, B.2, C",21/ago/2025,21/ago/2025,21/ago/2026,VIGENTE
MASCULINO,VENADO TUERTO,RENOVACIÓN,B.2,21/ago/2025,21/ago/2025,21/ago/2030,VIGENTE
MASCULINO,VENADO TUERTO,RENOVACIÓN,B.2,21/ago/2025,21/ago/2025,21/ago/2026,VIGENTE
MASCULINO,VENADO TUERTO,RENOVACIÓN,"A.3, E.1",21/ago/2025,21/ago/2025,21/ene/2026,VIGENTE
MASCULINO,VENADO TUERTO,RENOVACIÓN CON AMPLIACIÓN,"A.3, B.2, D.3",21/ago/2025,21/ago/2025,21/ago/2027,VIGENTE
FEMENINO,VENADO TUERTO,RENOVACIÓN,"A.2.2, B.1",21/ago/2025,21/ago/2025,21/ago/2030,VIGENTE
MASCULINO,VENADO TUERTO,RENOVACIÓN,"A.2.1, B.2",21/ago/2025,21/ago/2025,21/ago/2030,VIGENTE
MASCULINO,VENADO TUERTO,RENOVACIÓN,"A.2.1, B.2",21/ago/2025,21/ago/2025,21/ago/2030,VIGENTE
FEMENINO,VENADO TUERTO,RENOVACIÓN,B.2,21/ago/2025,21/ago/2025,21/ago/2026,VIGENTE
MASCULINO,VENADO TUERTO,RENOVACIÓN,"A.2.1, B.2, C",21/ago/2025,21/ago/2025,21/ago/2027,VIGENTE
FEMENINO,VENADO TUERTO,RENOVACIÓN,A.2.1,21/ago/2025,21/ago/2025,21/ago/2030,VIGENTE
FEMENINO,VENADO TUERTO,RENOVACIÓN,"A.2.1, B.1",21/ago/2025,21/ago/2025,21/ago/2028,VIGENTE
FEMENINO,VENADO TUERTO,RENOVACIÓN,"A.2.1, B.2",21/ago/2025,21/ago/2025,21/ago/2030,VIGENTE
MASCULINO,VENADO TUERTO,RENOVACIÓN,A.2.2,21/ago/2025,21/ago/2025,21/ago/2030,VIGENTE
MASCULINO,VENADO TUERTO,RENOVACIÓN,E.1,21/ago/2025,21/ago/2025,21/dic/2025,VIGENTE
FEMENINO,VENADO TUERTO,RENOVACIÓN,B.2,21/ago/2025,21/ago/2025,21/ago/2026,VIGENTE
MASCULINO,VENADO TUERTO,RENOVACIÓN,"B.2, C, G.1",21/ago/2025,21/ago/2025,21/ago/2026,VIGENTE
MASCULINO,VENADO TUERTO,RENOVACIÓN,"A.2.1, B.2, C",21/ago/2025,21/ago/2025,21/ago/2026,VIGENTE
MASCULINO,VENADO TUERTO,RENOVACIÓN,"B.2, G.1, G.2",21/ago/2025,21/ago/2025,21/ago/2030,VIGENTE
MASCULINO,VENADO TUERTO,RENOVACIÓN,"A.2.1, A.4",21/ago/2025,21/ago/2025,21/ago/2027,VIGENTE
MASCULINO,VENADO TUERTO,RENOVACIÓN CON AMPLIACIÓN,"A.3, E.1, E.2, G.1, G.2",21/ago/2025,21/ago/2025,21/ago/2027,VIGENTE
FEMENINO,VENADO TUERTO,RENOVACIÓN,"A.2.1, D.1",21/ago/2025,21/ago/2025,21/ago/2027,VIGENTE
MASCULINO,VENADO TUERTO,ORIGINAL,A.2.1,21/ago/2025,21/ago/2025,21/ago/2026,VIGENTE
MASCULINO,VENADO TUERTO,RENOVACIÓN,"A.3, B.2",21/ago/2025,21/ago/2025,21/ago/2030,VIGENTE
FEMENINO,VENADO TUERTO,RENOVACIÓN,"A.3, B.2",21/ago/2025,21/ago/2025,21/ago/2030,VIGENTE
MASCULINO,VENADO TUERTO,RENOVACIÓN,"B.2, C",21/ago/2025,21/ago/2025,21/ago/2026,VIGENTE
FEMENINO,VENADO TUERTO,RENOVACIÓN,"A.2.1, B.1",21/ago/2025,21/ago/2025,21/ago/2030,VIGENTE
MASCULINO,VENADO TUERTO,RENOVACIÓN CON AMPLIACIÓN,"A.2.1, B.2",22/ago/2025,31/jul/2025,22/ago/2030,VIGENTE
MASCULINO,VENADO TUERTO,ORIGINAL,B.1,22/ago/2025,1/ago/2025,22/ago/2026,VIGENTE
MASCULINO,VENADO TUERTO,RENOVACIÓN,"A.2.1, B.2",22/ago/2025,4/ago/2025,22/ago/2030,VIGENTE
MASCULINO,VENADO TUERTO,RENOVACIÓN CON AMPLIACIÓN,"A.2.1, B.2",22/ago/2025,11/ago/2025,22/ago/2030,VIGENTE
FEMENINO,VENADO TUERTO,ORIGINAL,"A.2.1, B.2",22/ago/2025,12/ago/2025,22/ago/2030,VIGENTE
FEMENINO,VENADO TUERTO,RENOVACIÓN CON AMPLIACIÓN,"A.2.1, B.1",22/ago/2025,12/ago/2025,22/ago/2030,VIGENTE
MASCULINO,VENADO TUERTO,RENOVACIÓN,B.2,22/ago/2025,20/ago/2025,22/ago/2030,VIGENTE
MASCULINO,VENADO TUERTO,RENOVACIÓN CON AMPLIACIÓN,"A.2.1, D.1",22/ago/2025,21/ago/2025,22/ago/2027,VIGENTE
FEMENINO,VENADO TUERTO,ORIGINAL,A.2.1,22/ago/2025,21/ago/2025,22/ago/2030,VIGENTE
MASCULINO,VENADO TUERTO,RENOVACIÓN CON AMPLIACIÓN,"A.2.1, B.2",22/ago/2025,21/ago/2025,22/ago/2030,VIGENTE
FEMENINO,VENADO TUERTO,RENOVACIÓN,B.1,22/ago/2025,22/ago/2025,22/ago/2030,VIGENTE
FEMENINO,VENADO TUERTO,RENOVACIÓN,"A.2.1, B.2",22/ago/2025,22/ago/2025,22/ago/2030,VIGENTE
MASCULINO,VENADO TUERTO,RENOVACIÓN,B.2,22/ago/2025,22/ago/2025,22/ago/2026,VIGENTE
FEMENINO,VENADO TUERTO,RENOVACIÓN,B.2,22/ago/2025,22/ago/2025,22/ago/2026,VIGENTE
MASCULINO,VENADO TUERTO,RENOVACIÓN,"A.2.1, B.2, C",22/ago/2025,22/ago/2025,22/ago/2026,VIGENTE
MASCULINO,VENADO TUERTO,RENOVACIÓN,B.2,22/ago/2025,22/ago/2025,22/ago/2030,VIGENTE
FEMENINO,VENADO TUERTO,RENOVACIÓN,B.1,22/ago/2025,22/ago/2025,22/ago/2030,VIGENTE
MASCULINO,VENADO TUERTO,RENOVACIÓN,B.2,22/ago/2025,22/ago/2025,22/ago/2026,VIGENTE
FEMENINO,VENADO TUERTO,DUPLICADO,"A.2.1, B.2",22/ago/2025,22/ago/2025,5/nov/2029,VIGENTE
MASCULINO,SAN EDUARDO,RENOVACIÓN,E.1,22/ago/2025,22/ago/2025,22/ago/2027,VIGENTE
FEMENINO,VENADO TUERTO,RENOVACIÓN,A.2.1,22/ago/2025,22/ago/2025,22/ago/2030,VIGENTE
FEMENINO,VENADO TUERTO,RENOVACIÓN,B.2,22/ago/2025,22/ago/2025,22/ago/2030,VIGENTE
MASCULINO,VENADO TUERTO,RENOVACIÓN CON AMPLIACIÓN,"A.2.1, B.2, G.1, G.2",22/ago/2025,22/ago/2025,22/ago/2030,VIGENTE
MASCULINO,VENADO TUERTO,RENOVACIÓN,"A.2.2, B.2",22/ago/2025,22/ago/2025,22/ago/2026,VIGENTE
MASCULINO,VENADO TUERTO,RENOVACIÓN,"A.3, B.2",22/ago/2025,22/ago/2025,22/ago/2030,VIGENTE
MASCULINO,VENADO TUERTO,RENOVACIÓN,A.2.1,22/ago/2025,22/ago/2025,22/ago/2028,VIGENTE
MASCULINO,VENADO TUERTO,ORIGINAL,"A.2.1, B.1",22/ago/2025,22/ago/2025,22/ago/2026,VIGENTE
FEMENINO,VENADO TUERTO,RENOVACIÓN,B.1,22/ago/2025,22/ago/2025,22/ago/2030,VIGENTE
FEMENINO,VENADO TUERTO,RENOVACIÓN,B.2,22/ago/2025,22/ago/2025,22/ago/2030,VIGENTE
MASCULINO,VENADO TUERTO,RENOVACIÓN,"A.3, B.2",22/ago/2025,22/ago/2025,22/ago/2030,VIGENTE
MASCULINO,VENADO TUERTO,ORIGINAL,B.1,22/ago/2025,22/ago/2025,22/ago/2026,VIGENTE
MASCULINO,VENADO TUERTO,RENOVACIÓN,B.2,22/ago/2025,22/ago/2025,22/ago/2026,VIGENTE
MASCULINO,SAN EDUARDO,RENOVACIÓN,E.1,22/ago/2025,22/ago/2025,22/jul/2026,VIGENTE
MASCULINO,VENADO TUERTO,RENOVACIÓN,E.1,22/ago/2025,22/ago/2025,22/oct/2026,VIGENTE
FEMENINO,VENADO TUERTO,ORIGINAL,A.2.1,22/ago/2025,22/ago/2025,22/ago/2030,VIGENTE
MASCULINO,VENADO TUERTO,ORIGINAL,B.1,22/ago/2025,22/ago/2025,22/ago/2030,VIGENTE
MASCULINO,VENADO TUERTO,RENOVACIÓN,B.2,22/ago/2025,22/ago/2025,22/ago/2026,VIGENTE
MASCULINO,VENADO TUERTO,ORIGINAL,"A.2.1, B.2",22/ago/2025,22/ago/2025,22/ago/2030,VIGENTE
MASCULINO,VENADO TUERTO,RENOVACIÓN,"A.3, B.2",22/ago/2025,22/ago/2025,22/ago/2028,VIGENTE
FEMENINO,VENADO TUERTO,RENOVACIÓN,A.2.1,22/ago/2025,22/ago/2025,22/ago/2030,VIGENTE
MASCULINO,VENADO TUERTO,RENOVACIÓN CON AMPLIACIÓN,"A.2.2, B.2",22/ago/2025,22/ago/2025,22/ago/2030,VIGENTE
MASCULINO,VENADO TUERTO,RENOVACIÓN CON AMPLIACIÓN,"A.3, B.1",22/ago/2025,22/ago/2025,22/ago/2030,VIGENTE
MASCULINO,VENADO TUERTO,RENOVACIÓN,B.1,22/ago/2025,22/ago/2025,22/ago/2026,VIGENTE
MASCULINO,VENADO TUERTO,RENOVACIÓN,B.1,22/ago/2025,22/ago/2025,22/ago/2030,VIGENTE
MASCULINO,VENADO TUERTO,RENOVACIÓN,B.1,22/ago/2025,22/ago/2025,22/ago/2030,VIGENTE
MASCULINO,VENADO TUERTO,RENOVACIÓN CON AMPLIACIÓN,"A.3, B.2",22/ago/2025,22/ago/2025,22/ago/2030,VIGENTE
FEMENINO,VENADO TUERTO,RENOVACIÓN,"A.2.1, B.1",22/ago/2025,22/ago/2025,22/ago/2030,VIGENTE
MASCULINO,VENADO TUERTO,RENOVACIÓN,"C, E.2",22/ago/2025,22/ago/2025,22/ago/2026,VIGENTE
MASCULINO,VENADO TUERTO,RENOVACIÓN,"A.2.2, B.2",22/ago/2025,22/ago/2025,22/ago/2030,VIGENTE
MASCULINO,VENADO TUERTO,RENOVACIÓN,B.2,22/ago/2025,22/ago/2025,22/ago/2030,VIGENTE
MASCULINO,VENADO TUERTO,RENOVACIÓN,"B.2, C, E.2, G.1, G.2",22/ago/2025,22/ago/2025,22/ago/2026,VIGENTE
MASCULINO,VENADO TUERTO,RENOVACIÓN,E.1,22/ago/2025,22/ago/2025,22/ago/2026,VIGENTE
MASCULINO,VENADO TUERTO,RENOVACIÓN,"A.3, E.1",22/ago/2025,22/ago/2025,22/ago/2026,VIGENTE
MASCULINO,VENADO TUERTO,RENOVACIÓN,"A.3, B.2",22/ago/2025,22/ago/2025,22/ago/2026,VIGENTE
FEMENINO,VENADO TUERTO,RENOVACIÓN,B.2,22/ago/2025,22/ago/2025,22/ago/2030,VIGENTE
MASCULINO,VENADO TUERTO,RENOVACIÓN CON AMPLIACIÓN,"A.3, B.2, C",22/ago/2025,22/ago/2025,22/ago/2026,VIGENTE
MASCULINO,VENADO TUERTO,RENOVACIÓN,B.2,22/ago/2025,22/ago/2025,22/ago/2026,VIGENTE
MASCULINO,VENADO TUERTO,RENOVACIÓN,"A.2.1, B.2, E.2",22/ago/2025,22/ago/2025,22/ago/2027,VIGENTE
MASCULINO,VENADO TUERTO,RENOVACIÓN,"A.2.1, D.3, E.1, G.1, G.2",22/ago/2025,22/ago/2025,22/ago/2027,VIGENTE
FEMENINO,VENADO TUERTO,RENOVACIÓN,"A.2.1, B.2",22/ago/2025,22/ago/2025,22/ago/2030,VIGENTE
FEMENINO,SAN EDUARDO,RENOVACIÓN,"A.2.1, B.2",22/ago/2025,22/ago/2025,22/ago/2030,VIGENTE
MASCULINO,VENADO TUERTO,RENOVACIÓN CON AMPLIACIÓN,"A.3, B.2",22/ago/2025,22/ago/2025,22/ago/2030,VIGENTE
MASCULINO,SAN EDUARDO,RENOVACIÓN,"A.2.1, B.2",22/ago/2025,22/ago/2025,22/ago/2030,VIGENTE
FEMENINO,VENADO TUERTO,RENOVACIÓN,"A.2.1, B.2",22/ago/2025,22/ago/2025,22/ago/2030,VIGENTE
FEMENINO,VENADO TUERTO,RENOVACIÓN,A.2.1,22/ago/2025,22/ago/2025,22/ago/2026,VIGENTE
MASCULINO,VENADO TUERTO,RENOVACIÓN,"A.2.1, B.2, G.1",22/ago/2025,22/ago/2025,22/ago/2030,VIGENTE
MASCULINO,VENADO TUERTO,RENOVACIÓN,A.2.1,22/ago/2025,22/ago/2025,22/ago/2028,VIGENTE
MASCULINO,VENADO TUERTO,ORIGINAL,"A.3, B.2",22/ago/2025,22/ago/2025,22/ago/2030,VIGENTE
MASCULINO,VENADO TUERTO,ORIGINAL,A.2.1,22/ago/2025,22/ago/2025,22/ago/2030,VIGENTE
MASCULINO,VENADO TUERTO,RENOVACIÓN,E.1,25/ago/2025,25/jul/2025,25/jul/2026,VIGENTE
MASCULINO,VENADO TUERTO,RENOVACIÓN CON AMPLIACIÓN,"A.2.2, B.1",25/ago/2025,31/jul/2025,25/ago/2030,VIGENTE
MASCULINO,VENADO TUERTO,RENOVACIÓN CON AMPLIACIÓN,"A.2.1, B.2",25/ago/2025,1/ago/2025,25/ago/2030,VIGENTE
MASCULINO,VENADO TUERTO,RENOVACIÓN,"A.2.1, B.2",25/ago/2025,6/ago/2025,25/ago/2030,VIGENTE
MASCULINO,VENADO TUERTO,ORIGINAL,B.1,25/ago/2025,11/ago/2025,25/ago/2026,VIGENTE
MASCULINO,VENADO TUERTO,ORIGINAL,"A.2.1, B.2",25/ago/2025,12/ago/2025,25/ago/2030,VIGENTE
FEMENINO,VENADO TUERTO,RENOVACIÓN,"B.2, D.1",25/ago/2025,20/ago/2025,25/ago/2026,VIGENTE
MASCULINO,VENADO TUERTO,RENOVACIÓN,A.2.1,25/ago/2025,25/ago/2025,25/ago/2030,VIGENTE
MASCULINO,VENADO TUERTO,RENOVACIÓN,B.1,25/ago/2025,25/ago/2025,25/ago/2026,VIGENTE
MASCULINO,VENADO TUERTO,RENOVACIÓN,A.2.1,25/ago/2025,25/ago/2025,25/ago/2028,VIGENTE
FEMENINO,VENADO TUERTO,RENOVACIÓN,A.2.1,25/ago/2025,25/ago/2025,25/ago/2030,VIGENTE
MASCULINO,VENADO TUERTO,RENOVACIÓN,B.2,25/ago/2025,25/ago/2025,25/ago/2026,VIGENTE
MASCULINO,VENADO TUERTO,RENOVACIÓN,B.2,25/ago/2025,25/ago/2025,25/ago/2030,VIGENTE
FEMENINO,VENADO TUERTO,ORIGINAL,"A.2.1, B.2",25/ago/2025,25/ago/2025,25/ago/2030,VIGENTE
MASCULINO,VENADO TUERTO,ORIGINAL,"A.2.1, B.1",25/ago/2025,25/ago/2025,25/ago/2030,VIGENTE
MASCULINO,VENADO TUERTO,RENOVACIÓN,E.1,25/ago/2025,25/ago/2025,25/ago/2026,VIGENTE
FEMENINO,VENADO TUERTO,RENOVACIÓN,B.2,25/ago/2025,25/ago/2025,25/ago/2026,VIGENTE
FEMENINO,VENADO TUERTO,RENOVACIÓN,B.2,25/ago/2025,25/ago/2025,25/ago/2030,VIGENTE
FEMENINO,VENADO TUERTO,RENOVACIÓN,B.2,25/ago/2025,25/ago/2025,25/ago/2028,VIGENTE
FEMENINO,VENADO TUERTO,RENOVACIÓN,"A.2.1, B.1",25/ago/2025,25/ago/2025,25/ago/2030,VIGENTE
MASCULINO,VENADO TUERTO,RENOVACIÓN,"A.3, B.2, D.1, D.3",25/ago/2025,25/ago/2025,25/ago/2026,VIGENTE
MASCULINO,VENADO TUERTO,RENOVACIÓN,"A.2.1, B.2",25/ago/2025,25/ago/2025,25/ago/2030,VIGENTE
FEMENINO,VENADO TUERTO,RENOVACIÓN,B.2,25/ago/2025,25/ago/2025,25/ago/2028,VIGENTE
MASCULINO,VENADO TUERTO,RENOVACIÓN,"A.2.1, B.2, C",25/ago/2025,25/ago/2025,25/ago/2026,VIGENTE
MASCULINO,VENADO TUERTO,RENOVACIÓN,"A.2.1, B.1",25/ago/2025,25/ago/2025,25/ago/2030,VIGENTE
FEMENINO,VENADO TUERTO,RENOVACIÓN,A.2.1,25/ago/2025,25/ago/2025,25/ago/2030,VIGENTE
FEMENINO,VENADO TUERTO,RENOVACIÓN,A.2.1,25/ago/2025,25/ago/2025,25/ago/2030,VIGENTE
FEMENINO,VENADO TUERTO,RENOVACIÓN,D.1,25/ago/2025,25/ago/2025,25/ago/2026,VIGENTE
FEMENINO,VENADO TUERTO,RENOVACIÓN,B.2,25/ago/2025,25/ago/2025,25/ago/2026,VIGENTE
MASCULINO,VENADO TUERTO,RENOVACIÓN,B.2,25/ago/2025,25/ago/2025,25/ago/2026,VIGENTE
MASCULINO,VENADO TUERTO,RENOVACIÓN,"A.2.2, B.2",25/ago/2025,25/ago/2025,25/ago/2030,VIGENTE
MASCULINO,VENADO TUERTO,RENOVACIÓN,"A.2.1, B.2",25/ago/2025,25/ago/2025,25/ago/2028,VIGENTE
FEMENINO,VENADO TUERTO,RENOVACIÓN,A.2.1,25/ago/2025,25/ago/2025,25/ago/2030,VIGENTE
FEMENINO,VENADO TUERTO,RENOVACIÓN,B.1,25/ago/2025,25/ago/2025,25/ago/2030,VIGENTE
MASCULINO,VENADO TUERTO,RENOVACIÓN,"B.2, G.1",25/ago/2025,25/ago/2025,25/ago/2030,VIGENTE
MASCULINO,VENADO TUERTO,RENOVACIÓN,"A.2.1, B.1, G.1, G.2",25/ago/2025,25/ago/2025,25/ago/2030,VIGENTE
MASCULINO,VENADO TUERTO,RENOVACIÓN,E.1,25/ago/2025,25/ago/2025,25/ago/2026,VIGENTE
MASCULINO,VENADO TUERTO,RENOVACIÓN,"B.2, C, G.1",25/ago/2025,25/ago/2025,25/ago/2027,VIGENTE
MASCULINO,VENADO TUERTO,RENOVACIÓN CON AMPLIACIÓN,A.3,25/ago/2025,25/ago/2025,25/ago/2030,VIGENTE
MASCULINO,VENADO TUERTO,RENOVACIÓN,B.2,25/ago/2025,25/ago/2025,25/ago/2026,VIGENTE
FEMENINO,VENADO TUERTO,RENOVACIÓN,"A.2.1, B.1",25/ago/2025,25/ago/2025,25/ago/2028,VIGENTE
FEMENINO,VENADO TUERTO,RENOVACIÓN,"A.2.1, B.2",25/ago/2025,25/ago/2025,25/ago/2030,VIGENTE
MASCULINO,VENADO TUERTO,RENOVACIÓN,"A.2.1, B.1",25/ago/2025,25/ago/2025,25/ago/2030,VIGENTE
MASCULINO,VENADO TUERTO,RENOVACIÓN,"A.2.1, E.1",25/ago/2025,25/ago/2025,25/abr/2026,VIGENTE
FEMENINO,VENADO TUERTO,RENOVACIÓN,B.1,25/ago/2025,25/ago/2025,25/ago/2030,VIGENTE
MASCULINO,VENADO TUERTO,ORIGINAL,"A.2.1, B.1",25/ago/2025,25/ago/2025,25/ago/2026,VIGENTE
FEMENINO,VENADO TUERTO,ORIGINAL,A.2.1,26/ago/2025,5/ago/2025,26/ago/2030,VIGENTE
FEMENINO,VENADO TUERTO,ORIGINAL,A.2.1,26/ago/2025,12/ago/2025,26/ago/2030,VIGENTE
MASCULINO,VENADO TUERTO,RENOVACIÓN,"A.2.2, D.1, E.1",26/ago/2025,12/ago/2025,26/ago/2026,VIGENTE
FEMENINO,VENADO TUERTO,ORIGINAL,"A.2.1, B.1",26/ago/2025,13/ago/2025,26/ago/2030,VIGENTE
FEMENINO,VENADO TUERTO,ORIGINAL,A.2.1,26/ago/2025,14/ago/2025,26/ago/2030,VIGENTE
MASCULINO,SAN EDUARDO,RENOVACIÓN,E.1,26/ago/2025,18/ago/2025,26/ago/2027,VIGENTE
MASCULINO,VENADO TUERTO,RENOVACIÓN CON AMPLIACIÓN,"A.2.2, B.1",26/ago/2025,22/ago/2025,26/ago/2030,VIGENTE
FEMENINO,VENADO TUERTO,RENOVACIÓN,"A.2.1, B.1",26/ago/2025,26/ago/2025,26/ago/2030,VIGENTE
FEMENINO,VENADO TUERTO,ORIGINAL,B.1,26/ago/2025,26/ago/2025,26/ago/2028,VIGENTE
MASCULINO,VENADO TUERTO,RENOVACIÓN,"A.2.1, B.2",26/ago/2025,26/ago/2025,26/ago/2026,VIGENTE
FEMENINO,VENADO TUERTO,RENOVACIÓN,B.1,26/ago/2025,26/ago/2025,26/ago/2030,VIGENTE
MASCULINO,VENADO TUERTO,RENOVACIÓN CON AMPLIACIÓN,"A.3, B.2",26/ago/2025,26/ago/2025,26/ago/2030,VIGENTE
MASCULINO,VENADO TUERTO,RENOVACIÓN,"A.2.1, B.1",26/ago/2025,26/ago/2025,26/ago/2030,VIGENTE
MASCULINO,SAN EDUARDO,RENOVACIÓN,"B.2, G.1, G.2",26/ago/2025,26/ago/2025,26/ago/2030,VIGENTE
MASCULINO,VENADO TUERTO,RENOVACIÓN CON AMPLIACIÓN,"A.2.1, B.1",26/ago/2025,26/ago/2025,26/ago/2030,VIGENTE
MASCULINO,VENADO TUERTO,RENOVACIÓN,B.1,26/ago/2025,26/ago/2025,26/ago/2030,VIGENTE
MASCULINO,VENADO TUERTO,DUPLICADO,E.1,26/ago/2025,26/ago/2025,12/mar/2026,VIGENTE
MASCULINO,VENADO TUERTO,RENOVACIÓN,"A.2.1, B.2",26/ago/2025,26/ago/2025,26/ago/2028,VIGENTE
MASCULINO,VENADO TUERTO,RENOVACIÓN,"B.2, D.1",26/ago/2025,26/ago/2025,26/ago/2026,VIGENTE
MASCULINO,VENADO TUERTO,RENOVACIÓN,B.2,26/ago/2025,26/ago/2025,26/ago/2026,VIGENTE
FEMENINO,VENADO TUERTO,RENOVACIÓN CON AMPLIACIÓN,"A.2.1, B.1",26/ago/2025,26/ago/2025,26/ago/2028,VIGENTE
MASCULINO,VENADO TUERTO,RENOVACIÓN,"A.3, B.2",26/ago/2025,26/ago/2025,26/ago/2030,VIGENTE
MASCULINO,VENADO TUERTO,RENOVACIÓN,"A.2.1, E.1, E.2",26/ago/2025,26/ago/2025,26/ago/2027,VIGENTE
FEMENINO,VENADO TUERTO,RENOVACIÓN,B.2,26/ago/2025,26/ago/2025,26/ago/2026,VIGENTE
FEMENINO,VENADO TUERTO,RENOVACIÓN CON AMPLIACIÓN,"A.2.1, B.1",26/ago/2025,26/ago/2025,26/ago/2030,VIGENTE
FEMENINO,VENADO TUERTO,RENOVACIÓN,"A.2.1, B.1",26/ago/2025,26/ago/2025,26/ago/2030,VIGENTE
FEMENINO,VENADO TUERTO,RENOVACIÓN,B.2,26/ago/2025,26/ago/2025,26/ago/2026,VIGENTE
MASCULINO,VENADO TUERTO,RENOVACIÓN,"A.2.1, D.1",26/ago/2025,26/ago/2025,26/ago/2026,VIGENTE
FEMENINO,VENADO TUERTO,RENOVACIÓN,B.2,26/ago/2025,26/ago/2025,26/ago/2026,VIGENTE
FEMENINO,VENADO TUERTO,RENOVACIÓN,A.2.1,26/ago/2025,26/ago/2025,26/ago/2030,VIGENTE
MASCULINO,VENADO TUERTO,RENOVACIÓN,"A.2.1, E.1",26/ago/2025,26/ago/2025,26/mar/2026,VIGENTE
MASCULINO,VENADO TUERTO,RENOVACIÓN,B.1,26/ago/2025,26/ago/2025,26/ago/2026,VIGENTE
MASCULINO,VENADO TUERTO,RENOVACIÓN,"A.2.1, B.2",26/ago/2025,26/ago/2025,26/ago/2030,VIGENTE
MASCULINO,VENADO TUERTO,ORIGINAL,B.1,26/ago/2025,26/ago/2025,26/ago/2030,VIGENTE
MASCULINO,VENADO TUERTO,RENOVACIÓN,"A.2.1, B.2",26/ago/2025,26/ago/2025,26/ago/2030,VIGENTE
MASCULINO,VENADO TUERTO,RENOVACIÓN,"A.2.2, E.1, G.1, G.2",26/ago/2025,26/ago/2025,26/mar/2026,VIGENTE
MASCULINO,VENADO TUERTO,ORIGINAL,B.2,26/ago/2025,26/ago/2025,26/ago/2028,VIGENTE
MASCULINO,VENADO TUERTO,RENOVACIÓN CON AMPLIACIÓN,"A.2.1, B.1",26/ago/2025,26/ago/2025,26/ago/2028,VIGENTE
MASCULINO,VENADO TUERTO,RENOVACIÓN,"A.3, E.1",26/ago/2025,26/ago/2025,26/ago/2026,VIGENTE
FEMENINO,VENADO TUERTO,ORIGINAL,A.2.1,26/ago/2025,26/ago/2025,26/ago/2030,VIGENTE
MASCULINO,VENADO TUERTO,RENOVACIÓN,B.2,26/ago/2025,26/ago/2025,26/ago/2026,VIGENTE
MASCULINO,VENADO TUERTO,RENOVACIÓN,B.2,26/ago/2025,26/ago/2025,26/ago/2026,VIGENTE
FEMENINO,VENADO TUERTO,RENOVACIÓN,B.1,26/ago/2025,26/ago/2025,26/ago/2026,VIGENTE
MASCULINO,VENADO TUERTO,RENOVACIÓN,B.1,26/ago/2025,26/ago/2025,26/ago/2030,VIGENTE
MASCULINO,VENADO TUERTO,ORIGINAL,B.1,26/ago/2025,26/ago/2025,26/ago/2026,VIGENTE
MASCULINO,VENADO TUERTO,RENOVACIÓN,B.2,26/ago/2025,26/ago/2025,26/ago/2030,VIGENTE
MASCULINO,VENADO TUERTO,RENOVACIÓN,"A.2.1, B.1",26/ago/2025,26/ago/2025,26/ago/2030,VIGENTE
FEMENINO,VENADO TUERTO,RENOVACIÓN CON AMPLIACIÓN,"A.2.1, B.1",26/ago/2025,26/ago/2025,26/ago/2030,VIGENTE
MASCULINO,VENADO TUERTO,RENOVACIÓN,"A.3, E.1",26/ago/2025,26/ago/2025,26/ene/2026,VIGENTE
MASCULINO,VENADO TUERTO,ORIGINAL,"A.3, B.2",26/ago/2025,26/ago/2025,26/ago/2030,VIGENTE
FEMENINO,VENADO TUERTO,RENOVACIÓN,A.2.1,26/ago/2025,26/ago/2025,26/ago/2030,VIGENTE
MASCULINO,VENADO TUERTO,RENOVACIÓN CON AMPLIACIÓN,"A.2.1, B.2, C, E.2",26/ago/2025,26/ago/2025,26/ago/2027,VIGENTE
FEMENINO,VENADO TUERTO,RENOVACIÓN,B.2,26/ago/2025,26/ago/2025,26/ago/2026,VIGENTE
MASCULINO,VENADO TUERTO,RENOVACIÓN CON AMPLIACIÓN,"A.2.1, D.1",27/ago/2025,29/jul/2025,27/ago/2026,VIGENTE
MASCULINO,VENADO TUERTO,ORIGINAL,A.2.1,27/ago/2025,4/ago/2025,27/ago/2030,VIGENTE
MASCULINO,VENADO TUERTO,RENOVACIÓN CON AMPLIACIÓN,"A.3, B.2",27/ago/2025,7/ago/2025,27/ago/2030,VIGENTE
MASCULINO,VENADO TUERTO,RENOVACIÓN CON AMPLIACIÓN,"A.2.2, D.1",27/ago/2025,7/ago/2025,27/ago/2027,VIGENTE
FEMENINO,VENADO TUERTO,ORIGINAL,A.2.1,27/ago/2025,13/ago/2025,27/ago/2026,VIGENTE
MASCULINO,VENADO TUERTO,ORIGINAL,A.2.2,27/ago/2025,14/ago/2025,27/ago/2030,VIGENTE
FEMENINO,VENADO TUERTO,RENOVACIÓN CON AMPLIACIÓN,A.2.2,27/ago/2025,14/ago/2025,27/ago/2030,VIGENTE
MASCULINO,VENADO TUERTO,RENOVACIÓN,A.2.1,27/ago/2025,14/ago/2025,27/ago/2028,VIGENTE
MASCULINO,VENADO TUERTO,RENOVACIÓN,E.1,27/ago/2025,20/ago/2025,27/ago/2026,VIGENTE
MASCULINO,VENADO TUERTO,RENOVACIÓN,"B.2, C",27/ago/2025,27/ago/2025,27/ago/2026,VIGENTE
MASCULINO,VENADO TUERTO,RENOVACIÓN,B.2,27/ago/2025,27/ago/2025,27/ago/2030,VIGENTE
FEMENINO,VENADO TUERTO,RENOVACIÓN,"A.2.1, B.1",27/ago/2025,27/ago/2025,27/ago/2030,VIGENTE
FEMENINO,VENADO TUERTO,RENOVACIÓN,B.2,27/ago/2025,27/ago/2025,27/ago/2030,VIGENTE
MASCULINO,VENADO TUERTO,RENOVACIÓN,"A.2.1, C, G.1, G.2",27/ago/2025,27/ago/2025,27/ago/2027,VIGENTE
MASCULINO,VENADO TUERTO,RENOVACIÓN,"A.3, B.2",27/ago/2025,27/ago/2025,27/ago/2030,VIGENTE
MASCULINO,VENADO TUERTO,RENOVACIÓN,"B.2, C",27/ago/2025,27/ago/2025,27/ago/2026,VIGENTE
MASCULINO,VENADO TUERTO,RENOVACIÓN,B.1,27/ago/2025,27/ago/2025,27/ago/2030,VIGENTE
FEMENINO,VENADO TUERTO,ORIGINAL,"A.2.1, B.1",27/ago/2025,27/ago/2025,27/ago/2030,VIGENTE
MASCULINO,VENADO TUERTO,RENOVACIÓN,B.2,27/ago/2025,27/ago/2025,27/ago/2026,VIGENTE
MASCULINO,VENADO TUERTO,RENOVACIÓN,B.2,27/ago/2025,27/ago/2025,27/ago/2030,VIGENTE
FEMENINO,VENADO TUERTO,ORIGINAL,B.1,27/ago/2025,27/ago/2025,27/ago/2026,VIGENTE
FEMENINO,VENADO TUERTO,RENOVACIÓN,B.2,27/ago/2025,27/ago/2025,27/ago/2030,VIGENTE
FEMENINO,VENADO TUERTO,RENOVACIÓN CON AMPLIACIÓN,"A.2.1, B.2",27/ago/2025,27/ago/2025,27/ago/2030,VIGENTE
MASCULINO,VENADO TUERTO,RENOVACIÓN,B.2,27/ago/2025,27/ago/2025,27/ago/2030,VIGENTE
MASCULINO,VENADO TUERTO,RENOVACIÓN,B.2,27/ago/2025,27/ago/2025,27/ago/2030,VIGENTE
MASCULINO,VENADO TUERTO,RENOVACIÓN,"A.2.2, B.2",27/ago/2025,27/ago/2025,27/ago/2030,VIGENTE
MASCULINO,VENADO TUERTO,RENOVACIÓN,"A.2.1, B.1",27/ago/2025,27/ago/2025,27/ago/2028,VIGENTE
MASCULINO,VENADO TUERTO,RENOVACIÓN,"A.3, B.1",27/ago/2025,27/ago/2025,27/ago/2030,VIGENTE
FEMENINO,VENADO TUERTO,RENOVACIÓN CON AMPLIACIÓN,"A.2.1, B.1",27/ago/2025,27/ago/2025,27/ago/2030,VIGENTE
MASCULINO,VENADO TUERTO,RENOVACIÓN CON AMPLIACIÓN,"A.3, B.2, C, G.1, G.2",27/ago/2025,27/ago/2025,27/ago/2027,VIGENTE
MASCULINO,VENADO TUERTO,ORIGINAL,B.1,27/ago/2025,27/ago/2025,27/ago/2026,VIGENTE
MASCULINO,VENADO TUERTO,ORIGINAL,A.2.1,27/ago/2025,27/ago/2025,27/ago/2026,VIGENTE
FEMENINO,VENADO TUERTO,RENOVACIÓN,"A.2.1, B.2",27/ago/2025,27/ago/2025,27/ago/2030,VIGENTE
MASCULINO,VENADO TUERTO,RENOVACIÓN,B.2,27/ago/2025,27/ago/2025,27/ago/2026,VIGENTE
MASCULINO,VENADO TUERTO,RENOVACIÓN,"A.2.2, B.2",27/ago/2025,27/ago/2025,27/ago/2030,VIGENTE
FEMENINO,VENADO TUERTO,ORIGINAL,"A.2.2, B.1",27/ago/2025,27/ago/2025,27/ago/2030,VIGENTE
FEMENINO,VENADO TUERTO,ORIGINAL,A.2.1,27/ago/2025,27/ago/2025,27/ago/2030,VIGENTE
FEMENINO,VENADO TUERTO,RENOVACIÓN,B.2,27/ago/2025,27/ago/2025,27/ago/2030,VIGENTE
MASCULINO,VENADO TUERTO,RENOVACIÓN CON AMPLIACIÓN,"A.3, B.2",27/ago/2025,27/ago/2025,27/ago/2030,VIGENTE
MASCULINO,VENADO TUERTO,RENOVACIÓN,B.2,27/ago/2025,27/ago/2025,27/ago/2026,VIGENTE
FEMENINO,VENADO TUERTO,RENOVACIÓN CON AMPLIACIÓN,"A.2.1, B.1",27/ago/2025,27/ago/2025,27/ago/2030,VIGENTE
FEMENINO,VENADO TUERTO,ORIGINAL,A.2.1,27/ago/2025,27/ago/2025,27/ago/2030,VIGENTE
FEMENINO,VENADO TUERTO,RENOVACIÓN,B.2,27/ago/2025,27/ago/2025,27/ago/2026,VIGENTE
FEMENINO,VENADO TUERTO,RENOVACIÓN,B.1,27/ago/2025,27/ago/2025,27/ago/2030,VIGENTE
MASCULINO,VENADO TUERTO,RENOVACIÓN,D.1,27/ago/2025,27/ago/2025,27/ago/2026,VIGENTE
MASCULINO,VENADO TUERTO,RENOVACIÓN,B.2,27/ago/2025,27/ago/2025,27/ago/2030,VIGENTE
MASCULINO,VENADO TUERTO,RENOVACIÓN,B.2,27/ago/2025,27/ago/2025,27/ago/2030,VIGENTE
FEMENINO,VENADO TUERTO,ORIGINAL,A.2.1,27/ago/2025,27/ago/2025,27/ago/2030,VIGENTE
FEMENINO,VENADO TUERTO,RENOVACIÓN,A.2.1,27/ago/2025,27/ago/2025,27/ago/2030,VIGENTE
MASCULINO,VENADO TUERTO,RENOVACIÓN,"A.3, B.2",27/ago/2025,27/ago/2025,27/ago/2026,VIGENTE
FEMENINO,VENADO TUERTO,RENOVACIÓN,"A.2.1, B.1",27/ago/2025,27/ago/2025,27/ago/2030,VIGENTE
FEMENINO,VENADO TUERTO,ORIGINAL,A.2.1,27/ago/2025,27/ago/2025,27/ago/2030,VIGENTE
MASCULINO,VENADO TUERTO,ORIGINAL,B.1,27/ago/2025,27/ago/2025,27/ago/2030,VIGENTE
MASCULINO,VENADO TUERTO,RENOVACIÓN,"A.3, E.1",27/ago/2025,27/ago/2025,27/ago/2027,VIGENTE
MASCULINO,VENADO TUERTO,RENOVACIÓN,"A.2.1, E.1",27/ago/2025,27/ago/2025,27/ago/2026,VIGENTE
MASCULINO,VENADO TUERTO,RENOVACIÓN,"A.2.1, B.2, C, G.1",27/ago/2025,27/ago/2025,27/ago/2027,VIGENTE
FEMENINO,VENADO TUERTO,ORIGINAL,"A.2.1, B.1",27/ago/2025,27/ago/2025,27/ago/2030,VIGENTE
MASCULINO,VENADO TUERTO,RENOVACIÓN,B.2,27/ago/2025,27/ago/2025,27/ago/2030,VIGENTE
FEMENINO,VENADO TUERTO,ORIGINAL,A.2.1,27/ago/2025,27/ago/2025,27/ago/2030,VIGENTE
MASCULINO,VENADO TUERTO,ORIGINAL,"A.2.1, B.1",27/ago/2025,27/ago/2025,27/ago/2026,VIGENTE
MASCULINO,VENADO TUERTO,RENOVACIÓN,E.1,28/ago/2025,7/ago/2025,28/ago/2026,VIGENTE
FEMENINO,VENADO TUERTO,ORIGINAL,A.2.1,28/ago/2025,8/ago/2025,28/ago/2030,VIGENTE
MASCULINO,VENADO TUERTO,RENOVACIÓN,"E.1, E.2, G.1, G.2",28/ago/2025,13/ago/2025,28/ago/2026,VIGENTE
FEMENINO,VENADO TUERTO,ORIGINAL,"A.2.1, B.1",28/ago/2025,18/ago/2025,28/ago/2030,VIGENTE
FEMENINO,VENADO TUERTO,ORIGINAL,A.2.1,28/ago/2025,18/ago/2025,28/ago/2030,VIGENTE
MASCULINO,VENADO TUERTO,RENOVACIÓN,E.1,28/ago/2025,19/ago/2025,28/ago/2026,VIGENTE
MASCULINO,VENADO TUERTO,RENOVACIÓN,E.1,28/ago/2025,22/ago/2025,28/ago/2026,VIGENTE
MASCULINO,VENADO TUERTO,RENOVACIÓN,"A.3, B.2",28/ago/2025,27/ago/2025,28/ago/2030,VIGENTE
MASCULINO,VENADO TUERTO,RENOVACIÓN,"A.2.1, B.2",28/ago/2025,28/ago/2025,28/ago/2030,VIGENTE
MASCULINO,VENADO TUERTO,RENOVACIÓN,E.1,28/ago/2025,28/ago/2025,28/ago/2026,VIGENTE
MASCULINO,VENADO TUERTO,RENOVACIÓN,B.2,28/ago/2025,28/ago/2025,28/ago/2030,VIGENTE
FEMENINO,VENADO TUERTO,ORIGINAL,A.2.1,28/ago/2025,28/ago/2025,28/ago/2026,VIGENTE
MASCULINO,VENADO TUERTO,RENOVACIÓN,C,28/ago/2025,28/ago/2025,28/ago/2026,VIGENTE
FEMENINO,VENADO TUERTO,ORIGINAL,"A.2.1, B.2",28/ago/2025,28/ago/2025,28/ago/2030,VIGENTE
MASCULINO,VENADO TUERTO,RENOVACIÓN CON AMPLIACIÓN,"A.3, D.1, D.3, E.1",28/ago/2025,28/ago/2025,28/ago/2027,VIGENTE
FEMENINO,VENADO TUERTO,RENOVACIÓN,B.2,28/ago/2025,28/ago/2025,28/ago/2030,VIGENTE
MASCULINO,VENADO TUERTO,RENOVACIÓN CON AMPLIACIÓN,"A.2.1, B.1",28/ago/2025,28/ago/2025,28/ago/2028,VIGENTE
MASCULINO,VENADO TUERTO,RENOVACIÓN,A.2.1,28/ago/2025,28/ago/2025,28/ago/2028,VIGENTE
MASCULINO,VENADO TUERTO,RENOVACIÓN,B.2,28/ago/2025,28/ago/2025,28/ago/2028,VIGENTE
MASCULINO,VENADO TUERTO,RENOVACIÓN,"B.2, C",28/ago/2025,28/ago/2025,28/ago/2026,VIGENTE
MASCULINO,VENADO TUERTO,RENOVACIÓN,B.2,28/ago/2025,28/ago/2025,28/ago/2030,VIGENTE
FEMENINO,VENADO TUERTO,RENOVACIÓN,B.1,28/ago/2025,28/ago/2025,28/ago/2026,VIGENTE
FEMENINO,VENADO TUERTO,ORIGINAL,A.2.1,28/ago/2025,28/ago/2025,28/ago/2030,VIGENTE
MASCULINO,VENADO TUERTO,RENOVACIÓN,B.2,28/ago/2025,28/ago/2025,28/ago/2026,VIGENTE
MASCULINO,VENADO TUERTO,RENOVACIÓN,"B.2, C",28/ago/2025,28/ago/2025,28/ago/2026,VIGENTE
MASCULINO,VENADO TUERTO,RENOVACIÓN,B.1,28/ago/2025,28/ago/2025,28/ago/2026,VIGENTE
MASCULINO,VENADO TUERTO,RENOVACIÓN,B.2,28/ago/2025,28/ago/2025,28/ago/2026,VIGENTE
MASCULINO,VENADO TUERTO,RENOVACIÓN,B.2,28/ago/2025,28/ago/2025,28/ago/2026,VIGENTE
MASCULINO,VENADO TUERTO,RENOVACIÓN,"A.3, B.2, C",28/ago/2025,28/ago/2025,28/ago/2026,VIGENTE
FEMENINO,VENADO TUERTO,RENOVACIÓN,B.2,28/ago/2025,28/ago/2025,28/ago/2030,VIGENTE
MASCULINO,VENADO TUERTO,RENOVACIÓN,"A.2.1, B.2",28/ago/2025,28/ago/2025,28/ago/2030,VIGENTE
FEMENINO,VENADO TUERTO,RENOVACIÓN,"A.2.1, B.2",28/ago/2025,28/ago/2025,28/ago/2030,VIGENTE
MASCULINO,VENADO TUERTO,RENOVACIÓN,B.1,28/ago/2025,28/ago/2025,28/ago/2028,VIGENTE
MASCULINO,VENADO TUERTO,RENOVACIÓN,"A.2.1, E.1",28/ago/2025,28/ago/2025,28/ago/2026,VIGENTE
FEMENINO,VENADO TUERTO,RENOVACIÓN,B.2,28/ago/2025,28/ago/2025,28/ago/2030,VIGENTE
MASCULINO,VENADO TUERTO,RENOVACIÓN,"A.2.2, E.1",28/ago/2025,28/ago/2025,28/mar/2026,VIGENTE
MASCULINO,VENADO TUERTO,RENOVACIÓN,B.2,28/ago/2025,28/ago/2025,28/ago/2026,VIGENTE
FEMENINO,VENADO TUERTO,RENOVACIÓN,"A.2.1, B.2",28/ago/2025,28/ago/2025,28/ago/2030,VIGENTE
MASCULINO,VENADO TUERTO,RENOVACIÓN,"A.2.2, B.2",28/ago/2025,28/ago/2025,28/ago/2030,VIGENTE
MASCULINO,VENADO TUERTO,RENOVACIÓN,"A.2.1, B.2, C, G.1",28/ago/2025,28/ago/2025,28/ago/2026,VIGENTE
MASCULINO,VENADO TUERTO,RENOVACIÓN,"A.2.2, B.2",28/ago/2025,28/ago/2025,28/ago/2026,VIGENTE
FEMENINO,VENADO TUERTO,RENOVACIÓN,B.2,28/ago/2025,28/ago/2025,28/ago/2026,VIGENTE
MASCULINO,VENADO TUERTO,RENOVACIÓN,"A.3, B.2",28/ago/2025,28/ago/2025,28/ago/2030,VIGENTE
MASCULINO,VENADO TUERTO,RENOVACIÓN,"A.2.1, B.2",28/ago/2025,28/ago/2025,28/ago/2030,VIGENTE
MASCULINO,VENADO TUERTO,RENOVACIÓN,B.2,28/ago/2025,28/ago/2025,28/ago/2030,VIGENTE
MASCULINO,VENADO TUERTO,RENOVACIÓN,"A.2.1, B.1",28/ago/2025,28/ago/2025,28/ago/2030,VIGENTE
FEMENINO,VENADO TUERTO,ORIGINAL,B.1,28/ago/2025,28/ago/2025,28/ago/2030,VIGENTE
MASCULINO,VENADO TUERTO,RENOVACIÓN,"A.3, B.2",28/ago/2025,28/ago/2025,28/ago/2026,VIGENTE
FEMENINO,VENADO TUERTO,RENOVACIÓN,"A.2.1, B.1",28/ago/2025,28/ago/2025,28/ago/2028,VIGENTE
MASCULINO,VENADO TUERTO,RENOVACIÓN,"A.2.1, B.2",28/ago/2025,28/ago/2025,28/ago/2026,VIGENTE
MASCULINO,VENADO TUERTO,RENOVACIÓN,"A.2.1, E.1, G.1, G.2",28/ago/2025,28/ago/2025,28/ene/2026,VIGENTE
MASCULINO,VENADO TUERTO,RENOVACIÓN,D.1,28/ago/2025,28/ago/2025,28/ago/2026,VIGENTE
MASCULINO,VENADO TUERTO,RENOVACIÓN,"B.2, C",28/ago/2025,28/ago/2025,28/ago/2026,VIGENTE
FEMENINO,VENADO TUERTO,RENOVACIÓN,B.2,28/ago/2025,28/ago/2025,28/ago/2026,VIGENTE
FEMENINO,VENADO TUERTO,RENOVACIÓN CON AMPLIACIÓN,"A.2.1, B.1",28/ago/2025,28/ago/2025,28/ago/2030,VIGENTE
MASCULINO,VENADO TUERTO,RENOVACIÓN,"A.2.1, B.2",28/ago/2025,28/ago/2025,28/ago/2030,VIGENTE
FEMENINO,VENADO TUERTO,RENOVACIÓN,B.2,28/ago/2025,28/ago/2025,28/ago/2026,VIGENTE
FEMENINO,VENADO TUERTO,RENOVACIÓN,B.2,28/ago/2025,28/ago/2025,28/ago/2026,VIGENTE
FEMENINO,VENADO TUERTO,RENOVACIÓN,B.1,28/ago/2025,28/ago/2025,28/ago/2030,VIGENTE
FEMENINO,VENADO TUERTO,RENOVACIÓN CON AMPLIACIÓN,"A.2.1, B.1",28/ago/2025,28/ago/2025,28/ago/2030,VIGENTE
FEMENINO,VENADO TUERTO,RENOVACIÓN,A.2.1,28/ago/2025,28/ago/2025,28/ago/2028,VIGENTE
MASCULINO,VENADO TUERTO,RENOVACIÓN,B.2,28/ago/2025,28/ago/2025,28/ago/2026,VIGENTE
MASCULINO,VENADO TUERTO,RENOVACIÓN,"A.2.1, B.1",28/ago/2025,28/ago/2025,28/ago/2030,VIGENTE
FEMENINO,VENADO TUERTO,RENOVACIÓN,B.2,28/ago/2025,28/ago/2025,28/ago/2030,VIGENTE
FEMENINO,VENADO TUERTO,RENOVACIÓN CON AMPLIACIÓN,"A.2.1, D.1",28/ago/2025,28/ago/2025,28/ago/2027,VIGENTE
FEMENINO,VENADO TUERTO,ORIGINAL,A.2.1,28/ago/2025,28/ago/2025,28/ago/2030,VIGENTE
MASCULINO,VENADO TUERTO,ORIGINAL,"A.2.1, B.1",28/ago/2025,28/ago/2025,28/ago/2026,VIGENTE
MASCULINO,VENADO TUERTO,RENOVACIÓN,"A.2.1, B.1",28/ago/2025,28/ago/2025,28/ago/2030,VIGENTE
MASCULINO,VENADO TUERTO,RENOVACIÓN,D.1,28/ago/2025,28/ago/2025,28/ago/2026,VIGENTE
FEMENINO,VENADO TUERTO,RENOVACIÓN,B.2,28/ago/2025,28/ago/2025,28/ago/2026,VIGENTE
MASCULINO,VENADO TUERTO,RENOVACIÓN,"A.3, B.2",28/ago/2025,28/ago/2025,28/ago/2030,VIGENTE
FEMENINO,VENADO TUERTO,RENOVACIÓN,B.1,28/ago/2025,28/ago/2025,28/ago/2030,VIGENTE
MASCULINO,VENADO TUERTO,RENOVACIÓN,"A.2.2, E.1, E.2, G.1",29/ago/2025,24/jul/2025,29/ago/2027,VIGENTE
MASCULINO,VENADO TUERTO,RENOVACIÓN CON AMPLIACIÓN,"A.3, B.1",29/ago/2025,18/ago/2025,29/ago/2030,VIGENTE
FEMENINO,VENADO TUERTO,ORIGINAL,A.2.1,29/ago/2025,19/ago/2025,29/ago/2030,VIGENTE
FEMENINO,VENADO TUERTO,RENOVACIÓN CON AMPLIACIÓN,"A.2.1, B.2",29/ago/2025,27/ago/2025,29/ago/2030,VIGENTE
MASCULINO,VENADO TUERTO,RENOVACIÓN,"A.2.1, B.2",29/ago/2025,28/ago/2025,29/ago/2030,VIGENTE
FEMENINO,VENADO TUERTO,RENOVACIÓN,A.2.1,29/ago/2025,29/ago/2025,29/ago/2030,VIGENTE
MASCULINO,VENADO TUERTO,RENOVACIÓN,B.2,29/ago/2025,29/ago/2025,29/ago/2026,VIGENTE
MASCULINO,VENADO TUERTO,RENOVACIÓN,B.2,29/ago/2025,29/ago/2025,29/ago/2026,VIGENTE
MASCULINO,VENADO TUERTO,RENOVACIÓN,"A.2.1, B.2",29/ago/2025,29/ago/2025,29/ago/2030,VIGENTE
FEMENINO,VENADO TUERTO,RENOVACIÓN,"A.2.1, B.1",29/ago/2025,29/ago/2025,29/ago/2030,VIGENTE
MASCULINO,VENADO TUERTO,RENOVACIÓN,"A.3, B.2",29/ago/2025,29/ago/2025,29/ago/2030,VIGENTE
MASCULINO,VENADO TUERTO,RENOVACIÓN,B.1,29/ago/2025,29/ago/2025,29/ago/2028,VIGENTE
MASCULINO,VENADO TUERTO,RENOVACIÓN,"A.2.1, B.1",29/ago/2025,29/ago/2025,29/ago/2030,VIGENTE
FEMENINO,VENADO TUERTO,RENOVACIÓN,B.1,29/ago/2025,29/ago/2025,29/ago/2030,VIGENTE
MASCULINO,VENADO TUERTO,ORIGINAL,"A.2.1, B.2",29/ago/2025,29/ago/2025,29/ago/2030,VIGENTE
FEMENINO,VENADO TUERTO,RENOVACIÓN,"A.2.1, B.2",29/ago/2025,29/ago/2025,29/ago/2030,VIGENTE
MASCULINO,VENADO TUERTO,RENOVACIÓN,"A.3, B.2, C",29/ago/2025,29/ago/2025,29/ago/2027,VIGENTE
MASCULINO,VENADO TUERTO,ORIGINAL,B.2,29/ago/2025,29/ago/2025,29/ago/2030,VIGENTE
FEMENINO,VENADO TUERTO,RENOVACIÓN,"A.2.2, B.2",29/ago/2025,29/ago/2025,29/ago/2030,VIGENTE
MASCULINO,VENADO TUERTO,RENOVACIÓN,"A.2.1, B.1",29/ago/2025,29/ago/2025,29/ago/2028,VIGENTE
MASCULINO,VENADO TUERTO,RENOVACIÓN,"B.2, D.1",29/ago/2025,29/ago/2025,29/ago/2027,VIGENTE
MASCULINO,VENADO TUERTO,RENOVACIÓN CON AMPLIACIÓN,"A.2.1, B.1",29/ago/2025,29/ago/2025,29/ago/2028,VIGENTE
MASCULINO,VENADO TUERTO,RENOVACIÓN,"A.2.1, E.1",29/ago/2025,29/ago/2025,29/ago/2026,VIGENTE
MASCULINO,VENADO TUERTO,RENOVACIÓN,"A.3, E.1",29/ago/2025,29/ago/2025,29/ago/2026,VIGENTE
FEMENINO,VENADO TUERTO,RENOVACIÓN,A.2.1,29/ago/2025,29/ago/2025,29/ago/2028,VIGENTE
MASCULINO,VENADO TUERTO,ORIGINAL,A.2.1,1/sept/2025,5/jun/2025,1/sept/2026,VIGENTE
MASCULINO,VENADO TUERTO,RENOVACIÓN CON AMPLIACIÓN,"A.2.1, B.2, C",1/sept/2025,7/ago/2025,1/sept/2027,VIGENTE
FEMENINO,VENADO TUERTO,ORIGINAL,"A.2.1, B.1",1/sept/2025,19/ago/2025,1/sept/2030,VIGENTE
MASCULINO,VENADO TUERTO,ORIGINAL,"A.2.2, B.2",1/sept/2025,29/ago/2025,1/sept/2030,VIGENTE
FEMENINO,VENADO TUERTO,ORIGINAL,A.2.1,1/sept/2025,29/ago/2025,1/sept/2026,VIGENTE
FEMENINO,VENADO TUERTO,RENOVACIÓN,"A.2.1, B.1",1/sept/2025,1/sept/2025,1/sept/2026,VIGENTE
MASCULINO,VENADO TUERTO,RENOVACIÓN,"A.3, B.2",1/sept/2025,1/sept/2025,1/sept/2030,VIGENTE
FEMENINO,VENADO TUERTO,ORIGINAL,A.2.1,1/sept/2025,1/sept/2025,1/sept/2030,VIGENTE
MASCULINO,VENADO TUERTO,RENOVACIÓN,"A.2.1, B.1",1/sept/2025,1/sept/2025,1/sept/2030,VIGENTE
FEMENINO,VENADO TUERTO,RENOVACIÓN,B.2,1/sept/2025,1/sept/2025,1/sept/2030,VIGENTE
FEMENINO,VENADO TUERTO,RENOVACIÓN,"A.2.1, B.1",1/sept/2025,1/sept/2025,1/sept/2030,VIGENTE
MASCULINO,VENADO TUERTO,RENOVACIÓN,"A.3, E.1",1/sept/2025,1/sept/2025,1/ago/2026,VIGENTE
MASCULINO,VENADO TUERTO,RENOVACIÓN,"A.3, E.1, E.2, G.2",1/sept/2025,1/sept/2025,1/sept/2026,VIGENTE
MASCULINO,VENADO TUERTO,RENOVACIÓN,B.2,1/sept/2025,1/sept/2025,1/sept/2026,VIGENTE
MASCULINO,VENADO TUERTO,RENOVACIÓN,"A.3, B.2",1/sept/2025,1/sept/2025,1/sept/2030,VIGENTE
MASCULINO,VENADO TUERTO,RENOVACIÓN,E.1,1/sept/2025,1/sept/2025,1/sept/2026,VIGENTE
MASCULINO,VENADO TUERTO,RENOVACIÓN,B.2,1/sept/2025,1/sept/2025,1/sept/2028,VIGENTE
FEMENINO,VENADO TUERTO,RENOVACIÓN,B.2,1/sept/2025,1/sept/2025,1/sept/2030,VIGENTE
FEMENINO,VENADO TUERTO,RENOVACIÓN,B.1,1/sept/2025,1/sept/2025,1/sept/2030,VIGENTE
MASCULINO,VENADO TUERTO,DUPLICADO,"B.2, D.1",1/sept/2025,1/sept/2025,25/jul/2026,VIGENTE
FEMENINO,SAN EDUARDO,RENOVACIÓN,B.2,1/sept/2025,1/sept/2025,1/sept/2026,VIGENTE
MASCULINO,VENADO TUERTO,ORIGINAL,A.2.1,1/sept/2025,1/sept/2025,1/sept/2030,VIGENTE
MASCULINO,VENADO TUERTO,RENOVACIÓN,"A.2.1, B.2",1/sept/2025,1/sept/2025,1/sept/2026,VIGENTE
FEMENINO,VENADO TUERTO,RENOVACIÓN,"A.2.1, B.1",1/sept/2025,1/sept/2025,1/sept/2030,VIGENTE
MASCULINO,VENADO TUERTO,RENOVACIÓN CON AMPLIACIÓN,"A.2.1, B.1",1/sept/2025,1/sept/2025,1/sept/2030,VIGENTE
FEMENINO,VENADO TUERTO,RENOVACIÓN,B.2,1/sept/2025,1/sept/2025,1/sept/2030,VIGENTE
FEMENINO,VENADO TUERTO,RENOVACIÓN,A.2.1,1/sept/2025,1/sept/2025,1/sept/2030,VIGENTE
MASCULINO,VENADO TUERTO,RENOVACIÓN CON AMPLIACIÓN,"A.3, B.2",1/sept/2025,1/sept/2025,1/sept/2030,VIGENTE
MASCULINO,VENADO TUERTO,RENOVACIÓN,"A.3, B.2",1/sept/2025,1/sept/2025,1/sept/2026,VIGENTE
MASCULINO,VENADO TUERTO,ORIGINAL,"A.2.2, B.2, G.1",1/sept/2025,1/sept/2025,1/sept/2030,VIGENTE
MASCULINO,VENADO TUERTO,RENOVACIÓN,A.2.1,1/sept/2025,1/sept/2025,1/sept/2030,VIGENTE
FEMENINO,VENADO TUERTO,RENOVACIÓN,"A.2.1, B.2",1/sept/2025,1/sept/2025,1/sept/2030,VIGENTE
MASCULINO,VENADO TUERTO,RENOVACIÓN,B.2,1/sept/2025,1/sept/2025,1/sept/2030,VIGENTE
MASCULINO,VENADO TUERTO,RENOVACIÓN,A.2.1,1/sept/2025,1/sept/2025,1/sept/2030,VIGENTE
MASCULINO,VENADO TUERTO,RENOVACIÓN,B.2,1/sept/2025,1/sept/2025,1/sept/2030,NO VIGENTE
MASCULINO,VENADO TUERTO,RENOVACIÓN,"A.3, C",1/sept/2025,1/sept/2025,1/sept/2026,VIGENTE
FEMENINO,VENADO TUERTO,RENOVACIÓN,"A.2.1, B.1",1/sept/2025,1/sept/2025,1/sept/2030,VIGENTE
MASCULINO,VENADO TUERTO,RENOVACIÓN,"A.2.1, B.1",1/sept/2025,1/sept/2025,1/sept/2030,VIGENTE
MASCULINO,VENADO TUERTO,RENOVACIÓN,"A.2.1, B.2",1/sept/2025,1/sept/2025,1/sept/2026,VIGENTE
FEMENINO,VENADO TUERTO,RENOVACIÓN,"A.2.1, B.1",1/sept/2025,1/sept/2025,1/sept/2030,VIGENTE
MASCULINO,VENADO TUERTO,RENOVACIÓN,E.1,1/sept/2025,1/sept/2025,1/sept/2027,VIGENTE
FEMENINO,VENADO TUERTO,RENOVACIÓN,B.1,1/sept/2025,1/sept/2025,1/sept/2030,VIGENTE
FEMENINO,VENADO TUERTO,RENOVACIÓN,B.2,1/sept/2025,1/sept/2025,1/sept/2026,VIGENTE
MASCULINO,VENADO TUERTO,RENOVACIÓN,"A.2.1, E.1",1/sept/2025,1/sept/2025,1/mar/2026,VIGENTE
MASCULINO,VENADO TUERTO,RENOVACIÓN,B.2,1/sept/2025,1/sept/2025,1/sept/2030,VIGENTE
FEMENINO,VENADO TUERTO,RENOVACIÓN,B.1,1/sept/2025,1/sept/2025,1/sept/2030,VIGENTE
MASCULINO,VENADO TUERTO,RENOVACIÓN,B.2,1/sept/2025,1/sept/2025,1/sept/2026,VIGENTE
MASCULINO,VENADO TUERTO,RENOVACIÓN,"A.2.1, E.1",1/sept/2025,1/sept/2025,1/sept/2026,VIGENTE
MASCULINO,VENADO TUERTO,RENOVACIÓN,E.1,1/sept/2025,1/sept/2025,1/sept/2026,VIGENTE
MASCULINO,VENADO TUERTO,RENOVACIÓN,"A.2.1, E.1",1/sept/2025,1/sept/2025,1/sept/2026,VIGENTE
MASCULINO,VENADO TUERTO,RENOVACIÓN CON AMPLIACIÓN,"A.3, B.2",1/sept/2025,1/sept/2025,1/sept/2030,VIGENTE
MASCULINO,VENADO TUERTO,RENOVACIÓN,B.2,1/sept/2025,1/sept/2025,1/sept/2026,VIGENTE
MASCULINO,VENADO TUERTO,RENOVACIÓN,"A.3, B.2",1/sept/2025,1/sept/2025,1/sept/2026,VIGENTE
FEMENINO,VENADO TUERTO,RENOVACIÓN,B.2,1/sept/2025,1/sept/2025,1/sept/2030,VIGENTE
MASCULINO,VENADO TUERTO,RENOVACIÓN,"A.2.1, E.1",1/sept/2025,1/sept/2025,1/feb/2026,VIGENTE
MASCULINO,VENADO TUERTO,RENOVACIÓN,B.2,1/sept/2025,1/sept/2025,1/sept/2030,VIGENTE
FEMENINO,VENADO TUERTO,RENOVACIÓN,A.2.1,1/sept/2025,1/sept/2025,1/sept/2030,VIGENTE
FEMENINO,VENADO TUERTO,RENOVACIÓN,B.2,1/sept/2025,1/sept/2025,1/sept/2030,VIGENTE
FEMENINO,VENADO TUERTO,RENOVACIÓN,"A.2.1, B.2",1/sept/2025,1/sept/2025,1/sept/2030,VIGENTE
MASCULINO,VENADO TUERTO,ORIGINAL,A.2.1,1/sept/2025,1/sept/2025,1/sept/2026,VIGENTE
FEMENINO,VENADO TUERTO,ORIGINAL,B.1,2/sept/2025,15/abr/2025,2/sept/2030,VIGENTE
MASCULINO,VENADO TUERTO,RENOVACIÓN CON AMPLIACIÓN,"A.2.1, D.1",2/sept/2025,18/ago/2025,2/sept/2027,VIGENTE
FEMENINO,VENADO TUERTO,ORIGINAL,A.2.1,2/sept/2025,20/ago/2025,2/sept/2030,VIGENTE
FEMENINO,VENADO TUERTO,RENOVACIÓN CON AMPLIACIÓN,"A.2.1, B.2",2/sept/2025,21/ago/2025,2/sept/2030,VIGENTE
MASCULINO,VENADO TUERTO,RENOVACIÓN CON AMPLIACIÓN,"A.2.1, B.1",2/sept/2025,21/ago/2025,2/sept/2030,VIGENTE
MASCULINO,VENADO TUERTO,RENOVACIÓN CON AMPLIACIÓN,"A.2.1, B.1",2/sept/2025,21/ago/2025,2/sept/2030,VIGENTE
FEMENINO,VENADO TUERTO,ORIGINAL,A.2.1,2/sept/2025,22/ago/2025,2/sept/2030,VIGENTE
MASCULINO,VENADO TUERTO,RENOVACIÓN,B.1,2/sept/2025,22/ago/2025,2/sept/2028,VIGENTE
FEMENINO,VENADO TUERTO,RENOVACIÓN,B.2,2/sept/2025,28/ago/2025,2/sept/2026,VIGENTE
FEMENINO,VENADO TUERTO,ORIGINAL,"A.2.1, B.2",2/sept/2025,29/ago/2025,2/sept/2030,VIGENTE
MASCULINO,VENADO TUERTO,ORIGINAL,A.2.1,2/sept/2025,1/sept/2025,2/sept/2030,VIGENTE
MASCULINO,VENADO TUERTO,RENOVACIÓN,"A.2.1, B.2",2/sept/2025,2/sept/2025,2/sept/2030,VIGENTE
MASCULINO,VENADO TUERTO,RENOVACIÓN,"A.2.1, B.2",2/sept/2025,2/sept/2025,2/sept/2028,VIGENTE
FEMENINO,VENADO TUERTO,RENOVACIÓN,B.1,2/sept/2025,2/sept/2025,2/sept/2026,VIGENTE
FEMENINO,VENADO TUERTO,RENOVACIÓN CON AMPLIACIÓN,"A.2.1, B.2",2/sept/2025,2/sept/2025,2/sept/2030,VIGENTE
FEMENINO,VENADO TUERTO,RENOVACIÓN,A.2.1,2/sept/2025,2/sept/2025,2/sept/2030,VIGENTE
MASCULINO,VENADO TUERTO,RENOVACIÓN,"A.2.1, B.1",2/sept/2025,2/sept/2025,2/sept/2030,VIGENTE
FEMENINO,VENADO TUERTO,ORIGINAL,A.2.1,2/sept/2025,2/sept/2025,2/sept/2026,VIGENTE
MASCULINO,VENADO TUERTO,RENOVACIÓN,"B.1, G.1, G.2",2/sept/2025,2/sept/2025,2/sept/2030,VIGENTE
FEMENINO,VENADO TUERTO,RENOVACIÓN,"A.2.1, B.1",2/sept/2025,2/sept/2025,2/sept/2030,VIGENTE
MASCULINO,VENADO TUERTO,RENOVACIÓN,B.2,2/sept/2025,2/sept/2025,2/sept/2030,VIGENTE
MASCULINO,VENADO TUERTO,RENOVACIÓN,E.1,2/sept/2025,2/sept/2025,2/may/2026,VIGENTE
FEMENINO,VENADO TUERTO,RENOVACIÓN,B.2,2/sept/2025,2/sept/2025,2/sept/2026,VIGENTE
FEMENINO,VENADO TUERTO,RENOVACIÓN,A.2.1,2/sept/2025,2/sept/2025,2/sept/2030,VIGENTE
FEMENINO,VENADO TUERTO,RENOVACIÓN,"A.2.1, B.1",2/sept/2025,2/sept/2025,2/sept/2030,VIGENTE
MASCULINO,VENADO TUERTO,RENOVACIÓN,A.2.1,2/sept/2025,2/sept/2025,2/sept/2030,VIGENTE
MASCULINO,VENADO TUERTO,RENOVACIÓN,"A.3, E.1, G.1, G.2",2/sept/2025,2/sept/2025,2/mar/2026,VIGENTE
MASCULINO,VENADO TUERTO,ORIGINAL,B.1,2/sept/2025,2/sept/2025,2/sept/2026,VIGENTE
MASCULINO,VENADO TUERTO,RENOVACIÓN,"A.2.2, B.1",2/sept/2025,2/sept/2025,2/sept/2030,VIGENTE
MASCULINO,VENADO TUERTO,RENOVACIÓN CON AMPLIACIÓN,"A.2.1, B.1",2/sept/2025,2/sept/2025,2/sept/2030,VIGENTE
MASCULINO,VENADO TUERTO,RENOVACIÓN,"A.2.2, B.2",2/sept/2025,2/sept/2025,2/sept/2030,VIGENTE
FEMENINO,VENADO TUERTO,ORIGINAL,A.2.1,2/sept/2025,2/sept/2025,2/sept/2030,VIGENTE
MASCULINO,VENADO TUERTO,RENOVACIÓN,B.2,2/sept/2025,2/sept/2025,2/sept/2026,VIGENTE
MASCULINO,VENADO TUERTO,ORIGINAL,"A.2.1, B.2",2/sept/2025,2/sept/2025,2/sept/2030,VIGENTE
MASCULINO,VENADO TUERTO,RENOVACIÓN,B.2,2/sept/2025,2/sept/2025,2/sept/2030,VIGENTE
MASCULINO,VENADO TUERTO,ORIGINAL,A.2.1,2/sept/2025,2/sept/2025,2/sept/2030,VIGENTE
MASCULINO,VENADO TUERTO,ORIGINAL,B.2,2/sept/2025,2/sept/2025,2/sept/2030,VIGENTE
MASCULINO,VENADO TUERTO,RENOVACIÓN,B.2,2/sept/2025,2/sept/2025,2/sept/2026,VIGENTE
FEMENINO,VENADO TUERTO,RENOVACIÓN,B.1,2/sept/2025,2/sept/2025,2/sept/2028,VIGENTE
FEMENINO,VENADO TUERTO,RENOVACIÓN,B.2,2/sept/2025,2/sept/2025,2/sept/2026,VIGENTE
MASCULINO,VENADO TUERTO,RENOVACIÓN,"A.3, B.2, C",2/sept/2025,2/sept/2025,2/sept/2026,VIGENTE
MASCULINO,VENADO TUERTO,RENOVACIÓN,"A.2.2, B.1",2/sept/2025,2/sept/2025,2/sept/2030,VIGENTE
MASCULINO,VENADO TUERTO,RENOVACIÓN CON AMPLIACIÓN,"A.2.1, B.2",2/sept/2025,2/sept/2025,2/sept/2030,VIGENTE
FEMENINO,VENADO TUERTO,RENOVACIÓN CON AMPLIACIÓN,"A.2.1, B.2",2/sept/2025,2/sept/2025,2/sept/2030,VIGENTE
MASCULINO,VENADO TUERTO,ORIGINAL,"A.2.1, B.1",2/sept/2025,2/sept/2025,2/sept/2030,VIGENTE
MASCULINO,VENADO TUERTO,RENOVACIÓN,B.1,2/sept/2025,2/sept/2025,2/sept/2028,VIGENTE
MASCULINO,VENADO TUERTO,RENOVACIÓN,B.2,2/sept/2025,2/sept/2025,2/sept/2028,VIGENTE
FEMENINO,VENADO TUERTO,RENOVACIÓN,A.2.1,2/sept/2025,2/sept/2025,2/sept/2030,VIGENTE
MASCULINO,VENADO TUERTO,RENOVACIÓN,B.2,2/sept/2025,2/sept/2025,2/sept/2026,VIGENTE
FEMENINO,VENADO TUERTO,RENOVACIÓN,A.2.1,2/sept/2025,2/sept/2025,2/sept/2030,VIGENTE
FEMENINO,VENADO TUERTO,RENOVACIÓN,B.2,2/sept/2025,2/sept/2025,2/sept/2030,VIGENTE
FEMENINO,VENADO TUERTO,RENOVACIÓN,B.2,2/sept/2025,2/sept/2025,2/sept/2030,VIGENTE
FEMENINO,VENADO TUERTO,ORIGINAL,A.2.1,3/sept/2025,21/ago/2025,3/sept/2030,VIGENTE
MASCULINO,VENADO TUERTO,ORIGINAL,"A.2.1, B.2",3/sept/2025,22/ago/2025,3/sept/2030,VIGENTE
FEMENINO,VENADO TUERTO,RENOVACIÓN,B.2,3/sept/2025,3/sept/2025,3/sept/2026,VIGENTE
FEMENINO,VENADO TUERTO,RENOVACIÓN,"A.2.1, B.1",3/sept/2025,3/sept/2025,3/sept/2030,VIGENTE
MASCULINO,VENADO TUERTO,RENOVACIÓN,B.2,3/sept/2025,3/sept/2025,3/sept/2026,VIGENTE
MASCULINO,VENADO TUERTO,RENOVACIÓN,E.1,3/sept/2025,3/sept/2025,3/sept/2026,VIGENTE
MASCULINO,VENADO TUERTO,RENOVACIÓN,B.2,3/sept/2025,3/sept/2025,3/sept/2026,VIGENTE
FEMENINO,VENADO TUERTO,ORIGINAL,A.2.1,3/sept/2025,3/sept/2025,3/sept/2030,VIGENTE
MASCULINO,VENADO TUERTO,RENOVACIÓN,"A.2.2, B.2, D.1",3/sept/2025,3/sept/2025,3/sept/2027,VIGENTE
MASCULINO,VENADO TUERTO,RENOVACIÓN,"A.3, E.1, E.2",3/sept/2025,3/sept/2025,3/sept/2026,VIGENTE
FEMENINO,VENADO TUERTO,RENOVACIÓN,B.2,3/sept/2025,3/sept/2025,3/sept/2026,VIGENTE
FEMENINO,VENADO TUERTO,RENOVACIÓN,B.2,3/sept/2025,3/sept/2025,3/sept/2026,VIGENTE
FEMENINO,VENADO TUERTO,RENOVACIÓN,"A.2.1, D.1",3/sept/2025,3/sept/2025,3/sept/2027,VIGENTE
MASCULINO,VENADO TUERTO,RENOVACIÓN,E.1,3/sept/2025,3/sept/2025,3/sept/2026,VIGENTE
MASCULINO,VENADO TUERTO,RENOVACIÓN,"A.2.1, B.2",3/sept/2025,3/sept/2025,3/sept/2026,VIGENTE
FEMENINO,VENADO TUERTO,RENOVACIÓN,B.1,3/sept/2025,3/sept/2025,3/sept/2026,VIGENTE
MASCULINO,VENADO TUERTO,RENOVACIÓN,E.1,3/sept/2025,3/sept/2025,3/sept/2027,VIGENTE
MASCULINO,VENADO TUERTO,RENOVACIÓN CON AMPLIACIÓN,"A.3, B.2, D.3",3/sept/2025,3/sept/2025,3/sept/2027,VIGENTE
FEMENINO,VENADO TUERTO,RENOVACIÓN CON AMPLIACIÓN,"A.3, B.1",3/sept/2025,3/sept/2025,3/sept/2030,VIGENTE
FEMENINO,VENADO TUERTO,RENOVACIÓN,"A.2.1, B.2",3/sept/2025,3/sept/2025,3/sept/2028,VIGENTE
FEMENINO,VENADO TUERTO,RENOVACIÓN,"A.2.1, B.2",3/sept/2025,3/sept/2025,3/sept/2030,VIGENTE
FEMENINO,VENADO TUERTO,ORIGINAL,A.2.1,3/sept/2025,3/sept/2025,3/sept/2026,VIGENTE
MASCULINO,VENADO TUERTO,ORIGINAL,B.1,3/sept/2025,3/sept/2025,3/sept/2026,VIGENTE
FEMENINO,VENADO TUERTO,RENOVACIÓN,"A.2.1, B.1",3/sept/2025,3/sept/2025,3/sept/2030,VIGENTE
MASCULINO,VENADO TUERTO,RENOVACIÓN CON AMPLIACIÓN,"A.3, B.2",3/sept/2025,3/sept/2025,3/sept/2030,VIGENTE
FEMENINO,VENADO TUERTO,RENOVACIÓN CON AMPLIACIÓN,"A.3, B.2, D.3",3/sept/2025,3/sept/2025,3/sept/2027,VIGENTE
MASCULINO,VENADO TUERTO,RENOVACIÓN,"A.2.2, B.2",3/sept/2025,3/sept/2025,3/sept/2030,VIGENTE
MASCULINO,VENADO TUERTO,RENOVACIÓN,B.2,3/sept/2025,3/sept/2025,3/sept/2030,VIGENTE
MASCULINO,VENADO TUERTO,RENOVACIÓN,B.2,3/sept/2025,3/sept/2025,3/sept/2026,VIGENTE
MASCULINO,VENADO TUERTO,RENOVACIÓN,"A.2.1, D.1",3/sept/2025,3/sept/2025,3/sept/2026,VIGENTE
MASCULINO,VENADO TUERTO,RENOVACIÓN,A.2.2,3/sept/2025,3/sept/2025,3/sept/2030,VIGENTE
FEMENINO,VENADO TUERTO,RENOVACIÓN,B.1,3/sept/2025,3/sept/2025,3/sept/2030,VIGENTE
MASCULINO,VENADO TUERTO,ORIGINAL,"A.2.1, B.2",3/sept/2025,3/sept/2025,3/sept/2030,VIGENTE
MASCULINO,VENADO TUERTO,RENOVACIÓN,B.2,3/sept/2025,3/sept/2025,3/sept/2026,VIGENTE
MASCULINO,VENADO TUERTO,RENOVACIÓN,"A.2.2, E.1",3/sept/2025,3/sept/2025,3/sept/2026,VIGENTE
MASCULINO,VENADO TUERTO,RENOVACIÓN,"A.2.1, E.1",3/sept/2025,3/sept/2025,3/feb/2026,VIGENTE
FEMENINO,VENADO TUERTO,RENOVACIÓN,B.2,3/sept/2025,3/sept/2025,3/sept/2030,VIGENTE
FEMENINO,VENADO TUERTO,RENOVACIÓN,"A.2.1, B.1",3/sept/2025,3/sept/2025,3/sept/2030,VIGENTE
MASCULINO,VENADO TUERTO,RENOVACIÓN,"A.2.1, B.2",3/sept/2025,3/sept/2025,3/sept/2028,VIGENTE
MASCULINO,VENADO TUERTO,ORIGINAL,A.2.1,3/sept/2025,3/sept/2025,3/sept/2030,VIGENTE
FEMENINO,VENADO TUERTO,RENOVACIÓN,A.2.1,3/sept/2025,3/sept/2025,3/sept/2030,VIGENTE
MASCULINO,VENADO TUERTO,RENOVACIÓN,B.2,3/sept/2025,3/sept/2025,3/sept/2026,VIGENTE
MASCULINO,VENADO TUERTO,RENOVACIÓN,B.2,4/sept/2025,12/ago/2025,4/sept/2026,VIGENTE
MASCULINO,VENADO TUERTO,ORIGINAL,A.2.1,4/sept/2025,25/ago/2025,4/sept/2030,VIGENTE
FEMENINO,VENADO TUERTO,ORIGINAL,A.2.1,4/sept/2025,25/ago/2025,4/sept/2030,VIGENTE
FEMENINO,VENADO TUERTO,RENOVACIÓN CON AMPLIACIÓN,"A.2.1, B.1",4/sept/2025,25/ago/2025,4/sept/2030,VIGENTE
MASCULINO,VENADO TUERTO,RENOVACIÓN,E.1,4/sept/2025,2/sept/2025,4/sept/2026,VIGENTE
FEMENINO,VENADO TUERTO,RENOVACIÓN,B.2,4/sept/2025,2/sept/2025,4/sept/2026,VIGENTE
MASCULINO,VENADO TUERTO,RENOVACIÓN,"A.2.2, B.2",4/sept/2025,4/sept/2025,4/sept/2030,VIGENTE
MASCULINO,VENADO TUERTO,RENOVACIÓN CON AMPLIACIÓN,"A.2.2, B.2, G.1, G.2",4/sept/2025,4/sept/2025,4/sept/2030,VIGENTE
MASCULINO,VENADO TUERTO,ORIGINAL,A.2.1,4/sept/2025,4/sept/2025,4/sept/2026,VIGENTE
FEMENINO,VENADO TUERTO,RENOVACIÓN,"A.2.1, B.1",4/sept/2025,4/sept/2025,4/sept/2030,VIGENTE
FEMENINO,VENADO TUERTO,RENOVACIÓN,B.2,4/sept/2025,4/sept/2025,4/sept/2026,VIGENTE
FEMENINO,VENADO TUERTO,RENOVACIÓN,B.1,4/sept/2025,4/sept/2025,4/sept/2028,VIGENTE
FEMENINO,VENADO TUERTO,RENOVACIÓN,B.2,4/sept/2025,4/sept/2025,4/sept/2026,VIGENTE
FEMENINO,VENADO TUERTO,ORIGINAL,B.1,4/sept/2025,4/sept/2025,4/sept/2030,VIGENTE
MASCULINO,VENADO TUERTO,RENOVACIÓN,B.2,4/sept/2025,4/sept/2025,4/sept/2026,VIGENTE
MASCULINO,VENADO TUERTO,RENOVACIÓN,"A.2.1, E.1",4/sept/2025,4/sept/2025,4/sept/2027,VIGENTE
MASCULINO,VENADO TUERTO,RENOVACIÓN,E.1,4/sept/2025,4/sept/2025,4/sept/2026,VIGENTE
MASCULINO,VENADO TUERTO,RENOVACIÓN,A.2.1,4/sept/2025,4/sept/2025,4/sept/2030,VIGENTE
MASCULINO,VENADO TUERTO,RENOVACIÓN,B.2,4/sept/2025,4/sept/2025,4/sept/2026,VIGENTE
MASCULINO,VENADO TUERTO,RENOVACIÓN,A.2.1,4/sept/2025,4/sept/2025,4/sept/2030,VIGENTE
MASCULINO,VENADO TUERTO,RENOVACIÓN,"A.2.1, B.2",4/sept/2025,4/sept/2025,4/sept/2026,VIGENTE
MASCULINO,VENADO TUERTO,ORIGINAL,"A.2.1, B.2",4/sept/2025,4/sept/2025,4/sept/2030,VIGENTE
MASCULINO,VENADO TUERTO,RENOVACIÓN CON AMPLIACIÓN,"A.2.1, E.1",4/sept/2025,4/sept/2025,4/ago/2027,VIGENTE
MASCULINO,VENADO TUERTO,RENOVACIÓN,"A.3, E.1",4/sept/2025,4/sept/2025,4/sept/2026,VIGENTE
FEMENINO,VENADO TUERTO,RENOVACIÓN,"A.2.1, B.1",4/sept/2025,4/sept/2025,4/sept/2030,VIGENTE
MASCULINO,VENADO TUERTO,RENOVACIÓN,B.2,4/sept/2025,4/sept/2025,4/sept/2026,VIGENTE
MASCULINO,VENADO TUERTO,RENOVACIÓN,"A.2.2, B.2, C, G.1, G.2",4/sept/2025,4/sept/2025,4/sept/2026,VIGENTE
MASCULINO,VENADO TUERTO,RENOVACIÓN,"A.2.2, E.1",4/sept/2025,4/sept/2025,4/mar/2026,VIGENTE
MASCULINO,VENADO TUERTO,RENOVACIÓN,"A.2.1, B.1",4/sept/2025,4/sept/2025,4/sept/2030,VIGENTE
MASCULINO,VENADO TUERTO,RENOVACIÓN,B.2,4/sept/2025,4/sept/2025,4/sept/2030,VIGENTE
MASCULINO,VENADO TUERTO,RENOVACIÓN,B.2,4/sept/2025,4/sept/2025,4/sept/2030,VIGENTE
FEMENINO,VENADO TUERTO,ORIGINAL,A.2.1,4/sept/2025,4/sept/2025,4/sept/2026,VIGENTE
FEMENINO,VENADO TUERTO,ORIGINAL,B.1,4/sept/2025,4/sept/2025,4/sept/2030,VIGENTE
FEMENINO,VENADO TUERTO,RENOVACIÓN,B.1,4/sept/2025,4/sept/2025,4/sept/2030,VIGENTE
FEMENINO,VENADO TUERTO,RENOVACIÓN,"A.2.2, B.2",4/sept/2025,4/sept/2025,4/sept/2030,VIGENTE
MASCULINO,VENADO TUERTO,RENOVACIÓN CON AMPLIACIÓN,A.2.2,4/sept/2025,4/sept/2025,4/sept/2030,VIGENTE
FEMENINO,VENADO TUERTO,RENOVACIÓN,"A.2.1, B.1",4/sept/2025,4/sept/2025,4/sept/2030,VIGENTE
MASCULINO,VENADO TUERTO,RENOVACIÓN,"A.2.1, B.1",4/sept/2025,4/sept/2025,4/sept/2030,VIGENTE
MASCULINO,VENADO TUERTO,RENOVACIÓN CON AMPLIACIÓN,"A.2.2, B.2",4/sept/2025,4/sept/2025,4/sept/2030,VIGENTE
MASCULINO,VENADO TUERTO,RENOVACIÓN CON AMPLIACIÓN,E.1,4/sept/2025,4/sept/2025,4/sept/2026,VIGENTE
FEMENINO,VENADO TUERTO,ORIGINAL,A.2.1,4/sept/2025,4/sept/2025,4/sept/2030,VIGENTE
MASCULINO,VENADO TUERTO,RENOVACIÓN,"A.3, D.1, D.3, E.1, E.2, G.1, G.2",4/sept/2025,4/sept/2025,4/sept/2027,VIGENTE
MASCULINO,VENADO TUERTO,RENOVACIÓN,"A.2.2, B.2",4/sept/2025,4/sept/2025,4/sept/2030,VIGENTE
MASCULINO,VENADO TUERTO,ORIGINAL,B.1,4/sept/2025,4/sept/2025,4/sept/2030,VIGENTE
MASCULINO,VENADO TUERTO,RENOVACIÓN,"A.2.1, B.2, G.1, G.2",4/sept/2025,4/sept/2025,4/sept/2030,VIGENTE
MASCULINO,VENADO TUERTO,RENOVACIÓN,"A.2.1, B.2",4/sept/2025,4/sept/2025,4/sept/2030,VIGENTE
MASCULINO,VENADO TUERTO,RENOVACIÓN,A.2.1,4/sept/2025,4/sept/2025,4/sept/2030,VIGENTE
FEMENINO,VENADO TUERTO,RENOVACIÓN,B.1,4/sept/2025,4/sept/2025,4/sept/2030,VIGENTE
MASCULINO,VENADO TUERTO,RENOVACIÓN,B.2,4/sept/2025,4/sept/2025,4/sept/2026,VIGENTE
MASCULINO,VENADO TUERTO,RENOVACIÓN,"A.2.1, B.2",4/sept/2025,4/sept/2025,4/sept/2030,VIGENTE
FEMENINO,VENADO TUERTO,ORIGINAL,A.2.1,4/sept/2025,4/sept/2025,4/sept/2030,VIGENTE
FEMENINO,VENADO TUERTO,RENOVACIÓN,"A.2.1, B.1",4/sept/2025,4/sept/2025,4/sept/2028,VIGENTE
FEMENINO,VENADO TUERTO,RENOVACIÓN CON AMPLIACIÓN,"A.3, B.1",4/sept/2025,4/sept/2025,4/sept/2030,VIGENTE
FEMENINO,VENADO TUERTO,RENOVACIÓN,"A.2.1, B.1",4/sept/2025,4/sept/2025,4/sept/2030,VIGENTE
MASCULINO,VENADO TUERTO,RENOVACIÓN,B.1,4/sept/2025,4/sept/2025,4/sept/2026,VIGENTE
FEMENINO,VENADO TUERTO,RENOVACIÓN,B.2,4/sept/2025,4/sept/2025,4/sept/2026,VIGENTE
FEMENINO,SAN EDUARDO,ORIGINAL,"A.2.2, B.1",4/sept/2025,4/sept/2025,4/sept/2030,VIGENTE
FEMENINO,VENADO TUERTO,RENOVACIÓN CON AMPLIACIÓN,"A.2.1, B.1",4/sept/2025,4/sept/2025,4/sept/2030,VIGENTE
FEMENINO,SAN EDUARDO,RENOVACIÓN,B.1,4/sept/2025,4/sept/2025,4/sept/2026,VIGENTE
FEMENINO,VENADO TUERTO,ORIGINAL,A.2.1,4/sept/2025,4/sept/2025,4/sept/2026,VIGENTE
FEMENINO,VENADO TUERTO,RENOVACIÓN,B.1,4/sept/2025,4/sept/2025,4/sept/2030,VIGENTE
MASCULINO,VENADO TUERTO,RENOVACIÓN,E.1,4/sept/2025,4/sept/2025,4/ago/2027,VIGENTE
FEMENINO,VENADO TUERTO,ORIGINAL,A.2.1,5/sept/2025,17/feb/2025,5/sept/2026,VIGENTE
FEMENINO,VENADO TUERTO,ORIGINAL,A.2.1,5/sept/2025,26/ago/2025,5/sept/2026,VIGENTE
MASCULINO,VENADO TUERTO,ORIGINAL,A.2.1,5/sept/2025,3/sept/2025,5/sept/2030,VIGENTE
FEMENINO,VENADO TUERTO,ORIGINAL,"A.2.1, B.1",5/sept/2025,4/sept/2025,5/sept/2030,VIGENTE
FEMENINO,VENADO TUERTO,RENOVACIÓN,B.2,5/sept/2025,5/sept/2025,5/sept/2026,VIGENTE
MASCULINO,VENADO TUERTO,RENOVACIÓN,"D.1, D.3, E.1",5/sept/2025,5/sept/2025,5/sept/2026,VIGENTE
MASCULINO,VENADO TUERTO,ORIGINAL,A.2.1,5/sept/2025,5/sept/2025,5/sept/2026,VIGENTE
MASCULINO,VENADO TUERTO,RENOVACIÓN,A.2.1,5/sept/2025,5/sept/2025,5/sept/2028,VIGENTE
MASCULINO,VENADO TUERTO,RENOVACIÓN,"A.2.1, E.1",5/sept/2025,5/sept/2025,5/ago/2026,VIGENTE
FEMENINO,VENADO TUERTO,RENOVACIÓN,B.2,5/sept/2025,5/sept/2025,5/sept/2030,VIGENTE
MASCULINO,VENADO TUERTO,RENOVACIÓN,C,5/sept/2025,5/sept/2025,5/sept/2026,VIGENTE
FEMENINO,VENADO TUERTO,RENOVACIÓN,"A.2.1, B.2",5/sept/2025,5/sept/2025,5/sept/2030,VIGENTE
MASCULINO,VENADO TUERTO,RENOVACIÓN,"A.3, E.1",5/sept/2025,5/sept/2025,5/sept/2027,VIGENTE
FEMENINO,VENADO TUERTO,RENOVACIÓN,B.2,5/sept/2025,5/sept/2025,5/sept/2030,VIGENTE
MASCULINO,VENADO TUERTO,RENOVACIÓN,"B.2, C",5/sept/2025,5/sept/2025,5/sept/2027,VIGENTE
FEMENINO,VENADO TUERTO,ORIGINAL,B.1,5/sept/2025,5/sept/2025,5/sept/2026,VIGENTE
MASCULINO,VENADO TUERTO,RENOVACIÓN,"A.3, B.2",5/sept/2025,5/sept/2025,5/sept/2030,VIGENTE
FEMENINO,VENADO TUERTO,ORIGINAL,B.1,5/sept/2025,5/sept/2025,5/sept/2030,VIGENTE
MASCULINO,VENADO TUERTO,ORIGINAL,A.2.1,5/sept/2025,5/sept/2025,5/sept/2030,VIGENTE
MASCULINO,VENADO TUERTO,RENOVACIÓN,"A.2.1, E.1",5/sept/2025,5/sept/2025,5/sept/2027,VIGENTE
MASCULINO,VENADO TUERTO,RENOVACIÓN,"A.2.1, B.2",5/sept/2025,5/sept/2025,5/sept/2030,VIGENTE
MASCULINO,VENADO TUERTO,RENOVACIÓN,E.1,5/sept/2025,5/sept/2025,5/sept/2026,VIGENTE
MASCULINO,VENADO TUERTO,RENOVACIÓN,B.1,5/sept/2025,5/sept/2025,5/sept/2028,VIGENTE
FEMENINO,VENADO TUERTO,RENOVACIÓN,B.2,5/sept/2025,5/sept/2025,5/sept/2026,VIGENTE
MASCULINO,VENADO TUERTO,RENOVACIÓN,"A.2.1, B.2",5/sept/2025,5/sept/2025,5/sept/2030,VIGENTE
MASCULINO,VENADO TUERTO,RENOVACIÓN,"A.2.1, B.1",5/sept/2025,5/sept/2025,5/sept/2028,VIGENTE
FEMENINO,VENADO TUERTO,ORIGINAL,A.2.1,5/sept/2025,5/sept/2025,5/sept/2026,VIGENTE
FEMENINO,VENADO TUERTO,RENOVACIÓN,A.2.1,5/sept/2025,5/sept/2025,5/sept/2028,VIGENTE
FEMENINO,VENADO TUERTO,ORIGINAL,A.2.1,5/sept/2025,5/sept/2025,5/sept/2030,VIGENTE
FEMENINO,VENADO TUERTO,RENOVACIÓN,"A.2.1, B.2",5/sept/2025,5/sept/2025,5/sept/2030,VIGENTE
MASCULINO,VENADO TUERTO,RENOVACIÓN,B.1,5/sept/2025,5/sept/2025,5/sept/2026,VIGENTE
MASCULINO,VENADO TUERTO,ORIGINAL,"A.2.2, B.2",5/sept/2025,5/sept/2025,5/sept/2030,VIGENTE
MASCULINO,VENADO TUERTO,RENOVACIÓN,B.2,5/sept/2025,5/sept/2025,5/sept/2030,VIGENTE
FEMENINO,VENADO TUERTO,ORIGINAL,"A.2.1, B.1",5/sept/2025,5/sept/2025,5/sept/2030,VIGENTE
FEMENINO,VENADO TUERTO,RENOVACIÓN,A.2.1,5/sept/2025,5/sept/2025,5/sept/2030,VIGENTE
MASCULINO,VENADO TUERTO,RENOVACIÓN,B.2,5/sept/2025,5/sept/2025,5/sept/2026,VIGENTE
MASCULINO,VENADO TUERTO,RENOVACIÓN CON AMPLIACIÓN,"A.2.2, B.2, D.3",5/sept/2025,5/sept/2025,5/sept/2027,VIGENTE
MASCULINO,VENADO TUERTO,RENOVACIÓN CON AMPLIACIÓN,"A.2.1, E.1",5/sept/2025,5/sept/2025,5/sept/2027,VIGENTE
MASCULINO,VENADO TUERTO,RENOVACIÓN,"A.2.1, B.1",5/sept/2025,5/sept/2025,5/sept/2030,VIGENTE
MASCULINO,VENADO TUERTO,RENOVACIÓN CON AMPLIACIÓN,"A.3, B.2",5/sept/2025,5/sept/2025,5/sept/2030,VIGENTE
MASCULINO,VENADO TUERTO,RENOVACIÓN,B.2,5/sept/2025,5/sept/2025,5/sept/2026,VIGENTE
MASCULINO,VENADO TUERTO,RENOVACIÓN,"A.2.1, B.2, G.1, G.2",5/sept/2025,5/sept/2025,5/sept/2030,VIGENTE
FEMENINO,VENADO TUERTO,RENOVACIÓN,B.2,5/sept/2025,5/sept/2025,5/sept/2026,VIGENTE
MASCULINO,VENADO TUERTO,DUPLICADO,"A.3, B.2",5/sept/2025,5/sept/2025,18/jul/2026,VIGENTE
MASCULINO,VENADO TUERTO,RENOVACIÓN,E.1,5/sept/2025,5/sept/2025,5/sept/2026,VIGENTE
MASCULINO,VENADO TUERTO,RENOVACIÓN,"A.2.1, D.1, D.3, E.1",5/sept/2025,5/sept/2025,5/sept/2026,VIGENTE
MASCULINO,VENADO TUERTO,RENOVACIÓN,"A.2.1, C",5/sept/2025,5/sept/2025,5/sept/2027,VIGENTE
MASCULINO,VENADO TUERTO,RENOVACIÓN,B.2,5/sept/2025,5/sept/2025,5/sept/2030,VIGENTE
FEMENINO,VENADO TUERTO,RENOVACIÓN CON AMPLIACIÓN,"A.2.1, B.1",5/sept/2025,5/sept/2025,5/sept/2030,VIGENTE
MASCULINO,VENADO TUERTO,RENOVACIÓN,"A.2.1, B.2",5/sept/2025,5/sept/2025,5/sept/2026,VIGENTE
FEMENINO,VENADO TUERTO,RENOVACIÓN,"A.2.1, B.1",5/sept/2025,5/sept/2025,5/sept/2030,VIGENTE
MASCULINO,VENADO TUERTO,DUPLICADO,"A.2.1, B.1",5/sept/2025,5/sept/2025,9/sept/2029,VIGENTE
MASCULINO,VENADO TUERTO,RENOVACIÓN,"A.2.1, B.2, C, E.2",5/sept/2025,5/sept/2025,5/sept/2026,VIGENTE
MASCULINO,SAN EDUARDO,RENOVACIÓN,B.1,5/sept/2025,5/sept/2025,5/sept/2028,VIGENTE
MASCULINO,VENADO TUERTO,ORIGINAL,"A.2.1, B.2",5/sept/2025,5/sept/2025,5/sept/2030,VIGENTE
FEMENINO,VENADO TUERTO,ORIGINAL,A.2.1,8/sept/2025,26/ago/2025,8/sept/2030,VIGENTE
FEMENINO,VENADO TUERTO,ORIGINAL,A.2.1,8/sept/2025,2/sept/2025,8/sept/2026,VIGENTE
MASCULINO,VENADO TUERTO,ORIGINAL,A.2.1,8/sept/2025,3/sept/2025,8/sept/2026,VIGENTE
MASCULINO,VENADO TUERTO,ORIGINAL,A.2.1,8/sept/2025,5/sept/2025,8/sept/2026,VIGENTE
MASCULINO,VENADO TUERTO,RENOVACIÓN,"A.2.2, B.2",8/sept/2025,5/sept/2025,8/sept/2030,VIGENTE
MASCULINO,VENADO TUERTO,RENOVACIÓN,"A.2.1, B.2, D.1, D.3",8/sept/2025,5/sept/2025,8/sept/2026,VIGENTE
MASCULINO,VENADO TUERTO,RENOVACIÓN,A.2.1,8/sept/2025,8/sept/2025,8/sept/2030,VIGENTE
MASCULINO,VENADO TUERTO,RENOVACIÓN,B.2,8/sept/2025,8/sept/2025,8/sept/2030,VIGENTE
FEMENINO,VENADO TUERTO,RENOVACIÓN,B.1,8/sept/2025,8/sept/2025,8/sept/2030,VIGENTE
FEMENINO,VENADO TUERTO,RENOVACIÓN,B.1,8/sept/2025,8/sept/2025,8/sept/2030,VIGENTE
MASCULINO,VENADO TUERTO,RENOVACIÓN,A.2.1,8/sept/2025,8/sept/2025,8/sept/2030,VIGENTE
FEMENINO,VENADO TUERTO,RENOVACIÓN,B.2,8/sept/2025,8/sept/2025,8/sept/2030,VIGENTE
MASCULINO,VENADO TUERTO,RENOVACIÓN,"A.2.1, E.1",8/sept/2025,8/sept/2025,8/ene/2026,VIGENTE
FEMENINO,VENADO TUERTO,RENOVACIÓN,"A.2.1, B.1",8/sept/2025,8/sept/2025,8/sept/2030,VIGENTE
MASCULINO,VENADO TUERTO,RENOVACIÓN,E.1,8/sept/2025,8/sept/2025,8/ago/2026,VIGENTE
FEMENINO,VENADO TUERTO,ORIGINAL,B.1,8/sept/2025,8/sept/2025,8/sept/2030,VIGENTE
FEMENINO,VENADO TUERTO,RENOVACIÓN CON AMPLIACIÓN,A.3,8/sept/2025,8/sept/2025,8/sept/2030,VIGENTE
MASCULINO,VENADO TUERTO,RENOVACIÓN,"A.2.1, B.2",8/sept/2025,8/sept/2025,8/sept/2030,VIGENTE
MASCULINO,VENADO TUERTO,RENOVACIÓN,"A.3, B.2",8/sept/2025,8/sept/2025,8/sept/2030,VIGENTE
MASCULINO,VENADO TUERTO,RENOVACIÓN,B.2,8/sept/2025,8/sept/2025,8/sept/2026,VIGENTE
MASCULINO,VENADO TUERTO,RENOVACIÓN,"A.2.1, B.2",8/sept/2025,8/sept/2025,8/sept/2026,VIGENTE
FEMENINO,VENADO TUERTO,RENOVACIÓN,B.1,8/sept/2025,8/sept/2025,8/sept/2030,VIGENTE
FEMENINO,VENADO TUERTO,RENOVACIÓN,B.2,8/sept/2025,8/sept/2025,8/sept/2026,VIGENTE
FEMENINO,VENADO TUERTO,RENOVACIÓN,"A.2.1, B.2",8/sept/2025,8/sept/2025,8/sept/2030,VIGENTE
FEMENINO,VENADO TUERTO,RENOVACIÓN,A.2.1,8/sept/2025,8/sept/2025,8/sept/2030,VIGENTE
MASCULINO,VENADO TUERTO,RENOVACIÓN,"A.2.1, B.2",8/sept/2025,8/sept/2025,8/sept/2030,VIGENTE
MASCULINO,VENADO TUERTO,RENOVACIÓN,"A.2.1, B.1",8/sept/2025,8/sept/2025,8/sept/2028,VIGENTE
MASCULINO,VENADO TUERTO,RENOVACIÓN,"A.3, D.3, E.1, E.2",8/sept/2025,8/sept/2025,8/sept/2027,VIGENTE
FEMENINO,VENADO TUERTO,RENOVACIÓN,B.2,8/sept/2025,8/sept/2025,8/sept/2026,VIGENTE
MASCULINO,VENADO TUERTO,RENOVACIÓN,E.1,8/sept/2025,8/sept/2025,8/sept/2026,VIGENTE
MASCULINO,VENADO TUERTO,RENOVACIÓN,B.1,8/sept/2025,8/sept/2025,8/sept/2026,VIGENTE
FEMENINO,VENADO TUERTO,ORIGINAL,A.2.1,8/sept/2025,8/sept/2025,8/sept/2030,VIGENTE
MASCULINO,VENADO TUERTO,RENOVACIÓN,"A.2.1, B.2, G.1",8/sept/2025,8/sept/2025,8/sept/2030,VIGENTE
MASCULINO,VENADO TUERTO,ORIGINAL,A.2.1,8/sept/2025,8/sept/2025,8/sept/2026,VIGENTE
MASCULINO,VENADO TUERTO,RENOVACIÓN,B.2,8/sept/2025,8/sept/2025,8/sept/2026,VIGENTE
MASCULINO,VENADO TUERTO,RENOVACIÓN,"A.2.1, B.1",8/sept/2025,8/sept/2025,8/sept/2030,VIGENTE
MASCULINO,VENADO TUERTO,RENOVACIÓN,B.2,8/sept/2025,8/sept/2025,8/sept/2026,VIGENTE
FEMENINO,VENADO TUERTO,RENOVACIÓN,B.2,8/sept/2025,8/sept/2025,8/sept/2026,VIGENTE
MASCULINO,VENADO TUERTO,RENOVACIÓN,B.2,8/sept/2025,8/sept/2025,8/sept/2030,VIGENTE
MASCULINO,VENADO TUERTO,RENOVACIÓN,A.2.1,8/sept/2025,8/sept/2025,8/sept/2028,VIGENTE
MASCULINO,VENADO TUERTO,RENOVACIÓN,"A.2.2, B.2, C",8/sept/2025,8/sept/2025,8/sept/2026,VIGENTE
MASCULINO,VENADO TUERTO,RENOVACIÓN,B.2,8/sept/2025,8/sept/2025,8/sept/2026,VIGENTE
MASCULINO,VENADO TUERTO,RENOVACIÓN CON AMPLIACIÓN,"A.2.2, B.2",8/sept/2025,8/sept/2025,8/sept/2028,VIGENTE
MASCULINO,VENADO TUERTO,DUPLICADO,A.2.2,8/sept/2025,8/sept/2025,17/jun/2030,VIGENTE
FEMENINO,VENADO TUERTO,ORIGINAL,A.2.1,9/sept/2025,16/jul/2025,9/sept/2030,VIGENTE
FEMENINO,VENADO TUERTO,ORIGINAL,"A.2.1, B.1",9/sept/2025,18/ago/2025,9/sept/2030,VIGENTE
MASCULINO,VENADO TUERTO,ORIGINAL,A.2.1,9/sept/2025,26/ago/2025,9/sept/2026,VIGENTE
MASCULINO,VENADO TUERTO,ORIGINAL,A.2.1,9/sept/2025,2/sept/2025,9/sept/2030,VIGENTE
MASCULINO,VENADO TUERTO,RENOVACIÓN,"A.2.1, E.1, G.1, G.2",9/sept/2025,4/sept/2025,9/sept/2026,VIGENTE
MASCULINO,VENADO TUERTO,RENOVACIÓN CON AMPLIACIÓN,"A.2.2, B.2",9/sept/2025,8/sept/2025,9/sept/2030,VIGENTE
MASCULINO,VENADO TUERTO,RENOVACIÓN CON AMPLIACIÓN,"A.2.1, B.2, D.1",9/sept/2025,8/sept/2025,9/sept/2027,VIGENTE
FEMENINO,VENADO TUERTO,RENOVACIÓN,A.2.1,9/sept/2025,9/sept/2025,9/sept/2030,VIGENTE
MASCULINO,VENADO TUERTO,RENOVACIÓN,A.2.1,9/sept/2025,9/sept/2025,9/sept/2030,VIGENTE
MASCULINO,VENADO TUERTO,RENOVACIÓN,B.1,9/sept/2025,9/sept/2025,9/sept/2026,VIGENTE
MASCULINO,VENADO TUERTO,DUPLICADO,"A.2.1, B.1",9/sept/2025,9/sept/2025,28/feb/2030,VIGENTE
MASCULINO,VENADO TUERTO,RENOVACIÓN,B.1,9/sept/2025,9/sept/2025,9/sept/2028,VIGENTE
FEMENINO,VENADO TUERTO,RENOVACIÓN,B.1,9/sept/2025,9/sept/2025,9/sept/2030,VIGENTE
MASCULINO,VENADO TUERTO,RENOVACIÓN,B.2,9/sept/2025,9/sept/2025,9/sept/2026,VIGENTE
FEMENINO,VENADO TUERTO,RENOVACIÓN,"A.2.1, B.2",9/sept/2025,9/sept/2025,9/sept/2030,VIGENTE
FEMENINO,VENADO TUERTO,RENOVACIÓN,B.2,9/sept/2025,9/sept/2025,9/sept/2030,VIGENTE
MASCULINO,VENADO TUERTO,RENOVACIÓN,B.2,9/sept/2025,9/sept/2025,9/sept/2030,VIGENTE
FEMENINO,VENADO TUERTO,RENOVACIÓN,B.1,9/sept/2025,9/sept/2025,9/sept/2030,VIGENTE
MASCULINO,VENADO TUERTO,RENOVACIÓN CON AMPLIACIÓN,"A.2.1, B.2",9/sept/2025,9/sept/2025,9/sept/2030,VIGENTE
FEMENINO,VENADO TUERTO,RENOVACIÓN,"A.2.1, B.1",9/sept/2025,9/sept/2025,9/sept/2030,VIGENTE
FEMENINO,VENADO TUERTO,RENOVACIÓN,A.2.1,9/sept/2025,9/sept/2025,9/sept/2030,VIGENTE
MASCULINO,VENADO TUERTO,RENOVACIÓN,B.1,9/sept/2025,9/sept/2025,9/sept/2026,VIGENTE
FEMENINO,VENADO TUERTO,RENOVACIÓN,B.2,9/sept/2025,9/sept/2025,9/sept/2026,VIGENTE
FEMENINO,VENADO TUERTO,RENOVACIÓN,"A.2.1, B.1",9/sept/2025,9/sept/2025,9/sept/2026,VIGENTE
FEMENINO,VENADO TUERTO,RENOVACIÓN,B.2,9/sept/2025,9/sept/2025,9/sept/2026,VIGENTE
MASCULINO,VENADO TUERTO,RENOVACIÓN,"A.2.1, B.2",9/sept/2025,9/sept/2025,9/sept/2030,VIGENTE
FEMENINO,VENADO TUERTO,RENOVACIÓN CON AMPLIACIÓN,"A.2.1, B.2",9/sept/2025,9/sept/2025,9/sept/2030,VIGENTE
MASCULINO,VENADO TUERTO,RENOVACIÓN,"A.3, D.1, D.3, E.1",9/sept/2025,9/sept/2025,9/sept/2027,VIGENTE
FEMENINO,VENADO TUERTO,RENOVACIÓN,"A.2.1, B.2, D.1",9/sept/2025,9/sept/2025,9/sept/2026,VIGENTE
MASCULINO,VENADO TUERTO,RENOVACIÓN,"A.2.1, E.1",9/sept/2025,9/sept/2025,9/sept/2027,VIGENTE
MASCULINO,VENADO TUERTO,RENOVACIÓN,"A.3, B.2, C, G.1",9/sept/2025,9/sept/2025,9/sept/2027,VIGENTE
MASCULINO,VENADO TUERTO,RENOVACIÓN,B.2,9/sept/2025,9/sept/2025,9/sept/2026,VIGENTE
MASCULINO,VENADO TUERTO,RENOVACIÓN,"B.2, C, E.2",9/sept/2025,9/sept/2025,9/sept/2027,VIGENTE
FEMENINO,VENADO TUERTO,RENOVACIÓN CON AMPLIACIÓN,"A.2.1, B.1",9/sept/2025,9/sept/2025,9/sept/2030,VIGENTE
MASCULINO,VENADO TUERTO,RENOVACIÓN,"A.2.2, B.1",9/sept/2025,9/sept/2025,9/sept/2030,VIGENTE
FEMENINO,VENADO TUERTO,RENOVACIÓN,B.2,9/sept/2025,9/sept/2025,9/sept/2030,VIGENTE
MASCULINO,VENADO TUERTO,ORIGINAL,"A.2.2, B.1",9/sept/2025,9/sept/2025,9/sept/2030,VIGENTE
MASCULINO,VENADO TUERTO,RENOVACIÓN,B.2,9/sept/2025,9/sept/2025,9/sept/2026,VIGENTE
MASCULINO,VENADO TUERTO,RENOVACIÓN CON AMPLIACIÓN,"A.2.1, B.1",10/sept/2025,28/ago/2025,10/sept/2030,VIGENTE
FEMENINO,VENADO TUERTO,RENOVACIÓN,A.2.1,10/sept/2025,9/sept/2025,10/sept/2030,VIGENTE
MASCULINO,VENADO TUERTO,RENOVACIÓN,B.2,10/sept/2025,10/sept/2025,10/sept/2028,VIGENTE
MASCULINO,VENADO TUERTO,RENOVACIÓN,B.2,10/sept/2025,10/sept/2025,10/sept/2026,VIGENTE
MASCULINO,VENADO TUERTO,RENOVACIÓN,B.2,10/sept/2025,10/sept/2025,10/sept/2026,VIGENTE
FEMENINO,VENADO TUERTO,RENOVACIÓN,"A.2.1, B.1",10/sept/2025,10/sept/2025,10/sept/2030,VIGENTE
MASCULINO,VENADO TUERTO,RENOVACIÓN,"A.3, E.1",10/sept/2025,10/sept/2025,10/jun/2026,VIGENTE
MASCULINO,VENADO TUERTO,RENOVACIÓN,B.2,10/sept/2025,10/sept/2025,10/sept/2028,VIGENTE
MASCULINO,VENADO TUERTO,RENOVACIÓN,"B.2, C",10/sept/2025,10/sept/2025,10/sept/2026,VIGENTE
MASCULINO,VENADO TUERTO,RENOVACIÓN,"A.2.1, B.1",10/sept/2025,10/sept/2025,10/sept/2028,VIGENTE
MASCULINO,VENADO TUERTO,ORIGINAL,B.1,10/sept/2025,10/sept/2025,10/sept/2030,VIGENTE
MASCULINO,VENADO TUERTO,RENOVACIÓN,B.2,10/sept/2025,10/sept/2025,10/sept/2028,VIGENTE
MASCULINO,VENADO TUERTO,RENOVACIÓN,"A.2.2, D.3, E.1",10/sept/2025,10/sept/2025,10/sept/2026,VIGENTE
FEMENINO,VENADO TUERTO,RENOVACIÓN,A.2.1,10/sept/2025,10/sept/2025,10/sept/2030,VIGENTE
MASCULINO,VENADO TUERTO,RENOVACIÓN CON AMPLIACIÓN,"A.2.2, B.2",10/sept/2025,10/sept/2025,10/sept/2030,VIGENTE
FEMENINO,VENADO TUERTO,RENOVACIÓN,"A.2.1, B.2",10/sept/2025,10/sept/2025,10/sept/2030,VIGENTE
FEMENINO,VENADO TUERTO,RENOVACIÓN,"A.2.1, B.2",10/sept/2025,10/sept/2025,10/sept/2030,VIGENTE
FEMENINO,VENADO TUERTO,RENOVACIÓN,A.2.1,10/sept/2025,10/sept/2025,10/sept/2030,VIGENTE
FEMENINO,VENADO TUERTO,RENOVACIÓN CON AMPLIACIÓN,"A.2.1, B.1",10/sept/2025,10/sept/2025,10/sept/2030,VIGENTE
FEMENINO,VENADO TUERTO,RENOVACIÓN,"A.2.1, B.1",10/sept/2025,10/sept/2025,10/sept/2030,VIGENTE
FEMENINO,VENADO TUERTO,RENOVACIÓN,A.2.1,10/sept/2025,10/sept/2025,10/sept/2030,VIGENTE
MASCULINO,VENADO TUERTO,RENOVACIÓN,A.2.1,10/sept/2025,10/sept/2025,10/sept/2030,VIGENTE
MASCULINO,VENADO TUERTO,RENOVACIÓN,"B.1, F",10/sept/2025,10/sept/2025,10/sept/2028,VIGENTE
MASCULINO,VENADO TUERTO,RENOVACIÓN,"A.2.1, E.1",10/sept/2025,10/sept/2025,10/sept/2026,VIGENTE
MASCULINO,VENADO TUERTO,RENOVACIÓN,B.2,10/sept/2025,10/sept/2025,10/sept/2026,VIGENTE
MASCULINO,VENADO TUERTO,RENOVACIÓN,"B.2, C",10/sept/2025,10/sept/2025,10/sept/2026,VIGENTE
MASCULINO,VENADO TUERTO,RENOVACIÓN,"A.2.1, B.1",10/sept/2025,10/sept/2025,10/sept/2030,VIGENTE
MASCULINO,VENADO TUERTO,RENOVACIÓN,"A.2.1, B.1",10/sept/2025,10/sept/2025,10/sept/2030,VIGENTE
MASCULINO,VENADO TUERTO,RENOVACIÓN,"A.2.1, B.2",10/sept/2025,10/sept/2025,10/sept/2030,VIGENTE
FEMENINO,VENADO TUERTO,RENOVACIÓN,B.2,10/sept/2025,10/sept/2025,10/sept/2030,VIGENTE
MASCULINO,VENADO TUERTO,RENOVACIÓN CON AMPLIACIÓN,"A.3, B.2",10/sept/2025,10/sept/2025,10/sept/2030,VIGENTE
MASCULINO,VENADO TUERTO,RENOVACIÓN,"A.2.1, B.2, C, E.2",10/sept/2025,10/sept/2025,10/sept/2027,VIGENTE
MASCULINO,VENADO TUERTO,RENOVACIÓN,A.2.1,10/sept/2025,10/sept/2025,10/sept/2026,VIGENTE
FEMENINO,VENADO TUERTO,ORIGINAL,"A.2.1, B.2",10/sept/2025,10/sept/2025,10/sept/2030,VIGENTE
FEMENINO,VENADO TUERTO,ORIGINAL,B.1,10/sept/2025,10/sept/2025,10/sept/2030,VIGENTE
MASCULINO,VENADO TUERTO,ORIGINAL,B.1,10/sept/2025,10/sept/2025,10/sept/2026,VIGENTE
MASCULINO,VENADO TUERTO,RENOVACIÓN,B.2,10/sept/2025,10/sept/2025,10/sept/2026,VIGENTE
FEMENINO,VENADO TUERTO,RENOVACIÓN,B.2,10/sept/2025,10/sept/2025,10/sept/2030,VIGENTE
FEMENINO,VENADO TUERTO,ORIGINAL,A.2.1,10/sept/2025,10/sept/2025,10/sept/2030,VIGENTE
MASCULINO,VENADO TUERTO,ORIGINAL,A.2.1,11/sept/2025,18/ago/2025,11/sept/2030,VIGENTE
MASCULINO,VENADO TUERTO,RENOVACIÓN,A.2.1,11/sept/2025,27/ago/2025,11/sept/2030,NO VIGENTE
FEMENINO,VENADO TUERTO,ORIGINAL,B.2,11/sept/2025,28/ago/2025,11/sept/2028,VIGENTE
MASCULINO,VENADO TUERTO,ORIGINAL,"A.2.2, C",11/sept/2025,29/ago/2025,11/sept/2027,VIGENTE
MASCULINO,VENADO TUERTO,RENOVACIÓN,"B.2, E.2",11/sept/2025,1/sept/2025,11/sept/2026,VIGENTE
MASCULINO,VENADO TUERTO,RENOVACIÓN,E.1,11/sept/2025,8/sept/2025,11/sept/2027,VIGENTE
MASCULINO,VENADO TUERTO,ORIGINAL,A.2.1,11/sept/2025,10/sept/2025,11/sept/2026,VIGENTE
MASCULINO,VENADO TUERTO,RENOVACIÓN,E.1,11/sept/2025,11/sept/2025,11/sept/2026,VIGENTE
FEMENINO,VENADO TUERTO,RENOVACIÓN,A.2.1,11/sept/2025,11/sept/2025,11/sept/2030,VIGENTE
MASCULINO,VENADO TUERTO,RENOVACIÓN,"A.2.2, E.1",11/sept/2025,11/sept/2025,11/sept/2027,VIGENTE
FEMENINO,VENADO TUERTO,RENOVACIÓN,"A.2.1, B.1",11/sept/2025,11/sept/2025,11/sept/2030,VIGENTE
FEMENINO,VENADO TUERTO,RENOVACIÓN,B.2,11/sept/2025,11/sept/2025,11/sept/2026,VIGENTE
MASCULINO,VENADO TUERTO,RENOVACIÓN,B.2,11/sept/2025,11/sept/2025,11/sept/2026,VIGENTE
MASCULINO,VENADO TUERTO,RENOVACIÓN,"A.3, B.2",11/sept/2025,11/sept/2025,11/sept/2030,VIGENTE
MASCULINO,VENADO TUERTO,RENOVACIÓN,D.1,11/sept/2025,11/sept/2025,11/sept/2027,VIGENTE
FEMENINO,VENADO TUERTO,RENOVACIÓN CON AMPLIACIÓN,"A.2.1, B.1",11/sept/2025,11/sept/2025,11/sept/2030,VIGENTE
MASCULINO,VENADO TUERTO,RENOVACIÓN,B.2,11/sept/2025,11/sept/2025,11/sept/2030,VIGENTE
FEMENINO,VENADO TUERTO,RENOVACIÓN CON AMPLIACIÓN,"A.2.1, B.1",11/sept/2025,11/sept/2025,11/sept/2030,VIGENTE
FEMENINO,VENADO TUERTO,RENOVACIÓN,B.2,11/sept/2025,11/sept/2025,11/sept/2026,VIGENTE
FEMENINO,VENADO TUERTO,RENOVACIÓN,"A.2.1, B.1",11/sept/2025,11/sept/2025,11/sept/2030,VIGENTE
MASCULINO,VENADO TUERTO,RENOVACIÓN,B.2,11/sept/2025,11/sept/2025,11/sept/2026,VIGENTE
FEMENINO,VENADO TUERTO,RENOVACIÓN,B.1,11/sept/2025,11/sept/2025,11/sept/2030,VIGENTE
FEMENINO,VENADO TUERTO,RENOVACIÓN,B.2,11/sept/2025,11/sept/2025,11/sept/2026,VIGENTE
MASCULINO,VENADO TUERTO,RENOVACIÓN,"A.2.1, B.2, C",11/sept/2025,11/sept/2025,11/sept/2026,VIGENTE
MASCULINO,VENADO TUERTO,RENOVACIÓN,B.2,11/sept/2025,11/sept/2025,11/sept/2026,VIGENTE
MASCULINO,VENADO TUERTO,RENOVACIÓN,"A.3, B.1",11/sept/2025,11/sept/2025,11/sept/2030,VIGENTE
MASCULINO,VENADO TUERTO,RENOVACIÓN,B.2,11/sept/2025,11/sept/2025,11/sept/2030,VIGENTE
MASCULINO,VENADO TUERTO,RENOVACIÓN,A.3,11/sept/2025,11/sept/2025,11/sept/2030,VIGENTE
MASCULINO,VENADO TUERTO,DUPLICADO,"A.2.1, D.1",11/sept/2025,11/sept/2025,26/mar/2027,VIGENTE
MASCULINO,VENADO TUERTO,RENOVACIÓN,"A.2.1, E.1",11/sept/2025,11/sept/2025,11/sept/2026,VIGENTE
FEMENINO,VENADO TUERTO,RENOVACIÓN,"A.2.1, B.2",11/sept/2025,11/sept/2025,11/sept/2030,VIGENTE
MASCULINO,VENADO TUERTO,RENOVACIÓN,"B.2, C",11/sept/2025,11/sept/2025,11/sept/2026,VIGENTE
MASCULINO,VENADO TUERTO,RENOVACIÓN,"A.2.1, B.1",11/sept/2025,11/sept/2025,11/sept/2030,VIGENTE
MASCULINO,VENADO TUERTO,RENOVACIÓN,E.1,11/sept/2025,11/sept/2025,11/sept/2026,VIGENTE
MASCULINO,VENADO TUERTO,RENOVACIÓN,"A.2.1, B.2",11/sept/2025,11/sept/2025,11/sept/2030,VIGENTE
MASCULINO,VENADO TUERTO,RENOVACIÓN,B.2,11/sept/2025,11/sept/2025,11/sept/2026,VIGENTE
MASCULINO,VENADO TUERTO,RENOVACIÓN,"A.2.2, B.2, D.1, D.3",11/sept/2025,11/sept/2025,11/sept/2026,VIGENTE
MASCULINO,VENADO TUERTO,RENOVACIÓN,E.1,11/sept/2025,11/sept/2025,11/sept/2026,VIGENTE
FEMENINO,VENADO TUERTO,RENOVACIÓN,B.2,11/sept/2025,11/sept/2025,11/sept/2026,VIGENTE
MASCULINO,VENADO TUERTO,RENOVACIÓN CON AMPLIACIÓN,"A.3, E.1",11/sept/2025,11/sept/2025,11/sept/2027,VIGENTE
FEMENINO,VENADO TUERTO,RENOVACIÓN,A.2.1,11/sept/2025,11/sept/2025,11/sept/2030,VIGENTE
MASCULINO,VENADO TUERTO,RENOVACIÓN,B.2,11/sept/2025,11/sept/2025,11/sept/2026,VIGENTE
FEMENINO,VENADO TUERTO,RENOVACIÓN,B.2,11/sept/2025,11/sept/2025,11/sept/2030,VIGENTE
MASCULINO,VENADO TUERTO,RENOVACIÓN,"A.2.2, D.1, D.3, E.1, G.1",11/sept/2025,11/sept/2025,11/sept/2026,VIGENTE
MASCULINO,VENADO TUERTO,RENOVACIÓN,C,11/sept/2025,11/sept/2025,11/sept/2026,VIGENTE
MASCULINO,VENADO TUERTO,RENOVACIÓN CON AMPLIACIÓN,"A.2.1, B.1",11/sept/2025,11/sept/2025,11/sept/2030,VIGENTE
FEMENINO,VENADO TUERTO,RENOVACIÓN,A.2.1,11/sept/2025,11/sept/2025,11/sept/2028,VIGENTE
FEMENINO,VENADO TUERTO,RENOVACIÓN,B.2,11/sept/2025,11/sept/2025,11/sept/2028,VIGENTE
MASCULINO,VENADO TUERTO,RENOVACIÓN,B.2,11/sept/2025,11/sept/2025,11/sept/2028,VIGENTE
FEMENINO,VENADO TUERTO,ORIGINAL,"A.2.1, B.1",11/sept/2025,11/sept/2025,11/sept/2030,VIGENTE
MASCULINO,VENADO TUERTO,RENOVACIÓN CON AMPLIACIÓN,"A.2.1, D.1, E.1",11/sept/2025,11/sept/2025,11/sept/2027,VIGENTE
FEMENINO,VENADO TUERTO,RENOVACIÓN,B.2,11/sept/2025,11/sept/2025,11/sept/2026,VIGENTE
MASCULINO,VENADO TUERTO,ORIGINAL,"A.2.1, B.1",12/sept/2025,24/jul/2025,12/sept/2026,VIGENTE
MASCULINO,VENADO TUERTO,RENOVACIÓN,"A.3, B.2, G.1",12/sept/2025,6/ago/2025,12/sept/2030,VIGENTE
MASCULINO,VENADO TUERTO,ORIGINAL,A.2.1,12/sept/2025,12/ago/2025,12/sept/2030,VIGENTE
MASCULINO,VENADO TUERTO,ORIGINAL,"A.2.1, B.1",12/sept/2025,25/ago/2025,12/sept/2030,VIGENTE
FEMENINO,VENADO TUERTO,ORIGINAL,B.1,12/sept/2025,2/sept/2025,12/sept/2026,VIGENTE
MASCULINO,VENADO TUERTO,RENOVACIÓN,"A.2.1, E.1",12/sept/2025,10/sept/2025,12/sept/2027,VIGENTE
MASCULINO,VENADO TUERTO,RENOVACIÓN,"A.2.2, E.1, E.2",12/sept/2025,12/sept/2025,12/sept/2026,VIGENTE
MASCULINO,VENADO TUERTO,RENOVACIÓN,"A.2.1, B.2, G.1, G.2",12/sept/2025,12/sept/2025,12/sept/2030,VIGENTE
FEMENINO,VENADO TUERTO,RENOVACIÓN,"A.2.1, B.2",12/sept/2025,12/sept/2025,12/sept/2030,VIGENTE
MASCULINO,VENADO TUERTO,ORIGINAL,"A.2.1, B.2",12/sept/2025,12/sept/2025,12/sept/2030,VIGENTE
FEMENINO,VENADO TUERTO,RENOVACIÓN,"A.2.1, B.1",12/sept/2025,12/sept/2025,12/sept/2030,VIGENTE
FEMENINO,VENADO TUERTO,RENOVACIÓN,B.2,12/sept/2025,12/sept/2025,12/sept/2026,VIGENTE
MASCULINO,VENADO TUERTO,RENOVACIÓN,"A.3, E.1",12/sept/2025,12/sept/2025,12/sept/2027,VIGENTE
FEMENINO,VENADO TUERTO,RENOVACIÓN,B.2,12/sept/2025,12/sept/2025,12/sept/2026,VIGENTE
FEMENINO,VENADO TUERTO,RENOVACIÓN,B.2,12/sept/2025,12/sept/2025,12/sept/2026,VIGENTE
FEMENINO,VENADO TUERTO,RENOVACIÓN,B.2,12/sept/2025,12/sept/2025,12/sept/2030,VIGENTE
FEMENINO,VENADO TUERTO,RENOVACIÓN,A.2.1,12/sept/2025,12/sept/2025,12/sept/2030,VIGENTE
MASCULINO,VENADO TUERTO,RENOVACIÓN,A.2.1,12/sept/2025,12/sept/2025,12/sept/2030,VIGENTE
MASCULINO,VENADO TUERTO,RENOVACIÓN,"A.2.1, B.1",12/sept/2025,12/sept/2025,12/sept/2030,VIGENTE
MASCULINO,VENADO TUERTO,RENOVACIÓN,E.1,12/sept/2025,12/sept/2025,12/sept/2026,VIGENTE
FEMENINO,VENADO TUERTO,RENOVACIÓN,"A.2.2, B.1",12/sept/2025,12/sept/2025,12/sept/2030,VIGENTE
MASCULINO,VENADO TUERTO,RENOVACIÓN,B.2,12/sept/2025,12/sept/2025,12/sept/2028,VIGENTE
FEMENINO,VENADO TUERTO,RENOVACIÓN,"A.2.1, B.2",12/sept/2025,12/sept/2025,12/sept/2030,VIGENTE
MASCULINO,VENADO TUERTO,RENOVACIÓN,"A.2.1, B.2",12/sept/2025,12/sept/2025,12/sept/2030,VIGENTE
MASCULINO,VENADO TUERTO,RENOVACIÓN,"A.3, B.2",12/sept/2025,12/sept/2025,12/sept/2030,VIGENTE
FEMENINO,VENADO TUERTO,RENOVACIÓN,A.2.1,12/sept/2025,12/sept/2025,12/sept/2026,VIGENTE
MASCULINO,VENADO TUERTO,RENOVACIÓN,"A.2.1, B.1",12/sept/2025,12/sept/2025,12/sept/2030,VIGENTE
MASCULINO,VENADO TUERTO,RENOVACIÓN CON AMPLIACIÓN,"A.3, B.2",12/sept/2025,12/sept/2025,12/sept/2030,VIGENTE
FEMENINO,VENADO TUERTO,RENOVACIÓN,B.2,12/sept/2025,12/sept/2025,12/sept/2030,VIGENTE
MASCULINO,VENADO TUERTO,RENOVACIÓN,D.1,12/sept/2025,12/sept/2025,12/sept/2026,VIGENTE
MASCULINO,VENADO TUERTO,RENOVACIÓN,B.2,12/sept/2025,12/sept/2025,12/sept/2026,VIGENTE
FEMENINO,VENADO TUERTO,RENOVACIÓN,B.2,12/sept/2025,12/sept/2025,12/sept/2030,VIGENTE
MASCULINO,VENADO TUERTO,RENOVACIÓN,D.1,12/sept/2025,12/sept/2025,12/sept/2026,VIGENTE
MASCULINO,VENADO TUERTO,RENOVACIÓN,"A.2.1, B.2, C",12/sept/2025,12/sept/2025,12/sept/2027,VIGENTE
FEMENINO,VENADO TUERTO,RENOVACIÓN,B.1,12/sept/2025,12/sept/2025,12/sept/2026,VIGENTE
MASCULINO,VENADO TUERTO,RENOVACIÓN CON AMPLIACIÓN,"A.2.1, B.2",12/sept/2025,12/sept/2025,12/sept/2030,VIGENTE
MASCULINO,VENADO TUERTO,RENOVACIÓN CON AMPLIACIÓN,"A.3, B.1",12/sept/2025,12/sept/2025,12/sept/2030,VIGENTE
MASCULINO,VENADO TUERTO,RENOVACIÓN,"A.3, C",12/sept/2025,12/sept/2025,12/sept/2026,VIGENTE
MASCULINO,VENADO TUERTO,RENOVACIÓN,B.2,12/sept/2025,12/sept/2025,12/sept/2030,VIGENTE
FEMENINO,VENADO TUERTO,RENOVACIÓN,"A.2.1, B.2, D.3",12/sept/2025,12/sept/2025,12/sept/2027,VIGENTE
FEMENINO,VENADO TUERTO,RENOVACIÓN,B.1,12/sept/2025,12/sept/2025,12/sept/2030,VIGENTE
MASCULINO,VENADO TUERTO,RENOVACIÓN,"A.2.1, B.1",12/sept/2025,12/sept/2025,12/sept/2030,VIGENTE
MASCULINO,VENADO TUERTO,RENOVACIÓN,B.2,12/sept/2025,12/sept/2025,12/sept/2028,VIGENTE
FEMENINO,VENADO TUERTO,RENOVACIÓN,B.1,12/sept/2025,12/sept/2025,12/sept/2030,VIGENTE
FEMENINO,VENADO TUERTO,RENOVACIÓN,B.1,12/sept/2025,12/sept/2025,12/sept/2030,VIGENTE
MASCULINO,VENADO TUERTO,RENOVACIÓN,"A.2.1, B.1",12/sept/2025,12/sept/2025,12/sept/2030,VIGENTE
MASCULINO,VENADO TUERTO,RENOVACIÓN,"A.2.1, B.2",12/sept/2025,12/sept/2025,12/sept/2030,VIGENTE
FEMENINO,VENADO TUERTO,RENOVACIÓN CON AMPLIACIÓN,"A.3, D.1, D.3",12/sept/2025,12/sept/2025,12/sept/2027,VIGENTE
MASCULINO,VENADO TUERTO,RENOVACIÓN,"A.2.1, B.1",12/sept/2025,12/sept/2025,12/sept/2030,VIGENTE
MASCULINO,VENADO TUERTO,RENOVACIÓN,"A.2.1, B.2",12/sept/2025,12/sept/2025,12/sept/2030,VIGENTE
FEMENINO,VENADO TUERTO,RENOVACIÓN,B.1,12/sept/2025,12/sept/2025,12/sept/2028,VIGENTE
MASCULINO,VENADO TUERTO,RENOVACIÓN,B.2,12/sept/2025,12/sept/2025,12/sept/2030,VIGENTE
FEMENINO,VENADO TUERTO,RENOVACIÓN,"A.2.1, B.1",12/sept/2025,12/sept/2025,12/sept/2030,VIGENTE
FEMENINO,VENADO TUERTO,RENOVACIÓN,"A.2.1, B.1",12/sept/2025,12/sept/2025,12/sept/2030,VIGENTE
FEMENINO,VENADO TUERTO,RENOVACIÓN,A.2.1,12/sept/2025,12/sept/2025,12/sept/2030,VIGENTE
MASCULINO,VENADO TUERTO,RENOVACIÓN,"A.2.1, E.1",15/sept/2025,8/ago/2025,15/sept/2026,VIGENTE
MASCULINO,VENADO TUERTO,ORIGINAL,A.2.1,15/sept/2025,1/sept/2025,15/sept/2030,VIGENTE
MASCULINO,VENADO TUERTO,ORIGINAL,A.2.1,15/sept/2025,2/sept/2025,15/sept/2030,VIGENTE
MASCULINO,VENADO TUERTO,RENOVACIÓN CON AMPLIACIÓN,"A.2.1, B.2",15/sept/2025,3/sept/2025,15/sept/2030,VIGENTE
FEMENINO,VENADO TUERTO,RENOVACIÓN,A.2.1,15/sept/2025,10/sept/2025,15/sept/2030,VIGENTE
MASCULINO,VENADO TUERTO,ORIGINAL,A.2.1,15/sept/2025,11/sept/2025,15/sept/2026,VIGENTE
MASCULINO,VENADO TUERTO,ORIGINAL,A.2.1,15/sept/2025,11/sept/2025,15/sept/2030,VIGENTE
MASCULINO,VENADO TUERTO,ORIGINAL,A.2.1,15/sept/2025,12/sept/2025,15/sept/2026,VIGENTE
MASCULINO,VENADO TUERTO,RENOVACIÓN,"A.2.1, B.2",15/sept/2025,15/sept/2025,15/sept/2030,VIGENTE
MASCULINO,VENADO TUERTO,RENOVACIÓN,"A.2.2, B.2, C",15/sept/2025,15/sept/2025,15/sept/2027,VIGENTE
MASCULINO,VENADO TUERTO,RENOVACIÓN,E.1,15/sept/2025,15/sept/2025,15/sept/2026,VIGENTE
MASCULINO,VENADO TUERTO,RENOVACIÓN,"A.2.1, B.1",15/sept/2025,15/sept/2025,15/sept/2030,VIGENTE
MASCULINO,VENADO TUERTO,RENOVACIÓN,"A.2.1, B.1, E.2",15/sept/2025,15/sept/2025,15/sept/2027,VIGENTE
FEMENINO,VENADO TUERTO,RENOVACIÓN,A.2.1,15/sept/2025,15/sept/2025,15/sept/2030,VIGENTE
MASCULINO,VENADO TUERTO,RENOVACIÓN,"A.2.1, B.1",15/sept/2025,15/sept/2025,15/sept/2030,VIGENTE
MASCULINO,VENADO TUERTO,RENOVACIÓN,B.2,15/sept/2025,15/sept/2025,15/sept/2026,VIGENTE
MASCULINO,VENADO TUERTO,RENOVACIÓN,E.1,15/sept/2025,15/sept/2025,15/sept/2026,VIGENTE
MASCULINO,VENADO TUERTO,RENOVACIÓN,"A.2.2, D.2, D.3, E.1, E.2",15/sept/2025,15/sept/2025,15/sept/2027,VIGENTE
MASCULINO,VENADO TUERTO,RENOVACIÓN,B.1,15/sept/2025,15/sept/2025,15/sept/2028,VIGENTE
MASCULINO,VENADO TUERTO,RENOVACIÓN,B.1,15/sept/2025,15/sept/2025,15/sept/2030,VIGENTE
MASCULINO,VENADO TUERTO,RENOVACIÓN,B.2,15/sept/2025,15/sept/2025,15/sept/2030,VIGENTE
MASCULINO,VENADO TUERTO,RENOVACIÓN,B.2,15/sept/2025,15/sept/2025,15/sept/2028,VIGENTE
FEMENINO,VENADO TUERTO,RENOVACIÓN,B.1,15/sept/2025,15/sept/2025,15/sept/2030,VIGENTE
MASCULINO,VENADO TUERTO,RENOVACIÓN,"A.2.2, E.1",15/sept/2025,15/sept/2025,15/sept/2027,VIGENTE
MASCULINO,VENADO TUERTO,RENOVACIÓN CON AMPLIACIÓN,"A.2.2, B.2",15/sept/2025,15/sept/2025,15/sept/2030,VIGENTE
MASCULINO,VENADO TUERTO,RENOVACIÓN,B.2,15/sept/2025,15/sept/2025,15/sept/2030,VIGENTE
MASCULINO,VENADO TUERTO,RENOVACIÓN,"A.3, B.2",15/sept/2025,15/sept/2025,15/sept/2030,VIGENTE
FEMENINO,VENADO TUERTO,RENOVACIÓN,"A.2.1, B.2",15/sept/2025,15/sept/2025,15/sept/2028,VIGENTE
MASCULINO,VENADO TUERTO,RENOVACIÓN,E.1,15/sept/2025,15/sept/2025,15/sept/2027,VIGENTE
FEMENINO,VENADO TUERTO,RENOVACIÓN,A.2.1,15/sept/2025,15/sept/2025,15/sept/2030,VIGENTE
FEMENINO,VENADO TUERTO,RENOVACIÓN,B.2,15/sept/2025,15/sept/2025,15/sept/2026,VIGENTE
MASCULINO,VENADO TUERTO,RENOVACIÓN,"A.2.2, B.2",15/sept/2025,15/sept/2025,15/sept/2026,VIGENTE
FEMENINO,VENADO TUERTO,RENOVACIÓN,B.1,15/sept/2025,15/sept/2025,15/sept/2030,VIGENTE
MASCULINO,VENADO TUERTO,RENOVACIÓN CON AMPLIACIÓN,"A.2.1, B.2",15/sept/2025,15/sept/2025,15/sept/2030,VIGENTE
MASCULINO,VENADO TUERTO,RENOVACIÓN,C,15/sept/2025,15/sept/2025,15/sept/2026,VIGENTE
MASCULINO,VENADO TUERTO,RENOVACIÓN,B.2,15/sept/2025,15/sept/2025,15/sept/2026,VIGENTE
MASCULINO,VENADO TUERTO,RENOVACIÓN,"A.3, B.2",15/sept/2025,15/sept/2025,15/sept/2030,VIGENTE
FEMENINO,VENADO TUERTO,RENOVACIÓN,B.2,15/sept/2025,15/sept/2025,15/sept/2026,VIGENTE
MASCULINO,VENADO TUERTO,RENOVACIÓN,"A.2.2, E.1",15/sept/2025,15/sept/2025,15/sept/2026,VIGENTE
FEMENINO,VENADO TUERTO,ORIGINAL,B.1,15/sept/2025,15/sept/2025,15/sept/2030,VIGENTE
MASCULINO,VENADO TUERTO,RENOVACIÓN,"A.3, B.2, D.1",15/sept/2025,15/sept/2025,15/sept/2026,VIGENTE
FEMENINO,VENADO TUERTO,RENOVACIÓN,B.2,15/sept/2025,15/sept/2025,15/sept/2030,VIGENTE
FEMENINO,VENADO TUERTO,RENOVACIÓN,B.2,15/sept/2025,15/sept/2025,15/sept/2030,VIGENTE
MASCULINO,VENADO TUERTO,RENOVACIÓN,"A.2.2, B.2",15/sept/2025,15/sept/2025,15/sept/2030,VIGENTE
MASCULINO,VENADO TUERTO,RENOVACIÓN,B.1,15/sept/2025,15/sept/2025,15/sept/2026,VIGENTE
FEMENINO,VENADO TUERTO,RENOVACIÓN,A.2.1,15/sept/2025,15/sept/2025,15/sept/2030,VIGENTE
MASCULINO,VENADO TUERTO,ORIGINAL,A.2.1,16/sept/2025,24/jul/2025,16/sept/2026,VIGENTE
MASCULINO,VENADO TUERTO,ORIGINAL,"A.2.1, B.1",16/sept/2025,12/ago/2025,16/sept/2030,VIGENTE
MASCULINO,VENADO TUERTO,ORIGINAL,A.2.1,16/sept/2025,28/ago/2025,16/sept/2030,VIGENTE
FEMENINO,VENADO TUERTO,ORIGINAL,A.2.1,16/sept/2025,4/sept/2025,16/sept/2030,VIGENTE
FEMENINO,VENADO TUERTO,RENOVACIÓN CON AMPLIACIÓN,"A.3, B.1",16/sept/2025,10/sept/2025,16/sept/2030,VIGENTE
MASCULINO,VENADO TUERTO,ORIGINAL,A.2.1,16/sept/2025,12/sept/2025,16/sept/2030,VIGENTE
FEMENINO,VENADO TUERTO,RENOVACIÓN,B.2,16/sept/2025,15/sept/2025,16/sept/2026,VIGENTE
MASCULINO,VENADO TUERTO,RENOVACIÓN,"A.2.1, B.1",16/sept/2025,15/sept/2025,16/sept/2030,VIGENTE
MASCULINO,VENADO TUERTO,RENOVACIÓN,B.2,16/sept/2025,15/sept/2025,16/sept/2026,VIGENTE
MASCULINO,VENADO TUERTO,RENOVACIÓN,B.2,16/sept/2025,16/sept/2025,16/sept/2028,VIGENTE
FEMENINO,VENADO TUERTO,RENOVACIÓN,A.2.1,16/sept/2025,16/sept/2025,16/sept/2030,VIGENTE
MASCULINO,VENADO TUERTO,RENOVACIÓN,B.2,16/sept/2025,16/sept/2025,16/sept/2030,VIGENTE
MASCULINO,VENADO TUERTO,RENOVACIÓN,B.1,16/sept/2025,16/sept/2025,16/sept/2030,VIGENTE
FEMENINO,VENADO TUERTO,RENOVACIÓN,B.2,16/sept/2025,16/sept/2025,16/sept/2026,VIGENTE
MASCULINO,VENADO TUERTO,ORIGINAL,A.2.1,16/sept/2025,16/sept/2025,16/sept/2026,VIGENTE
MASCULINO,VENADO TUERTO,RENOVACIÓN,"A.2.1, B.2",16/sept/2025,16/sept/2025,16/sept/2030,VIGENTE
MASCULINO,VENADO TUERTO,RENOVACIÓN,E.1,16/sept/2025,16/sept/2025,16/sept/2026,VIGENTE
FEMENINO,VENADO TUERTO,RENOVACIÓN,A.2.1,16/sept/2025,16/sept/2025,16/sept/2030,VIGENTE
MASCULINO,VENADO TUERTO,RENOVACIÓN,B.2,16/sept/2025,16/sept/2025,16/sept/2030,VIGENTE
MASCULINO,VENADO TUERTO,RENOVACIÓN CON AMPLIACIÓN,"A.2.1, B.2",16/sept/2025,16/sept/2025,16/sept/2030,VIGENTE
MASCULINO,VENADO TUERTO,RENOVACIÓN,B.2,16/sept/2025,16/sept/2025,16/sept/2026,VIGENTE
FEMENINO,VENADO TUERTO,RENOVACIÓN,A.2.1,16/sept/2025,16/sept/2025,16/sept/2030,VIGENTE
MASCULINO,VENADO TUERTO,RENOVACIÓN,D.1,16/sept/2025,16/sept/2025,16/sept/2026,VIGENTE
FEMENINO,VENADO TUERTO,RENOVACIÓN,A.2.1,16/sept/2025,16/sept/2025,16/sept/2030,VIGENTE
FEMENINO,VENADO TUERTO,RENOVACIÓN,B.1,16/sept/2025,16/sept/2025,16/sept/2030,VIGENTE
MASCULINO,VENADO TUERTO,RENOVACIÓN,"A.2.2, B.2, G.1, G.2",16/sept/2025,16/sept/2025,16/sept/2030,VIGENTE
FEMENINO,VENADO TUERTO,ORIGINAL,A.2.1,16/sept/2025,16/sept/2025,16/sept/2030,VIGENTE
MASCULINO,VENADO TUERTO,RENOVACIÓN,"A.2.1, D.1",16/sept/2025,16/sept/2025,16/sept/2026,VIGENTE
MASCULINO,VENADO TUERTO,RENOVACIÓN,"A.2.2, B.2",16/sept/2025,16/sept/2025,16/sept/2030,VIGENTE
MASCULINO,VENADO TUERTO,RENOVACIÓN,"A.3, B.2, G.1, G.2",16/sept/2025,16/sept/2025,16/sept/2030,VIGENTE
FEMENINO,VENADO TUERTO,RENOVACIÓN,B.2,16/sept/2025,16/sept/2025,16/sept/2030,VIGENTE
MASCULINO,VENADO TUERTO,RENOVACIÓN,B.2,16/sept/2025,16/sept/2025,16/sept/2030,VIGENTE
MASCULINO,VENADO TUERTO,RENOVACIÓN,"A.2.1, B.2",16/sept/2025,16/sept/2025,16/sept/2026,VIGENTE
MASCULINO,VENADO TUERTO,RENOVACIÓN CON AMPLIACIÓN,"B.2, C",16/sept/2025,16/sept/2025,16/sept/2027,VIGENTE
MASCULINO,VENADO TUERTO,RENOVACIÓN,B.2,16/sept/2025,16/sept/2025,16/sept/2026,VIGENTE
FEMENINO,VENADO TUERTO,ORIGINAL,"A.2.1, B.1",16/sept/2025,16/sept/2025,16/sept/2030,VIGENTE
FEMENINO,VENADO TUERTO,RENOVACIÓN,B.2,16/sept/2025,16/sept/2025,16/sept/2026,VIGENTE
MASCULINO,VENADO TUERTO,RENOVACIÓN,B.2,16/sept/2025,16/sept/2025,16/sept/2030,VIGENTE
MASCULINO,VENADO TUERTO,RENOVACIÓN,D.1,16/sept/2025,16/sept/2025,16/sept/2026,VIGENTE
FEMENINO,VENADO TUERTO,RENOVACIÓN,B.2,16/sept/2025,16/sept/2025,16/sept/2026,VIGENTE
FEMENINO,VENADO TUERTO,RENOVACIÓN,B.2,16/sept/2025,16/sept/2025,16/sept/2028,VIGENTE
MASCULINO,VENADO TUERTO,RENOVACIÓN,"A.2.1, B.1",16/sept/2025,16/sept/2025,16/sept/2030,VIGENTE
MASCULINO,VENADO TUERTO,RENOVACIÓN,B.2,16/sept/2025,16/sept/2025,16/sept/2030,VIGENTE
FEMENINO,VENADO TUERTO,RENOVACIÓN,"A.2.1, B.1",16/sept/2025,16/sept/2025,16/sept/2030,VIGENTE
MASCULINO,VENADO TUERTO,RENOVACIÓN,B.2,16/sept/2025,16/sept/2025,16/sept/2026,VIGENTE
MASCULINO,VENADO TUERTO,RENOVACIÓN,"A.2.2, B.1, E.2",16/sept/2025,16/sept/2025,16/sept/2027,VIGENTE
MASCULINO,VENADO TUERTO,RENOVACIÓN,B.2,16/sept/2025,16/sept/2025,16/sept/2026,VIGENTE
MASCULINO,VENADO TUERTO,DUPLICADO,"E.1, E.2",16/sept/2025,16/sept/2025,23/jul/2026,VIGENTE
MASCULINO,VENADO TUERTO,RENOVACIÓN,B.2,16/sept/2025,16/sept/2025,16/sept/2030,VIGENTE
MASCULINO,VENADO TUERTO,RENOVACIÓN,"A.2.2, B.2, D.1",16/sept/2025,16/sept/2025,16/sept/2026,VIGENTE
FEMENINO,VENADO TUERTO,ORIGINAL,A.2.1,16/sept/2025,16/sept/2025,16/sept/2030,VIGENTE
FEMENINO,VENADO TUERTO,RENOVACIÓN CON AMPLIACIÓN,"A.2.1, B.1",17/sept/2025,6/ago/2025,17/sept/2030,VIGENTE
MASCULINO,VENADO TUERTO,ORIGINAL,A.2.1,17/sept/2025,4/sept/2025,17/sept/2030,VIGENTE
FEMENINO,VENADO TUERTO,ORIGINAL,A.2.1,17/sept/2025,5/sept/2025,17/sept/2030,VIGENTE
MASCULINO,VENADO TUERTO,ORIGINAL,B.1,17/sept/2025,5/sept/2025,17/sept/2030,VIGENTE
MASCULINO,VENADO TUERTO,RENOVACIÓN,"A.2.1, B.2, C",17/sept/2025,17/sept/2025,17/sept/2027,VIGENTE
MASCULINO,VENADO TUERTO,RENOVACIÓN,A.2.1,17/sept/2025,17/sept/2025,17/sept/2028,VIGENTE
MASCULINO,VENADO TUERTO,RENOVACIÓN,"A.2.1, B.1",17/sept/2025,17/sept/2025,17/sept/2030,VIGENTE
FEMENINO,VENADO TUERTO,ORIGINAL,B.2,17/sept/2025,17/sept/2025,17/sept/2030,VIGENTE
FEMENINO,VENADO TUERTO,RENOVACIÓN,A.2.1,17/sept/2025,17/sept/2025,17/sept/2030,VIGENTE
FEMENINO,VENADO TUERTO,RENOVACIÓN,A.2.1,17/sept/2025,17/sept/2025,17/sept/2030,VIGENTE
FEMENINO,VENADO TUERTO,RENOVACIÓN,"A.2.1, B.1",17/sept/2025,17/sept/2025,17/sept/2028,VIGENTE
MASCULINO,VENADO TUERTO,RENOVACIÓN,B.1,17/sept/2025,17/sept/2025,17/sept/2026,VIGENTE
MASCULINO,VENADO TUERTO,RENOVACIÓN,B.2,17/sept/2025,17/sept/2025,17/sept/2026,VIGENTE
FEMENINO,VENADO TUERTO,RENOVACIÓN,B.2,17/sept/2025,17/sept/2025,17/sept/2028,VIGENTE
FEMENINO,VENADO TUERTO,RENOVACIÓN,B.2,17/sept/2025,17/sept/2025,17/sept/2030,VIGENTE
FEMENINO,VENADO TUERTO,RENOVACIÓN,B.2,17/sept/2025,17/sept/2025,17/sept/2030,VIGENTE
FEMENINO,VENADO TUERTO,ORIGINAL,A.2.1,17/sept/2025,17/sept/2025,17/sept/2030,VIGENTE
MASCULINO,VENADO TUERTO,RENOVACIÓN,"A.2.1, B.2",17/sept/2025,17/sept/2025,17/sept/2028,VIGENTE
MASCULINO,VENADO TUERTO,RENOVACIÓN,"A.2.1, B.2, C",17/sept/2025,17/sept/2025,17/sept/2027,VIGENTE
FEMENINO,VENADO TUERTO,RENOVACIÓN,B.1,17/sept/2025,17/sept/2025,17/sept/2030,VIGENTE
MASCULINO,VENADO TUERTO,RENOVACIÓN,B.2,17/sept/2025,17/sept/2025,17/sept/2026,VIGENTE
MASCULINO,VENADO TUERTO,RENOVACIÓN,"A.2.2, E.1",17/sept/2025,17/sept/2025,17/sept/2026,VIGENTE
MASCULINO,VENADO TUERTO,RENOVACIÓN,"A.2.2, E.1, E.2",17/sept/2025,17/sept/2025,17/sept/2026,VIGENTE
MASCULINO,VENADO TUERTO,RENOVACIÓN,D.1,17/sept/2025,17/sept/2025,17/sept/2026,VIGENTE
MASCULINO,VENADO TUERTO,RENOVACIÓN,A.2.1,17/sept/2025,17/sept/2025,17/sept/2030,VIGENTE
MASCULINO,VENADO TUERTO,RENOVACIÓN,B.2,17/sept/2025,17/sept/2025,17/sept/2028,VIGENTE
FEMENINO,VENADO TUERTO,RENOVACIÓN,B.1,17/sept/2025,17/sept/2025,17/sept/2030,VIGENTE
FEMENINO,VENADO TUERTO,RENOVACIÓN,A.2.1,17/sept/2025,17/sept/2025,17/sept/2028,VIGENTE
MASCULINO,VENADO TUERTO,RENOVACIÓN,"A.2.1, C",17/sept/2025,17/sept/2025,17/sept/2026,VIGENTE
FEMENINO,VENADO TUERTO,ORIGINAL,B.1,17/sept/2025,17/sept/2025,17/sept/2030,VIGENTE
MASCULINO,VENADO TUERTO,RENOVACIÓN,"A.2.1, B.2",17/sept/2025,17/sept/2025,17/sept/2030,VIGENTE
MASCULINO,VENADO TUERTO,RENOVACIÓN,"A.2.2, B.2",17/sept/2025,17/sept/2025,17/sept/2030,VIGENTE
MASCULINO,VENADO TUERTO,RENOVACIÓN,B.2,17/sept/2025,17/sept/2025,17/sept/2026,VIGENTE
MASCULINO,VENADO TUERTO,RENOVACIÓN,B.2,17/sept/2025,17/sept/2025,17/sept/2026,VIGENTE
MASCULINO,VENADO TUERTO,RENOVACIÓN,"A.2.1, D.1",17/sept/2025,17/sept/2025,17/sept/2026,VIGENTE
MASCULINO,VENADO TUERTO,RENOVACIÓN,B.2,17/sept/2025,17/sept/2025,17/sept/2026,VIGENTE
MASCULINO,VENADO TUERTO,ORIGINAL,"A.2.1, B.1",17/sept/2025,17/sept/2025,17/sept/2026,VIGENTE
MASCULINO,VENADO TUERTO,ORIGINAL,A.2.1,17/sept/2025,17/sept/2025,17/sept/2026,VIGENTE
MASCULINO,VENADO TUERTO,RENOVACIÓN,"A.2.2, B.2",17/sept/2025,17/sept/2025,17/sept/2030,VIGENTE
MASCULINO,VENADO TUERTO,RENOVACIÓN CON AMPLIACIÓN,E.1,17/sept/2025,17/sept/2025,17/sept/2026,VIGENTE
MASCULINO,VENADO TUERTO,RENOVACIÓN,B.2,17/sept/2025,17/sept/2025,17/sept/2030,VIGENTE
MASCULINO,VENADO TUERTO,RENOVACIÓN,"A.3, C",17/sept/2025,17/sept/2025,17/sept/2027,VIGENTE
MASCULINO,VENADO TUERTO,ORIGINAL,A.2.1,17/sept/2025,17/sept/2025,17/sept/2026,VIGENTE
FEMENINO,VENADO TUERTO,RENOVACIÓN,A.2.1,17/sept/2025,17/sept/2025,17/sept/2030,VIGENTE
FEMENINO,VENADO TUERTO,RENOVACIÓN,"A.2.1, B.2",17/sept/2025,17/sept/2025,17/sept/2030,VIGENTE
FEMENINO,VENADO TUERTO,RENOVACIÓN,"A.2.1, B.2",17/sept/2025,17/sept/2025,17/sept/2030,VIGENTE
FEMENINO,VENADO TUERTO,ORIGINAL,"A.2.2, B.2",17/sept/2025,17/sept/2025,17/sept/2030,VIGENTE
MASCULINO,VENADO TUERTO,RENOVACIÓN,"A.2.1, D.1",17/sept/2025,17/sept/2025,17/sept/2026,VIGENTE
MASCULINO,VENADO TUERTO,RENOVACIÓN CON AMPLIACIÓN,"A.3, B.2",18/sept/2025,27/ago/2025,18/sept/2030,VIGENTE
MASCULINO,VENADO TUERTO,ORIGINAL,A.2.1,18/sept/2025,28/ago/2025,18/sept/2026,VIGENTE
FEMENINO,VENADO TUERTO,ORIGINAL,"A.2.1, B.1",18/sept/2025,5/sept/2025,18/sept/2030,VIGENTE
FEMENINO,VENADO TUERTO,RENOVACIÓN,"A.2.1, B.2",18/sept/2025,9/sept/2025,18/sept/2030,VIGENTE
FEMENINO,VENADO TUERTO,RENOVACIÓN CON AMPLIACIÓN,"A.3, B.2, C, D.1, D.3, G.1",18/sept/2025,16/sept/2025,18/sept/2026,VIGENTE
MASCULINO,VENADO TUERTO,RENOVACIÓN,B.2,18/sept/2025,17/sept/2025,18/sept/2026,VIGENTE
FEMENINO,VENADO TUERTO,RENOVACIÓN,"A.3, E.1, G.2",18/sept/2025,18/sept/2025,18/abr/2026,VIGENTE
MASCULINO,VENADO TUERTO,RENOVACIÓN,"A.2.1, B.2",18/sept/2025,18/sept/2025,18/sept/2030,VIGENTE
FEMENINO,VENADO TUERTO,RENOVACIÓN,"A.2.1, B.1",18/sept/2025,18/sept/2025,18/sept/2030,VIGENTE
FEMENINO,VENADO TUERTO,RENOVACIÓN,"A.2.1, B.1",18/sept/2025,18/sept/2025,18/sept/2030,VIGENTE
MASCULINO,VENADO TUERTO,RENOVACIÓN,A.2.1,18/sept/2025,18/sept/2025,18/sept/2030,VIGENTE
MASCULINO,VENADO TUERTO,RENOVACIÓN,B.2,18/sept/2025,18/sept/2025,18/sept/2026,VIGENTE
MASCULINO,VENADO TUERTO,RENOVACIÓN,B.1,18/sept/2025,18/sept/2025,18/sept/2030,VIGENTE
MASCULINO,VENADO TUERTO,RENOVACIÓN,"A.2.1, B.2",18/sept/2025,18/sept/2025,18/sept/2028,VIGENTE
MASCULINO,VENADO TUERTO,RENOVACIÓN,E.1,18/sept/2025,18/sept/2025,18/sept/2026,VIGENTE
MASCULINO,VENADO TUERTO,RENOVACIÓN,B.2,18/sept/2025,18/sept/2025,18/sept/2026,VIGENTE
MASCULINO,VENADO TUERTO,RENOVACIÓN,"A.2.1, B.1",18/sept/2025,18/sept/2025,18/sept/2030,VIGENTE
FEMENINO,VENADO TUERTO,RENOVACIÓN,B.2,18/sept/2025,18/sept/2025,18/sept/2026,VIGENTE
MASCULINO,VENADO TUERTO,RENOVACIÓN CON AMPLIACIÓN,"A.3, B.2",18/sept/2025,18/sept/2025,18/sept/2030,VIGENTE
MASCULINO,VENADO TUERTO,RENOVACIÓN CON AMPLIACIÓN,"A.2.1, E.1",18/sept/2025,18/sept/2025,18/sept/2026,VIGENTE
FEMENINO,VENADO TUERTO,RENOVACIÓN,A.2.1,18/sept/2025,18/sept/2025,18/sept/2030,VIGENTE
FEMENINO,VENADO TUERTO,RENOVACIÓN,B.2,18/sept/2025,18/sept/2025,18/sept/2030,VIGENTE
MASCULINO,VENADO TUERTO,RENOVACIÓN,B.2,18/sept/2025,18/sept/2025,18/sept/2026,VIGENTE
MASCULINO,VENADO TUERTO,RENOVACIÓN CON AMPLIACIÓN,E.1,18/sept/2025,18/sept/2025,18/sept/2026,VIGENTE
FEMENINO,VENADO TUERTO,RENOVACIÓN,B.2,18/sept/2025,18/sept/2025,18/sept/2030,VIGENTE
MASCULINO,VENADO TUERTO,RENOVACIÓN,"A.2.2, B.2",18/sept/2025,18/sept/2025,18/sept/2030,VIGENTE
MASCULINO,VENADO TUERTO,RENOVACIÓN,D.1,18/sept/2025,18/sept/2025,18/sept/2027,VIGENTE
MASCULINO,VENADO TUERTO,RENOVACIÓN CON AMPLIACIÓN,"A.2.1, E.1",18/sept/2025,18/sept/2025,18/sept/2027,VIGENTE
FEMENINO,VENADO TUERTO,RENOVACIÓN,B.1,18/sept/2025,18/sept/2025,18/sept/2030,VIGENTE
FEMENINO,VENADO TUERTO,RENOVACIÓN,B.2,18/sept/2025,18/sept/2025,18/sept/2030,VIGENTE
MASCULINO,VENADO TUERTO,RENOVACIÓN,"A.3, B.1",18/sept/2025,18/sept/2025,18/sept/2030,VIGENTE
MASCULINO,VENADO TUERTO,RENOVACIÓN CON AMPLIACIÓN,"A.2.1, B.1",18/sept/2025,18/sept/2025,18/sept/2030,VIGENTE
MASCULINO,VENADO TUERTO,RENOVACIÓN,"A.2.2, D.1, D.3, E.1",18/sept/2025,18/sept/2025,18/sept/2026,VIGENTE
MASCULINO,VENADO TUERTO,RENOVACIÓN,"A.2.2, B.2, E.2, G.1",18/sept/2025,18/sept/2025,18/sept/2027,VIGENTE
MASCULINO,VENADO TUERTO,RENOVACIÓN CON AMPLIACIÓN,"B.2, D.3",18/sept/2025,18/sept/2025,18/sept/2027,VIGENTE
FEMENINO,VENADO TUERTO,RENOVACIÓN,"A.2.1, B.1",18/sept/2025,18/sept/2025,18/sept/2030,VIGENTE
FEMENINO,VENADO TUERTO,RENOVACIÓN,"A.2.1, B.2",18/sept/2025,18/sept/2025,18/sept/2030,VIGENTE
FEMENINO,VENADO TUERTO,ORIGINAL,"A.2.1, B.1",18/sept/2025,18/sept/2025,18/sept/2030,VIGENTE
MASCULINO,VENADO TUERTO,RENOVACIÓN,B.2,18/sept/2025,18/sept/2025,18/sept/2026,VIGENTE
FEMENINO,VENADO TUERTO,RENOVACIÓN,"A.2.1, B.2",18/sept/2025,18/sept/2025,18/sept/2030,VIGENTE
MASCULINO,VENADO TUERTO,RENOVACIÓN,"A.3, D.3, E.1, G.1, G.2",18/sept/2025,18/sept/2025,18/sept/2026,VIGENTE
FEMENINO,VENADO TUERTO,RENOVACIÓN,B.2,18/sept/2025,18/sept/2025,18/sept/2026,VIGENTE
FEMENINO,VENADO TUERTO,RENOVACIÓN,B.2,18/sept/2025,18/sept/2025,18/sept/2030,VIGENTE
MASCULINO,VENADO TUERTO,RENOVACIÓN,"A.2.2, B.2, C",18/sept/2025,18/sept/2025,18/sept/2026,VIGENTE
FEMENINO,VENADO TUERTO,RENOVACIÓN,"A.2.1, B.2",18/sept/2025,18/sept/2025,18/sept/2030,VIGENTE
FEMENINO,VENADO TUERTO,RENOVACIÓN,B.1,18/sept/2025,18/sept/2025,18/sept/2030,VIGENTE
MASCULINO,VENADO TUERTO,RENOVACIÓN,"A.2.2, B.2",18/sept/2025,18/sept/2025,18/sept/2030,VIGENTE
MASCULINO,VENADO TUERTO,RENOVACIÓN,B.2,18/sept/2025,18/sept/2025,18/sept/2030,VIGENTE
FEMENINO,VENADO TUERTO,RENOVACIÓN,B.1,18/sept/2025,18/sept/2025,18/sept/2026,VIGENTE
FEMENINO,VENADO TUERTO,ORIGINAL,"A.2.1, B.1",19/sept/2025,15/jul/2025,19/sept/2030,VIGENTE
MASCULINO,VENADO TUERTO,ORIGINAL,"A.2.1, B.2",19/sept/2025,5/sept/2025,19/sept/2030,VIGENTE
MASCULINO,VENADO TUERTO,ORIGINAL,A.2.1,19/sept/2025,8/sept/2025,19/sept/2030,VIGENTE
MASCULINO,VENADO TUERTO,ORIGINAL,"A.2.1, B.1",19/sept/2025,8/sept/2025,19/sept/2030,VIGENTE
MASCULINO,VENADO TUERTO,RENOVACIÓN CON AMPLIACIÓN,"A.2.1, B.1",19/sept/2025,8/sept/2025,19/sept/2030,VIGENTE
FEMENINO,VENADO TUERTO,ORIGINAL,A.2.1,19/sept/2025,9/sept/2025,19/sept/2030,VIGENTE
MASCULINO,VENADO TUERTO,ORIGINAL,A.2.1,19/sept/2025,15/sept/2025,19/sept/2030,VIGENTE
MASCULINO,VENADO TUERTO,RENOVACIÓN,"A.2.1, E.1",19/sept/2025,17/sept/2025,19/dic/2025,VIGENTE
FEMENINO,VENADO TUERTO,ORIGINAL,A.2.1,19/sept/2025,18/sept/2025,19/sept/2026,VIGENTE
MASCULINO,VENADO TUERTO,RENOVACIÓN,"A.3, B.2",19/sept/2025,19/sept/2025,19/sept/2030,VIGENTE
MASCULINO,VENADO TUERTO,RENOVACIÓN,B.1,19/sept/2025,19/sept/2025,19/sept/2028,VIGENTE
MASCULINO,SAN EDUARDO,RENOVACIÓN,B.2,19/sept/2025,19/sept/2025,19/sept/2030,VIGENTE
FEMENINO,VENADO TUERTO,RENOVACIÓN,B.2,19/sept/2025,19/sept/2025,19/sept/2026,VIGENTE
FEMENINO,VENADO TUERTO,DUPLICADO POR CAMBIO DE DATOS,B.1,19/sept/2025,19/sept/2025,5/feb/2027,VIGENTE
FEMENINO,VENADO TUERTO,RENOVACIÓN,B.1,19/sept/2025,19/sept/2025,19/sept/2030,VIGENTE
MASCULINO,VENADO TUERTO,ORIGINAL,"A.3, B.2",19/sept/2025,19/sept/2025,19/sept/2030,VIGENTE
MASCULINO,VENADO TUERTO,RENOVACIÓN,"A.2.1, B.2",19/sept/2025,19/sept/2025,19/sept/2030,VIGENTE
MASCULINO,VENADO TUERTO,RENOVACIÓN,B.1,19/sept/2025,19/sept/2025,19/sept/2026,VIGENTE
FEMENINO,VENADO TUERTO,RENOVACIÓN,B.1,19/sept/2025,19/sept/2025,19/sept/2028,VIGENTE
FEMENINO,VENADO TUERTO,RENOVACIÓN,B.1,19/sept/2025,19/sept/2025,19/sept/2030,VIGENTE
FEMENINO,VENADO TUERTO,RENOVACIÓN,E.1,19/sept/2025,19/sept/2025,19/sept/2026,VIGENTE
MASCULINO,VENADO TUERTO,ORIGINAL,"A.3, B.2",19/sept/2025,19/sept/2025,19/sept/2030,VIGENTE
MASCULINO,VENADO TUERTO,RENOVACIÓN,"A.2.1, B.1",19/sept/2025,19/sept/2025,19/sept/2028,VIGENTE
MASCULINO,VENADO TUERTO,RENOVACIÓN,B.2,19/sept/2025,19/sept/2025,19/sept/2026,VIGENTE
MASCULINO,VENADO TUERTO,RENOVACIÓN,C,19/sept/2025,19/sept/2025,19/sept/2026,VIGENTE
FEMENINO,VENADO TUERTO,ORIGINAL,A.2.1,19/sept/2025,19/sept/2025,19/sept/2030,VIGENTE
MASCULINO,VENADO TUERTO,RENOVACIÓN,B.2,19/sept/2025,19/sept/2025,19/sept/2028,VIGENTE
MASCULINO,VENADO TUERTO,RENOVACIÓN,"D.1, E.1, G.1, G.2",19/sept/2025,19/sept/2025,19/nov/2026,VIGENTE
FEMENINO,VENADO TUERTO,RENOVACIÓN,B.1,19/sept/2025,19/sept/2025,19/sept/2028,VIGENTE
FEMENINO,VENADO TUERTO,RENOVACIÓN,B.2,19/sept/2025,19/sept/2025,19/sept/2026,VIGENTE
MASCULINO,VENADO TUERTO,RENOVACIÓN,B.1,19/sept/2025,19/sept/2025,19/sept/2030,VIGENTE
MASCULINO,VENADO TUERTO,RENOVACIÓN,"D.3, E.1, G.1",19/sept/2025,19/sept/2025,19/sept/2027,VIGENTE
MASCULINO,VENADO TUERTO,RENOVACIÓN CON AMPLIACIÓN,"A.2.1, D.3, E.1, E.2, G.1",19/sept/2025,19/sept/2025,19/sept/2027,VIGENTE
FEMENINO,VENADO TUERTO,RENOVACIÓN,A.2.1,19/sept/2025,19/sept/2025,19/sept/2030,VIGENTE
MASCULINO,VENADO TUERTO,RENOVACIÓN,"A.2.1, B.2",19/sept/2025,19/sept/2025,19/sept/2028,VIGENTE
MASCULINO,VENADO TUERTO,RENOVACIÓN,"D.1, E.1",19/sept/2025,19/sept/2025,19/sept/2026,VIGENTE
FEMENINO,VENADO TUERTO,RENOVACIÓN,"A.2.1, B.2",19/sept/2025,19/sept/2025,19/sept/2030,VIGENTE
FEMENINO,VENADO TUERTO,RENOVACIÓN,B.2,19/sept/2025,19/sept/2025,19/sept/2026,VIGENTE
MASCULINO,VENADO TUERTO,RENOVACIÓN,E.1,19/sept/2025,19/sept/2025,19/feb/2026,VIGENTE
FEMENINO,VENADO TUERTO,RENOVACIÓN,A.2.1,19/sept/2025,19/sept/2025,19/sept/2030,VIGENTE
MASCULINO,VENADO TUERTO,RENOVACIÓN,"A.3, B.2",19/sept/2025,19/sept/2025,19/sept/2030,VIGENTE
MASCULINO,VENADO TUERTO,RENOVACIÓN,"A.2.1, B.1",19/sept/2025,19/sept/2025,19/sept/2030,VIGENTE
FEMENINO,VENADO TUERTO,RENOVACIÓN,B.2,19/sept/2025,19/sept/2025,19/sept/2026,VIGENTE
MASCULINO,VENADO TUERTO,RENOVACIÓN,A.2.1,19/sept/2025,19/sept/2025,19/sept/2030,VIGENTE
FEMENINO,VENADO TUERTO,RENOVACIÓN,B.1,19/sept/2025,19/sept/2025,19/sept/2030,VIGENTE
MASCULINO,VENADO TUERTO,RENOVACIÓN,B.2,19/sept/2025,19/sept/2025,19/sept/2026,VIGENTE
FEMENINO,VENADO TUERTO,RENOVACIÓN CON AMPLIACIÓN,"A.2.1, B.1",19/sept/2025,19/sept/2025,19/sept/2030,VIGENTE
FEMENINO,VENADO TUERTO,RENOVACIÓN,B.1,19/sept/2025,19/sept/2025,19/sept/2030,VIGENTE
MASCULINO,VENADO TUERTO,RENOVACIÓN,"A.2.1, B.1",19/sept/2025,19/sept/2025,19/sept/2030,VIGENTE
MASCULINO,VENADO TUERTO,RENOVACIÓN,"B.2, C",19/sept/2025,19/sept/2025,19/sept/2026,VIGENTE
FEMENINO,VENADO TUERTO,RENOVACIÓN,B.2,19/sept/2025,19/sept/2025,19/sept/2028,VIGENTE
MASCULINO,VENADO TUERTO,RENOVACIÓN CON AMPLIACIÓN,"A.2.1, B.2",19/sept/2025,19/sept/2025,19/sept/2030,VIGENTE
MASCULINO,VENADO TUERTO,RENOVACIÓN,"C, G.1",19/sept/2025,19/sept/2025,19/sept/2026,VIGENTE
MASCULINO,VENADO TUERTO,RENOVACIÓN,B.2,19/sept/2025,19/sept/2025,19/sept/2026,VIGENTE
MASCULINO,VENADO TUERTO,RENOVACIÓN,"B.2, D.1",19/sept/2025,19/sept/2025,19/sept/2027,VIGENTE
FEMENINO,VENADO TUERTO,RENOVACIÓN,A.2.1,19/sept/2025,19/sept/2025,19/sept/2030,VIGENTE
MASCULINO,VENADO TUERTO,RENOVACIÓN,"A.3, B.2",19/sept/2025,19/sept/2025,19/sept/2030,VIGENTE
MASCULINO,VENADO TUERTO,RENOVACIÓN,E.1,19/sept/2025,19/sept/2025,19/sept/2026,VIGENTE
MASCULINO,VENADO TUERTO,RENOVACIÓN,"A.2.1, B.1",19/sept/2025,19/sept/2025,19/sept/2030,VIGENTE
MASCULINO,VENADO TUERTO,RENOVACIÓN,"A.2.1, B.2",19/sept/2025,19/sept/2025,19/sept/2028,VIGENTE
MASCULINO,VENADO TUERTO,RENOVACIÓN,"E.1, E.2",19/sept/2025,19/sept/2025,19/abr/2026,VIGENTE
FEMENINO,VENADO TUERTO,ORIGINAL,A.2.1,19/sept/2025,19/sept/2025,19/sept/2030,VIGENTE
MASCULINO,VENADO TUERTO,RENOVACIÓN,"A.3, B.2",22/sept/2025,30/jul/2025,22/sept/2030,VIGENTE
MASCULINO,VENADO TUERTO,ORIGINAL,B.1,22/sept/2025,28/ago/2025,22/sept/2026,VIGENTE
MASCULINO,VENADO TUERTO,RENOVACIÓN,"A.2.1, E.1",22/sept/2025,12/sept/2025,22/sept/2027,VIGENTE
MASCULINO,VENADO TUERTO,RENOVACIÓN,B.2,22/sept/2025,15/sept/2025,22/sept/2030,VIGENTE
MASCULINO,VENADO TUERTO,RENOVACIÓN,"A.2.2, B.2, C",22/sept/2025,19/sept/2025,22/sept/2027,VIGENTE
MASCULINO,VENADO TUERTO,RENOVACIÓN,"A.2.1, B.2",22/sept/2025,22/sept/2025,22/sept/2030,VIGENTE
MASCULINO,VENADO TUERTO,RENOVACIÓN,B.2,22/sept/2025,22/sept/2025,22/sept/2026,VIGENTE
FEMENINO,VENADO TUERTO,RENOVACIÓN,"A.2.1, B.2",22/sept/2025,22/sept/2025,22/sept/2030,VIGENTE
FEMENINO,VENADO TUERTO,RENOVACIÓN,B.1,22/sept/2025,22/sept/2025,22/sept/2028,VIGENTE
FEMENINO,VENADO TUERTO,RENOVACIÓN CON AMPLIACIÓN,"A.2.1, B.1",22/sept/2025,22/sept/2025,22/sept/2030,VIGENTE
FEMENINO,VENADO TUERTO,RENOVACIÓN,"A.2.2, B.2",22/sept/2025,22/sept/2025,22/sept/2030,VIGENTE
MASCULINO,VENADO TUERTO,ORIGINAL,"A.2.1, B.2",22/sept/2025,22/sept/2025,22/sept/2030,VIGENTE
MASCULINO,VENADO TUERTO,RENOVACIÓN CON AMPLIACIÓN,"A.2.2, B.2",22/sept/2025,22/sept/2025,22/sept/2028,VIGENTE
FEMENINO,VENADO TUERTO,ORIGINAL,B.2,22/sept/2025,22/sept/2025,22/sept/2030,VIGENTE
MASCULINO,VENADO TUERTO,RENOVACIÓN,B.2,22/sept/2025,22/sept/2025,22/sept/2030,VIGENTE
FEMENINO,VENADO TUERTO,ORIGINAL,A.2.1,22/sept/2025,22/sept/2025,22/sept/2030,VIGENTE
FEMENINO,VENADO TUERTO,RENOVACIÓN,B.2,22/sept/2025,22/sept/2025,22/sept/2026,VIGENTE
FEMENINO,VENADO TUERTO,RENOVACIÓN,A.2.1,22/sept/2025,22/sept/2025,22/sept/2026,VIGENTE
MASCULINO,SAN EDUARDO,RENOVACIÓN,E.1,22/sept/2025,22/sept/2025,22/may/2027,VIGENTE
MASCULINO,VENADO TUERTO,RENOVACIÓN,"A.3, E.1",22/sept/2025,22/sept/2025,22/sept/2026,VIGENTE
MASCULINO,VENADO TUERTO,ORIGINAL,B.1,22/sept/2025,22/sept/2025,22/sept/2030,VIGENTE
FEMENINO,VENADO TUERTO,RENOVACIÓN,B.1,22/sept/2025,22/sept/2025,22/sept/2026,VIGENTE
FEMENINO,VENADO TUERTO,RENOVACIÓN,B.1,22/sept/2025,22/sept/2025,22/sept/2026,VIGENTE
MASCULINO,VENADO TUERTO,RENOVACIÓN,B.1,22/sept/2025,22/sept/2025,22/sept/2028,VIGENTE
FEMENINO,VENADO TUERTO,RENOVACIÓN,A.2.1,22/sept/2025,22/sept/2025,22/sept/2030,VIGENTE
FEMENINO,VENADO TUERTO,RENOVACIÓN,"A.3, B.2",22/sept/2025,22/sept/2025,22/sept/2030,VIGENTE
FEMENINO,VENADO TUERTO,RENOVACIÓN,"B.2, D.1",22/sept/2025,22/sept/2025,22/sept/2026,VIGENTE
MASCULINO,VENADO TUERTO,RENOVACIÓN,"A.2.1, B.1",22/sept/2025,22/sept/2025,22/sept/2030,VIGENTE
MASCULINO,VENADO TUERTO,RENOVACIÓN,"A.2.2, B.1, G.1",22/sept/2025,22/sept/2025,22/sept/2030,VIGENTE
MASCULINO,VENADO TUERTO,RENOVACIÓN,E.1,22/sept/2025,22/sept/2025,22/sept/2026,VIGENTE
MASCULINO,VENADO TUERTO,RENOVACIÓN,B.2,22/sept/2025,22/sept/2025,22/sept/2026,VIGENTE
FEMENINO,VENADO TUERTO,RENOVACIÓN,B.2,22/sept/2025,22/sept/2025,22/sept/2026,VIGENTE
MASCULINO,VENADO TUERTO,RENOVACIÓN,B.2,22/sept/2025,22/sept/2025,22/sept/2026,VIGENTE
MASCULINO,VENADO TUERTO,ORIGINAL,B.1,22/sept/2025,22/sept/2025,22/sept/2026,VIGENTE
MASCULINO,VENADO TUERTO,RENOVACIÓN,"A.2.1, B.1",22/sept/2025,22/sept/2025,22/sept/2030,VIGENTE
MASCULINO,VENADO TUERTO,RENOVACIÓN,"A.2.1, B.2",22/sept/2025,22/sept/2025,22/sept/2030,VIGENTE
FEMENINO,VENADO TUERTO,RENOVACIÓN,"A.2.1, B.2",22/sept/2025,22/sept/2025,22/sept/2030,VIGENTE
MASCULINO,VENADO TUERTO,RENOVACIÓN,B.1,22/sept/2025,22/sept/2025,22/sept/2028,VIGENTE
MASCULINO,VENADO TUERTO,RENOVACIÓN,"A.2.1, B.2, D.1",22/sept/2025,22/sept/2025,22/sept/2026,VIGENTE
MASCULINO,VENADO TUERTO,RENOVACIÓN,E.1,22/sept/2025,22/sept/2025,22/sept/2026,VIGENTE
FEMENINO,VENADO TUERTO,RENOVACIÓN,B.2,22/sept/2025,22/sept/2025,22/sept/2026,VIGENTE
MASCULINO,VENADO TUERTO,RENOVACIÓN,B.2,22/sept/2025,22/sept/2025,22/sept/2030,VIGENTE
FEMENINO,VENADO TUERTO,RENOVACIÓN,B.2,22/sept/2025,22/sept/2025,22/sept/2026,VIGENTE
MASCULINO,VENADO TUERTO,RENOVACIÓN,"A.2.1, B.2",22/sept/2025,22/sept/2025,22/sept/2026,VIGENTE
MASCULINO,VENADO TUERTO,RENOVACIÓN,"A.2.1, B.2",22/sept/2025,22/sept/2025,22/sept/2030,VIGENTE
FEMENINO,VENADO TUERTO,RENOVACIÓN,B.1,22/sept/2025,22/sept/2025,22/sept/2030,VIGENTE
FEMENINO,VENADO TUERTO,ORIGINAL,A.2.1,22/sept/2025,22/sept/2025,22/sept/2026,VIGENTE
FEMENINO,VENADO TUERTO,RENOVACIÓN,A.2.1,22/sept/2025,22/sept/2025,22/sept/2030,VIGENTE
FEMENINO,VENADO TUERTO,RENOVACIÓN,"A.2.1, B.1",22/sept/2025,22/sept/2025,22/sept/2030,VIGENTE
MASCULINO,VENADO TUERTO,RENOVACIÓN,"A.2.1, E.1",22/sept/2025,22/sept/2025,22/mar/2026,VIGENTE
FEMENINO,VENADO TUERTO,ORIGINAL,B.1,22/sept/2025,22/sept/2025,22/sept/2026,VIGENTE
MASCULINO,VENADO TUERTO,RENOVACIÓN,E.1,22/sept/2025,22/sept/2025,22/may/2027,VIGENTE
MASCULINO,VENADO TUERTO,RENOVACIÓN,B.2,22/sept/2025,22/sept/2025,22/sept/2026,VIGENTE
MASCULINO,VENADO TUERTO,RENOVACIÓN,"A.3, B.2",22/sept/2025,22/sept/2025,22/sept/2030,VIGENTE
MASCULINO,VENADO TUERTO,RENOVACIÓN,E.1,22/sept/2025,22/sept/2025,22/ene/2026,VIGENTE
MASCULINO,VENADO TUERTO,ORIGINAL,A.2.1,23/sept/2025,13/feb/2025,23/sept/2030,VIGENTE
MASCULINO,VENADO TUERTO,RENOVACIÓN,B.1,23/sept/2025,4/jun/2025,23/sept/2026,VIGENTE
MASCULINO,VENADO TUERTO,ORIGINAL,A.2.1,23/sept/2025,10/jul/2025,23/sept/2026,VIGENTE
MASCULINO,VENADO TUERTO,ORIGINAL,A.2.1,23/sept/2025,13/ago/2025,23/sept/2030,VIGENTE
MASCULINO,VENADO TUERTO,ORIGINAL,"A.2.1, B.2",23/sept/2025,9/sept/2025,23/sept/2030,VIGENTE
MASCULINO,VENADO TUERTO,RENOVACIÓN,E.1,23/sept/2025,10/sept/2025,23/sept/2026,VIGENTE
MASCULINO,VENADO TUERTO,RENOVACIÓN CON AMPLIACIÓN,E.1,23/sept/2025,10/sept/2025,23/sept/2026,VIGENTE
MASCULINO,VENADO TUERTO,RENOVACIÓN CON AMPLIACIÓN,"A.2.1, B.1",23/sept/2025,12/sept/2025,23/sept/2030,VIGENTE
MASCULINO,VENADO TUERTO,RENOVACIÓN,"D.1, E.1",23/sept/2025,19/sept/2025,23/sept/2026,VIGENTE
FEMENINO,VENADO TUERTO,ORIGINAL,A.2.1,23/sept/2025,22/sept/2025,23/sept/2030,VIGENTE
FEMENINO,VENADO TUERTO,ORIGINAL,"A.2.1, B.1",23/sept/2025,22/sept/2025,23/sept/2030,VIGENTE
MASCULINO,VENADO TUERTO,RENOVACIÓN CON AMPLIACIÓN,"A.3, B.2",23/sept/2025,22/sept/2025,23/sept/2030,VIGENTE
FEMENINO,VENADO TUERTO,ORIGINAL,A.2.1,23/sept/2025,22/sept/2025,23/sept/2030,VIGENTE
FEMENINO,VENADO TUERTO,RENOVACIÓN,B.2,23/sept/2025,23/sept/2025,23/sept/2026,VIGENTE
FEMENINO,VENADO TUERTO,ORIGINAL,A.2.1,23/sept/2025,23/sept/2025,23/sept/2026,VIGENTE
FEMENINO,VENADO TUERTO,RENOVACIÓN,"A.2.1, B.1",23/sept/2025,23/sept/2025,23/sept/2030,VIGENTE
MASCULINO,VENADO TUERTO,RENOVACIÓN,"A.2.1, B.1",23/sept/2025,23/sept/2025,23/sept/2030,VIGENTE
MASCULINO,VENADO TUERTO,RENOVACIÓN,E.1,23/sept/2025,23/sept/2025,23/sept/2026,VIGENTE
MASCULINO,VENADO TUERTO,RENOVACIÓN,"A.3, B.2",23/sept/2025,23/sept/2025,23/sept/2030,VIGENTE
MASCULINO,VENADO TUERTO,DUPLICADO,B.1,23/sept/2025,23/sept/2025,6/nov/2029,VIGENTE
MASCULINO,VENADO TUERTO,RENOVACIÓN,"A.2.1, B.2",23/sept/2025,23/sept/2025,23/sept/2030,VIGENTE
MASCULINO,VENADO TUERTO,RENOVACIÓN,B.2,23/sept/2025,23/sept/2025,23/sept/2026,VIGENTE
FEMENINO,VENADO TUERTO,RENOVACIÓN,B.2,23/sept/2025,23/sept/2025,23/sept/2030,VIGENTE
MASCULINO,VENADO TUERTO,RENOVACIÓN,"A.2.2, B.2",23/sept/2025,23/sept/2025,23/sept/2030,VIGENTE
MASCULINO,VENADO TUERTO,RENOVACIÓN,B.2,23/sept/2025,23/sept/2025,23/sept/2026,VIGENTE
MASCULINO,VENADO TUERTO,RENOVACIÓN,B.1,23/sept/2025,23/sept/2025,23/sept/2030,VIGENTE
MASCULINO,VENADO TUERTO,RENOVACIÓN,A.2.1,23/sept/2025,23/sept/2025,23/sept/2028,VIGENTE
MASCULINO,VENADO TUERTO,RENOVACIÓN,B.2,23/sept/2025,23/sept/2025,23/sept/2026,VIGENTE
FEMENINO,VENADO TUERTO,RENOVACIÓN,B.2,23/sept/2025,23/sept/2025,23/sept/2028,VIGENTE
FEMENINO,VENADO TUERTO,ORIGINAL,A.2.1,23/sept/2025,23/sept/2025,23/sept/2030,VIGENTE
MASCULINO,VENADO TUERTO,RENOVACIÓN,B.2,23/sept/2025,23/sept/2025,23/sept/2026,VIGENTE
MASCULINO,VENADO TUERTO,RENOVACIÓN,E.1,23/sept/2025,23/sept/2025,23/may/2026,VIGENTE
FEMENINO,VENADO TUERTO,RENOVACIÓN,B.1,23/sept/2025,23/sept/2025,23/sept/2030,VIGENTE
MASCULINO,VENADO TUERTO,RENOVACIÓN CON AMPLIACIÓN,"A.2.2, D.3, E.1, E.2, G.1",23/sept/2025,23/sept/2025,23/sept/2027,VIGENTE
MASCULINO,VENADO TUERTO,RENOVACIÓN,"A.2.1, E.1",23/sept/2025,23/sept/2025,23/feb/2026,VIGENTE
MASCULINO,VENADO TUERTO,RENOVACIÓN,B.2,23/sept/2025,23/sept/2025,23/sept/2028,VIGENTE
MASCULINO,VENADO TUERTO,RENOVACIÓN,"A.2.1, B.2",23/sept/2025,23/sept/2025,23/sept/2026,VIGENTE
FEMENINO,VENADO TUERTO,RENOVACIÓN CON AMPLIACIÓN,"A.2.1, B.2",23/sept/2025,23/sept/2025,23/sept/2030,VIGENTE
MASCULINO,VENADO TUERTO,RENOVACIÓN,"A.2.1, B.2",23/sept/2025,23/sept/2025,23/sept/2030,VIGENTE
FEMENINO,VENADO TUERTO,RENOVACIÓN,B.1,23/sept/2025,23/sept/2025,23/sept/2026,VIGENTE
MASCULINO,VENADO TUERTO,RENOVACIÓN,E.1,23/sept/2025,23/sept/2025,23/nov/2025,VIGENTE
FEMENINO,VENADO TUERTO,ORIGINAL,B.2,23/sept/2025,23/sept/2025,23/sept/2030,VIGENTE
MASCULINO,VENADO TUERTO,RENOVACIÓN,B.2,23/sept/2025,23/sept/2025,23/sept/2030,VIGENTE
MASCULINO,VENADO TUERTO,RENOVACIÓN,"A.2.2, B.2",23/sept/2025,23/sept/2025,23/sept/2030,VIGENTE
MASCULINO,VENADO TUERTO,RENOVACIÓN CON AMPLIACIÓN,"A.2.1, E.1",23/sept/2025,23/sept/2025,23/sept/2026,VIGENTE
MASCULINO,VENADO TUERTO,RENOVACIÓN,B.2,23/sept/2025,23/sept/2025,23/sept/2026,VIGENTE
MASCULINO,VENADO TUERTO,RENOVACIÓN,B.2,23/sept/2025,23/sept/2025,23/sept/2028,VIGENTE
MASCULINO,VENADO TUERTO,RENOVACIÓN CON AMPLIACIÓN,"A.3, D.3, E.1",23/sept/2025,23/sept/2025,23/sept/2027,VIGENTE
FEMENINO,VENADO TUERTO,RENOVACIÓN,B.2,23/sept/2025,23/sept/2025,23/sept/2026,VIGENTE
MASCULINO,VENADO TUERTO,RENOVACIÓN,"E.1, E.2",23/sept/2025,23/sept/2025,23/sept/2027,VIGENTE
MASCULINO,SAN EDUARDO,RENOVACIÓN,B.2,23/sept/2025,23/sept/2025,23/sept/2026,VIGENTE
MASCULINO,VENADO TUERTO,RENOVACIÓN,"A.2.2, B.2",23/sept/2025,23/sept/2025,23/sept/2030,VIGENTE
FEMENINO,VENADO TUERTO,RENOVACIÓN,B.2,23/sept/2025,23/sept/2025,23/sept/2026,VIGENTE
MASCULINO,VENADO TUERTO,RENOVACIÓN,B.2,23/sept/2025,23/sept/2025,23/sept/2028,VIGENTE
FEMENINO,VENADO TUERTO,RENOVACIÓN,"A.2.1, B.1",23/sept/2025,23/sept/2025,23/sept/2030,VIGENTE
MASCULINO,VENADO TUERTO,RENOVACIÓN,"A.2.2, B.2",23/sept/2025,23/sept/2025,23/sept/2030,VIGENTE
MASCULINO,VENADO TUERTO,RENOVACIÓN,"A.2.1, B.2",23/sept/2025,23/sept/2025,23/sept/2030,VIGENTE
FEMENINO,VENADO TUERTO,RENOVACIÓN,"A.3, B.2, D.3",23/sept/2025,23/sept/2025,23/sept/2027,VIGENTE
MASCULINO,VENADO TUERTO,ORIGINAL,"A.2.1, B.1",23/sept/2025,23/sept/2025,23/sept/2030,VIGENTE
FEMENINO,VENADO TUERTO,RENOVACIÓN,A.2.1,23/sept/2025,23/sept/2025,23/sept/2026,VIGENTE
FEMENINO,VENADO TUERTO,RENOVACIÓN,B.2,23/sept/2025,23/sept/2025,23/sept/2030,VIGENTE
MASCULINO,VENADO TUERTO,RENOVACIÓN,"A.2.1, B.1",24/sept/2025,5/sept/2025,24/sept/2030,VIGENTE
MASCULINO,VENADO TUERTO,ORIGINAL,"A.2.1, B.1",24/sept/2025,10/sept/2025,24/sept/2026,VIGENTE
FEMENINO,VENADO TUERTO,ORIGINAL,A.2.1,24/sept/2025,12/sept/2025,24/sept/2030,VIGENTE
MASCULINO,VENADO TUERTO,RENOVACIÓN,A.2.1,24/sept/2025,18/sept/2025,24/sept/2028,VIGENTE
MASCULINO,VENADO TUERTO,RENOVACIÓN,E.1,24/sept/2025,18/sept/2025,24/sept/2026,VIGENTE
MASCULINO,VENADO TUERTO,RENOVACIÓN,E.1,24/sept/2025,19/sept/2025,24/sept/2026,VIGENTE
MASCULINO,VENADO TUERTO,RENOVACIÓN,B.1,24/sept/2025,23/sept/2025,24/sept/2030,VIGENTE
MASCULINO,VENADO TUERTO,RENOVACIÓN,D.1,24/sept/2025,23/sept/2025,24/sept/2026,VIGENTE
MASCULINO,VENADO TUERTO,RENOVACIÓN CON AMPLIACIÓN,"A.3, B.1",24/sept/2025,23/sept/2025,24/sept/2030,VIGENTE
MASCULINO,VENADO TUERTO,RENOVACIÓN,"A.3, B.2",24/sept/2025,24/sept/2025,24/sept/2030,VIGENTE
MASCULINO,VENADO TUERTO,RENOVACIÓN,"A.3, E.1",24/sept/2025,24/sept/2025,24/may/2026,VIGENTE
MASCULINO,VENADO TUERTO,RENOVACIÓN,B.2,24/sept/2025,24/sept/2025,24/sept/2030,VIGENTE
FEMENINO,VENADO TUERTO,RENOVACIÓN,"A.2.1, B.2",24/sept/2025,24/sept/2025,24/sept/2030,VIGENTE
MASCULINO,VENADO TUERTO,RENOVACIÓN,"A.2.1, B.2, E.2",24/sept/2025,24/sept/2025,24/sept/2027,VIGENTE
FEMENINO,VENADO TUERTO,RENOVACIÓN,B.2,24/sept/2025,24/sept/2025,24/sept/2030,VIGENTE
FEMENINO,VENADO TUERTO,RENOVACIÓN,A.2.1,24/sept/2025,24/sept/2025,24/sept/2030,VIGENTE
MASCULINO,VENADO TUERTO,RENOVACIÓN,"A.2.1, B.1",24/sept/2025,24/sept/2025,24/sept/2028,VIGENTE
FEMENINO,VENADO TUERTO,RENOVACIÓN,B.1,24/sept/2025,24/sept/2025,24/sept/2030,VIGENTE
MASCULINO,VENADO TUERTO,RENOVACIÓN,D.1,24/sept/2025,24/sept/2025,24/sept/2026,VIGENTE
MASCULINO,VENADO TUERTO,RENOVACIÓN,B.2,24/sept/2025,24/sept/2025,24/sept/2030,VIGENTE
MASCULINO,VENADO TUERTO,RENOVACIÓN,B.2,24/sept/2025,24/sept/2025,24/sept/2028,VIGENTE
MASCULINO,VENADO TUERTO,RENOVACIÓN,B.2,24/sept/2025,24/sept/2025,24/sept/2026,VIGENTE
MASCULINO,VENADO TUERTO,RENOVACIÓN,"A.2.2, B.2",24/sept/2025,24/sept/2025,24/sept/2030,VIGENTE
MASCULINO,VENADO TUERTO,RENOVACIÓN,B.2,24/sept/2025,24/sept/2025,24/sept/2026,VIGENTE
FEMENINO,VENADO TUERTO,RENOVACIÓN,"A.2.1, B.2",24/sept/2025,24/sept/2025,24/sept/2030,VIGENTE
MASCULINO,VENADO TUERTO,RENOVACIÓN,B.2,24/sept/2025,24/sept/2025,24/sept/2026,VIGENTE
MASCULINO,VENADO TUERTO,RENOVACIÓN,B.2,24/sept/2025,24/sept/2025,24/sept/2026,VIGENTE
MASCULINO,VENADO TUERTO,RENOVACIÓN,B.2,24/sept/2025,24/sept/2025,24/sept/2026,VIGENTE
FEMENINO,VENADO TUERTO,RENOVACIÓN,B.1,24/sept/2025,24/sept/2025,24/sept/2030,VIGENTE
MASCULINO,VENADO TUERTO,RENOVACIÓN,"A.2.1, B.2",24/sept/2025,24/sept/2025,24/sept/2030,VIGENTE
FEMENINO,VENADO TUERTO,RENOVACIÓN,B.2,24/sept/2025,24/sept/2025,24/sept/2026,VIGENTE
FEMENINO,VENADO TUERTO,RENOVACIÓN,A.2.1,24/sept/2025,24/sept/2025,24/sept/2030,VIGENTE
MASCULINO,VENADO TUERTO,ORIGINAL,"A.2.1, B.2",24/sept/2025,24/sept/2025,24/sept/2030,VIGENTE
MASCULINO,VENADO TUERTO,RENOVACIÓN,"A.2.1, D.1",24/sept/2025,24/sept/2025,24/sept/2026,VIGENTE
FEMENINO,VENADO TUERTO,RENOVACIÓN,B.2,24/sept/2025,24/sept/2025,24/sept/2026,VIGENTE
FEMENINO,VENADO TUERTO,RENOVACIÓN,"A.2.1, B.2",24/sept/2025,24/sept/2025,24/sept/2030,VIGENTE
MASCULINO,VENADO TUERTO,RENOVACIÓN,B.2,24/sept/2025,24/sept/2025,24/sept/2026,VIGENTE
MASCULINO,VENADO TUERTO,RENOVACIÓN,B.2,24/sept/2025,24/sept/2025,24/sept/2026,VIGENTE
FEMENINO,VENADO TUERTO,RENOVACIÓN,"A.2.1, B.1",24/sept/2025,24/sept/2025,24/sept/2030,VIGENTE
MASCULINO,VENADO TUERTO,RENOVACIÓN,B.2,24/sept/2025,24/sept/2025,24/sept/2028,VIGENTE
MASCULINO,VENADO TUERTO,RENOVACIÓN,A.2.1,24/sept/2025,24/sept/2025,24/sept/2030,VIGENTE
FEMENINO,VENADO TUERTO,RENOVACIÓN,B.1,24/sept/2025,24/sept/2025,24/sept/2026,VIGENTE
FEMENINO,VENADO TUERTO,RENOVACIÓN,B.1,24/sept/2025,24/sept/2025,24/sept/2026,VIGENTE
MASCULINO,VENADO TUERTO,RENOVACIÓN,B.1,24/sept/2025,24/sept/2025,24/sept/2030,VIGENTE
MASCULINO,VENADO TUERTO,RENOVACIÓN,B.2,24/sept/2025,24/sept/2025,24/sept/2026,VIGENTE
MASCULINO,VENADO TUERTO,RENOVACIÓN,B.2,24/sept/2025,24/sept/2025,24/sept/2030,VIGENTE
MASCULINO,VENADO TUERTO,RENOVACIÓN,"A.2.1, B.2",24/sept/2025,24/sept/2025,24/sept/2030,VIGENTE
MASCULINO,VENADO TUERTO,RENOVACIÓN,"A.2.1, B.1",24/sept/2025,24/sept/2025,24/sept/2030,VIGENTE
MASCULINO,VENADO TUERTO,RENOVACIÓN,D.1,24/sept/2025,24/sept/2025,24/sept/2026,VIGENTE
MASCULINO,VENADO TUERTO,ORIGINAL,A.2.1,24/sept/2025,24/sept/2025,24/sept/2030,VIGENTE
FEMENINO,VENADO TUERTO,RENOVACIÓN,B.2,24/sept/2025,24/sept/2025,24/sept/2030,VIGENTE
FEMENINO,VENADO TUERTO,ORIGINAL,A.2.1,24/sept/2025,24/sept/2025,24/sept/2030,VIGENTE
FEMENINO,VENADO TUERTO,RENOVACIÓN,B.2,24/sept/2025,24/sept/2025,24/sept/2028,VIGENTE
MASCULINO,VENADO TUERTO,RENOVACIÓN,B.2,24/sept/2025,24/sept/2025,24/sept/2026,VIGENTE
FEMENINO,VENADO TUERTO,RENOVACIÓN,"A.2.1, B.1",25/sept/2025,9/may/2025,25/sept/2030,VIGENTE
MASCULINO,VENADO TUERTO,ORIGINAL,"A.2.1, B.2",25/sept/2025,28/jul/2025,25/sept/2030,VIGENTE
MASCULINO,VENADO TUERTO,RENOVACIÓN,"A.2.2, B.2",25/sept/2025,13/ago/2025,25/sept/2026,VIGENTE
MASCULINO,VENADO TUERTO,ORIGINAL,"A.2.1, B.2",25/sept/2025,19/ago/2025,25/sept/2030,VIGENTE
MASCULINO,VENADO TUERTO,RENOVACIÓN,"A.3, E.1",25/sept/2025,4/sept/2025,25/ago/2026,VIGENTE
FEMENINO,VENADO TUERTO,RENOVACIÓN CON AMPLIACIÓN,"A.2.1, B.1",25/sept/2025,15/sept/2025,25/sept/2030,VIGENTE
MASCULINO,VENADO TUERTO,RENOVACIÓN,"A.2.1, E.1",25/sept/2025,17/sept/2025,25/sept/2027,VIGENTE
MASCULINO,VENADO TUERTO,RENOVACIÓN,B.2,25/sept/2025,22/sept/2025,25/sept/2026,VIGENTE
MASCULINO,VENADO TUERTO,RENOVACIÓN,"A.3, B.2, C, G.1, G.2",25/sept/2025,25/sept/2025,25/sept/2026,VIGENTE
MASCULINO,VENADO TUERTO,RENOVACIÓN,B.1,25/sept/2025,25/sept/2025,25/sept/2030,VIGENTE
MASCULINO,VENADO TUERTO,RENOVACIÓN,"A.2.1, E.1",25/sept/2025,25/sept/2025,25/sept/2026,VIGENTE
MASCULINO,VENADO TUERTO,RENOVACIÓN,B.2,25/sept/2025,25/sept/2025,25/sept/2028,VIGENTE
MASCULINO,VENADO TUERTO,RENOVACIÓN,B.2,25/sept/2025,25/sept/2025,25/sept/2026,VIGENTE
MASCULINO,VENADO TUERTO,RENOVACIÓN,B.2,25/sept/2025,25/sept/2025,25/sept/2028,VIGENTE
MASCULINO,VENADO TUERTO,RENOVACIÓN,B.1,25/sept/2025,25/sept/2025,25/sept/2026,VIGENTE
FEMENINO,VENADO TUERTO,RENOVACIÓN,B.1,25/sept/2025,25/sept/2025,25/sept/2030,VIGENTE
FEMENINO,VENADO TUERTO,ORIGINAL,B.1,25/sept/2025,25/sept/2025,25/sept/2026,VIGENTE
MASCULINO,VENADO TUERTO,RENOVACIÓN,B.2,25/sept/2025,25/sept/2025,25/sept/2026,VIGENTE
MASCULINO,VENADO TUERTO,RENOVACIÓN,B.2,25/sept/2025,25/sept/2025,25/sept/2026,VIGENTE
MASCULINO,VENADO TUERTO,RENOVACIÓN,B.2,25/sept/2025,25/sept/2025,25/sept/2030,VIGENTE
FEMENINO,VENADO TUERTO,RENOVACIÓN,B.2,25/sept/2025,25/sept/2025,25/sept/2026,VIGENTE
MASCULINO,VENADO TUERTO,ORIGINAL,A.2.2,25/sept/2025,25/sept/2025,25/sept/2030,VIGENTE
MASCULINO,VENADO TUERTO,RENOVACIÓN CON AMPLIACIÓN,"B.2, D.1",25/sept/2025,25/sept/2025,25/sept/2026,VIGENTE
MASCULINO,VENADO TUERTO,ORIGINAL,"A.2.2, B.2",25/sept/2025,25/sept/2025,25/sept/2030,VIGENTE
FEMENINO,VENADO TUERTO,RENOVACIÓN,"A.2.1, B.2",25/sept/2025,25/sept/2025,25/sept/2028,VIGENTE
MASCULINO,VENADO TUERTO,RENOVACIÓN,E.1,25/sept/2025,25/sept/2025,25/sept/2026,VIGENTE
MASCULINO,VENADO TUERTO,RENOVACIÓN,"A.3, B.2",25/sept/2025,25/sept/2025,25/sept/2030,VIGENTE
MASCULINO,VENADO TUERTO,RENOVACIÓN,"A.3, B.1",25/sept/2025,25/sept/2025,25/sept/2030,VIGENTE
MASCULINO,VENADO TUERTO,RENOVACIÓN CON AMPLIACIÓN,"A.2.1, C",25/sept/2025,25/sept/2025,25/sept/2027,VIGENTE
FEMENINO,VENADO TUERTO,RENOVACIÓN,"A.2.1, B.1",25/sept/2025,25/sept/2025,25/sept/2030,VIGENTE
FEMENINO,VENADO TUERTO,RENOVACIÓN,A.2.1,25/sept/2025,25/sept/2025,25/sept/2030,VIGENTE
FEMENINO,VENADO TUERTO,RENOVACIÓN,B.2,25/sept/2025,25/sept/2025,25/sept/2026,VIGENTE
MASCULINO,VENADO TUERTO,RENOVACIÓN,B.2,25/sept/2025,25/sept/2025,25/sept/2026,VIGENTE
MASCULINO,VENADO TUERTO,RENOVACIÓN,"A.3, E.1",25/sept/2025,25/sept/2025,25/sept/2026,VIGENTE
MASCULINO,VENADO TUERTO,RENOVACIÓN,"A.2.1, B.2",25/sept/2025,25/sept/2025,25/sept/2026,VIGENTE
FEMENINO,VENADO TUERTO,RENOVACIÓN CON AMPLIACIÓN,"A.2.1, B.1",25/sept/2025,25/sept/2025,25/sept/2030,VIGENTE
FEMENINO,VENADO TUERTO,ORIGINAL,A.2.1,25/sept/2025,25/sept/2025,25/sept/2030,VIGENTE
MASCULINO,VENADO TUERTO,RENOVACIÓN CON AMPLIACIÓN,"A.2.1, B.1",25/sept/2025,25/sept/2025,25/sept/2028,VIGENTE
MASCULINO,VENADO TUERTO,RENOVACIÓN,"A.2.1, B.2",25/sept/2025,25/sept/2025,25/sept/2030,VIGENTE
MASCULINO,VENADO TUERTO,RENOVACIÓN,"A.2.1, B.2, E.2",25/sept/2025,25/sept/2025,25/sept/2027,VIGENTE
MASCULINO,VENADO TUERTO,RENOVACIÓN,"A.3, E.1",25/sept/2025,25/sept/2025,25/sept/2026,VIGENTE
MASCULINO,VENADO TUERTO,RENOVACIÓN,B.1,25/sept/2025,25/sept/2025,25/sept/2026,VIGENTE
FEMENINO,VENADO TUERTO,ORIGINAL,A.2.1,26/sept/2025,1/sept/2025,26/sept/2030,VIGENTE
MASCULINO,VENADO TUERTO,RENOVACIÓN,"A.2.1, E.1",26/sept/2025,19/sept/2025,26/abr/2026,VIGENTE
MASCULINO,VENADO TUERTO,RENOVACIÓN,A.2.1,26/sept/2025,24/sept/2025,26/sept/2028,VIGENTE
MASCULINO,VENADO TUERTO,RENOVACIÓN,B.1,26/sept/2025,25/sept/2025,26/sept/2026,VIGENTE
MASCULINO,VENADO TUERTO,RENOVACIÓN,B.1,26/sept/2025,25/sept/2025,26/sept/2028,VIGENTE
MASCULINO,VENADO TUERTO,RENOVACIÓN,"A.2.1, B.1",26/sept/2025,25/sept/2025,26/sept/2030,VIGENTE
MASCULINO,VENADO TUERTO,RENOVACIÓN,A.2.1,26/sept/2025,25/sept/2025,26/sept/2026,VIGENTE
FEMENINO,VENADO TUERTO,RENOVACIÓN,B.2,26/sept/2025,25/sept/2025,26/sept/2026,VIGENTE
MASCULINO,VENADO TUERTO,RENOVACIÓN,"A.2.2, B.2, G.1, G.2",26/sept/2025,25/sept/2025,26/sept/2030,VIGENTE
MASCULINO,VENADO TUERTO,RENOVACIÓN,B.2,26/sept/2025,25/sept/2025,26/sept/2026,VIGENTE
FEMENINO,VENADO TUERTO,RENOVACIÓN,"A.2.1, B.2",26/sept/2025,26/sept/2025,26/sept/2030,VIGENTE
MASCULINO,VENADO TUERTO,RENOVACIÓN,B.2,26/sept/2025,26/sept/2025,26/sept/2030,VIGENTE
MASCULINO,VENADO TUERTO,RENOVACIÓN,"A.2.1, B.2",26/sept/2025,26/sept/2025,26/sept/2030,VIGENTE
MASCULINO,VENADO TUERTO,RENOVACIÓN CON AMPLIACIÓN,"A.2.2, B.2",26/sept/2025,26/sept/2025,26/sept/2030,VIGENTE
MASCULINO,VENADO TUERTO,RENOVACIÓN,A.2.1,26/sept/2025,26/sept/2025,26/sept/2030,VIGENTE
MASCULINO,VENADO TUERTO,RENOVACIÓN,"A.3, E.1",26/sept/2025,26/sept/2025,26/sept/2026,VIGENTE
MASCULINO,VENADO TUERTO,RENOVACIÓN,"B.2, E.2",26/sept/2025,26/sept/2025,26/sept/2027,VIGENTE
MASCULINO,VENADO TUERTO,RENOVACIÓN,"A.3, E.1",26/sept/2025,26/sept/2025,26/sept/2027,VIGENTE
MASCULINO,VENADO TUERTO,RENOVACIÓN,"A.2.1, B.2",26/sept/2025,26/sept/2025,26/sept/2030,VIGENTE
MASCULINO,VENADO TUERTO,RENOVACIÓN,"B.2, G.1",26/sept/2025,26/sept/2025,26/sept/2028,VIGENTE
FEMENINO,VENADO TUERTO,ORIGINAL,B.1,26/sept/2025,26/sept/2025,26/sept/2026,VIGENTE
MASCULINO,VENADO TUERTO,RENOVACIÓN,"A.2.1, B.2",26/sept/2025,26/sept/2025,26/sept/2026,VIGENTE
MASCULINO,VENADO TUERTO,RENOVACIÓN,E.1,26/sept/2025,26/sept/2025,26/mar/2026,VIGENTE
FEMENINO,SAN EDUARDO,RENOVACIÓN,B.2,26/sept/2025,26/sept/2025,26/sept/2026,VIGENTE
MASCULINO,VENADO TUERTO,RENOVACIÓN,"B.2, G.1, G.2",26/sept/2025,26/sept/2025,26/sept/2026,VIGENTE
FEMENINO,VENADO TUERTO,RENOVACIÓN,"A.2.1, B.2",26/sept/2025,26/sept/2025,26/sept/2030,VIGENTE
MASCULINO,VENADO TUERTO,RENOVACIÓN,B.1,26/sept/2025,26/sept/2025,26/sept/2026,VIGENTE
MASCULINO,VENADO TUERTO,RENOVACIÓN CON AMPLIACIÓN,"A.2.2, B.2",26/sept/2025,26/sept/2025,26/sept/2030,VIGENTE
FEMENINO,VENADO TUERTO,RENOVACIÓN,B.1,26/sept/2025,26/sept/2025,26/sept/2030,VIGENTE
FEMENINO,VENADO TUERTO,RENOVACIÓN,"A.2.1, B.1",26/sept/2025,26/sept/2025,26/sept/2030,VIGENTE
FEMENINO,VENADO TUERTO,RENOVACIÓN,B.2,26/sept/2025,26/sept/2025,26/sept/2026,VIGENTE
MASCULINO,VENADO TUERTO,RENOVACIÓN,"A.2.1, B.2",26/sept/2025,26/sept/2025,26/sept/2030,VIGENTE
FEMENINO,VENADO TUERTO,RENOVACIÓN,B.2,26/sept/2025,26/sept/2025,26/sept/2026,VIGENTE
MASCULINO,VENADO TUERTO,RENOVACIÓN,"A.3, E.1, E.2, G.1, G.2",26/sept/2025,26/sept/2025,26/sept/2027,VIGENTE
MASCULINO,VENADO TUERTO,RENOVACIÓN,B.2,26/sept/2025,26/sept/2025,26/sept/2026,VIGENTE
FEMENINO,VENADO TUERTO,RENOVACIÓN,A.2.1,26/sept/2025,26/sept/2025,26/sept/2028,VIGENTE
MASCULINO,VENADO TUERTO,RENOVACIÓN,B.2,26/sept/2025,26/sept/2025,26/sept/2026,VIGENTE
MASCULINO,VENADO TUERTO,RENOVACIÓN,B.1,26/sept/2025,26/sept/2025,26/sept/2026,VIGENTE
FEMENINO,VENADO TUERTO,RENOVACIÓN,A.2.1,26/sept/2025,26/sept/2025,26/sept/2028,VIGENTE
MASCULINO,VENADO TUERTO,RENOVACIÓN CON AMPLIACIÓN,"A.2.2, B.2",26/sept/2025,26/sept/2025,26/sept/2030,VIGENTE
FEMENINO,VENADO TUERTO,RENOVACIÓN,B.2,26/sept/2025,26/sept/2025,26/sept/2030,VIGENTE
MASCULINO,VENADO TUERTO,RENOVACIÓN,"A.2.2, D.1, D.3",26/sept/2025,26/sept/2025,26/sept/2027,VIGENTE
MASCULINO,VENADO TUERTO,ORIGINAL,"A.2.1, B.2",26/sept/2025,26/sept/2025,26/sept/2030,VIGENTE
MASCULINO,VENADO TUERTO,RENOVACIÓN,"A.2.2, B.1",26/sept/2025,26/sept/2025,26/sept/2030,VIGENTE
FEMENINO,VENADO TUERTO,RENOVACIÓN,B.1,26/sept/2025,26/sept/2025,26/sept/2030,VIGENTE
MASCULINO,VENADO TUERTO,RENOVACIÓN,"B.2, C",26/sept/2025,26/sept/2025,26/sept/2026,VIGENTE
MASCULINO,VENADO TUERTO,RENOVACIÓN,"A.2.1, B.2",26/sept/2025,26/sept/2025,26/sept/2030,VIGENTE
MASCULINO,VENADO TUERTO,RENOVACIÓN,B.2,26/sept/2025,26/sept/2025,26/sept/2026,VIGENTE
FEMENINO,VENADO TUERTO,RENOVACIÓN,B.2,26/sept/2025,26/sept/2025,26/sept/2026,VIGENTE
FEMENINO,VENADO TUERTO,RENOVACIÓN,B.1,26/sept/2025,26/sept/2025,26/sept/2030,VIGENTE
MASCULINO,VENADO TUERTO,RENOVACIÓN,B.1,26/sept/2025,26/sept/2025,26/sept/2030,VIGENTE
MASCULINO,VENADO TUERTO,RENOVACIÓN CON AMPLIACIÓN,"B.2, C",26/sept/2025,26/sept/2025,26/sept/2027,VIGENTE
MASCULINO,VENADO TUERTO,RENOVACIÓN,"A.2.1, B.2",26/sept/2025,26/sept/2025,26/sept/2026,VIGENTE
MASCULINO,VENADO TUERTO,RENOVACIÓN,"A.2.1, E.1",26/sept/2025,26/sept/2025,26/sept/2027,VIGENTE
FEMENINO,VENADO TUERTO,RENOVACIÓN,"A.2.1, B.1",26/sept/2025,26/sept/2025,26/sept/2028,VIGENTE
MASCULINO,VENADO TUERTO,RENOVACIÓN,"A.2.1, B.1",26/sept/2025,26/sept/2025,26/sept/2028,VIGENTE
FEMENINO,VENADO TUERTO,RENOVACIÓN,A.2.1,26/sept/2025,26/sept/2025,26/sept/2030,VIGENTE
MASCULINO,VENADO TUERTO,RENOVACIÓN,"A.2.1, B.2",26/sept/2025,26/sept/2025,26/sept/2030,VIGENTE
MASCULINO,VENADO TUERTO,RENOVACIÓN,"A.3, B.2",26/sept/2025,26/sept/2025,26/sept/2030,VIGENTE
MASCULINO,VENADO TUERTO,RENOVACIÓN,B.2,26/sept/2025,26/sept/2025,26/sept/2026,VIGENTE
FEMENINO,VENADO TUERTO,RENOVACIÓN,A.2.1,26/sept/2025,26/sept/2025,26/sept/2028,VIGENTE
MASCULINO,VENADO TUERTO,RENOVACIÓN,E.1,26/sept/2025,26/sept/2025,26/sept/2026,VIGENTE
MASCULINO,SAN EDUARDO,RENOVACIÓN,"A.2.2, B.1",26/sept/2025,26/sept/2025,26/sept/2030,VIGENTE
MASCULINO,VENADO TUERTO,RENOVACIÓN CON AMPLIACIÓN,"E.1, E.2",29/sept/2025,11/jul/2025,29/jul/2026,VIGENTE
MASCULINO,VENADO TUERTO,RENOVACIÓN CON AMPLIACIÓN,"A.3, B.1",29/sept/2025,9/sept/2025,29/sept/2030,VIGENTE
FEMENINO,VENADO TUERTO,RENOVACIÓN CON AMPLIACIÓN,"A.2.1, D.1",29/sept/2025,9/sept/2025,29/sept/2027,VIGENTE
FEMENINO,VENADO TUERTO,ORIGINAL,A.2.1,29/sept/2025,15/sept/2025,29/sept/2026,VIGENTE
MASCULINO,VENADO TUERTO,ORIGINAL,B.2,29/sept/2025,17/sept/2025,29/sept/2030,VIGENTE
MASCULINO,VENADO TUERTO,RENOVACIÓN,"A.2.1, E.1",29/sept/2025,23/sept/2025,29/sept/2027,VIGENTE
MASCULINO,VENADO TUERTO,RENOVACIÓN,E.1,29/sept/2025,24/sept/2025,29/sept/2027,VIGENTE
FEMENINO,VENADO TUERTO,RENOVACIÓN,A.2.1,29/sept/2025,26/sept/2025,29/sept/2028,VIGENTE
MASCULINO,VENADO TUERTO,RENOVACIÓN,B.2,29/sept/2025,29/sept/2025,29/sept/2026,VIGENTE
MASCULINO,VENADO TUERTO,RENOVACIÓN,B.1,29/sept/2025,29/sept/2025,29/sept/2030,VIGENTE
FEMENINO,VENADO TUERTO,RENOVACIÓN,"A.2.1, B.2",29/sept/2025,29/sept/2025,29/sept/2030,VIGENTE
MASCULINO,VENADO TUERTO,RENOVACIÓN,"A.2.1, B.2",29/sept/2025,29/sept/2025,29/sept/2030,VIGENTE
MASCULINO,VENADO TUERTO,ORIGINAL,B.1,29/sept/2025,29/sept/2025,29/sept/2030,VIGENTE
MASCULINO,VENADO TUERTO,RENOVACIÓN,"A.2.1, B.2",29/sept/2025,29/sept/2025,29/sept/2030,VIGENTE
MASCULINO,VENADO TUERTO,RENOVACIÓN,B.1,29/sept/2025,29/sept/2025,29/sept/2030,VIGENTE
FEMENINO,VENADO TUERTO,RENOVACIÓN,"A.2.1, B.1",29/sept/2025,29/sept/2025,29/sept/2030,VIGENTE
FEMENINO,VENADO TUERTO,RENOVACIÓN,B.2,29/sept/2025,29/sept/2025,29/sept/2026,VIGENTE
MASCULINO,VENADO TUERTO,RENOVACIÓN,B.2,29/sept/2025,29/sept/2025,29/sept/2026,VIGENTE
MASCULINO,VENADO TUERTO,RENOVACIÓN,"A.2.1, B.2",29/sept/2025,29/sept/2025,29/sept/2030,VIGENTE
MASCULINO,VENADO TUERTO,RENOVACIÓN,B.2,29/sept/2025,29/sept/2025,29/sept/2026,VIGENTE
MASCULINO,VENADO TUERTO,RENOVACIÓN,"A.2.1, E.1",29/sept/2025,29/sept/2025,29/mar/2026,VIGENTE
MASCULINO,VENADO TUERTO,RENOVACIÓN,"A.3, B.2",29/sept/2025,29/sept/2025,29/sept/2030,VIGENTE
MASCULINO,VENADO TUERTO,RENOVACIÓN,B.2,29/sept/2025,29/sept/2025,29/sept/2026,VIGENTE
MASCULINO,VENADO TUERTO,RENOVACIÓN,B.2,29/sept/2025,29/sept/2025,29/sept/2026,VIGENTE
MASCULINO,VENADO TUERTO,RENOVACIÓN,E.1,29/sept/2025,29/sept/2025,29/sept/2026,VIGENTE
FEMENINO,VENADO TUERTO,RENOVACIÓN,"A.2.1, B.2",29/sept/2025,29/sept/2025,29/sept/2030,VIGENTE
FEMENINO,VENADO TUERTO,RENOVACIÓN,B.1,29/sept/2025,29/sept/2025,29/sept/2030,VIGENTE
MASCULINO,VENADO TUERTO,RENOVACIÓN,"A.2.1, B.2",29/sept/2025,29/sept/2025,29/sept/2026,VIGENTE
MASCULINO,VENADO TUERTO,RENOVACIÓN,"A.2.2, B.2",29/sept/2025,29/sept/2025,29/sept/2030,VIGENTE
FEMENINO,VENADO TUERTO,RENOVACIÓN,B.2,29/sept/2025,29/sept/2025,29/sept/2030,VIGENTE
MASCULINO,VENADO TUERTO,RENOVACIÓN,"A.2.1, B.2",29/sept/2025,29/sept/2025,29/sept/2030,VIGENTE
MASCULINO,VENADO TUERTO,RENOVACIÓN,"A.2.1, B.2",29/sept/2025,29/sept/2025,29/sept/2030,VIGENTE
MASCULINO,VENADO TUERTO,RENOVACIÓN,"A.2.1, B.1",29/sept/2025,29/sept/2025,29/sept/2030,VIGENTE
MASCULINO,VENADO TUERTO,RENOVACIÓN CON AMPLIACIÓN,"A.2.2, D.2, D.3, E.1",29/sept/2025,29/sept/2025,29/sept/2026,VIGENTE
MASCULINO,VENADO TUERTO,ORIGINAL,"A.2.1, B.2",29/sept/2025,29/sept/2025,29/sept/2030,VIGENTE
FEMENINO,VENADO TUERTO,RENOVACIÓN,B.2,29/sept/2025,29/sept/2025,29/sept/2030,VIGENTE
FEMENINO,VENADO TUERTO,RENOVACIÓN,"A.2.1, B.2",29/sept/2025,29/sept/2025,29/sept/2030,VIGENTE
MASCULINO,VENADO TUERTO,RENOVACIÓN,E.1,29/sept/2025,29/sept/2025,29/sept/2026,VIGENTE
MASCULINO,VENADO TUERTO,RENOVACIÓN,E.1,29/sept/2025,29/sept/2025,29/sept/2026,VIGENTE
FEMENINO,VENADO TUERTO,RENOVACIÓN,A.2.1,29/sept/2025,29/sept/2025,29/sept/2030,VIGENTE
MASCULINO,VENADO TUERTO,RENOVACIÓN,A.2.2,29/sept/2025,29/sept/2025,29/sept/2030,VIGENTE
MASCULINO,VENADO TUERTO,RENOVACIÓN,"A.3, D.1, D.3, E.1",29/sept/2025,29/sept/2025,29/sept/2026,VIGENTE
MASCULINO,VENADO TUERTO,ORIGINAL,A.2.1,29/sept/2025,29/sept/2025,29/sept/2030,VIGENTE
FEMENINO,VENADO TUERTO,RENOVACIÓN,B.2,29/sept/2025,29/sept/2025,29/sept/2026,VIGENTE
FEMENINO,VENADO TUERTO,RENOVACIÓN,B.2,29/sept/2025,29/sept/2025,29/sept/2028,VIGENTE
MASCULINO,VENADO TUERTO,RENOVACIÓN,"A.2.1, B.2",29/sept/2025,29/sept/2025,29/sept/2030,VIGENTE
FEMENINO,VENADO TUERTO,RENOVACIÓN,B.1,29/sept/2025,29/sept/2025,29/sept/2030,VIGENTE
MASCULINO,VENADO TUERTO,RENOVACIÓN,B.1,29/sept/2025,29/sept/2025,29/sept/2028,VIGENTE
FEMENINO,VENADO TUERTO,RENOVACIÓN,"A.2.1, B.2",29/sept/2025,29/sept/2025,29/sept/2030,VIGENTE
MASCULINO,VENADO TUERTO,RENOVACIÓN,B.2,29/sept/2025,29/sept/2025,29/sept/2030,VIGENTE
FEMENINO,VENADO TUERTO,RENOVACIÓN,B.2,29/sept/2025,29/sept/2025,29/sept/2026,VIGENTE
MASCULINO,VENADO TUERTO,RENOVACIÓN,B.2,29/sept/2025,29/sept/2025,29/sept/2026,VIGENTE
FEMENINO,VENADO TUERTO,RENOVACIÓN,A.2.1,29/sept/2025,29/sept/2025,29/sept/2030,VIGENTE
MASCULINO,VENADO TUERTO,ORIGINAL,A.2.1,29/sept/2025,29/sept/2025,29/sept/2030,VIGENTE
MASCULINO,VENADO TUERTO,RENOVACIÓN,B.2,29/sept/2025,29/sept/2025,29/sept/2026,VIGENTE
MASCULINO,VENADO TUERTO,RENOVACIÓN CON AMPLIACIÓN,"A.2.1, B.2, C",29/sept/2025,29/sept/2025,29/sept/2026,VIGENTE
MASCULINO,VENADO TUERTO,RENOVACIÓN,B.2,29/sept/2025,29/sept/2025,29/sept/2026,VIGENTE
MASCULINO,VENADO TUERTO,RENOVACIÓN,"A.2.1, B.2, C, G.1",29/sept/2025,29/sept/2025,29/sept/2026,VIGENTE
FEMENINO,VENADO TUERTO,RENOVACIÓN CON AMPLIACIÓN,"A.2.1, B.2",29/sept/2025,29/sept/2025,29/sept/2030,VIGENTE
MASCULINO,VENADO TUERTO,RENOVACIÓN,"A.2.1, B.1",29/sept/2025,29/sept/2025,29/sept/2030,VIGENTE
MASCULINO,VENADO TUERTO,RENOVACIÓN CON AMPLIACIÓN,"A.2.1, E.1",30/sept/2025,8/ago/2025,30/sept/2027,VIGENTE
FEMENINO,VENADO TUERTO,ORIGINAL,A.2.1,30/sept/2025,5/sept/2025,30/sept/2026,VIGENTE
MASCULINO,VENADO TUERTO,RENOVACIÓN,"A.2.1, B.2, C, E.2, G.1, G.2",30/sept/2025,8/sept/2025,30/sept/2026,VIGENTE
MASCULINO,VENADO TUERTO,RENOVACIÓN,C,30/sept/2025,18/sept/2025,30/sept/2026,VIGENTE
MASCULINO,VENADO TUERTO,RENOVACIÓN,"A.2.1, B.1",30/sept/2025,19/sept/2025,30/sept/2030,VIGENTE
MASCULINO,VENADO TUERTO,ORIGINAL,"A.2.1, B.2, C, E.2, G.1",30/sept/2025,25/sept/2025,30/sept/2027,VIGENTE
MASCULINO,VENADO TUERTO,RENOVACIÓN,"A.3, B.2, C",30/sept/2025,29/sept/2025,30/sept/2026,VIGENTE
FEMENINO,VENADO TUERTO,RENOVACIÓN,"A.3, B.2",30/sept/2025,29/sept/2025,30/sept/2030,VIGENTE
MASCULINO,VENADO TUERTO,RENOVACIÓN CON AMPLIACIÓN,"A.2.1, B.2",30/sept/2025,29/sept/2025,30/sept/2028,VIGENTE
MASCULINO,VENADO TUERTO,ORIGINAL,A.2.1,30/sept/2025,29/sept/2025,30/sept/2030,VIGENTE
MASCULINO,VENADO TUERTO,RENOVACIÓN,"B.2, C",30/sept/2025,29/sept/2025,30/sept/2026,VIGENTE
FEMENINO,VENADO TUERTO,RENOVACIÓN,B.1,30/sept/2025,30/sept/2025,30/sept/2030,VIGENTE
FEMENINO,VENADO TUERTO,RENOVACIÓN,B.2,30/sept/2025,30/sept/2025,30/sept/2030,VIGENTE
FEMENINO,VENADO TUERTO,RENOVACIÓN,"A.2.1, B.2",30/sept/2025,30/sept/2025,30/sept/2030,VIGENTE
MASCULINO,VENADO TUERTO,RENOVACIÓN CON AMPLIACIÓN,"A.3, E.1",30/sept/2025,30/sept/2025,30/sept/2027,VIGENTE
FEMENINO,VENADO TUERTO,RENOVACIÓN,A.2.1,30/sept/2025,30/sept/2025,30/sept/2030,VIGENTE
MASCULINO,VENADO TUERTO,RENOVACIÓN,"A.2.1, B.1",30/sept/2025,30/sept/2025,30/sept/2030,VIGENTE
MASCULINO,VENADO TUERTO,RENOVACIÓN CON AMPLIACIÓN,"A.2.1, B.1",30/sept/2025,30/sept/2025,30/sept/2028,VIGENTE
FEMENINO,VENADO TUERTO,RENOVACIÓN,A.2.1,30/sept/2025,30/sept/2025,30/sept/2030,VIGENTE
FEMENINO,VENADO TUERTO,RENOVACIÓN,B.1,30/sept/2025,30/sept/2025,30/sept/2030,VIGENTE
MASCULINO,VENADO TUERTO,RENOVACIÓN,A.2.1,30/sept/2025,30/sept/2025,30/sept/2030,VIGENTE
FEMENINO,VENADO TUERTO,RENOVACIÓN,A.2.1,30/sept/2025,30/sept/2025,30/sept/2030,VIGENTE
FEMENINO,VENADO TUERTO,RENOVACIÓN,"A.2.2, B.2",30/sept/2025,30/sept/2025,30/sept/2030,VIGENTE
FEMENINO,VENADO TUERTO,RENOVACIÓN,B.2,30/sept/2025,30/sept/2025,30/sept/2026,VIGENTE
MASCULINO,VENADO TUERTO,ORIGINAL,"A.2.2, B.1",30/sept/2025,30/sept/2025,30/sept/2030,VIGENTE
MASCULINO,VENADO TUERTO,RENOVACIÓN CON AMPLIACIÓN,"A.2.2, B.2, D.1",30/sept/2025,30/sept/2025,30/sept/2026,VIGENTE
MASCULINO,VENADO TUERTO,RENOVACIÓN,"A.2.1, B.2",30/sept/2025,30/sept/2025,30/sept/2026,VIGENTE
MASCULINO,VENADO TUERTO,ORIGINAL,"A.2.1, B.2",30/sept/2025,30/sept/2025,30/sept/2030,VIGENTE
MASCULINO,VENADO TUERTO,ORIGINAL,A.2.1,30/sept/2025,30/sept/2025,30/sept/2030,VIGENTE
FEMENINO,VENADO TUERTO,ORIGINAL,B.1,30/sept/2025,30/sept/2025,30/sept/2030,VIGENTE
FEMENINO,VENADO TUERTO,RENOVACIÓN,"A.2.1, B.1",30/sept/2025,30/sept/2025,30/sept/2030,VIGENTE
FEMENINO,VENADO TUERTO,RENOVACIÓN CON AMPLIACIÓN,"A.2.1, B.2, D.1",30/sept/2025,30/sept/2025,30/sept/2026,VIGENTE
FEMENINO,VENADO TUERTO,RENOVACIÓN,B.2,30/sept/2025,30/sept/2025,30/sept/2030,VIGENTE
FEMENINO,VENADO TUERTO,RENOVACIÓN,A.2.1,30/sept/2025,30/sept/2025,30/sept/2030,VIGENTE
MASCULINO,VENADO TUERTO,RENOVACIÓN,B.2,30/sept/2025,30/sept/2025,30/sept/2026,VIGENTE
MASCULINO,VENADO TUERTO,RENOVACIÓN,E.1,30/sept/2025,30/sept/2025,30/sept/2026,VIGENTE
FEMENINO,VENADO TUERTO,RENOVACIÓN,B.1,30/sept/2025,30/sept/2025,30/sept/2028,VIGENTE
MASCULINO,VENADO TUERTO,RENOVACIÓN,"A.2.2, B.2",30/sept/2025,30/sept/2025,30/sept/2030,VIGENTE
MASCULINO,VENADO TUERTO,RENOVACIÓN,"A.3, B.2",30/sept/2025,30/sept/2025,30/sept/2030,VIGENTE
MASCULINO,VENADO TUERTO,RENOVACIÓN,"A.2.1, B.2",30/sept/2025,30/sept/2025,30/sept/2030,VIGENTE
FEMENINO,VENADO TUERTO,ORIGINAL,A.2.1,30/sept/2025,30/sept/2025,30/sept/2030,VIGENTE
MASCULINO,VENADO TUERTO,RENOVACIÓN,"A.2.1, B.2",30/sept/2025,30/sept/2025,30/sept/2030,VIGENTE
MASCULINO,VENADO TUERTO,RENOVACIÓN,B.1,30/sept/2025,30/sept/2025,30/sept/2026,VIGENTE
MASCULINO,VENADO TUERTO,RENOVACIÓN CON AMPLIACIÓN,"A.2.2, B.1",30/sept/2025,30/sept/2025,30/sept/2030,VIGENTE
MASCULINO,VENADO TUERTO,RENOVACIÓN,"A.2.1, B.2, C",30/sept/2025,30/sept/2025,30/sept/2027,VIGENTE
FEMENINO,VENADO TUERTO,RENOVACIÓN,B.2,30/sept/2025,30/sept/2025,30/sept/2026,VIGENTE
MASCULINO,VENADO TUERTO,RENOVACIÓN,"A.2.1, E.1",30/sept/2025,30/sept/2025,30/sept/2027,VIGENTE
MASCULINO,VENADO TUERTO,RENOVACIÓN,"A.2.1, E.1",30/sept/2025,30/sept/2025,30/sept/2026,VIGENTE
MASCULINO,SAN EDUARDO,RENOVACIÓN,B.2,30/sept/2025,30/sept/2025,30/sept/2030,VIGENTE
MASCULINO,VENADO TUERTO,RENOVACIÓN,"A.2.1, B.2",30/sept/2025,30/sept/2025,30/sept/2028,VIGENTE
MASCULINO,VENADO TUERTO,RENOVACIÓN,"A.3, E.1",30/sept/2025,30/sept/2025,30/sept/2026,VIGENTE
MASCULINO,VENADO TUERTO,RENOVACIÓN,"A.2.1, B.2",30/sept/2025,30/sept/2025,30/sept/2028,VIGENTE
MASCULINO,VENADO TUERTO,RENOVACIÓN,"A.2.1, B.1",30/sept/2025,30/sept/2025,30/sept/2030,VIGENTE
MASCULINO,VENADO TUERTO,RENOVACIÓN,"A.2.1, B.1",30/sept/2025,30/sept/2025,30/sept/2030,VIGENTE
MASCULINO,VENADO TUERTO,RENOVACIÓN,"B.2, D.1",30/sept/2025,30/sept/2025,30/sept/2026,VIGENTE
MASCULINO,VENADO TUERTO,RENOVACIÓN,B.2,30/sept/2025,30/sept/2025,30/sept/2026,VIGENTE
FEMENINO,VENADO TUERTO,ORIGINAL,A.2.1,1/oct/2025,9/sept/2025,1/oct/2030,VIGENTE
MASCULINO,VENADO TUERTO,ORIGINAL,"A.2.1, C, G.1",1/oct/2025,17/sept/2025,1/oct/2027,VIGENTE
MASCULINO,VENADO TUERTO,RENOVACIÓN,B.2,1/oct/2025,1/oct/2025,1/oct/2026,VIGENTE
FEMENINO,VENADO TUERTO,RENOVACIÓN,B.2,1/oct/2025,1/oct/2025,1/oct/2030,VIGENTE
MASCULINO,VENADO TUERTO,RENOVACIÓN,"A.2.1, B.2",1/oct/2025,1/oct/2025,1/oct/2030,VIGENTE
MASCULINO,VENADO TUERTO,RENOVACIÓN,B.2,1/oct/2025,1/oct/2025,1/oct/2028,VIGENTE
MASCULINO,VENADO TUERTO,RENOVACIÓN,"A.3, C",1/oct/2025,1/oct/2025,1/oct/2026,VIGENTE
FEMENINO,VENADO TUERTO,RENOVACIÓN,B.1,1/oct/2025,1/oct/2025,1/oct/2028,VIGENTE
MASCULINO,VENADO TUERTO,RENOVACIÓN,"A.3, D.1, D.3, E.1",1/oct/2025,1/oct/2025,1/oct/2026,VIGENTE
FEMENINO,VENADO TUERTO,RENOVACIÓN,B.1,1/oct/2025,1/oct/2025,1/oct/2030,VIGENTE
FEMENINO,VENADO TUERTO,RENOVACIÓN,B.2,1/oct/2025,1/oct/2025,1/oct/2026,VIGENTE
MASCULINO,VENADO TUERTO,RENOVACIÓN,"A.2.2, B.2",1/oct/2025,1/oct/2025,1/oct/2026,VIGENTE
FEMENINO,VENADO TUERTO,RENOVACIÓN,"A.2.1, B.1",1/oct/2025,1/oct/2025,1/oct/2030,VIGENTE
MASCULINO,VENADO TUERTO,RENOVACIÓN,"A.2.2, B.2, C",1/oct/2025,1/oct/2025,1/oct/2026,VIGENTE
FEMENINO,VENADO TUERTO,ORIGINAL,"A.2.1, B.2",1/oct/2025,1/oct/2025,1/oct/2030,VIGENTE
FEMENINO,VENADO TUERTO,RENOVACIÓN,"A.3, B.2",1/oct/2025,1/oct/2025,1/oct/2030,VIGENTE
MASCULINO,VENADO TUERTO,RENOVACIÓN,A.2.1,1/oct/2025,1/oct/2025,1/oct/2028,VIGENTE
MASCULINO,VENADO TUERTO,RENOVACIÓN,"A.3, B.2, D.1, D.3",1/oct/2025,1/oct/2025,1/oct/2027,VIGENTE
FEMENINO,VENADO TUERTO,RENOVACIÓN,"A.2.1, B.1",1/oct/2025,1/oct/2025,1/oct/2030,VIGENTE
FEMENINO,VENADO TUERTO,RENOVACIÓN,"A.2.1, B.2",1/oct/2025,1/oct/2025,1/oct/2030,VIGENTE
MASCULINO,VENADO TUERTO,RENOVACIÓN,"A.2.2, B.2, G.1",1/oct/2025,1/oct/2025,1/oct/2030,VIGENTE
MASCULINO,VENADO TUERTO,RENOVACIÓN,B.2,1/oct/2025,1/oct/2025,1/oct/2026,VIGENTE
FEMENINO,VENADO TUERTO,ORIGINAL,B.1,1/oct/2025,1/oct/2025,1/oct/2026,VIGENTE
FEMENINO,VENADO TUERTO,RENOVACIÓN,A.2.1,1/oct/2025,1/oct/2025,1/oct/2030,VIGENTE
MASCULINO,VENADO TUERTO,RENOVACIÓN,"A.2.1, B.1",1/oct/2025,1/oct/2025,1/oct/2030,VIGENTE
FEMENINO,VENADO TUERTO,RENOVACIÓN,B.2,1/oct/2025,1/oct/2025,1/oct/2030,VIGENTE
MASCULINO,VENADO TUERTO,RENOVACIÓN,"A.2.1, B.2",1/oct/2025,1/oct/2025,1/oct/2026,VIGENTE
MASCULINO,VENADO TUERTO,RENOVACIÓN,"A.2.2, D.3, E.1",1/oct/2025,1/oct/2025,1/oct/2026,VIGENTE
FEMENINO,VENADO TUERTO,ORIGINAL,A.2.1,1/oct/2025,1/oct/2025,1/oct/2026,VIGENTE
FEMENINO,VENADO TUERTO,RENOVACIÓN CON AMPLIACIÓN,"A.2.1, B.1",1/oct/2025,1/oct/2025,1/oct/2030,VIGENTE
MASCULINO,VENADO TUERTO,RENOVACIÓN,"E.1, G.1",1/oct/2025,1/oct/2025,1/oct/2026,VIGENTE
MASCULINO,VENADO TUERTO,RENOVACIÓN,"A.2.1, D.1",1/oct/2025,1/oct/2025,1/oct/2026,VIGENTE
FEMENINO,VENADO TUERTO,RENOVACIÓN,A.2.1,1/oct/2025,1/oct/2025,1/oct/2030,VIGENTE
MASCULINO,VENADO TUERTO,RENOVACIÓN,B.1,1/oct/2025,1/oct/2025,1/oct/2030,VIGENTE
MASCULINO,VENADO TUERTO,RENOVACIÓN,B.2,1/oct/2025,1/oct/2025,1/oct/2026,VIGENTE
MASCULINO,VENADO TUERTO,RENOVACIÓN,"B.2, C",1/oct/2025,1/oct/2025,1/oct/2026,VIGENTE
MASCULINO,VENADO TUERTO,ORIGINAL,"A.2.1, B.2",1/oct/2025,1/oct/2025,1/oct/2030,VIGENTE
MASCULINO,VENADO TUERTO,ORIGINAL,"A.2.1, B.2, G.1, G.2",1/oct/2025,1/oct/2025,1/oct/2026,VIGENTE
MASCULINO,VENADO TUERTO,RENOVACIÓN,B.2,1/oct/2025,1/oct/2025,1/oct/2030,VIGENTE
MASCULINO,VENADO TUERTO,RENOVACIÓN,D.1,1/oct/2025,1/oct/2025,1/oct/2026,VIGENTE
MASCULINO,VENADO TUERTO,ORIGINAL,A.2.1,2/oct/2025,9/ene/2025,2/oct/2026,VIGENTE
MASCULINO,VENADO TUERTO,RENOVACIÓN,"A.2.1, B.1",2/oct/2025,16/abr/2025,2/oct/2026,VIGENTE
FEMENINO,VENADO TUERTO,ORIGINAL,A.2.1,2/oct/2025,11/sept/2025,2/oct/2030,VIGENTE
MASCULINO,VENADO TUERTO,ORIGINAL,"A.2.1, B.1",2/oct/2025,12/sept/2025,2/oct/2030,VIGENTE
FEMENINO,VENADO TUERTO,ORIGINAL,"A.2.1, B.1",2/oct/2025,16/sept/2025,2/oct/2030,VIGENTE
FEMENINO,VENADO TUERTO,ORIGINAL,A.2.1,2/oct/2025,22/sept/2025,2/oct/2030,VIGENTE
MASCULINO,VENADO TUERTO,RENOVACIÓN,E.1,2/oct/2025,23/sept/2025,2/oct/2026,VIGENTE
MASCULINO,VENADO TUERTO,RENOVACIÓN,B.2,2/oct/2025,25/sept/2025,2/oct/2030,VIGENTE
MASCULINO,VENADO TUERTO,RENOVACIÓN CON AMPLIACIÓN,"A.3, B.2",2/oct/2025,29/sept/2025,2/oct/2026,VIGENTE
MASCULINO,VENADO TUERTO,RENOVACIÓN CON AMPLIACIÓN,"A.3, B.2",2/oct/2025,1/oct/2025,2/oct/2026,VIGENTE
MASCULINO,VENADO TUERTO,RENOVACIÓN,"A.2.1, B.2",2/oct/2025,2/oct/2025,2/oct/2030,VIGENTE
MASCULINO,VENADO TUERTO,RENOVACIÓN,"B.2, G.1, G.2",2/oct/2025,2/oct/2025,2/oct/2026,VIGENTE
FEMENINO,VENADO TUERTO,RENOVACIÓN,A.2.1,2/oct/2025,2/oct/2025,2/oct/2030,VIGENTE
FEMENINO,VENADO TUERTO,RENOVACIÓN,"A.2.1, B.2",2/oct/2025,2/oct/2025,2/oct/2030,VIGENTE
FEMENINO,VENADO TUERTO,RENOVACIÓN,A.2.1,2/oct/2025,2/oct/2025,2/oct/2026,VIGENTE
MASCULINO,VENADO TUERTO,RENOVACIÓN,"A.2.1, B.2",2/oct/2025,2/oct/2025,2/oct/2030,VIGENTE
MASCULINO,VENADO TUERTO,RENOVACIÓN,B.2,2/oct/2025,2/oct/2025,2/oct/2026,VIGENTE
FEMENINO,VENADO TUERTO,RENOVACIÓN,B.2,2/oct/2025,2/oct/2025,2/oct/2030,VIGENTE
FEMENINO,VENADO TUERTO,ORIGINAL,A.2.1,2/oct/2025,2/oct/2025,2/oct/2030,VIGENTE
MASCULINO,VENADO TUERTO,RENOVACIÓN,B.2,2/oct/2025,2/oct/2025,2/oct/2028,VIGENTE
MASCULINO,VENADO TUERTO,RENOVACIÓN,B.2,2/oct/2025,2/oct/2025,2/oct/2026,VIGENTE
MASCULINO,VENADO TUERTO,RENOVACIÓN,"A.2.1, E.1",2/oct/2025,2/oct/2025,2/oct/2026,VIGENTE
MASCULINO,VENADO TUERTO,RENOVACIÓN,B.2,2/oct/2025,2/oct/2025,2/oct/2026,VIGENTE
MASCULINO,VENADO TUERTO,RENOVACIÓN,B.2,2/oct/2025,2/oct/2025,2/oct/2026,VIGENTE
MASCULINO,VENADO TUERTO,ORIGINAL,A.2.1,2/oct/2025,2/oct/2025,2/oct/2030,VIGENTE
MASCULINO,SAN EDUARDO,RENOVACIÓN,"A.2.1, B.1",2/oct/2025,2/oct/2025,2/oct/2028,VIGENTE
MASCULINO,VENADO TUERTO,RENOVACIÓN,B.2,2/oct/2025,2/oct/2025,2/oct/2026,VIGENTE
MASCULINO,VENADO TUERTO,RENOVACIÓN,"A.2.1, B.1",2/oct/2025,2/oct/2025,2/oct/2030,VIGENTE
MASCULINO,VENADO TUERTO,RENOVACIÓN,"A.2.1, B.2",2/oct/2025,2/oct/2025,2/oct/2030,VIGENTE
FEMENINO,VENADO TUERTO,RENOVACIÓN,B.1,2/oct/2025,2/oct/2025,2/oct/2030,VIGENTE
MASCULINO,VENADO TUERTO,RENOVACIÓN,E.1,2/oct/2025,2/oct/2025,2/oct/2026,VIGENTE
FEMENINO,VENADO TUERTO,RENOVACIÓN,B.1,2/oct/2025,2/oct/2025,2/oct/2030,VIGENTE
MASCULINO,VENADO TUERTO,RENOVACIÓN,"A.2.2, B.2",2/oct/2025,2/oct/2025,2/oct/2030,VIGENTE
MASCULINO,VENADO TUERTO,RENOVACIÓN,"A.2.1, B.1",2/oct/2025,2/oct/2025,2/oct/2030,VIGENTE
MASCULINO,VENADO TUERTO,RENOVACIÓN,B.2,2/oct/2025,2/oct/2025,2/oct/2030,VIGENTE
MASCULINO,VENADO TUERTO,RENOVACIÓN,A.2.1,2/oct/2025,2/oct/2025,2/oct/2030,VIGENTE
MASCULINO,VENADO TUERTO,RENOVACIÓN CON AMPLIACIÓN,"A.2.2, B.2, D.3, E.2",2/oct/2025,2/oct/2025,2/oct/2027,VIGENTE
FEMENINO,VENADO TUERTO,RENOVACIÓN CON AMPLIACIÓN,"A.2.1, B.1",2/oct/2025,2/oct/2025,2/oct/2030,VIGENTE
FEMENINO,VENADO TUERTO,RENOVACIÓN,B.2,2/oct/2025,2/oct/2025,2/oct/2026,VIGENTE
MASCULINO,VENADO TUERTO,RENOVACIÓN,C,2/oct/2025,2/oct/2025,2/oct/2026,VIGENTE
FEMENINO,VENADO TUERTO,ORIGINAL,A.2.1,2/oct/2025,2/oct/2025,2/oct/2026,VIGENTE
FEMENINO,VENADO TUERTO,ORIGINAL,B.1,2/oct/2025,2/oct/2025,2/oct/2026,VIGENTE
MASCULINO,VENADO TUERTO,RENOVACIÓN,"A.2.1, B.2, D.1",2/oct/2025,2/oct/2025,2/oct/2026,VIGENTE
MASCULINO,VENADO TUERTO,RENOVACIÓN,"A.3, B.2",2/oct/2025,2/oct/2025,2/oct/2030,VIGENTE
MASCULINO,VENADO TUERTO,RENOVACIÓN,"A.2.1, B.1",2/oct/2025,2/oct/2025,2/oct/2028,VIGENTE
FEMENINO,VENADO TUERTO,RENOVACIÓN,A.2.1,2/oct/2025,2/oct/2025,2/oct/2030,VIGENTE
FEMENINO,VENADO TUERTO,ORIGINAL,A.2.1,2/oct/2025,2/oct/2025,2/oct/2026,VIGENTE
MASCULINO,VENADO TUERTO,RENOVACIÓN,"A.2.2, C, E.2, G.1, G.2",2/oct/2025,2/oct/2025,2/oct/2026,VIGENTE
MASCULINO,VENADO TUERTO,RENOVACIÓN,"D.3, E.1",2/oct/2025,2/oct/2025,2/oct/2027,VIGENTE
FEMENINO,VENADO TUERTO,RENOVACIÓN,"A.2.1, B.1",2/oct/2025,2/oct/2025,2/oct/2028,VIGENTE
MASCULINO,VENADO TUERTO,RENOVACIÓN,"A.2.1, B.2",2/oct/2025,2/oct/2025,2/oct/2030,VIGENTE
MASCULINO,VENADO TUERTO,RENOVACIÓN,B.2,2/oct/2025,2/oct/2025,2/oct/2026,VIGENTE
MASCULINO,VENADO TUERTO,RENOVACIÓN CON AMPLIACIÓN,"A.2.1, B.1",2/oct/2025,2/oct/2025,2/oct/2030,VIGENTE
FEMENINO,VENADO TUERTO,RENOVACIÓN,B.2,2/oct/2025,2/oct/2025,2/oct/2030,VIGENTE
FEMENINO,VENADO TUERTO,RENOVACIÓN,"A.3, B.2",2/oct/2025,2/oct/2025,2/oct/2030,VIGENTE
FEMENINO,VENADO TUERTO,RENOVACIÓN,"A.2.1, B.1",2/oct/2025,2/oct/2025,2/oct/2030,VIGENTE
MASCULINO,VENADO TUERTO,RENOVACIÓN,E.1,2/oct/2025,2/oct/2025,2/oct/2026,VIGENTE
MASCULINO,VENADO TUERTO,RENOVACIÓN,"B.2, C, E.2",2/oct/2025,2/oct/2025,2/oct/2027,VIGENTE
FEMENINO,VENADO TUERTO,RENOVACIÓN,"A.2.1, B.1",2/oct/2025,2/oct/2025,2/oct/2030,VIGENTE
MASCULINO,VENADO TUERTO,RENOVACIÓN,A.2.1,3/oct/2025,9/ene/2025,3/oct/2030,VIGENTE
MASCULINO,VENADO TUERTO,ORIGINAL,A.2.1,3/oct/2025,9/sept/2025,3/oct/2030,VIGENTE
FEMENINO,VENADO TUERTO,ORIGINAL,A.2.1,3/oct/2025,11/sept/2025,3/oct/2026,VIGENTE
MASCULINO,VENADO TUERTO,RENOVACIÓN CON AMPLIACIÓN,"A.2.2, B.1",3/oct/2025,23/sept/2025,3/oct/2028,VIGENTE
FEMENINO,VENADO TUERTO,ORIGINAL,"A.2.1, B.2",3/oct/2025,23/sept/2025,3/oct/2030,VIGENTE
MASCULINO,VENADO TUERTO,RENOVACIÓN,E.1,3/oct/2025,26/sept/2025,3/oct/2026,VIGENTE
MASCULINO,VENADO TUERTO,RENOVACIÓN,E.1,3/oct/2025,30/sept/2025,3/oct/2027,VIGENTE
MASCULINO,VENADO TUERTO,RENOVACIÓN,E.1,3/oct/2025,1/oct/2025,3/oct/2027,NO VIGENTE
MASCULINO,VENADO TUERTO,RENOVACIÓN CON AMPLIACIÓN,"A.3, B.2, C, E.2, G.1",3/oct/2025,2/oct/2025,3/oct/2027,VIGENTE
MASCULINO,VENADO TUERTO,ORIGINAL,"A.2.2, B.1",3/oct/2025,3/oct/2025,3/oct/2030,VIGENTE
MASCULINO,VENADO TUERTO,RENOVACIÓN,"A.2.1, B.2",3/oct/2025,3/oct/2025,3/oct/2028,VIGENTE
FEMENINO,VENADO TUERTO,ORIGINAL,"A.2.1, B.1",3/oct/2025,3/oct/2025,3/oct/2030,VIGENTE
MASCULINO,VENADO TUERTO,RENOVACIÓN,"A.2.1, B.2",3/oct/2025,3/oct/2025,3/oct/2030,VIGENTE
FEMENINO,VENADO TUERTO,RENOVACIÓN,B.2,3/oct/2025,3/oct/2025,3/oct/2030,VIGENTE
FEMENINO,VENADO TUERTO,ORIGINAL,A.2.1,3/oct/2025,3/oct/2025,3/oct/2026,VIGENTE
MASCULINO,VENADO TUERTO,RENOVACIÓN,"A.2.1, B.2",3/oct/2025,3/oct/2025,3/oct/2030,VIGENTE
FEMENINO,VENADO TUERTO,RENOVACIÓN,"A.2.1, B.1, E.2",3/oct/2025,3/oct/2025,3/oct/2027,VIGENTE
MASCULINO,VENADO TUERTO,RENOVACIÓN,"A.2.1, B.1",3/oct/2025,3/oct/2025,3/oct/2028,VIGENTE
FEMENINO,VENADO TUERTO,RENOVACIÓN,A.2.1,3/oct/2025,3/oct/2025,3/oct/2030,VIGENTE
FEMENINO,VENADO TUERTO,RENOVACIÓN,B.1,3/oct/2025,3/oct/2025,3/oct/2030,VIGENTE
FEMENINO,VENADO TUERTO,RENOVACIÓN,B.2,3/oct/2025,3/oct/2025,3/oct/2026,VIGENTE
MASCULINO,VENADO TUERTO,RENOVACIÓN,"A.3, B.2",3/oct/2025,3/oct/2025,3/oct/2030,VIGENTE
MASCULINO,VENADO TUERTO,RENOVACIÓN,B.1,3/oct/2025,3/oct/2025,3/oct/2026,VIGENTE
FEMENINO,VENADO TUERTO,RENOVACIÓN,B.2,3/oct/2025,3/oct/2025,3/oct/2026,VIGENTE
MASCULINO,VENADO TUERTO,RENOVACIÓN CON AMPLIACIÓN,"A.2.1, B.1",3/oct/2025,3/oct/2025,3/oct/2030,VIGENTE
FEMENINO,VENADO TUERTO,RENOVACIÓN,"A.2.1, B.1",3/oct/2025,3/oct/2025,3/oct/2028,VIGENTE
FEMENINO,VENADO TUERTO,RENOVACIÓN,"A.2.1, B.1",3/oct/2025,3/oct/2025,3/oct/2030,VIGENTE
FEMENINO,VENADO TUERTO,RENOVACIÓN,A.2.1,3/oct/2025,3/oct/2025,3/oct/2030,VIGENTE
FEMENINO,VENADO TUERTO,RENOVACIÓN,B.1,3/oct/2025,3/oct/2025,3/oct/2028,VIGENTE
FEMENINO,VENADO TUERTO,RENOVACIÓN,"A.2.1, B.2",3/oct/2025,3/oct/2025,3/oct/2030,VIGENTE
MASCULINO,VENADO TUERTO,RENOVACIÓN,B.1,3/oct/2025,3/oct/2025,3/oct/2030,VIGENTE
MASCULINO,VENADO TUERTO,RENOVACIÓN,"A.2.2, B.1",3/oct/2025,3/oct/2025,3/oct/2028,VIGENTE
MASCULINO,VENADO TUERTO,RENOVACIÓN,"A.2.1, B.2, G.1, G.2",3/oct/2025,3/oct/2025,3/oct/2030,VIGENTE
MASCULINO,VENADO TUERTO,RENOVACIÓN,C,3/oct/2025,3/oct/2025,3/oct/2026,VIGENTE
MASCULINO,VENADO TUERTO,RENOVACIÓN,B.2,3/oct/2025,3/oct/2025,3/oct/2030,VIGENTE
FEMENINO,VENADO TUERTO,RENOVACIÓN,"A.2.1, B.2",3/oct/2025,3/oct/2025,3/oct/2030,VIGENTE
FEMENINO,VENADO TUERTO,RENOVACIÓN,"A.2.1, B.1",3/oct/2025,3/oct/2025,3/oct/2030,VIGENTE
MASCULINO,VENADO TUERTO,ORIGINAL,B.1,3/oct/2025,3/oct/2025,3/oct/2026,VIGENTE
MASCULINO,VENADO TUERTO,RENOVACIÓN,B.2,3/oct/2025,3/oct/2025,3/oct/2026,VIGENTE
MASCULINO,VENADO TUERTO,RENOVACIÓN,"A.2.1, D.1",3/oct/2025,3/oct/2025,3/oct/2027,VIGENTE
FEMENINO,VENADO TUERTO,RENOVACIÓN,B.1,3/oct/2025,3/oct/2025,3/oct/2030,VIGENTE
FEMENINO,VENADO TUERTO,RENOVACIÓN,"A.2.1, B.1",3/oct/2025,3/oct/2025,3/oct/2030,VIGENTE
MASCULINO,VENADO TUERTO,RENOVACIÓN CON AMPLIACIÓN,"A.2.2, E.1",3/oct/2025,3/oct/2025,3/ene/2026,VIGENTE
MASCULINO,VENADO TUERTO,RENOVACIÓN,B.2,3/oct/2025,3/oct/2025,3/oct/2030,VIGENTE
FEMENINO,VENADO TUERTO,RENOVACIÓN,A.2.1,3/oct/2025,3/oct/2025,3/oct/2030,VIGENTE
MASCULINO,VENADO TUERTO,RENOVACIÓN,"A.2.1, B.1",3/oct/2025,3/oct/2025,3/oct/2028,VIGENTE
FEMENINO,VENADO TUERTO,ORIGINAL,A.2.1,3/oct/2025,3/oct/2025,3/oct/2030,VIGENTE
MASCULINO,VENADO TUERTO,RENOVACIÓN,B.2,3/oct/2025,3/oct/2025,3/oct/2030,VIGENTE
MASCULINO,VENADO TUERTO,RENOVACIÓN,"A.2.1, B.2",3/oct/2025,3/oct/2025,3/oct/2030,VIGENTE
MASCULINO,VENADO TUERTO,RENOVACIÓN,B.2,3/oct/2025,3/oct/2025,3/oct/2026,VIGENTE
MASCULINO,VENADO TUERTO,RENOVACIÓN,"A.3, D.1, D.3",3/oct/2025,3/oct/2025,3/oct/2027,VIGENTE
MASCULINO,VENADO TUERTO,RENOVACIÓN,"A.3, B.2",3/oct/2025,3/oct/2025,3/oct/2026,VIGENTE
MASCULINO,VENADO TUERTO,RENOVACIÓN,D.1,3/oct/2025,3/oct/2025,3/oct/2026,VIGENTE
FEMENINO,VENADO TUERTO,RENOVACIÓN,"A.2.1, B.2, D.1",3/oct/2025,3/oct/2025,3/oct/2026,VIGENTE
MASCULINO,VENADO TUERTO,RENOVACIÓN,"A.2.1, B.2",3/oct/2025,3/oct/2025,3/oct/2030,VIGENTE
FEMENINO,VENADO TUERTO,ORIGINAL,A.2.1,6/oct/2025,4/sept/2025,6/oct/2030,VIGENTE
MASCULINO,VENADO TUERTO,ORIGINAL,A.2.1,6/oct/2025,24/sept/2025,6/oct/2030,VIGENTE
MASCULINO,VENADO TUERTO,RENOVACIÓN,B.2,6/oct/2025,24/sept/2025,6/oct/2030,VIGENTE
FEMENINO,VENADO TUERTO,ORIGINAL,B.1,6/oct/2025,24/sept/2025,6/oct/2026,VIGENTE
MASCULINO,VENADO TUERTO,RENOVACIÓN CON AMPLIACIÓN,"A.3, B.2",6/oct/2025,26/sept/2025,6/oct/2030,VIGENTE
MASCULINO,VENADO TUERTO,ORIGINAL,A.2.1,6/oct/2025,2/oct/2025,6/oct/2030,VIGENTE
FEMENINO,VENADO TUERTO,RENOVACIÓN CON AMPLIACIÓN,"A.2.1, B.1",6/oct/2025,3/oct/2025,6/oct/2030,VIGENTE
MASCULINO,VENADO TUERTO,RENOVACIÓN,"A.2.1, E.1, G.1, G.2",6/oct/2025,3/oct/2025,6/oct/2026,VIGENTE
MASCULINO,VENADO TUERTO,RENOVACIÓN,"A.2.1, B.1",6/oct/2025,6/oct/2025,6/oct/2030,VIGENTE
MASCULINO,VENADO TUERTO,RENOVACIÓN CON AMPLIACIÓN,"A.2.2, B.1",6/oct/2025,6/oct/2025,6/oct/2030,VIGENTE
MASCULINO,VENADO TUERTO,RENOVACIÓN,"A.2.1, B.2",6/oct/2025,6/oct/2025,6/oct/2030,VIGENTE
MASCULINO,VENADO TUERTO,RENOVACIÓN,"A.3, B.2, D.1",6/oct/2025,6/oct/2025,6/oct/2026,VIGENTE
MASCULINO,VENADO TUERTO,RENOVACIÓN,"A.3, B.2",6/oct/2025,6/oct/2025,6/oct/2030,VIGENTE
MASCULINO,VENADO TUERTO,RENOVACIÓN,"A.2.1, B.2",6/oct/2025,6/oct/2025,6/oct/2030,VIGENTE
FEMENINO,VENADO TUERTO,RENOVACIÓN,B.2,6/oct/2025,6/oct/2025,6/oct/2026,VIGENTE
FEMENINO,VENADO TUERTO,RENOVACIÓN,B.1,6/oct/2025,6/oct/2025,6/oct/2030,VIGENTE
MASCULINO,VENADO TUERTO,RENOVACIÓN,A.2.1,6/oct/2025,6/oct/2025,6/oct/2030,VIGENTE
FEMENINO,VENADO TUERTO,ORIGINAL,"A.2.1, B.2",6/oct/2025,6/oct/2025,6/oct/2026,VIGENTE
FEMENINO,VENADO TUERTO,RENOVACIÓN,B.1,6/oct/2025,6/oct/2025,6/oct/2030,VIGENTE
MASCULINO,VENADO TUERTO,RENOVACIÓN,B.1,6/oct/2025,6/oct/2025,6/oct/2028,VIGENTE
MASCULINO,VENADO TUERTO,DUPLICADO,"A.2.2, E.1",6/oct/2025,6/oct/2025,7/jul/2026,VIGENTE
FEMENINO,VENADO TUERTO,RENOVACIÓN,B.2,6/oct/2025,6/oct/2025,6/oct/2028,VIGENTE
FEMENINO,VENADO TUERTO,RENOVACIÓN,B.1,6/oct/2025,6/oct/2025,6/oct/2030,VIGENTE
FEMENINO,VENADO TUERTO,RENOVACIÓN,B.2,6/oct/2025,6/oct/2025,6/oct/2026,VIGENTE
FEMENINO,SAN EDUARDO,RENOVACIÓN,A.2.1,6/oct/2025,6/oct/2025,6/oct/2030,VIGENTE
MASCULINO,VENADO TUERTO,RENOVACIÓN,B.2,6/oct/2025,6/oct/2025,6/oct/2030,VIGENTE
MASCULINO,VENADO TUERTO,RENOVACIÓN,"A.2.2, B.2, C",6/oct/2025,6/oct/2025,6/oct/2027,VIGENTE
FEMENINO,VENADO TUERTO,RENOVACIÓN,"A.2.1, B.1",6/oct/2025,6/oct/2025,6/oct/2030,VIGENTE
MASCULINO,VENADO TUERTO,RENOVACIÓN,"A.2.1, B.2, C, E.2, G.1",6/oct/2025,6/oct/2025,6/oct/2026,VIGENTE
MASCULINO,VENADO TUERTO,RENOVACIÓN,B.2,6/oct/2025,6/oct/2025,6/oct/2026,VIGENTE
FEMENINO,VENADO TUERTO,RENOVACIÓN,B.2,6/oct/2025,6/oct/2025,6/oct/2026,VIGENTE
MASCULINO,VENADO TUERTO,RENOVACIÓN CON AMPLIACIÓN,"A.2.1, B.2, D.3",6/oct/2025,6/oct/2025,6/oct/2027,VIGENTE
MASCULINO,SAN EDUARDO,RENOVACIÓN,"A.2.2, E.1, E.2, G.1, G.2",6/oct/2025,6/oct/2025,6/feb/2027,VIGENTE
MASCULINO,VENADO TUERTO,RENOVACIÓN CON AMPLIACIÓN,"A.3, E.1",6/oct/2025,6/oct/2025,6/oct/2027,VIGENTE
MASCULINO,VENADO TUERTO,RENOVACIÓN,"A.2.2, E.1, E.2",6/oct/2025,6/oct/2025,6/oct/2026,VIGENTE
MASCULINO,VENADO TUERTO,RENOVACIÓN,"A.2.1, B.2",6/oct/2025,6/oct/2025,6/oct/2030,VIGENTE
MASCULINO,VENADO TUERTO,RENOVACIÓN,"B.2, D.1",6/oct/2025,6/oct/2025,6/oct/2026,VIGENTE
MASCULINO,VENADO TUERTO,RENOVACIÓN,"A.2.2, B.2",6/oct/2025,6/oct/2025,6/oct/2028,VIGENTE
FEMENINO,VENADO TUERTO,RENOVACIÓN,"A.2.1, B.2",6/oct/2025,6/oct/2025,6/oct/2030,VIGENTE
FEMENINO,VENADO TUERTO,RENOVACIÓN,"A.2.1, B.2",6/oct/2025,6/oct/2025,6/oct/2030,VIGENTE
FEMENINO,VENADO TUERTO,RENOVACIÓN,A.2.1,6/oct/2025,6/oct/2025,6/oct/2030,VIGENTE
MASCULINO,VENADO TUERTO,RENOVACIÓN,B.2,6/oct/2025,6/oct/2025,6/oct/2030,VIGENTE
MASCULINO,VENADO TUERTO,RENOVACIÓN,"A.3, B.2",6/oct/2025,6/oct/2025,6/oct/2030,VIGENTE
MASCULINO,VENADO TUERTO,RENOVACIÓN,D.1,6/oct/2025,6/oct/2025,6/oct/2026,VIGENTE
MASCULINO,VENADO TUERTO,RENOVACIÓN,B.2,6/oct/2025,6/oct/2025,6/oct/2026,VIGENTE
MASCULINO,VENADO TUERTO,RENOVACIÓN,"A.2.2, B.2",6/oct/2025,6/oct/2025,6/oct/2030,VIGENTE
MASCULINO,VENADO TUERTO,RENOVACIÓN,"A.2.1, B.1",6/oct/2025,6/oct/2025,6/oct/2030,VIGENTE
MASCULINO,VENADO TUERTO,RENOVACIÓN,B.2,6/oct/2025,6/oct/2025,6/oct/2028,VIGENTE
FEMENINO,VENADO TUERTO,ORIGINAL,"A.2.1, B.1",6/oct/2025,6/oct/2025,6/oct/2030,VIGENTE
MASCULINO,VENADO TUERTO,RENOVACIÓN,"A.2.1, B.2, G.1, G.2",6/oct/2025,6/oct/2025,6/oct/2030,VIGENTE
MASCULINO,VENADO TUERTO,RENOVACIÓN,B.2,6/oct/2025,6/oct/2025,6/oct/2026,VIGENTE
MASCULINO,VENADO TUERTO,RENOVACIÓN,B.2,6/oct/2025,6/oct/2025,6/oct/2030,VIGENTE
MASCULINO,VENADO TUERTO,RENOVACIÓN,"A.2.1, B.2",6/oct/2025,6/oct/2025,6/oct/2030,VIGENTE
MASCULINO,VENADO TUERTO,RENOVACIÓN,"A.2.2, B.2",6/oct/2025,6/oct/2025,6/oct/2030,VIGENTE
FEMENINO,VENADO TUERTO,RENOVACIÓN,B.2,6/oct/2025,6/oct/2025,6/oct/2030,VIGENTE
MASCULINO,VENADO TUERTO,ORIGINAL,A.2.1,7/oct/2025,15/sept/2025,7/oct/2026,VIGENTE
MASCULINO,VENADO TUERTO,RENOVACIÓN CON AMPLIACIÓN,"A.2.2, B.1",7/oct/2025,25/sept/2025,7/oct/2030,VIGENTE
MASCULINO,VENADO TUERTO,ORIGINAL,"A.2.1, B.1",7/oct/2025,25/sept/2025,7/oct/2030,VIGENTE
MASCULINO,VENADO TUERTO,ORIGINAL,B.2,7/oct/2025,29/sept/2025,7/oct/2028,VIGENTE
MASCULINO,VENADO TUERTO,DUPLICADO,"A.2.1, E.1",7/oct/2025,30/sept/2025,5/feb/2027,VIGENTE
MASCULINO,VENADO TUERTO,RENOVACIÓN,"A.3, E.1",7/oct/2025,1/oct/2025,7/oct/2026,VIGENTE
MASCULINO,VENADO TUERTO,RENOVACIÓN,"A.2.1, E.1",7/oct/2025,1/oct/2025,7/oct/2026,VIGENTE
MASCULINO,VENADO TUERTO,RENOVACIÓN,B.2,7/oct/2025,3/oct/2025,7/oct/2026,VIGENTE
MASCULINO,VENADO TUERTO,RENOVACIÓN,"A.2.1, B.2, D.1",7/oct/2025,6/oct/2025,7/oct/2026,VIGENTE
FEMENINO,VENADO TUERTO,RENOVACIÓN,B.2,7/oct/2025,6/oct/2025,7/oct/2026,VIGENTE
MASCULINO,VENADO TUERTO,RENOVACIÓN,"A.2.2, B.2",7/oct/2025,6/oct/2025,7/oct/2030,VIGENTE
MASCULINO,VENADO TUERTO,RENOVACIÓN,"A.2.1, D.1, D.3",7/oct/2025,7/oct/2025,7/oct/2026,VIGENTE
MASCULINO,VENADO TUERTO,ORIGINAL,"A.2.1, B.2",7/oct/2025,7/oct/2025,7/oct/2030,VIGENTE
MASCULINO,VENADO TUERTO,RENOVACIÓN,"A.2.2, D.1",7/oct/2025,7/oct/2025,7/oct/2026,VIGENTE
FEMENINO,VENADO TUERTO,ORIGINAL,A.2.1,7/oct/2025,7/oct/2025,7/oct/2030,VIGENTE
MASCULINO,SAN EDUARDO,RENOVACIÓN,"B.2, D.1",7/oct/2025,7/oct/2025,7/oct/2026,VIGENTE
MASCULINO,VENADO TUERTO,RENOVACIÓN,"A.2.1, B.1",7/oct/2025,7/oct/2025,7/oct/2030,VIGENTE
MASCULINO,VENADO TUERTO,RENOVACIÓN,B.2,7/oct/2025,7/oct/2025,7/oct/2026,VIGENTE
MASCULINO,VENADO TUERTO,RENOVACIÓN,B.2,7/oct/2025,7/oct/2025,7/oct/2028,VIGENTE
FEMENINO,VENADO TUERTO,RENOVACIÓN,A.2.1,7/oct/2025,7/oct/2025,7/oct/2030,VIGENTE
FEMENINO,VENADO TUERTO,RENOVACIÓN,"A.2.1, B.1",7/oct/2025,7/oct/2025,7/oct/2030,VIGENTE
FEMENINO,VENADO TUERTO,ORIGINAL,B.2,7/oct/2025,7/oct/2025,7/oct/2030,VIGENTE
FEMENINO,VENADO TUERTO,RENOVACIÓN CON AMPLIACIÓN,"A.2.1, B.2",7/oct/2025,7/oct/2025,7/oct/2030,VIGENTE
FEMENINO,VENADO TUERTO,RENOVACIÓN,B.2,7/oct/2025,7/oct/2025,7/oct/2026,VIGENTE
MASCULINO,VENADO TUERTO,DUPLICADO POR CAMBIO DE DATOS,"A.2.1, B.1",7/oct/2025,7/oct/2025,23/oct/2029,VIGENTE
FEMENINO,VENADO TUERTO,RENOVACIÓN,B.2,7/oct/2025,7/oct/2025,7/oct/2030,VIGENTE
MASCULINO,VENADO TUERTO,RENOVACIÓN CON AMPLIACIÓN,"A.2.1, E.1, G.2",7/oct/2025,7/oct/2025,7/oct/2027,VIGENTE
MASCULINO,VENADO TUERTO,RENOVACIÓN,"A.2.2, D.2, D.3, E.1, G.1, G.2",7/oct/2025,7/oct/2025,7/oct/2026,VIGENTE
FEMENINO,VENADO TUERTO,RENOVACIÓN,"A.2.2, B.1",7/oct/2025,7/oct/2025,7/oct/2030,VIGENTE
MASCULINO,VENADO TUERTO,RENOVACIÓN,B.2,7/oct/2025,7/oct/2025,7/oct/2030,VIGENTE
MASCULINO,VENADO TUERTO,RENOVACIÓN,"A.2.2, B.2",7/oct/2025,7/oct/2025,7/oct/2030,VIGENTE
FEMENINO,VENADO TUERTO,RENOVACIÓN,B.2,7/oct/2025,7/oct/2025,7/oct/2026,VIGENTE
MASCULINO,VENADO TUERTO,RENOVACIÓN,"A.2.2, B.2",7/oct/2025,7/oct/2025,7/oct/2030,VIGENTE
FEMENINO,VENADO TUERTO,RENOVACIÓN,A.2.1,7/oct/2025,7/oct/2025,7/oct/2030,VIGENTE
MASCULINO,VENADO TUERTO,ORIGINAL,"A.2.1, B.1",7/oct/2025,7/oct/2025,7/oct/2030,VIGENTE
FEMENINO,VENADO TUERTO,RENOVACIÓN,"A.2.1, B.1",7/oct/2025,7/oct/2025,7/oct/2030,VIGENTE
MASCULINO,VENADO TUERTO,RENOVACIÓN,"A.2.1, E.1",7/oct/2025,7/oct/2025,7/oct/2026,VIGENTE
MASCULINO,VENADO TUERTO,RENOVACIÓN,E.1,7/oct/2025,7/oct/2025,7/sept/2026,VIGENTE
MASCULINO,VENADO TUERTO,RENOVACIÓN,E.1,7/oct/2025,7/oct/2025,7/oct/2026,VIGENTE
FEMENINO,VENADO TUERTO,RENOVACIÓN,"A.2.1, B.2",7/oct/2025,7/oct/2025,7/oct/2026,VIGENTE
MASCULINO,VENADO TUERTO,RENOVACIÓN,"A.2.1, B.2, D.1",7/oct/2025,7/oct/2025,7/oct/2026,VIGENTE
MASCULINO,VENADO TUERTO,RENOVACIÓN CON AMPLIACIÓN,"A.3, B.2, E.2, G.1, G.2",7/oct/2025,7/oct/2025,7/oct/2026,VIGENTE
FEMENINO,VENADO TUERTO,RENOVACIÓN,"A.2.1, D.1",7/oct/2025,7/oct/2025,7/oct/2027,VIGENTE
MASCULINO,VENADO TUERTO,RENOVACIÓN,"A.2.1, B.1",7/oct/2025,7/oct/2025,7/oct/2030,VIGENTE
FEMENINO,VENADO TUERTO,RENOVACIÓN,B.2,7/oct/2025,7/oct/2025,7/oct/2030,VIGENTE
MASCULINO,VENADO TUERTO,RENOVACIÓN,"A.2.1, B.2",7/oct/2025,7/oct/2025,7/oct/2026,VIGENTE
FEMENINO,VENADO TUERTO,RENOVACIÓN,"A.2.1, B.1",7/oct/2025,7/oct/2025,7/oct/2030,VIGENTE
MASCULINO,VENADO TUERTO,RENOVACIÓN CON AMPLIACIÓN,"A.2.2, E.1",7/oct/2025,7/oct/2025,7/oct/2026,VIGENTE
MASCULINO,VENADO TUERTO,RENOVACIÓN,B.2,7/oct/2025,7/oct/2025,7/oct/2028,VIGENTE
FEMENINO,VENADO TUERTO,RENOVACIÓN,B.2,7/oct/2025,7/oct/2025,7/oct/2026,VIGENTE
MASCULINO,VENADO TUERTO,RENOVACIÓN,B.2,7/oct/2025,7/oct/2025,7/oct/2026,VIGENTE
FEMENINO,VENADO TUERTO,RENOVACIÓN,A.2.1,7/oct/2025,7/oct/2025,7/oct/2028,VIGENTE
MASCULINO,VENADO TUERTO,RENOVACIÓN,E.1,7/oct/2025,7/oct/2025,7/oct/2026,VIGENTE
FEMENINO,VENADO TUERTO,ORIGINAL,B.2,7/oct/2025,7/oct/2025,7/oct/2030,VIGENTE
MASCULINO,VENADO TUERTO,RENOVACIÓN,"B.2, G.1, G.2",7/oct/2025,7/oct/2025,7/oct/2030,VIGENTE
FEMENINO,VENADO TUERTO,RENOVACIÓN,B.2,7/oct/2025,7/oct/2025,7/oct/2026,VIGENTE
MASCULINO,VENADO TUERTO,RENOVACIÓN,B.2,7/oct/2025,7/oct/2025,7/oct/2026,VIGENTE
FEMENINO,VENADO TUERTO,RENOVACIÓN,B.2,7/oct/2025,7/oct/2025,7/oct/2026,VIGENTE
MASCULINO,VENADO TUERTO,RENOVACIÓN,B.2,7/oct/2025,7/oct/2025,7/oct/2028,VIGENTE
MASCULINO,VENADO TUERTO,RENOVACIÓN,"A.3, B.2, G.1, G.2",7/oct/2025,7/oct/2025,7/oct/2030,VIGENTE
MASCULINO,VENADO TUERTO,RENOVACIÓN,"A.2.1, B.2",7/oct/2025,7/oct/2025,7/oct/2026,VIGENTE
MASCULINO,VENADO TUERTO,RENOVACIÓN,B.2,7/oct/2025,7/oct/2025,7/oct/2028,VIGENTE
MASCULINO,VENADO TUERTO,RENOVACIÓN,"A.2.1, B.2",7/oct/2025,7/oct/2025,7/oct/2030,VIGENTE
MASCULINO,VENADO TUERTO,RENOVACIÓN,"A.2.1, B.2",7/oct/2025,7/oct/2025,7/oct/2030,VIGENTE
FEMENINO,VENADO TUERTO,RENOVACIÓN,B.2,7/oct/2025,7/oct/2025,7/oct/2026,VIGENTE
MASCULINO,VENADO TUERTO,RENOVACIÓN,"A.2.1, D.1",7/oct/2025,7/oct/2025,7/oct/2026,VIGENTE
FEMENINO,VENADO TUERTO,RENOVACIÓN,"A.2.1, B.1",7/oct/2025,7/oct/2025,7/oct/2030,VIGENTE
MASCULINO,VENADO TUERTO,RENOVACIÓN,B.2,7/oct/2025,7/oct/2025,7/oct/2030,VIGENTE
MASCULINO,VENADO TUERTO,ORIGINAL,A.2.1,7/oct/2025,7/oct/2025,7/oct/2026,VIGENTE
MASCULINO,VENADO TUERTO,RENOVACIÓN,"B.2, G.1, G.2",7/oct/2025,7/oct/2025,7/oct/2028,VIGENTE
MASCULINO,VENADO TUERTO,RENOVACIÓN,"B.2, D.1",7/oct/2025,7/oct/2025,7/oct/2026,VIGENTE
MASCULINO,VENADO TUERTO,RENOVACIÓN,B.2,7/oct/2025,7/oct/2025,7/oct/2026,VIGENTE
FEMENINO,VENADO TUERTO,RENOVACIÓN,"A.2.1, B.1",7/oct/2025,7/oct/2025,7/oct/2030,VIGENTE
FEMENINO,VENADO TUERTO,ORIGINAL,"A.2.1, B.1",8/oct/2025,24/sept/2025,8/oct/2030,VIGENTE
MASCULINO,VENADO TUERTO,ORIGINAL,"A.2.1, B.1",8/oct/2025,25/sept/2025,8/oct/2030,VIGENTE
FEMENINO,VENADO TUERTO,ORIGINAL,"A.2.1, B.1",8/oct/2025,26/sept/2025,8/oct/2030,VIGENTE
MASCULINO,VENADO TUERTO,RENOVACIÓN CON AMPLIACIÓN,"A.2.1, B.1",8/oct/2025,26/sept/2025,8/oct/2030,VIGENTE
MASCULINO,VENADO TUERTO,RENOVACIÓN,"A.2.2, B.2",8/oct/2025,3/oct/2025,8/oct/2030,VIGENTE
FEMENINO,VENADO TUERTO,ORIGINAL,A.2.1,8/oct/2025,3/oct/2025,8/oct/2030,VIGENTE
MASCULINO,VENADO TUERTO,RENOVACIÓN,"A.3, E.1",8/oct/2025,6/oct/2025,8/oct/2027,VIGENTE
MASCULINO,VENADO TUERTO,RENOVACIÓN,B.2,8/oct/2025,6/oct/2025,8/oct/2026,VIGENTE
MASCULINO,VENADO TUERTO,ORIGINAL,"A.2.1, B.2",8/oct/2025,8/oct/2025,8/oct/2030,VIGENTE
FEMENINO,VENADO TUERTO,ORIGINAL,A.2.1,8/oct/2025,8/oct/2025,8/oct/2030,VIGENTE
MASCULINO,VENADO TUERTO,RENOVACIÓN,B.2,8/oct/2025,8/oct/2025,8/oct/2026,VIGENTE
FEMENINO,VENADO TUERTO,RENOVACIÓN,B.1,8/oct/2025,8/oct/2025,8/oct/2030,VIGENTE
MASCULINO,VENADO TUERTO,RENOVACIÓN,B.2,8/oct/2025,8/oct/2025,8/oct/2030,VIGENTE
MASCULINO,VENADO TUERTO,RENOVACIÓN,"A.2.1, B.1, G.1",8/oct/2025,8/oct/2025,8/oct/2030,VIGENTE
MASCULINO,VENADO TUERTO,RENOVACIÓN,E.1,8/oct/2025,8/oct/2025,8/oct/2026,VIGENTE
MASCULINO,VENADO TUERTO,RENOVACIÓN,"A.2.1, B.2",8/oct/2025,8/oct/2025,8/oct/2030,VIGENTE
MASCULINO,VENADO TUERTO,RENOVACIÓN,"A.3, E.1, E.2",8/oct/2025,8/oct/2025,8/dic/2025,VIGENTE
MASCULINO,VENADO TUERTO,RENOVACIÓN,B.2,8/oct/2025,8/oct/2025,8/oct/2026,VIGENTE
FEMENINO,VENADO TUERTO,RENOVACIÓN,"A.2.1, B.1",8/oct/2025,8/oct/2025,8/oct/2030,VIGENTE
MASCULINO,VENADO TUERTO,RENOVACIÓN CON AMPLIACIÓN,"A.2.1, B.1",8/oct/2025,8/oct/2025,8/oct/2028,VIGENTE
MASCULINO,VENADO TUERTO,RENOVACIÓN,B.2,8/oct/2025,8/oct/2025,8/oct/2026,VIGENTE
FEMENINO,VENADO TUERTO,ORIGINAL,A.2.1,8/oct/2025,8/oct/2025,8/oct/2026,VIGENTE
MASCULINO,VENADO TUERTO,RENOVACIÓN,B.2,8/oct/2025,8/oct/2025,8/oct/2026,VIGENTE
MASCULINO,VENADO TUERTO,RENOVACIÓN,B.2,8/oct/2025,8/oct/2025,8/oct/2030,VIGENTE
FEMENINO,VENADO TUERTO,RENOVACIÓN CON AMPLIACIÓN,"A.2.1, B.1",8/oct/2025,8/oct/2025,8/oct/2030,VIGENTE
MASCULINO,VENADO TUERTO,RENOVACIÓN,B.2,8/oct/2025,8/oct/2025,8/oct/2026,VIGENTE
MASCULINO,VENADO TUERTO,RENOVACIÓN,E.1,8/oct/2025,8/oct/2025,8/oct/2026,VIGENTE
MASCULINO,VENADO TUERTO,RENOVACIÓN,"A.2.1, B.2",8/oct/2025,8/oct/2025,8/oct/2026,VIGENTE
MASCULINO,VENADO TUERTO,RENOVACIÓN,"A.3, B.2",8/oct/2025,8/oct/2025,8/oct/2030,VIGENTE
MASCULINO,VENADO TUERTO,ORIGINAL,A.2.1,8/oct/2025,8/oct/2025,8/oct/2030,VIGENTE
FEMENINO,VENADO TUERTO,RENOVACIÓN,A.2.1,8/oct/2025,8/oct/2025,8/oct/2026,VIGENTE
MASCULINO,VENADO TUERTO,ORIGINAL,"A.2.1, B.2",8/oct/2025,8/oct/2025,8/oct/2030,VIGENTE
MASCULINO,VENADO TUERTO,RENOVACIÓN,B.1,8/oct/2025,8/oct/2025,8/oct/2030,VIGENTE
MASCULINO,VENADO TUERTO,RENOVACIÓN,"A.2.1, E.1",8/oct/2025,8/oct/2025,8/abr/2026,VIGENTE
MASCULINO,VENADO TUERTO,RENOVACIÓN,"A.2.1, B.2",8/oct/2025,8/oct/2025,8/oct/2030,VIGENTE
FEMENINO,VENADO TUERTO,RENOVACIÓN,B.2,8/oct/2025,8/oct/2025,8/oct/2026,VIGENTE
MASCULINO,VENADO TUERTO,RENOVACIÓN,B.2,8/oct/2025,8/oct/2025,8/oct/2026,VIGENTE
MASCULINO,VENADO TUERTO,RENOVACIÓN,A.2.1,8/oct/2025,8/oct/2025,8/oct/2030,VIGENTE
MASCULINO,VENADO TUERTO,ORIGINAL,B.1,8/oct/2025,8/oct/2025,8/oct/2026,VIGENTE
MASCULINO,VENADO TUERTO,RENOVACIÓN,B.2,8/oct/2025,8/oct/2025,8/oct/2030,VIGENTE
MASCULINO,VENADO TUERTO,RENOVACIÓN,B.2,8/oct/2025,8/oct/2025,8/oct/2028,VIGENTE
MASCULINO,VENADO TUERTO,RENOVACIÓN,"A.2.1, C",8/oct/2025,8/oct/2025,8/oct/2026,VIGENTE
MASCULINO,VENADO TUERTO,RENOVACIÓN,E.1,8/oct/2025,8/oct/2025,8/oct/2026,VIGENTE
FEMENINO,VENADO TUERTO,RENOVACIÓN,B.2,8/oct/2025,8/oct/2025,8/oct/2026,VIGENTE
MASCULINO,VENADO TUERTO,RENOVACIÓN,A.2.1,8/oct/2025,8/oct/2025,8/oct/2030,VIGENTE
MASCULINO,VENADO TUERTO,RENOVACIÓN CON AMPLIACIÓN,"A.2.2, B.2",8/oct/2025,8/oct/2025,8/oct/2028,VIGENTE
MASCULINO,VENADO TUERTO,RENOVACIÓN,"A.2.1, B.2",8/oct/2025,8/oct/2025,8/oct/2030,VIGENTE
MASCULINO,VENADO TUERTO,ORIGINAL,A.2.1,8/oct/2025,8/oct/2025,8/oct/2030,VIGENTE
FEMENINO,VENADO TUERTO,RENOVACIÓN,B.2,8/oct/2025,8/oct/2025,8/oct/2030,VIGENTE
FEMENINO,VENADO TUERTO,RENOVACIÓN,B.2,8/oct/2025,8/oct/2025,8/oct/2026,VIGENTE
MASCULINO,VENADO TUERTO,RENOVACIÓN,"A.2.2, E.1",8/oct/2025,8/oct/2025,8/oct/2027,VIGENTE
MASCULINO,VENADO TUERTO,RENOVACIÓN,B.2,8/oct/2025,8/oct/2025,8/oct/2026,VIGENTE
MASCULINO,VENADO TUERTO,RENOVACIÓN,B.2,8/oct/2025,8/oct/2025,8/oct/2030,VIGENTE
FEMENINO,VENADO TUERTO,RENOVACIÓN CON AMPLIACIÓN,"A.2.1, B.1",8/oct/2025,8/oct/2025,8/oct/2030,VIGENTE
FEMENINO,VENADO TUERTO,RENOVACIÓN,B.2,8/oct/2025,8/oct/2025,8/oct/2026,VIGENTE
MASCULINO,VENADO TUERTO,ORIGINAL,"A.2.1, B.2",8/oct/2025,8/oct/2025,8/oct/2030,VIGENTE
MASCULINO,VENADO TUERTO,RENOVACIÓN,B.1,8/oct/2025,8/oct/2025,8/oct/2030,VIGENTE
FEMENINO,VENADO TUERTO,ORIGINAL,A.2.1,8/oct/2025,8/oct/2025,8/oct/2026,VIGENTE
MASCULINO,VENADO TUERTO,RENOVACIÓN,E.1,8/oct/2025,8/oct/2025,8/mar/2026,VIGENTE
MASCULINO,VENADO TUERTO,RENOVACIÓN CON AMPLIACIÓN,E.1,8/oct/2025,8/oct/2025,8/oct/2026,VIGENTE
MASCULINO,VENADO TUERTO,ORIGINAL,A.2.1,9/oct/2025,17/sept/2025,9/oct/2030,VIGENTE
MASCULINO,VENADO TUERTO,ORIGINAL,"A.2.1, B.1",9/oct/2025,18/sept/2025,9/oct/2030,VIGENTE
MASCULINO,VENADO TUERTO,RENOVACIÓN,"A.2.1, E.1",9/oct/2025,22/sept/2025,9/abr/2026,VIGENTE
FEMENINO,VENADO TUERTO,ORIGINAL,B.1,9/oct/2025,29/sept/2025,9/oct/2026,VIGENTE
FEMENINO,VENADO TUERTO,ORIGINAL,A.2.1,9/oct/2025,29/sept/2025,9/oct/2026,VIGENTE
MASCULINO,VENADO TUERTO,DUPLICADO,A.2.1,9/oct/2025,6/oct/2025,21/mar/2026,VIGENTE
MASCULINO,VENADO TUERTO,RENOVACIÓN CON AMPLIACIÓN,"A.2.2, B.2",9/oct/2025,7/oct/2025,9/oct/2030,VIGENTE
MASCULINO,VENADO TUERTO,ORIGINAL,"A.2.1, B.1",9/oct/2025,7/oct/2025,9/oct/2030,VIGENTE
MASCULINO,SAN EDUARDO,RENOVACIÓN,"A.3, B.2, C, G.1, G.2",9/oct/2025,8/oct/2025,9/oct/2026,VIGENTE
FEMENINO,VENADO TUERTO,RENOVACIÓN CON AMPLIACIÓN,"A.2.2, B.1",9/oct/2025,8/oct/2025,9/oct/2030,VIGENTE
MASCULINO,VENADO TUERTO,RENOVACIÓN CON AMPLIACIÓN,"A.2.1, B.2, C, E.2, G.1",9/oct/2025,8/oct/2025,9/oct/2027,VIGENTE
MASCULINO,VENADO TUERTO,RENOVACIÓN,"A.2.1, E.1",9/oct/2025,9/oct/2025,9/oct/2026,VIGENTE
MASCULINO,VENADO TUERTO,RENOVACIÓN,B.2,9/oct/2025,9/oct/2025,9/oct/2028,VIGENTE
MASCULINO,VENADO TUERTO,RENOVACIÓN,"A.2.1, B.2",9/oct/2025,9/oct/2025,9/oct/2030,VIGENTE
MASCULINO,VENADO TUERTO,RENOVACIÓN,E.1,9/oct/2025,9/oct/2025,9/oct/2026,VIGENTE
MASCULINO,VENADO TUERTO,RENOVACIÓN,B.2,9/oct/2025,9/oct/2025,9/oct/2028,VIGENTE
MASCULINO,VENADO TUERTO,ORIGINAL,"A.2.1, B.2, G.1",9/oct/2025,9/oct/2025,9/oct/2030,VIGENTE
FEMENINO,VENADO TUERTO,ORIGINAL,A.2.1,9/oct/2025,9/oct/2025,9/oct/2026,VIGENTE
FEMENINO,VENADO TUERTO,RENOVACIÓN,A.2.2,9/oct/2025,9/oct/2025,9/oct/2030,VIGENTE
FEMENINO,VENADO TUERTO,RENOVACIÓN,A.2.1,9/oct/2025,9/oct/2025,9/oct/2030,VIGENTE
FEMENINO,VENADO TUERTO,RENOVACIÓN,B.2,9/oct/2025,9/oct/2025,9/oct/2026,VIGENTE
MASCULINO,VENADO TUERTO,RENOVACIÓN CON AMPLIACIÓN,"A.2.1, B.2, C, E.2, G.1",9/oct/2025,9/oct/2025,9/oct/2027,VIGENTE
MASCULINO,VENADO TUERTO,ORIGINAL,"A.2.2, B.1",9/oct/2025,9/oct/2025,9/oct/2030,VIGENTE
MASCULINO,VENADO TUERTO,RENOVACIÓN,B.2,9/oct/2025,9/oct/2025,9/oct/2026,VIGENTE
FEMENINO,VENADO TUERTO,RENOVACIÓN,B.2,9/oct/2025,9/oct/2025,9/oct/2030,VIGENTE
FEMENINO,VENADO TUERTO,ORIGINAL,"A.2.2, B.1",9/oct/2025,9/oct/2025,9/oct/2030,VIGENTE
MASCULINO,VENADO TUERTO,RENOVACIÓN,"A.2.1, B.1",9/oct/2025,9/oct/2025,9/oct/2030,VIGENTE
MASCULINO,VENADO TUERTO,RENOVACIÓN,B.1,9/oct/2025,9/oct/2025,9/oct/2030,VIGENTE
MASCULINO,VENADO TUERTO,ORIGINAL,B.2,9/oct/2025,9/oct/2025,9/oct/2026,VIGENTE
MASCULINO,VENADO TUERTO,RENOVACIÓN CON AMPLIACIÓN,"A.3, B.2",9/oct/2025,9/oct/2025,9/oct/2030,VIGENTE
FEMENINO,VENADO TUERTO,RENOVACIÓN,"A.2.1, B.2",9/oct/2025,9/oct/2025,9/oct/2030,VIGENTE
MASCULINO,VENADO TUERTO,RENOVACIÓN,B.2,9/oct/2025,9/oct/2025,9/oct/2026,VIGENTE
MASCULINO,VENADO TUERTO,RENOVACIÓN,"A.2.2, B.2",9/oct/2025,9/oct/2025,9/oct/2030,VIGENTE
MASCULINO,VENADO TUERTO,RENOVACIÓN,A.2.2,9/oct/2025,9/oct/2025,9/oct/2030,VIGENTE
FEMENINO,VENADO TUERTO,RENOVACIÓN,B.1,9/oct/2025,9/oct/2025,9/oct/2028,VIGENTE
FEMENINO,VENADO TUERTO,ORIGINAL,"A.2.1, B.1",9/oct/2025,9/oct/2025,9/oct/2030,VIGENTE
MASCULINO,VENADO TUERTO,RENOVACIÓN,B.2,9/oct/2025,9/oct/2025,9/oct/2030,VIGENTE
MASCULINO,VENADO TUERTO,RENOVACIÓN,"A.3, B.2",9/oct/2025,9/oct/2025,9/oct/2026,VIGENTE
MASCULINO,VENADO TUERTO,RENOVACIÓN,"A.2.1, B.2, C",9/oct/2025,9/oct/2025,9/oct/2027,VIGENTE
FEMENINO,VENADO TUERTO,RENOVACIÓN,"A.2.1, D.1",9/oct/2025,9/oct/2025,9/oct/2027,VIGENTE
FEMENINO,VENADO TUERTO,RENOVACIÓN,"A.3, B.2",9/oct/2025,9/oct/2025,9/oct/2030,VIGENTE
FEMENINO,VENADO TUERTO,RENOVACIÓN,B.2,9/oct/2025,9/oct/2025,9/oct/2026,VIGENTE
MASCULINO,VENADO TUERTO,RENOVACIÓN,B.2,9/oct/2025,9/oct/2025,9/oct/2026,VIGENTE
FEMENINO,VENADO TUERTO,ORIGINAL,B.2,9/oct/2025,9/oct/2025,9/oct/2030,VIGENTE
FEMENINO,VENADO TUERTO,RENOVACIÓN,A.2.1,9/oct/2025,9/oct/2025,9/oct/2030,VIGENTE
MASCULINO,VENADO TUERTO,ORIGINAL,B.2,9/oct/2025,9/oct/2025,9/oct/2030,VIGENTE
MASCULINO,SAN EDUARDO,RENOVACIÓN CON AMPLIACIÓN,"A.3, B.1",9/oct/2025,9/oct/2025,9/oct/2030,VIGENTE
MASCULINO,VENADO TUERTO,RENOVACIÓN,"A.2.1, B.1",9/oct/2025,9/oct/2025,9/oct/2030,VIGENTE
MASCULINO,VENADO TUERTO,RENOVACIÓN CON AMPLIACIÓN,"A.3, B.1",9/oct/2025,9/oct/2025,9/oct/2030,VIGENTE
MASCULINO,VENADO TUERTO,RENOVACIÓN,B.2,9/oct/2025,9/oct/2025,9/oct/2026,VIGENTE
MASCULINO,VENADO TUERTO,RENOVACIÓN,B.2,9/oct/2025,9/oct/2025,9/oct/2026,VIGENTE
MASCULINO,VENADO TUERTO,RENOVACIÓN,"A.2.1, B.2",9/oct/2025,9/oct/2025,9/oct/2030,VIGENTE
MASCULINO,VENADO TUERTO,RENOVACIÓN,"A.2.1, B.2",9/oct/2025,9/oct/2025,9/oct/2030,VIGENTE
MASCULINO,VENADO TUERTO,RENOVACIÓN,B.1,9/oct/2025,9/oct/2025,9/oct/2026,VIGENTE
MASCULINO,VENADO TUERTO,RENOVACIÓN CON AMPLIACIÓN,"A.3, B.2",9/oct/2025,9/oct/2025,9/oct/2030,VIGENTE
FEMENINO,VENADO TUERTO,RENOVACIÓN,"A.2.1, B.2",9/oct/2025,9/oct/2025,9/oct/2030,VIGENTE
FEMENINO,VENADO TUERTO,RENOVACIÓN,B.2,9/oct/2025,9/oct/2025,9/oct/2030,VIGENTE
FEMENINO,VENADO TUERTO,RENOVACIÓN,B.2,9/oct/2025,9/oct/2025,9/oct/2026,VIGENTE
MASCULINO,VENADO TUERTO,RENOVACIÓN CON AMPLIACIÓN,"A.2.2, B.1",9/oct/2025,9/oct/2025,9/oct/2030,VIGENTE
MASCULINO,VENADO TUERTO,RENOVACIÓN,"A.2.2, B.1",9/oct/2025,9/oct/2025,9/oct/2030,VIGENTE
MASCULINO,VENADO TUERTO,ORIGINAL,A.2.1,9/oct/2025,9/oct/2025,9/oct/2030,VIGENTE
FEMENINO,VENADO TUERTO,RENOVACIÓN,A.2.1,9/oct/2025,9/oct/2025,9/oct/2030,VIGENTE
MASCULINO,VENADO TUERTO,RENOVACIÓN,"A.2.1, B.2",9/oct/2025,9/oct/2025,9/oct/2028,VIGENTE
MASCULINO,VENADO TUERTO,RENOVACIÓN CON AMPLIACIÓN,"A.2.1, B.2, C, E.2, G.1, G.2",9/oct/2025,9/oct/2025,9/oct/2027,VIGENTE
FEMENINO,VENADO TUERTO,RENOVACIÓN,B.2,9/oct/2025,9/oct/2025,9/oct/2026,VIGENTE
FEMENINO,VENADO TUERTO,RENOVACIÓN,B.2,9/oct/2025,9/oct/2025,9/oct/2026,VIGENTE
MASCULINO,VENADO TUERTO,RENOVACIÓN CON AMPLIACIÓN,"A.3, B.1",9/oct/2025,9/oct/2025,9/oct/2030,VIGENTE
MASCULINO,VENADO TUERTO,RENOVACIÓN,"B.2, C",9/oct/2025,9/oct/2025,9/oct/2026,VIGENTE
MASCULINO,VENADO TUERTO,RENOVACIÓN,"A.2.1, E.1, E.2",9/oct/2025,9/oct/2025,9/oct/2027,VIGENTE
FEMENINO,VENADO TUERTO,RENOVACIÓN,A.2.1,9/oct/2025,9/oct/2025,9/oct/2030,VIGENTE
MASCULINO,VENADO TUERTO,RENOVACIÓN,B.2,9/oct/2025,9/oct/2025,9/oct/2030,VIGENTE
MASCULINO,VENADO TUERTO,RENOVACIÓN,"A.2.2, D.1, D.3, E.1",9/oct/2025,9/oct/2025,9/oct/2026,VIGENTE
MASCULINO,VENADO TUERTO,RENOVACIÓN,B.1,9/oct/2025,9/oct/2025,9/oct/2026,VIGENTE
MASCULINO,VENADO TUERTO,RENOVACIÓN,B.2,9/oct/2025,9/oct/2025,9/oct/2026,VIGENTE
MASCULINO,VENADO TUERTO,RENOVACIÓN,D.1,9/oct/2025,9/oct/2025,9/oct/2026,VIGENTE
MASCULINO,VENADO TUERTO,RENOVACIÓN,B.2,9/oct/2025,9/oct/2025,9/oct/2026,VIGENTE
FEMENINO,VENADO TUERTO,RENOVACIÓN,"A.2.1, B.2",9/oct/2025,9/oct/2025,9/oct/2030,VIGENTE
MASCULINO,VENADO TUERTO,ORIGINAL,B.2,13/oct/2025,15/may/2025,13/oct/2030,VIGENTE
MASCULINO,VENADO TUERTO,RENOVACIÓN CON AMPLIACIÓN,"A.3, B.2",13/oct/2025,21/may/2025,13/oct/2030,VIGENTE
MASCULINO,VENADO TUERTO,ORIGINAL,A.2.1,13/oct/2025,24/sept/2025,13/oct/2030,VIGENTE
MASCULINO,VENADO TUERTO,RENOVACIÓN,A.2.1,13/oct/2025,30/sept/2025,13/oct/2030,VIGENTE
MASCULINO,VENADO TUERTO,ORIGINAL,"A.2.1, B.1",13/oct/2025,30/sept/2025,13/oct/2030,VIGENTE
FEMENINO,VENADO TUERTO,RENOVACIÓN CON AMPLIACIÓN,"A.2.1, B.2",13/oct/2025,1/oct/2025,13/oct/2030,VIGENTE
MASCULINO,VENADO TUERTO,RENOVACIÓN,E.1,13/oct/2025,3/oct/2025,13/sept/2026,VIGENTE
FEMENINO,VENADO TUERTO,ORIGINAL,"A.2.1, B.1",13/oct/2025,7/oct/2025,13/oct/2030,VIGENTE
MASCULINO,VENADO TUERTO,RENOVACIÓN,B.1,13/oct/2025,9/oct/2025,13/oct/2026,VIGENTE
MASCULINO,VENADO TUERTO,RENOVACIÓN,"A.3, B.2",13/oct/2025,9/oct/2025,13/oct/2028,VIGENTE
MASCULINO,VENADO TUERTO,RENOVACIÓN CON AMPLIACIÓN,"A.2.1, B.2, C",13/oct/2025,9/oct/2025,13/oct/2026,VIGENTE
MASCULINO,VENADO TUERTO,RENOVACIÓN,E.1,13/oct/2025,13/oct/2025,13/oct/2026,VIGENTE
MASCULINO,VENADO TUERTO,RENOVACIÓN,"A.2.2, B.1",13/oct/2025,13/oct/2025,13/oct/2030,VIGENTE
MASCULINO,VENADO TUERTO,RENOVACIÓN,"A.2.1, B.2",13/oct/2025,13/oct/2025,13/oct/2026,VIGENTE
MASCULINO,VENADO TUERTO,ORIGINAL,"A.2.1, B.2",13/oct/2025,13/oct/2025,13/oct/2030,VIGENTE
FEMENINO,VENADO TUERTO,RENOVACIÓN,B.2,13/oct/2025,13/oct/2025,13/oct/2030,VIGENTE
MASCULINO,VENADO TUERTO,RENOVACIÓN,"A.2.1, E.1",13/oct/2025,13/oct/2025,13/mar/2026,VIGENTE
MASCULINO,VENADO TUERTO,RENOVACIÓN,E.1,13/oct/2025,13/oct/2025,13/sept/2026,VIGENTE
FEMENINO,VENADO TUERTO,RENOVACIÓN,B.1,13/oct/2025,13/oct/2025,13/oct/2028,VIGENTE
MASCULINO,VENADO TUERTO,RENOVACIÓN,"A.2.1, B.1",13/oct/2025,13/oct/2025,13/oct/2030,VIGENTE
MASCULINO,VENADO TUERTO,RENOVACIÓN,"A.2.1, B.2, E.2",13/oct/2025,13/oct/2025,13/oct/2027,VIGENTE
FEMENINO,VENADO TUERTO,ORIGINAL,A.2.1,13/oct/2025,13/oct/2025,13/oct/2030,VIGENTE
MASCULINO,VENADO TUERTO,RENOVACIÓN,"A.2.1, B.2",13/oct/2025,13/oct/2025,13/oct/2026,VIGENTE
MASCULINO,VENADO TUERTO,ORIGINAL,"A.3, B.2",13/oct/2025,13/oct/2025,13/oct/2030,VIGENTE
FEMENINO,SAN EDUARDO,RENOVACIÓN,B.2,13/oct/2025,13/oct/2025,13/oct/2026,VIGENTE
MASCULINO,VENADO TUERTO,RENOVACIÓN,"A.3, B.2",13/oct/2025,13/oct/2025,13/oct/2030,VIGENTE
MASCULINO,VENADO TUERTO,RENOVACIÓN,B.2,13/oct/2025,13/oct/2025,13/oct/2026,VIGENTE
FEMENINO,VENADO TUERTO,RENOVACIÓN,B.2,13/oct/2025,13/oct/2025,13/oct/2026,VIGENTE
MASCULINO,VENADO TUERTO,RENOVACIÓN,B.2,13/oct/2025,13/oct/2025,13/oct/2026,VIGENTE
FEMENINO,VENADO TUERTO,RENOVACIÓN,B.1,13/oct/2025,13/oct/2025,13/oct/2030,VIGENTE
MASCULINO,VENADO TUERTO,RENOVACIÓN,B.2,13/oct/2025,13/oct/2025,13/oct/2028,VIGENTE
MASCULINO,VENADO TUERTO,RENOVACIÓN,"A.2.1, B.2",13/oct/2025,13/oct/2025,13/oct/2028,VIGENTE
FEMENINO,VENADO TUERTO,RENOVACIÓN,B.1,13/oct/2025,13/oct/2025,13/oct/2028,VIGENTE
MASCULINO,VENADO TUERTO,RENOVACIÓN,B.2,13/oct/2025,13/oct/2025,13/oct/2026,VIGENTE
MASCULINO,VENADO TUERTO,RENOVACIÓN,B.2,13/oct/2025,13/oct/2025,13/oct/2030,VIGENTE
FEMENINO,VENADO TUERTO,RENOVACIÓN,"A.2.1, B.2",13/oct/2025,13/oct/2025,13/oct/2026,VIGENTE
FEMENINO,VENADO TUERTO,ORIGINAL,A.2.1,13/oct/2025,13/oct/2025,13/oct/2030,VIGENTE
MASCULINO,VENADO TUERTO,RENOVACIÓN,"A.2.1, B.1",13/oct/2025,13/oct/2025,13/oct/2028,VIGENTE
FEMENINO,VENADO TUERTO,RENOVACIÓN,B.2,13/oct/2025,13/oct/2025,13/oct/2030,VIGENTE
MASCULINO,VENADO TUERTO,RENOVACIÓN,B.2,13/oct/2025,13/oct/2025,13/oct/2026,VIGENTE
MASCULINO,VENADO TUERTO,RENOVACIÓN,B.2,13/oct/2025,13/oct/2025,13/oct/2026,VIGENTE
MASCULINO,VENADO TUERTO,RENOVACIÓN CON AMPLIACIÓN,"A.3, B.1",13/oct/2025,13/oct/2025,13/oct/2030,VIGENTE
MASCULINO,VENADO TUERTO,RENOVACIÓN,B.2,13/oct/2025,13/oct/2025,13/oct/2026,VIGENTE
MASCULINO,VENADO TUERTO,RENOVACIÓN,B.2,13/oct/2025,13/oct/2025,13/oct/2026,VIGENTE
MASCULINO,VENADO TUERTO,RENOVACIÓN,E.1,13/oct/2025,13/oct/2025,13/oct/2026,VIGENTE
MASCULINO,VENADO TUERTO,RENOVACIÓN,B.2,13/oct/2025,13/oct/2025,13/oct/2026,VIGENTE
FEMENINO,VENADO TUERTO,RENOVACIÓN,"A.2.1, B.2",13/oct/2025,13/oct/2025,13/oct/2030,VIGENTE
MASCULINO,VENADO TUERTO,RENOVACIÓN,B.2,13/oct/2025,13/oct/2025,13/oct/2026,VIGENTE
MASCULINO,VENADO TUERTO,RENOVACIÓN,"B.2, G.1, G.2",13/oct/2025,13/oct/2025,13/oct/2030,VIGENTE
MASCULINO,VENADO TUERTO,DUPLICADO,"A.3, B.2",13/oct/2025,13/oct/2025,22/ago/2030,VIGENTE
FEMENINO,VENADO TUERTO,RENOVACIÓN,B.2,13/oct/2025,13/oct/2025,13/oct/2026,VIGENTE
FEMENINO,VENADO TUERTO,ORIGINAL,"A.2.1, B.1",13/oct/2025,13/oct/2025,13/oct/2028,VIGENTE
MASCULINO,VENADO TUERTO,RENOVACIÓN,B.2,13/oct/2025,13/oct/2025,13/oct/2030,VIGENTE
MASCULINO,VENADO TUERTO,RENOVACIÓN,B.2,13/oct/2025,13/oct/2025,13/oct/2028,VIGENTE
FEMENINO,VENADO TUERTO,RENOVACIÓN,B.2,13/oct/2025,13/oct/2025,13/oct/2030,VIGENTE
MASCULINO,VENADO TUERTO,ORIGINAL,"A.2.1, B.1",13/oct/2025,13/oct/2025,13/oct/2026,VIGENTE
MASCULINO,VENADO TUERTO,RENOVACIÓN,A.2.1,13/oct/2025,13/oct/2025,13/oct/2030,VIGENTE
MASCULINO,VENADO TUERTO,RENOVACIÓN,B.2,13/oct/2025,13/oct/2025,13/oct/2030,VIGENTE
FEMENINO,VENADO TUERTO,RENOVACIÓN,B.2,13/oct/2025,13/oct/2025,13/oct/2026,VIGENTE
MASCULINO,VENADO TUERTO,RENOVACIÓN,"A.2.1, B.1",14/oct/2025,18/jul/2025,14/oct/2030,VIGENTE
MASCULINO,VENADO TUERTO,RENOVACIÓN,"A.2.1, B.2, C, D.1",14/oct/2025,6/oct/2025,14/oct/2026,VIGENTE
MASCULINO,VENADO TUERTO,RENOVACIÓN,"A.2.1, C",14/oct/2025,13/oct/2025,14/oct/2027,VIGENTE
MASCULINO,VENADO TUERTO,RENOVACIÓN,"A.2.1, B.2",14/oct/2025,13/oct/2025,14/oct/2030,VIGENTE
FEMENINO,VENADO TUERTO,ORIGINAL,A.2.1,14/oct/2025,13/oct/2025,14/oct/2030,VIGENTE
MASCULINO,VENADO TUERTO,ORIGINAL,A.2.1,14/oct/2025,13/oct/2025,14/oct/2026,VIGENTE
FEMENINO,VENADO TUERTO,RENOVACIÓN,B.2,14/oct/2025,14/oct/2025,14/oct/2026,VIGENTE
MASCULINO,VENADO TUERTO,RENOVACIÓN,"A.2.2, B.2",14/oct/2025,14/oct/2025,14/oct/2030,VIGENTE
MASCULINO,VENADO TUERTO,RENOVACIÓN,B.2,14/oct/2025,14/oct/2025,14/oct/2030,VIGENTE
MASCULINO,VENADO TUERTO,RENOVACIÓN,"A.2.1, B.2",14/oct/2025,14/oct/2025,14/oct/2026,VIGENTE
MASCULINO,VENADO TUERTO,RENOVACIÓN,B.2,14/oct/2025,14/oct/2025,14/oct/2026,VIGENTE
MASCULINO,VENADO TUERTO,RENOVACIÓN,B.2,14/oct/2025,14/oct/2025,14/oct/2026,VIGENTE
FEMENINO,VENADO TUERTO,ORIGINAL,B.1,14/oct/2025,14/oct/2025,14/oct/2026,VIGENTE
MASCULINO,VENADO TUERTO,RENOVACIÓN,B.2,14/oct/2025,14/oct/2025,14/oct/2028,VIGENTE
MASCULINO,VENADO TUERTO,RENOVACIÓN,B.2,14/oct/2025,14/oct/2025,14/oct/2026,VIGENTE
FEMENINO,VENADO TUERTO,RENOVACIÓN,B.1,14/oct/2025,14/oct/2025,14/oct/2030,VIGENTE
FEMENINO,VENADO TUERTO,RENOVACIÓN,B.2,14/oct/2025,14/oct/2025,14/oct/2030,VIGENTE
FEMENINO,VENADO TUERTO,RENOVACIÓN,A.2.1,14/oct/2025,14/oct/2025,14/oct/2030,VIGENTE
FEMENINO,VENADO TUERTO,RENOVACIÓN CON AMPLIACIÓN,"A.2.1, B.1",14/oct/2025,14/oct/2025,14/oct/2030,VIGENTE
MASCULINO,VENADO TUERTO,RENOVACIÓN CON AMPLIACIÓN,"A.3, D.3, E.1",14/oct/2025,14/oct/2025,14/oct/2027,VIGENTE
MASCULINO,VENADO TUERTO,RENOVACIÓN,E.1,14/oct/2025,14/oct/2025,14/sept/2026,VIGENTE
MASCULINO,VENADO TUERTO,RENOVACIÓN,E.1,14/oct/2025,14/oct/2025,14/sept/2026,VIGENTE
MASCULINO,SAN EDUARDO,RENOVACIÓN CON AMPLIACIÓN,"A.2.2, B.2, G.1, G.2",14/oct/2025,14/oct/2025,14/oct/2030,VIGENTE
MASCULINO,VENADO TUERTO,RENOVACIÓN,B.2,14/oct/2025,14/oct/2025,14/oct/2026,VIGENTE
MASCULINO,VENADO TUERTO,RENOVACIÓN,B.2,14/oct/2025,14/oct/2025,14/oct/2026,VIGENTE
MASCULINO,VENADO TUERTO,RENOVACIÓN,B.2,14/oct/2025,14/oct/2025,14/oct/2026,VIGENTE
FEMENINO,VENADO TUERTO,ORIGINAL,A.2.1,14/oct/2025,14/oct/2025,14/oct/2030,VIGENTE
MASCULINO,VENADO TUERTO,RENOVACIÓN,B.2,14/oct/2025,14/oct/2025,14/oct/2026,VIGENTE
MASCULINO,VENADO TUERTO,RENOVACIÓN,"A.2.1, B.1",14/oct/2025,14/oct/2025,14/oct/2030,VIGENTE
FEMENINO,VENADO TUERTO,RENOVACIÓN CON AMPLIACIÓN,"A.2.1, B.2",14/oct/2025,14/oct/2025,14/oct/2030,VIGENTE
MASCULINO,VENADO TUERTO,ORIGINAL,B.2,14/oct/2025,14/oct/2025,14/oct/2030,VIGENTE
MASCULINO,VENADO TUERTO,RENOVACIÓN,B.2,14/oct/2025,14/oct/2025,14/oct/2026,VIGENTE
FEMENINO,VENADO TUERTO,RENOVACIÓN,A.2.1,14/oct/2025,14/oct/2025,14/oct/2028,VIGENTE
FEMENINO,VENADO TUERTO,RENOVACIÓN,A.2.1,14/oct/2025,14/oct/2025,14/oct/2030,VIGENTE
FEMENINO,VENADO TUERTO,RENOVACIÓN,A.2.1,14/oct/2025,14/oct/2025,14/oct/2026,VIGENTE
FEMENINO,VENADO TUERTO,ORIGINAL,B.2,14/oct/2025,14/oct/2025,14/oct/2030,VIGENTE
FEMENINO,VENADO TUERTO,RENOVACIÓN,"A.2.1, B.1",14/oct/2025,14/oct/2025,14/oct/2030,VIGENTE
FEMENINO,VENADO TUERTO,RENOVACIÓN,B.2,14/oct/2025,14/oct/2025,14/oct/2026,VIGENTE
MASCULINO,VENADO TUERTO,RENOVACIÓN,B.2,14/oct/2025,14/oct/2025,14/oct/2026,VIGENTE
MASCULINO,VENADO TUERTO,RENOVACIÓN,B.2,14/oct/2025,14/oct/2025,14/oct/2030,VIGENTE
MASCULINO,VENADO TUERTO,RENOVACIÓN,B.2,14/oct/2025,14/oct/2025,14/oct/2030,VIGENTE
MASCULINO,VENADO TUERTO,RENOVACIÓN,B.2,14/oct/2025,14/oct/2025,14/oct/2028,VIGENTE
MASCULINO,VENADO TUERTO,ORIGINAL,A.2.1,14/oct/2025,14/oct/2025,14/oct/2030,VIGENTE
MASCULINO,VENADO TUERTO,RENOVACIÓN,B.2,14/oct/2025,14/oct/2025,14/oct/2026,VIGENTE
MASCULINO,VENADO TUERTO,RENOVACIÓN,B.2,14/oct/2025,14/oct/2025,14/oct/2030,VIGENTE
MASCULINO,VENADO TUERTO,RENOVACIÓN,B.1,14/oct/2025,14/oct/2025,14/oct/2030,VIGENTE
MASCULINO,VENADO TUERTO,ORIGINAL,"A.2.1, B.1",15/oct/2025,17/jul/2025,15/oct/2030,VIGENTE
FEMENINO,VENADO TUERTO,RENOVACIÓN,"A.2.1, B.2",15/oct/2025,3/sept/2025,15/oct/2030,VIGENTE
MASCULINO,VENADO TUERTO,RENOVACIÓN,C,15/oct/2025,13/oct/2025,15/oct/2026,VIGENTE
MASCULINO,VENADO TUERTO,RENOVACIÓN,"A.2.2, E.1",15/oct/2025,14/oct/2025,15/oct/2026,VIGENTE
MASCULINO,VENADO TUERTO,RENOVACIÓN,"A.2.1, B.2",15/oct/2025,14/oct/2025,15/oct/2030,VIGENTE
MASCULINO,VENADO TUERTO,RENOVACIÓN,"A.2.2, B.2, C",15/oct/2025,15/oct/2025,15/oct/2026,VIGENTE
MASCULINO,VENADO TUERTO,ORIGINAL,B.1,15/oct/2025,15/oct/2025,15/oct/2030,VIGENTE
MASCULINO,VENADO TUERTO,RENOVACIÓN,B.2,15/oct/2025,15/oct/2025,15/oct/2030,VIGENTE
MASCULINO,VENADO TUERTO,RENOVACIÓN,"A.3, B.2, E.2, G.1, G.2",15/oct/2025,15/oct/2025,15/oct/2026,VIGENTE
FEMENINO,VENADO TUERTO,RENOVACIÓN,B.2,15/oct/2025,15/oct/2025,15/oct/2026,VIGENTE
FEMENINO,VENADO TUERTO,RENOVACIÓN,B.2,15/oct/2025,15/oct/2025,15/oct/2026,VIGENTE
FEMENINO,VENADO TUERTO,RENOVACIÓN,B.1,15/oct/2025,15/oct/2025,15/oct/2030,VIGENTE
MASCULINO,VENADO TUERTO,RENOVACIÓN,"A.2.1, B.2",15/oct/2025,15/oct/2025,15/oct/2030,VIGENTE
FEMENINO,VENADO TUERTO,RENOVACIÓN,B.1,15/oct/2025,15/oct/2025,15/oct/2026,VIGENTE
MASCULINO,VENADO TUERTO,RENOVACIÓN,"A.2.1, B.2",15/oct/2025,15/oct/2025,15/oct/2026,VIGENTE
MASCULINO,VENADO TUERTO,RENOVACIÓN,"A.2.1, B.2",15/oct/2025,15/oct/2025,15/oct/2030,VIGENTE
MASCULINO,VENADO TUERTO,ORIGINAL,"A.2.1, B.2",15/oct/2025,15/oct/2025,15/oct/2030,VIGENTE
MASCULINO,VENADO TUERTO,RENOVACIÓN CON AMPLIACIÓN,"A.2.1, B.1",15/oct/2025,15/oct/2025,15/oct/2030,VIGENTE
FEMENINO,VENADO TUERTO,RENOVACIÓN,A.2.1,15/oct/2025,15/oct/2025,15/oct/2030,VIGENTE
MASCULINO,VENADO TUERTO,ORIGINAL,A.2.1,15/oct/2025,15/oct/2025,15/oct/2026,VIGENTE
MASCULINO,VENADO TUERTO,RENOVACIÓN,B.2,15/oct/2025,15/oct/2025,15/oct/2026,VIGENTE
MASCULINO,VENADO TUERTO,RENOVACIÓN,"A.2.1, B.2",15/oct/2025,15/oct/2025,15/oct/2026,VIGENTE
MASCULINO,VENADO TUERTO,RENOVACIÓN,A.2.1,15/oct/2025,15/oct/2025,15/oct/2028,VIGENTE
MASCULINO,VENADO TUERTO,ORIGINAL,A.2.1,15/oct/2025,15/oct/2025,15/oct/2030,VIGENTE
MASCULINO,VENADO TUERTO,RENOVACIÓN,"A.2.1, B.2",15/oct/2025,15/oct/2025,15/oct/2030,VIGENTE
MASCULINO,VENADO TUERTO,RENOVACIÓN,"A.2.1, B.2",15/oct/2025,15/oct/2025,15/oct/2026,VIGENTE
MASCULINO,VENADO TUERTO,RENOVACIÓN,E.1,15/oct/2025,15/oct/2025,15/oct/2026,VIGENTE
MASCULINO,VENADO TUERTO,RENOVACIÓN,B.2,15/oct/2025,15/oct/2025,15/oct/2026,VIGENTE
MASCULINO,VENADO TUERTO,RENOVACIÓN,"B.2, G.1",15/oct/2025,15/oct/2025,15/oct/2026,VIGENTE
MASCULINO,VENADO TUERTO,RENOVACIÓN,"A.2.2, B.2",15/oct/2025,15/oct/2025,15/oct/2028,VIGENTE
MASCULINO,VENADO TUERTO,RENOVACIÓN,"A.2.1, B.2, C, G.1, G.2",15/oct/2025,15/oct/2025,15/oct/2027,VIGENTE
FEMENINO,VENADO TUERTO,ORIGINAL,A.2.1,15/oct/2025,15/oct/2025,15/oct/2026,VIGENTE
FEMENINO,VENADO TUERTO,RENOVACIÓN,A.2.1,15/oct/2025,15/oct/2025,15/oct/2030,VIGENTE
FEMENINO,VENADO TUERTO,RENOVACIÓN,"A.3, B.1",15/oct/2025,15/oct/2025,15/oct/2030,VIGENTE
MASCULINO,VENADO TUERTO,RENOVACIÓN CON AMPLIACIÓN,"A.3, B.2",15/oct/2025,15/oct/2025,15/oct/2030,VIGENTE
FEMENINO,VENADO TUERTO,RENOVACIÓN,"A.2.1, B.2",15/oct/2025,15/oct/2025,15/oct/2030,VIGENTE
MASCULINO,VENADO TUERTO,ORIGINAL,"A.2.1, B.1",15/oct/2025,15/oct/2025,15/oct/2030,VIGENTE
MASCULINO,VENADO TUERTO,RENOVACIÓN,"A.3, B.1",15/oct/2025,15/oct/2025,15/oct/2030,VIGENTE
MASCULINO,VENADO TUERTO,RENOVACIÓN CON AMPLIACIÓN,"A.2.1, B.2",15/oct/2025,15/oct/2025,15/oct/2030,VIGENTE
MASCULINO,VENADO TUERTO,RENOVACIÓN,B.2,15/oct/2025,15/oct/2025,15/oct/2030,VIGENTE
MASCULINO,VENADO TUERTO,RENOVACIÓN,"B.2, C, G.2",15/oct/2025,15/oct/2025,15/oct/2026,VIGENTE
MASCULINO,VENADO TUERTO,RENOVACIÓN,B.2,15/oct/2025,15/oct/2025,15/oct/2030,VIGENTE
MASCULINO,VENADO TUERTO,RENOVACIÓN,"A.3, B.2",15/oct/2025,15/oct/2025,15/oct/2026,VIGENTE
MASCULINO,VENADO TUERTO,RENOVACIÓN CON AMPLIACIÓN,"A.2.2, B.1",15/oct/2025,15/oct/2025,15/oct/2030,VIGENTE
MASCULINO,VENADO TUERTO,RENOVACIÓN,"A.2.1, B.2, D.1",15/oct/2025,15/oct/2025,15/oct/2027,VIGENTE
FEMENINO,SAN EDUARDO,RENOVACIÓN,A.2.1,15/oct/2025,15/oct/2025,15/oct/2030,VIGENTE
FEMENINO,VENADO TUERTO,RENOVACIÓN,B.2,15/oct/2025,15/oct/2025,15/oct/2026,VIGENTE
MASCULINO,VENADO TUERTO,RENOVACIÓN,B.2,15/oct/2025,15/oct/2025,15/oct/2030,VIGENTE
FEMENINO,VENADO TUERTO,RENOVACIÓN,B.2,15/oct/2025,15/oct/2025,15/oct/2028,VIGENTE
FEMENINO,VENADO TUERTO,RENOVACIÓN,"A.2.1, B.1",15/oct/2025,15/oct/2025,15/oct/2030,VIGENTE
MASCULINO,VENADO TUERTO,RENOVACIÓN,B.2,15/oct/2025,15/oct/2025,15/oct/2026,VIGENTE
FEMENINO,VENADO TUERTO,RENOVACIÓN,B.2,15/oct/2025,15/oct/2025,15/oct/2030,VIGENTE
FEMENINO,VENADO TUERTO,RENOVACIÓN,B.2,15/oct/2025,15/oct/2025,15/oct/2026,VIGENTE
FEMENINO,VENADO TUERTO,RENOVACIÓN,"A.2.1, B.1",15/oct/2025,15/oct/2025,15/oct/2030,VIGENTE
MASCULINO,VENADO TUERTO,RENOVACIÓN CON AMPLIACIÓN,"A.2.1, D.1",15/oct/2025,15/oct/2025,15/oct/2027,VIGENTE
MASCULINO,VENADO TUERTO,RENOVACIÓN,"A.2.1, B.1",15/oct/2025,15/oct/2025,15/oct/2030,VIGENTE
FEMENINO,VENADO TUERTO,RENOVACIÓN,"A.2.2, B.2",15/oct/2025,15/oct/2025,15/oct/2030,VIGENTE
FEMENINO,VENADO TUERTO,RENOVACIÓN,A.2.1,15/oct/2025,15/oct/2025,15/oct/2030,VIGENTE
FEMENINO,VENADO TUERTO,RENOVACIÓN,B.2,15/oct/2025,15/oct/2025,15/oct/2026,VIGENTE
FEMENINO,VENADO TUERTO,RENOVACIÓN,B.2,15/oct/2025,15/oct/2025,15/oct/2026,VIGENTE
MASCULINO,VENADO TUERTO,RENOVACIÓN,B.2,15/oct/2025,15/oct/2025,15/oct/2030,VIGENTE
FEMENINO,VENADO TUERTO,RENOVACIÓN,B.2,15/oct/2025,15/oct/2025,15/oct/2026,VIGENTE
MASCULINO,VENADO TUERTO,RENOVACIÓN,"A.2.1, B.2",15/oct/2025,15/oct/2025,15/oct/2030,VIGENTE
MASCULINO,VENADO TUERTO,ORIGINAL,A.2.1,16/oct/2025,5/sept/2025,16/oct/2026,VIGENTE
FEMENINO,VENADO TUERTO,ORIGINAL,A.2.1,16/oct/2025,12/sept/2025,16/oct/2030,VIGENTE
MASCULINO,VENADO TUERTO,ORIGINAL,"A.2.1, B.2",16/oct/2025,2/oct/2025,16/oct/2030,VIGENTE
FEMENINO,VENADO TUERTO,ORIGINAL,B.1,16/oct/2025,6/oct/2025,16/oct/2030,VIGENTE
MASCULINO,VENADO TUERTO,ORIGINAL,A.2.1,16/oct/2025,13/oct/2025,16/oct/2030,VIGENTE
MASCULINO,VENADO TUERTO,RENOVACIÓN CON AMPLIACIÓN,"A.2.1, E.1",16/oct/2025,15/oct/2025,16/may/2026,VIGENTE
FEMENINO,VENADO TUERTO,RENOVACIÓN,"A.3, B.2",16/oct/2025,16/oct/2025,16/oct/2030,VIGENTE
FEMENINO,VENADO TUERTO,RENOVACIÓN,B.2,16/oct/2025,16/oct/2025,16/oct/2026,VIGENTE
FEMENINO,VENADO TUERTO,RENOVACIÓN,A.2.1,16/oct/2025,16/oct/2025,16/oct/2030,VIGENTE
MASCULINO,VENADO TUERTO,RENOVACIÓN,"B.2, D.1",16/oct/2025,16/oct/2025,16/oct/2026,VIGENTE
FEMENINO,VENADO TUERTO,RENOVACIÓN,B.2,16/oct/2025,16/oct/2025,16/oct/2026,VIGENTE
FEMENINO,VENADO TUERTO,RENOVACIÓN,B.2,16/oct/2025,16/oct/2025,16/oct/2026,VIGENTE
MASCULINO,VENADO TUERTO,RENOVACIÓN,A.2.2,16/oct/2025,16/oct/2025,16/oct/2030,VIGENTE
MASCULINO,VENADO TUERTO,RENOVACIÓN,"A.3, B.2, D.1",16/oct/2025,16/oct/2025,16/oct/2026,VIGENTE
MASCULINO,VENADO TUERTO,RENOVACIÓN,B.2,16/oct/2025,16/oct/2025,16/oct/2026,VIGENTE
FEMENINO,VENADO TUERTO,RENOVACIÓN,A.2.1,16/oct/2025,16/oct/2025,16/oct/2030,VIGENTE
FEMENINO,VENADO TUERTO,ORIGINAL,A.2.1,16/oct/2025,16/oct/2025,16/oct/2026,VIGENTE
MASCULINO,VENADO TUERTO,RENOVACIÓN,B.2,16/oct/2025,16/oct/2025,16/oct/2026,VIGENTE
MASCULINO,VENADO TUERTO,RENOVACIÓN,"A.2.1, B.2, D.1",16/oct/2025,16/oct/2025,16/oct/2026,VIGENTE
MASCULINO,VENADO TUERTO,RENOVACIÓN,E.1,16/oct/2025,16/oct/2025,16/oct/2026,VIGENTE
FEMENINO,VENADO TUERTO,RENOVACIÓN,A.2.1,16/oct/2025,16/oct/2025,16/oct/2030,VIGENTE
MASCULINO,VENADO TUERTO,RENOVACIÓN,D.1,16/oct/2025,16/oct/2025,16/oct/2026,VIGENTE
MASCULINO,VENADO TUERTO,ORIGINAL,"A.2.1, B.1",16/oct/2025,16/oct/2025,16/oct/2030,VIGENTE
MASCULINO,VENADO TUERTO,RENOVACIÓN,B.2,16/oct/2025,16/oct/2025,16/oct/2026,VIGENTE
MASCULINO,VENADO TUERTO,ORIGINAL,"A.2.1, B.2",16/oct/2025,16/oct/2025,16/oct/2030,VIGENTE
FEMENINO,VENADO TUERTO,RENOVACIÓN CON AMPLIACIÓN,"A.2.1, B.1",16/oct/2025,16/oct/2025,16/oct/2030,VIGENTE
MASCULINO,VENADO TUERTO,RENOVACIÓN,"A.2.1, B.2",16/oct/2025,16/oct/2025,16/oct/2030,VIGENTE
MASCULINO,VENADO TUERTO,RENOVACIÓN,"A.2.1, B.2",16/oct/2025,16/oct/2025,16/oct/2028,VIGENTE
MASCULINO,VENADO TUERTO,RENOVACIÓN,E.1,16/oct/2025,16/oct/2025,16/mar/2026,VIGENTE
FEMENINO,VENADO TUERTO,ORIGINAL,B.1,16/oct/2025,16/oct/2025,16/oct/2026,VIGENTE
FEMENINO,VENADO TUERTO,RENOVACIÓN,B.2,16/oct/2025,16/oct/2025,16/oct/2026,VIGENTE
MASCULINO,VENADO TUERTO,RENOVACIÓN,B.1,16/oct/2025,16/oct/2025,16/oct/2030,VIGENTE
MASCULINO,VENADO TUERTO,RENOVACIÓN,B.2,16/oct/2025,16/oct/2025,16/oct/2026,VIGENTE
FEMENINO,VENADO TUERTO,RENOVACIÓN,B.2,16/oct/2025,16/oct/2025,16/oct/2028,VIGENTE
MASCULINO,VENADO TUERTO,RENOVACIÓN,"A.2.1, B.2",16/oct/2025,16/oct/2025,16/oct/2026,VIGENTE
FEMENINO,VENADO TUERTO,RENOVACIÓN,"A.2.1, B.2",16/oct/2025,16/oct/2025,16/oct/2030,VIGENTE
MASCULINO,VENADO TUERTO,RENOVACIÓN CON AMPLIACIÓN,"A.3, B.2",16/oct/2025,16/oct/2025,16/oct/2030,VIGENTE
MASCULINO,VENADO TUERTO,RENOVACIÓN CON AMPLIACIÓN,"A.2.1, B.1",16/oct/2025,16/oct/2025,16/oct/2030,VIGENTE
FEMENINO,VENADO TUERTO,ORIGINAL,A.2.1,16/oct/2025,16/oct/2025,16/oct/2030,VIGENTE
MASCULINO,VENADO TUERTO,ORIGINAL,"A.2.1, B.1",16/oct/2025,16/oct/2025,16/oct/2030,VIGENTE
MASCULINO,VENADO TUERTO,RENOVACIÓN,B.2,16/oct/2025,16/oct/2025,16/oct/2030,VIGENTE
MASCULINO,VENADO TUERTO,RENOVACIÓN CON AMPLIACIÓN,"A.2.1, E.1",16/oct/2025,16/oct/2025,16/sept/2027,VIGENTE
MASCULINO,VENADO TUERTO,RENOVACIÓN,"A.2.1, E.1",16/oct/2025,16/oct/2025,16/oct/2027,VIGENTE
FEMENINO,VENADO TUERTO,RENOVACIÓN,"A.2.1, B.1",16/oct/2025,16/oct/2025,16/oct/2030,VIGENTE
FEMENINO,VENADO TUERTO,RENOVACIÓN,A.2.1,16/oct/2025,16/oct/2025,16/oct/2030,VIGENTE
FEMENINO,VENADO TUERTO,RENOVACIÓN,B.2,16/oct/2025,16/oct/2025,16/oct/2026,VIGENTE
MASCULINO,VENADO TUERTO,RENOVACIÓN,"A.2.1, B.1",16/oct/2025,16/oct/2025,16/oct/2030,VIGENTE
MASCULINO,VENADO TUERTO,RENOVACIÓN,"A.2.1, B.2",16/oct/2025,16/oct/2025,16/oct/2030,VIGENTE
MASCULINO,VENADO TUERTO,RENOVACIÓN,"A.2.2, B.2, C, E.2, G.1, G.2",16/oct/2025,16/oct/2025,16/oct/2026,VIGENTE
FEMENINO,VENADO TUERTO,RENOVACIÓN,B.2,16/oct/2025,16/oct/2025,16/oct/2030,VIGENTE
MASCULINO,VENADO TUERTO,RENOVACIÓN,"A.2.1, B.1",16/oct/2025,16/oct/2025,16/oct/2030,VIGENTE
MASCULINO,VENADO TUERTO,RENOVACIÓN,B.1,16/oct/2025,16/oct/2025,16/oct/2026,VIGENTE
MASCULINO,VENADO TUERTO,RENOVACIÓN,"A.2.1, B.2",17/oct/2025,16/oct/2025,17/oct/2028,VIGENTE
MASCULINO,VENADO TUERTO,RENOVACIÓN CON AMPLIACIÓN,"A.2.1, B.1, D.3, E.2",17/oct/2025,16/oct/2025,17/oct/2027,VIGENTE
FEMENINO,VENADO TUERTO,RENOVACIÓN,"A.2.2, B.1",17/oct/2025,17/oct/2025,17/oct/2030,VIGENTE
MASCULINO,VENADO TUERTO,RENOVACIÓN,B.2,17/oct/2025,17/oct/2025,17/oct/2026,VIGENTE
FEMENINO,VENADO TUERTO,ORIGINAL,A.2.1,17/oct/2025,17/oct/2025,17/oct/2030,VIGENTE
FEMENINO,VENADO TUERTO,RENOVACIÓN,"A.2.1, B.1",17/oct/2025,17/oct/2025,17/oct/2030,VIGENTE
MASCULINO,VENADO TUERTO,RENOVACIÓN,E.1,17/oct/2025,17/oct/2025,17/may/2026,VIGENTE
MASCULINO,VENADO TUERTO,RENOVACIÓN,E.1,17/oct/2025,17/oct/2025,17/oct/2026,VIGENTE
MASCULINO,VENADO TUERTO,RENOVACIÓN,A.2.2,17/oct/2025,17/oct/2025,17/oct/2030,VIGENTE
MASCULINO,VENADO TUERTO,RENOVACIÓN,"A.2.1, B.1",17/oct/2025,17/oct/2025,17/oct/2030,VIGENTE
MASCULINO,VENADO TUERTO,RENOVACIÓN,"D.1, D.3",17/oct/2025,17/oct/2025,17/oct/2026,VIGENTE
MASCULINO,VENADO TUERTO,RENOVACIÓN,"A.2.2, B.2",17/oct/2025,17/oct/2025,17/oct/2026,VIGENTE
MASCULINO,VENADO TUERTO,RENOVACIÓN,B.2,17/oct/2025,17/oct/2025,17/oct/2026,VIGENTE
FEMENINO,VENADO TUERTO,RENOVACIÓN,B.2,17/oct/2025,17/oct/2025,17/oct/2030,VIGENTE
MASCULINO,VENADO TUERTO,DUPLICADO,"A.2.2, D.2, D.3, E.1, G.1",17/oct/2025,17/oct/2025,27/mar/2026,VIGENTE
MASCULINO,VENADO TUERTO,RENOVACIÓN,"A.2.2, B.2, C",17/oct/2025,17/oct/2025,17/oct/2026,VIGENTE
FEMENINO,VENADO TUERTO,RENOVACIÓN,B.2,17/oct/2025,17/oct/2025,17/oct/2030,VIGENTE
FEMENINO,VENADO TUERTO,RENOVACIÓN,A.2.1,17/oct/2025,17/oct/2025,17/oct/2030,VIGENTE
MASCULINO,VENADO TUERTO,RENOVACIÓN,"A.3, E.1",17/oct/2025,17/oct/2025,17/oct/2026,VIGENTE
FEMENINO,VENADO TUERTO,RENOVACIÓN,"A.2.2, B.1",17/oct/2025,17/oct/2025,17/oct/2030,VIGENTE
MASCULINO,VENADO TUERTO,RENOVACIÓN,"A.3, B.2, G.1, G.2",17/oct/2025,17/oct/2025,17/oct/2030,VIGENTE
FEMENINO,VENADO TUERTO,RENOVACIÓN,"A.2.2, D.1, D.3",17/oct/2025,17/oct/2025,17/oct/2026,VIGENTE
MASCULINO,VENADO TUERTO,RENOVACIÓN,B.2,17/oct/2025,17/oct/2025,17/oct/2030,VIGENTE
FEMENINO,VENADO TUERTO,ORIGINAL,A.2.1,24/oct/2025,2/sept/2025,24/oct/2030,VIGENTE
MASCULINO,VENADO TUERTO,ORIGINAL,A.2.1,24/oct/2025,3/oct/2025,24/oct/2026,VIGENTE
FEMENINO,VENADO TUERTO,ORIGINAL,A.2.1,24/oct/2025,8/oct/2025,24/oct/2026,VIGENTE
MASCULINO,VENADO TUERTO,RENOVACIÓN,C,24/oct/2025,13/oct/2025,24/oct/2026,VIGENTE
FEMENINO,VENADO TUERTO,RENOVACIÓN,"A.2.1, B.1",24/oct/2025,17/oct/2025,24/oct/2030,VIGENTE
MASCULINO,VENADO TUERTO,RENOVACIÓN,E.1,24/oct/2025,20/oct/2025,24/oct/2026,VIGENTE
FEMENINO,VENADO TUERTO,RENOVACIÓN,B.2,24/oct/2025,20/oct/2025,24/oct/2030,VIGENTE
MASCULINO,VENADO TUERTO,RENOVACIÓN,B.2,24/oct/2025,20/oct/2025,24/oct/2030,VIGENTE
MASCULINO,VENADO TUERTO,RENOVACIÓN,A.2.1,24/oct/2025,22/oct/2025,24/oct/2028,VIGENTE
MASCULINO,VENADO TUERTO,RENOVACIÓN CON AMPLIACIÓN,"A.2.1, B.2",24/oct/2025,24/oct/2025,24/oct/2030,VIGENTE
MASCULINO,VENADO TUERTO,RENOVACIÓN,E.1,24/oct/2025,24/oct/2025,24/oct/2026,VIGENTE
MASCULINO,VENADO TUERTO,ORIGINAL,A.2.1,24/oct/2025,24/oct/2025,24/oct/2026,VIGENTE
MASCULINO,VENADO TUERTO,RENOVACIÓN CON AMPLIACIÓN,"A.2.2, D.1",24/oct/2025,24/oct/2025,24/oct/2026,VIGENTE
MASCULINO,VENADO TUERTO,RENOVACIÓN,"A.3, D.1, D.3, E.1, G.1, G.2",24/oct/2025,24/oct/2025,24/oct/2027,VIGENTE
FEMENINO,VENADO TUERTO,RENOVACIÓN,B.2,24/oct/2025,24/oct/2025,24/oct/2026,VIGENTE
FEMENINO,VENADO TUERTO,RENOVACIÓN,B.1,24/oct/2025,24/oct/2025,24/oct/2030,VIGENTE
MASCULINO,VENADO TUERTO,RENOVACIÓN CON AMPLIACIÓN,"A.2.1, E.1, E.2",24/oct/2025,24/oct/2025,24/oct/2027,VIGENTE
MASCULINO,VENADO TUERTO,RENOVACIÓN,E.1,24/oct/2025,24/oct/2025,24/oct/2026,VIGENTE
FEMENINO,VENADO TUERTO,RENOVACIÓN,B.1,24/oct/2025,24/oct/2025,24/oct/2030,VIGENTE
MASCULINO,VENADO TUERTO,RENOVACIÓN,"E.1, E.2",24/oct/2025,24/oct/2025,24/oct/2027,VIGENTE
FEMENINO,VENADO TUERTO,RENOVACIÓN CON AMPLIACIÓN,"A.2.1, B.1",24/oct/2025,24/oct/2025,24/oct/2030,VIGENTE
FEMENINO,VENADO TUERTO,RENOVACIÓN,B.1,24/oct/2025,24/oct/2025,24/oct/2030,VIGENTE
MASCULINO,VENADO TUERTO,RENOVACIÓN,B.2,24/oct/2025,24/oct/2025,24/oct/2028,VIGENTE
MASCULINO,VENADO TUERTO,ORIGINAL,A.2.1,24/oct/2025,24/oct/2025,24/oct/2030,VIGENTE
MASCULINO,VENADO TUERTO,RENOVACIÓN,"A.2.1, B.2",24/oct/2025,24/oct/2025,24/oct/2028,VIGENTE
MASCULINO,VENADO TUERTO,RENOVACIÓN,"A.2.1, B.1",24/oct/2025,24/oct/2025,24/oct/2030,VIGENTE
FEMENINO,VENADO TUERTO,RENOVACIÓN,B.2,24/oct/2025,24/oct/2025,24/oct/2030,VIGENTE
FEMENINO,VENADO TUERTO,RENOVACIÓN,B.1,24/oct/2025,24/oct/2025,24/oct/2030,VIGENTE
FEMENINO,VENADO TUERTO,RENOVACIÓN,A.2.1,24/oct/2025,24/oct/2025,24/oct/2028,VIGENTE
MASCULINO,VENADO TUERTO,RENOVACIÓN,"A.2.1, B.1",24/oct/2025,24/oct/2025,24/oct/2030,VIGENTE
MASCULINO,VENADO TUERTO,RENOVACIÓN,"A.2.1, B.1",24/oct/2025,24/oct/2025,24/oct/2030,VIGENTE
MASCULINO,VENADO TUERTO,ORIGINAL,A.2.1,24/oct/2025,24/oct/2025,24/oct/2030,VIGENTE
MASCULINO,VENADO TUERTO,RENOVACIÓN,"A.2.2, E.1",24/oct/2025,24/oct/2025,24/oct/2026,VIGENTE
MASCULINO,VENADO TUERTO,ORIGINAL,B.1,24/oct/2025,24/oct/2025,24/oct/2026,VIGENTE
MASCULINO,SAN EDUARDO,RENOVACIÓN,B.1,24/oct/2025,24/oct/2025,24/oct/2030,VIGENTE
FEMENINO,VENADO TUERTO,RENOVACIÓN,A.2.1,24/oct/2025,24/oct/2025,24/oct/2028,VIGENTE
FEMENINO,VENADO TUERTO,ORIGINAL,B.1,24/oct/2025,24/oct/2025,24/oct/2026,VIGENTE
MASCULINO,VENADO TUERTO,RENOVACIÓN,"A.2.2, B.2",24/oct/2025,24/oct/2025,24/oct/2030,VIGENTE
FEMENINO,VENADO TUERTO,ORIGINAL,A.2.1,24/oct/2025,24/oct/2025,24/oct/2026,VIGENTE
MASCULINO,VENADO TUERTO,RENOVACIÓN,E.1,24/oct/2025,24/oct/2025,24/mar/2027,VIGENTE
MASCULINO,VENADO TUERTO,RENOVACIÓN,"A.3, B.2, G.1",24/oct/2025,24/oct/2025,24/oct/2030,VIGENTE
MASCULINO,VENADO TUERTO,RENOVACIÓN,B.2,24/oct/2025,24/oct/2025,24/oct/2030,VIGENTE
MASCULINO,VENADO TUERTO,RENOVACIÓN,B.1,24/oct/2025,24/oct/2025,24/oct/2026,VIGENTE
MASCULINO,VENADO TUERTO,RENOVACIÓN,B.2,24/oct/2025,24/oct/2025,24/oct/2030,VIGENTE
FEMENINO,VENADO TUERTO,RENOVACIÓN,B.1,24/oct/2025,24/oct/2025,24/oct/2026,VIGENTE
FEMENINO,VENADO TUERTO,ORIGINAL,B.1,24/oct/2025,24/oct/2025,24/oct/2026,VIGENTE
MASCULINO,VENADO TUERTO,RENOVACIÓN,B.2,24/oct/2025,24/oct/2025,24/oct/2026,VIGENTE
MASCULINO,VENADO TUERTO,RENOVACIÓN CON AMPLIACIÓN,"A.2.2, B.1",24/oct/2025,24/oct/2025,24/oct/2030,VIGENTE
FEMENINO,VENADO TUERTO,ORIGINAL,"A.2.1, B.1",25/oct/2025,8/sept/2025,25/oct/2030,VIGENTE
MASCULINO,VENADO TUERTO,ORIGINAL,"A.2.1, B.1",25/oct/2025,26/sept/2025,25/oct/2026,VIGENTE
MASCULINO,VENADO TUERTO,ORIGINAL,A.2.1,25/oct/2025,30/sept/2025,25/oct/2030,VIGENTE
MASCULINO,VENADO TUERTO,ORIGINAL,A.2.1,25/oct/2025,3/oct/2025,25/oct/2030,VIGENTE
MASCULINO,VENADO TUERTO,RENOVACIÓN,"A.2.1, E.1",25/oct/2025,6/oct/2025,25/oct/2026,VIGENTE
MASCULINO,VENADO TUERTO,ORIGINAL,A.2.1,25/oct/2025,8/oct/2025,25/oct/2026,VIGENTE
MASCULINO,VENADO TUERTO,RENOVACIÓN CON AMPLIACIÓN,"A.2.2, B.1",25/oct/2025,8/oct/2025,25/oct/2030,VIGENTE
MASCULINO,VENADO TUERTO,RENOVACIÓN,"A.2.2, E.1",25/oct/2025,8/oct/2025,25/oct/2027,VIGENTE
FEMENINO,VENADO TUERTO,RENOVACIÓN CON AMPLIACIÓN,"A.2.1, B.1",25/oct/2025,9/oct/2025,25/oct/2030,VIGENTE
MASCULINO,VENADO TUERTO,ORIGINAL,A.2.1,25/oct/2025,9/oct/2025,25/oct/2026,VIGENTE
FEMENINO,VENADO TUERTO,ORIGINAL,A.2.1,25/oct/2025,9/oct/2025,25/oct/2026,VIGENTE
MASCULINO,VENADO TUERTO,ORIGINAL,"A.2.1, B.2",25/oct/2025,9/oct/2025,25/oct/2030,VIGENTE
MASCULINO,VENADO TUERTO,ORIGINAL,A.2.1,25/oct/2025,9/oct/2025,25/oct/2030,VIGENTE
FEMENINO,VENADO TUERTO,ORIGINAL,A.2.1,25/oct/2025,13/oct/2025,25/oct/2030,VIGENTE
MASCULINO,VENADO TUERTO,ORIGINAL,"A.2.1, B.1",25/oct/2025,13/oct/2025,25/oct/2030,VIGENTE
MASCULINO,VENADO TUERTO,RENOVACIÓN,E.1,25/oct/2025,13/oct/2025,25/oct/2026,VIGENTE
MASCULINO,VENADO TUERTO,ORIGINAL,A.2.1,25/oct/2025,13/oct/2025,25/oct/2030,VIGENTE
MASCULINO,VENADO TUERTO,RENOVACIÓN,"A.2.2, E.1",25/oct/2025,14/oct/2025,25/oct/2026,VIGENTE
MASCULINO,VENADO TUERTO,RENOVACIÓN,B.2,25/oct/2025,14/oct/2025,25/oct/2028,VIGENTE
MASCULINO,VENADO TUERTO,RENOVACIÓN,B.1,25/oct/2025,16/oct/2025,25/oct/2026,VIGENTE
FEMENINO,VENADO TUERTO,ORIGINAL,A.2.1,25/oct/2025,16/oct/2025,25/oct/2026,VIGENTE
FEMENINO,VENADO TUERTO,RENOVACIÓN,B.2,25/oct/2025,16/oct/2025,25/oct/2028,VIGENTE
MASCULINO,VENADO TUERTO,RENOVACIÓN,"A.2.1, B.2",25/oct/2025,16/oct/2025,25/oct/2030,VIGENTE
FEMENINO,VENADO TUERTO,RENOVACIÓN,A.2.1,25/oct/2025,17/oct/2025,25/oct/2030,VIGENTE
FEMENINO,VENADO TUERTO,RENOVACIÓN,"A.2.1, B.1",25/oct/2025,17/oct/2025,25/oct/2030,VIGENTE
FEMENINO,VENADO TUERTO,RENOVACIÓN,"A.2.1, B.2",25/oct/2025,17/oct/2025,25/oct/2030,VIGENTE
FEMENINO,VENADO TUERTO,RENOVACIÓN,B.1,25/oct/2025,17/oct/2025,25/oct/2030,VIGENTE
MASCULINO,VENADO TUERTO,RENOVACIÓN,B.2,25/oct/2025,17/oct/2025,25/oct/2026,VIGENTE
MASCULINO,VENADO TUERTO,RENOVACIÓN,"A.2.1, E.1",25/oct/2025,17/oct/2025,25/oct/2027,VIGENTE
MASCULINO,VENADO TUERTO,ORIGINAL,B.2,25/oct/2025,17/oct/2025,25/oct/2030,VIGENTE
MASCULINO,VENADO TUERTO,ORIGINAL,A.2.1,25/oct/2025,17/oct/2025,25/oct/2030,VIGENTE
FEMENINO,VENADO TUERTO,RENOVACIÓN,B.2,25/oct/2025,17/oct/2025,25/oct/2026,VIGENTE
FEMENINO,VENADO TUERTO,RENOVACIÓN CON AMPLIACIÓN,"A.2.1, B.1",25/oct/2025,17/oct/2025,25/oct/2030,VIGENTE
FEMENINO,VENADO TUERTO,RENOVACIÓN,B.2,25/oct/2025,17/oct/2025,25/oct/2030,VIGENTE
MASCULINO,VENADO TUERTO,RENOVACIÓN CON AMPLIACIÓN,"A.2.1, B.1, G.1",25/oct/2025,17/oct/2025,25/oct/2028,VIGENTE
FEMENINO,VENADO TUERTO,RENOVACIÓN,B.2,25/oct/2025,17/oct/2025,25/oct/2030,VIGENTE
MASCULINO,VENADO TUERTO,RENOVACIÓN,B.2,25/oct/2025,17/oct/2025,25/oct/2030,VIGENTE
MASCULINO,VENADO TUERTO,RENOVACIÓN,B.1,25/oct/2025,17/oct/2025,25/oct/2028,VIGENTE
MASCULINO,VENADO TUERTO,RENOVACIÓN,A.2.2,25/oct/2025,17/oct/2025,25/oct/2030,VIGENTE
MASCULINO,VENADO TUERTO,RENOVACIÓN,B.2,25/oct/2025,17/oct/2025,25/oct/2030,VIGENTE
MASCULINO,VENADO TUERTO,RENOVACIÓN,B.1,25/oct/2025,17/oct/2025,25/oct/2028,VIGENTE
FEMENINO,VENADO TUERTO,RENOVACIÓN CON AMPLIACIÓN,"A.2.1, B.1",25/oct/2025,17/oct/2025,25/oct/2030,VIGENTE
MASCULINO,VENADO TUERTO,RENOVACIÓN CON AMPLIACIÓN,"A.2.1, B.1",25/oct/2025,17/oct/2025,25/oct/2030,VIGENTE
FEMENINO,VENADO TUERTO,RENOVACIÓN,A.2.1,25/oct/2025,17/oct/2025,25/oct/2028,VIGENTE
FEMENINO,VENADO TUERTO,RENOVACIÓN,"A.2.1, B.1",25/oct/2025,17/oct/2025,25/oct/2030,VIGENTE
FEMENINO,VENADO TUERTO,RENOVACIÓN,"A.2.1, B.1",25/oct/2025,17/oct/2025,25/oct/2030,VIGENTE
FEMENINO,VENADO TUERTO,ORIGINAL,B.2,25/oct/2025,17/oct/2025,25/oct/2030,VIGENTE
FEMENINO,VENADO TUERTO,RENOVACIÓN,A.2.1,25/oct/2025,17/oct/2025,25/oct/2030,VIGENTE
MASCULINO,VENADO TUERTO,ORIGINAL,"A.2.1, B.1",25/oct/2025,17/oct/2025,25/oct/2026,VIGENTE
MASCULINO,VENADO TUERTO,ORIGINAL,A.2.2,25/oct/2025,17/oct/2025,25/oct/2030,VIGENTE
MASCULINO,SAN EDUARDO,RENOVACIÓN,"A.2.1, B.2",25/oct/2025,17/oct/2025,25/oct/2030,VIGENTE
MASCULINO,VENADO TUERTO,RENOVACIÓN,A.2.1,25/oct/2025,17/oct/2025,25/oct/2028,VIGENTE
MASCULINO,VENADO TUERTO,RENOVACIÓN,"A.2.1, B.1",25/oct/2025,20/oct/2025,25/oct/2028,VIGENTE
FEMENINO,VENADO TUERTO,RENOVACIÓN,B.1,25/oct/2025,20/oct/2025,25/oct/2026,VIGENTE
FEMENINO,SAN EDUARDO,RENOVACIÓN,B.2,25/oct/2025,20/oct/2025,25/oct/2030,VIGENTE
MASCULINO,VENADO TUERTO,RENOVACIÓN,"A.2.2, B.2",25/oct/2025,20/oct/2025,25/oct/2030,VIGENTE
MASCULINO,VENADO TUERTO,RENOVACIÓN,"A.2.1, B.1",25/oct/2025,20/oct/2025,25/oct/2026,VIGENTE
MASCULINO,VENADO TUERTO,RENOVACIÓN,E.1,25/oct/2025,20/oct/2025,25/oct/2026,VIGENTE
FEMENINO,VENADO TUERTO,RENOVACIÓN,B.1,25/oct/2025,20/oct/2025,25/oct/2026,VIGENTE
MASCULINO,VENADO TUERTO,RENOVACIÓN,"A.3, B.2",25/oct/2025,20/oct/2025,25/oct/2030,VIGENTE
MASCULINO,VENADO TUERTO,RENOVACIÓN,"A.3, D.1, E.1",25/oct/2025,20/oct/2025,25/oct/2026,VIGENTE
FEMENINO,VENADO TUERTO,ORIGINAL,A.2.1,25/oct/2025,20/oct/2025,25/oct/2030,VIGENTE
FEMENINO,VENADO TUERTO,RENOVACIÓN,"A.3, B.2",25/oct/2025,20/oct/2025,25/oct/2030,VIGENTE
MASCULINO,VENADO TUERTO,RENOVACIÓN,B.2,25/oct/2025,20/oct/2025,25/oct/2026,VIGENTE
MASCULINO,VENADO TUERTO,RENOVACIÓN,B.2,25/oct/2025,20/oct/2025,25/oct/2028,VIGENTE
FEMENINO,VENADO TUERTO,RENOVACIÓN,"A.2.1, B.1",25/oct/2025,20/oct/2025,25/oct/2030,VIGENTE
MASCULINO,VENADO TUERTO,RENOVACIÓN,B.2,25/oct/2025,20/oct/2025,25/oct/2030,VIGENTE
FEMENINO,VENADO TUERTO,RENOVACIÓN,"A.2.1, B.1",25/oct/2025,20/oct/2025,25/oct/2030,VIGENTE
MASCULINO,SAN EDUARDO,RENOVACIÓN,B.2,25/oct/2025,20/oct/2025,25/oct/2030,VIGENTE
MASCULINO,VENADO TUERTO,RENOVACIÓN,B.2,25/oct/2025,20/oct/2025,25/oct/2030,VIGENTE
MASCULINO,VENADO TUERTO,RENOVACIÓN,B.2,25/oct/2025,20/oct/2025,25/oct/2030,VIGENTE
MASCULINO,VENADO TUERTO,RENOVACIÓN,B.2,25/oct/2025,20/oct/2025,25/oct/2026,VIGENTE
FEMENINO,VENADO TUERTO,RENOVACIÓN,"A.3, D.1",25/oct/2025,20/oct/2025,25/oct/2026,VIGENTE
FEMENINO,VENADO TUERTO,RENOVACIÓN,"A.2.1, B.2",25/oct/2025,20/oct/2025,25/oct/2028,VIGENTE
FEMENINO,VENADO TUERTO,RENOVACIÓN,B.2,25/oct/2025,20/oct/2025,25/oct/2028,VIGENTE
FEMENINO,VENADO TUERTO,RENOVACIÓN,"A.2.1, B.1",25/oct/2025,20/oct/2025,25/oct/2030,VIGENTE
MASCULINO,VENADO TUERTO,RENOVACIÓN CON AMPLIACIÓN,"A.2.2, B.1",25/oct/2025,20/oct/2025,25/oct/2030,VIGENTE
MASCULINO,VENADO TUERTO,RENOVACIÓN,"A.3, B.2",25/oct/2025,20/oct/2025,25/oct/2030,VIGENTE
FEMENINO,VENADO TUERTO,RENOVACIÓN,B.2,25/oct/2025,20/oct/2025,25/oct/2026,VIGENTE
FEMENINO,VENADO TUERTO,RENOVACIÓN,B.2,25/oct/2025,20/oct/2025,25/oct/2026,VIGENTE
MASCULINO,VENADO TUERTO,RENOVACIÓN,B.2,25/oct/2025,20/oct/2025,25/oct/2026,VIGENTE
MASCULINO,VENADO TUERTO,RENOVACIÓN,"A.2.1, B.1",25/oct/2025,20/oct/2025,25/oct/2030,VIGENTE
MASCULINO,VENADO TUERTO,RENOVACIÓN,"A.2.1, B.2",25/oct/2025,20/oct/2025,25/oct/2030,VIGENTE
FEMENINO,VENADO TUERTO,RENOVACIÓN,B.2,25/oct/2025,20/oct/2025,25/oct/2030,VIGENTE
FEMENINO,VENADO TUERTO,RENOVACIÓN,"A.2.1, B.1",25/oct/2025,20/oct/2025,25/oct/2030,VIGENTE
MASCULINO,VENADO TUERTO,RENOVACIÓN,"A.2.1, B.2, D.1",25/oct/2025,20/oct/2025,25/oct/2026,VIGENTE
FEMENINO,VENADO TUERTO,RENOVACIÓN,"A.2.1, B.2",25/oct/2025,20/oct/2025,25/oct/2026,VIGENTE
MASCULINO,VENADO TUERTO,RENOVACIÓN,B.2,25/oct/2025,20/oct/2025,25/oct/2026,VIGENTE
MASCULINO,VENADO TUERTO,RENOVACIÓN,E.1,25/oct/2025,20/oct/2025,25/ene/2026,VIGENTE
MASCULINO,VENADO TUERTO,RENOVACIÓN,"A.2.1, E.1, E.2",25/oct/2025,20/oct/2025,25/may/2026,VIGENTE
FEMENINO,VENADO TUERTO,RENOVACIÓN,B.1,25/oct/2025,20/oct/2025,25/oct/2030,VIGENTE
MASCULINO,VENADO TUERTO,RENOVACIÓN CON AMPLIACIÓN,"A.2.1, B.2",25/oct/2025,20/oct/2025,25/oct/2028,VIGENTE
MASCULINO,VENADO TUERTO,RENOVACIÓN,E.1,25/oct/2025,20/oct/2025,25/mar/2026,VIGENTE
MASCULINO,VENADO TUERTO,RENOVACIÓN CON AMPLIACIÓN,"A.3, B.2",25/oct/2025,20/oct/2025,25/oct/2030,VIGENTE
FEMENINO,VENADO TUERTO,RENOVACIÓN,B.2,25/oct/2025,20/oct/2025,25/oct/2026,VIGENTE
FEMENINO,VENADO TUERTO,RENOVACIÓN,"A.2.1, B.1",25/oct/2025,21/oct/2025,25/oct/2030,VIGENTE
MASCULINO,VENADO TUERTO,RENOVACIÓN,B.2,25/oct/2025,21/oct/2025,25/oct/2026,VIGENTE
FEMENINO,VENADO TUERTO,RENOVACIÓN,"A.2.1, B.1",25/oct/2025,21/oct/2025,25/oct/2026,VIGENTE
FEMENINO,VENADO TUERTO,RENOVACIÓN,A.2.1,25/oct/2025,21/oct/2025,25/oct/2028,VIGENTE
FEMENINO,VENADO TUERTO,RENOVACIÓN,A.2.1,25/oct/2025,21/oct/2025,25/oct/2026,VIGENTE
FEMENINO,VENADO TUERTO,RENOVACIÓN,B.2,25/oct/2025,21/oct/2025,25/oct/2026,VIGENTE
MASCULINO,VENADO TUERTO,RENOVACIÓN CON AMPLIACIÓN,"A.2.1, B.1",25/oct/2025,21/oct/2025,25/oct/2030,VIGENTE
MASCULINO,VENADO TUERTO,ORIGINAL,A.2.1,25/oct/2025,21/oct/2025,25/oct/2026,VIGENTE
FEMENINO,VENADO TUERTO,ORIGINAL,A.2.1,25/oct/2025,21/oct/2025,25/oct/2030,VIGENTE
FEMENINO,VENADO TUERTO,RENOVACIÓN,"A.2.1, B.2",25/oct/2025,21/oct/2025,25/oct/2028,VIGENTE
FEMENINO,VENADO TUERTO,RENOVACIÓN,B.2,25/oct/2025,21/oct/2025,25/oct/2026,VIGENTE
MASCULINO,VENADO TUERTO,ORIGINAL,B.1,25/oct/2025,21/oct/2025,25/oct/2030,VIGENTE
MASCULINO,VENADO TUERTO,RENOVACIÓN,B.2,25/oct/2025,21/oct/2025,25/oct/2026,VIGENTE
MASCULINO,VENADO TUERTO,RENOVACIÓN,"A.2.2, B.2",25/oct/2025,21/oct/2025,25/oct/2030,VIGENTE
FEMENINO,VENADO TUERTO,RENOVACIÓN,B.2,25/oct/2025,21/oct/2025,25/oct/2028,VIGENTE
FEMENINO,VENADO TUERTO,RENOVACIÓN,A.2.1,25/oct/2025,21/oct/2025,25/oct/2030,VIGENTE
MASCULINO,VENADO TUERTO,RENOVACIÓN,B.2,25/oct/2025,21/oct/2025,25/oct/2028,VIGENTE
FEMENINO,VENADO TUERTO,RENOVACIÓN CON AMPLIACIÓN,"A.2.1, B.1",25/oct/2025,21/oct/2025,25/oct/2030,NO VIGENTE
FEMENINO,VENADO TUERTO,RENOVACIÓN,B.2,25/oct/2025,21/oct/2025,25/oct/2028,VIGENTE
MASCULINO,VENADO TUERTO,RENOVACIÓN,B.2,25/oct/2025,21/oct/2025,25/oct/2026,VIGENTE
MASCULINO,VENADO TUERTO,RENOVACIÓN,"A.2.1, B.2",25/oct/2025,21/oct/2025,25/oct/2030,VIGENTE
FEMENINO,VENADO TUERTO,RENOVACIÓN,A.2.1,25/oct/2025,21/oct/2025,25/oct/2030,VIGENTE
FEMENINO,VENADO TUERTO,RENOVACIÓN,B.1,25/oct/2025,21/oct/2025,25/oct/2030,VIGENTE
FEMENINO,VENADO TUERTO,RENOVACIÓN,B.2,25/oct/2025,21/oct/2025,25/oct/2026,VIGENTE
MASCULINO,VENADO TUERTO,RENOVACIÓN,"A.2.2, B.2",25/oct/2025,21/oct/2025,25/oct/2030,VIGENTE
FEMENINO,VENADO TUERTO,RENOVACIÓN,"A.2.1, B.1",25/oct/2025,21/oct/2025,25/oct/2030,VIGENTE
FEMENINO,VENADO TUERTO,RENOVACIÓN,B.2,25/oct/2025,21/oct/2025,25/oct/2028,VIGENTE
FEMENINO,VENADO TUERTO,RENOVACIÓN,B.2,25/oct/2025,21/oct/2025,25/oct/2028,VIGENTE
FEMENINO,VENADO TUERTO,RENOVACIÓN,"A.2.1, B.1",25/oct/2025,21/oct/2025,25/oct/2030,VIGENTE
MASCULINO,VENADO TUERTO,RENOVACIÓN,E.1,25/oct/2025,21/oct/2025,25/oct/2026,VIGENTE
MASCULINO,VENADO TUERTO,RENOVACIÓN,B.2,25/oct/2025,21/oct/2025,25/oct/2026,VIGENTE
MASCULINO,VENADO TUERTO,RENOVACIÓN,B.2,25/oct/2025,21/oct/2025,25/oct/2030,VIGENTE
FEMENINO,VENADO TUERTO,RENOVACIÓN,A.2.1,25/oct/2025,21/oct/2025,25/oct/2030,VIGENTE
FEMENINO,VENADO TUERTO,RENOVACIÓN,"A.2.1, B.2",25/oct/2025,21/oct/2025,25/oct/2030,VIGENTE
MASCULINO,VENADO TUERTO,RENOVACIÓN,"A.2.2, B.2",25/oct/2025,21/oct/2025,25/oct/2030,VIGENTE
FEMENINO,VENADO TUERTO,ORIGINAL,A.2.1,25/oct/2025,21/oct/2025,25/oct/2030,VIGENTE
FEMENINO,VENADO TUERTO,RENOVACIÓN,B.2,25/oct/2025,21/oct/2025,25/oct/2026,VIGENTE
MASCULINO,VENADO TUERTO,RENOVACIÓN,"A.2.1, B.1",25/oct/2025,21/oct/2025,25/oct/2030,VIGENTE
FEMENINO,VENADO TUERTO,RENOVACIÓN,B.2,25/oct/2025,21/oct/2025,25/oct/2030,VIGENTE
MASCULINO,VENADO TUERTO,RENOVACIÓN,B.2,25/oct/2025,21/oct/2025,25/oct/2026,VIGENTE
MASCULINO,VENADO TUERTO,RENOVACIÓN,"A.2.1, B.2, E.2",25/oct/2025,21/oct/2025,25/oct/2026,VIGENTE
MASCULINO,VENADO TUERTO,RENOVACIÓN,"A.2.2, B.2",25/oct/2025,21/oct/2025,25/oct/2028,VIGENTE
MASCULINO,VENADO TUERTO,RENOVACIÓN,B.2,25/oct/2025,22/oct/2025,25/oct/2026,VIGENTE
FEMENINO,VENADO TUERTO,RENOVACIÓN,B.2,25/oct/2025,22/oct/2025,25/oct/2030,VIGENTE
MASCULINO,VENADO TUERTO,RENOVACIÓN,"A.2.1, B.2, C, E.2, G.1",25/oct/2025,22/oct/2025,25/oct/2026,VIGENTE
FEMENINO,VENADO TUERTO,RENOVACIÓN,"A.2.1, B.1",25/oct/2025,22/oct/2025,25/oct/2030,VIGENTE
FEMENINO,VENADO TUERTO,RENOVACIÓN,"A.2.1, B.2",25/oct/2025,22/oct/2025,25/oct/2030,VIGENTE
MASCULINO,VENADO TUERTO,RENOVACIÓN,B.2,25/oct/2025,22/oct/2025,25/oct/2026,VIGENTE
MASCULINO,VENADO TUERTO,RENOVACIÓN,B.2,25/oct/2025,22/oct/2025,25/oct/2030,VIGENTE
FEMENINO,VENADO TUERTO,ORIGINAL,B.2,25/oct/2025,22/oct/2025,25/oct/2030,VIGENTE
FEMENINO,VENADO TUERTO,RENOVACIÓN,B.2,25/oct/2025,22/oct/2025,25/oct/2026,VIGENTE
MASCULINO,VENADO TUERTO,RENOVACIÓN,B.2,25/oct/2025,22/oct/2025,25/oct/2030,VIGENTE
MASCULINO,VENADO TUERTO,RENOVACIÓN,E.1,25/oct/2025,22/oct/2025,25/oct/2026,VIGENTE
MASCULINO,VENADO TUERTO,RENOVACIÓN,B.2,25/oct/2025,22/oct/2025,25/oct/2026,VIGENTE
MASCULINO,VENADO TUERTO,RENOVACIÓN,B.1,25/oct/2025,22/oct/2025,25/oct/2026,VIGENTE
FEMENINO,VENADO TUERTO,RENOVACIÓN,B.2,25/oct/2025,22/oct/2025,25/oct/2026,VIGENTE
FEMENINO,VENADO TUERTO,ORIGINAL,A.2.1,25/oct/2025,22/oct/2025,25/oct/2026,VIGENTE
MASCULINO,VENADO TUERTO,RENOVACIÓN,"A.2.2, B.2",25/oct/2025,22/oct/2025,25/oct/2030,VIGENTE
FEMENINO,VENADO TUERTO,ORIGINAL,A.2.1,25/oct/2025,22/oct/2025,25/oct/2030,VIGENTE
MASCULINO,VENADO TUERTO,RENOVACIÓN,B.2,25/oct/2025,22/oct/2025,25/oct/2026,VIGENTE
MASCULINO,VENADO TUERTO,RENOVACIÓN CON AMPLIACIÓN,"A.2.1, B.1",25/oct/2025,22/oct/2025,25/oct/2030,VIGENTE
MASCULINO,VENADO TUERTO,RENOVACIÓN,"A.2.2, B.2",25/oct/2025,22/oct/2025,25/oct/2026,VIGENTE
MASCULINO,VENADO TUERTO,RENOVACIÓN,"A.2.1, B.2, D.1",25/oct/2025,22/oct/2025,25/oct/2027,VIGENTE
MASCULINO,VENADO TUERTO,RENOVACIÓN,D.1,25/oct/2025,22/oct/2025,25/oct/2026,VIGENTE
FEMENINO,VENADO TUERTO,RENOVACIÓN,B.1,25/oct/2025,22/oct/2025,25/oct/2026,VIGENTE
FEMENINO,VENADO TUERTO,ORIGINAL,A.2.1,25/oct/2025,22/oct/2025,25/oct/2030,VIGENTE
MASCULINO,VENADO TUERTO,RENOVACIÓN,"A.2.2, B.2, C, D.1",25/oct/2025,22/oct/2025,25/oct/2026,VIGENTE
MASCULINO,VENADO TUERTO,RENOVACIÓN,B.2,25/oct/2025,22/oct/2025,25/oct/2030,VIGENTE
FEMENINO,VENADO TUERTO,ORIGINAL,"A.2.1, B.1",25/oct/2025,22/oct/2025,25/oct/2030,VIGENTE
MASCULINO,VENADO TUERTO,RENOVACIÓN CON AMPLIACIÓN,"B.2, E.2",25/oct/2025,22/oct/2025,25/oct/2027,VIGENTE
MASCULINO,VENADO TUERTO,RENOVACIÓN,B.2,25/oct/2025,22/oct/2025,25/oct/2028,VIGENTE
FEMENINO,VENADO TUERTO,RENOVACIÓN,"A.2.1, B.1",25/oct/2025,22/oct/2025,25/oct/2030,VIGENTE
FEMENINO,VENADO TUERTO,RENOVACIÓN,B.2,25/oct/2025,22/oct/2025,25/oct/2030,VIGENTE
MASCULINO,VENADO TUERTO,RENOVACIÓN,"A.3, B.2",25/oct/2025,22/oct/2025,25/oct/2030,VIGENTE
MASCULINO,VENADO TUERTO,RENOVACIÓN,B.2,25/oct/2025,22/oct/2025,25/oct/2030,VIGENTE
FEMENINO,VENADO TUERTO,RENOVACIÓN,B.2,25/oct/2025,22/oct/2025,25/oct/2026,VIGENTE
MASCULINO,VENADO TUERTO,RENOVACIÓN,"A.2.1, B.2",25/oct/2025,22/oct/2025,25/oct/2030,VIGENTE
FEMENINO,VENADO TUERTO,RENOVACIÓN,B.2,25/oct/2025,22/oct/2025,25/oct/2028,VIGENTE
MASCULINO,VENADO TUERTO,RENOVACIÓN,"A.2.2, C",25/oct/2025,22/oct/2025,25/oct/2027,VIGENTE
FEMENINO,VENADO TUERTO,ORIGINAL,A.2.1,25/oct/2025,22/oct/2025,25/oct/2026,VIGENTE
MASCULINO,VENADO TUERTO,RENOVACIÓN,B.2,25/oct/2025,22/oct/2025,25/oct/2026,VIGENTE
MASCULINO,SAN EDUARDO,RENOVACIÓN CON AMPLIACIÓN,"A.2.2, B.2",25/oct/2025,22/oct/2025,25/oct/2030,VIGENTE
MASCULINO,VENADO TUERTO,DUPLICADO,B.1,25/oct/2025,22/oct/2025,22/jul/2026,VIGENTE
MASCULINO,VENADO TUERTO,RENOVACIÓN,B.2,25/oct/2025,22/oct/2025,25/oct/2026,VIGENTE
FEMENINO,VENADO TUERTO,RENOVACIÓN,"A.2.1, B.1",25/oct/2025,22/oct/2025,25/oct/2030,VIGENTE
FEMENINO,VENADO TUERTO,RENOVACIÓN,B.2,25/oct/2025,22/oct/2025,25/oct/2030,VIGENTE
MASCULINO,VENADO TUERTO,RENOVACIÓN,"A.2.1, B.2",25/oct/2025,22/oct/2025,25/oct/2030,VIGENTE
MASCULINO,VENADO TUERTO,RENOVACIÓN,"A.3, D.1, D.3, E.1",25/oct/2025,23/oct/2025,25/oct/2026,VIGENTE
FEMENINO,VENADO TUERTO,RENOVACIÓN,B.1,25/oct/2025,23/oct/2025,25/oct/2030,VIGENTE
MASCULINO,VENADO TUERTO,ORIGINAL,A.2.1,25/oct/2025,23/oct/2025,25/oct/2030,VIGENTE
MASCULINO,VENADO TUERTO,RENOVACIÓN,"A.2.2, B.2",25/oct/2025,23/oct/2025,25/oct/2030,VIGENTE
FEMENINO,VENADO TUERTO,ORIGINAL,"A.2.1, B.1",25/oct/2025,23/oct/2025,25/oct/2030,VIGENTE
MASCULINO,SAN EDUARDO,RENOVACIÓN,"A.3, B.2",25/oct/2025,23/oct/2025,25/oct/2030,VIGENTE
MASCULINO,VENADO TUERTO,RENOVACIÓN,"A.2.1, B.2",25/oct/2025,23/oct/2025,25/oct/2030,VIGENTE
MASCULINO,VENADO TUERTO,RENOVACIÓN,"A.3, B.2",25/oct/2025,23/oct/2025,25/oct/2030,VIGENTE
FEMENINO,VENADO TUERTO,RENOVACIÓN,B.2,25/oct/2025,23/oct/2025,25/oct/2026,VIGENTE
FEMENINO,VENADO TUERTO,RENOVACIÓN,"A.2.1, B.2",25/oct/2025,23/oct/2025,25/oct/2030,VIGENTE
MASCULINO,VENADO TUERTO,RENOVACIÓN,B.2,25/oct/2025,23/oct/2025,25/oct/2026,VIGENTE
MASCULINO,VENADO TUERTO,RENOVACIÓN,B.1,25/oct/2025,23/oct/2025,25/oct/2026,VIGENTE
FEMENINO,VENADO TUERTO,RENOVACIÓN,"A.2.1, B.1",25/oct/2025,23/oct/2025,25/oct/2028,VIGENTE
MASCULINO,SAN EDUARDO,RENOVACIÓN,"A.3, B.2, G.1, G.2",25/oct/2025,23/oct/2025,25/oct/2030,VIGENTE
FEMENINO,VENADO TUERTO,ORIGINAL,"A.2.1, B.1",25/oct/2025,23/oct/2025,25/oct/2030,VIGENTE
MASCULINO,VENADO TUERTO,RENOVACIÓN,B.2,25/oct/2025,23/oct/2025,25/oct/2030,VIGENTE
FEMENINO,VENADO TUERTO,RENOVACIÓN,"A.2.1, B.1",25/oct/2025,23/oct/2025,25/oct/2026,VIGENTE
FEMENINO,VENADO TUERTO,RENOVACIÓN,B.2,25/oct/2025,23/oct/2025,25/oct/2030,VIGENTE
FEMENINO,VENADO TUERTO,ORIGINAL,B.1,25/oct/2025,23/oct/2025,25/oct/2026,VIGENTE
MASCULINO,VENADO TUERTO,RENOVACIÓN,"A.2.2, D.3, E.1, E.2, G.1",25/oct/2025,23/oct/2025,25/oct/2027,VIGENTE
FEMENINO,VENADO TUERTO,RENOVACIÓN,"A.2.1, B.2",25/oct/2025,23/oct/2025,25/oct/2030,VIGENTE
FEMENINO,VENADO TUERTO,RENOVACIÓN,B.1,25/oct/2025,23/oct/2025,25/oct/2030,VIGENTE
MASCULINO,VENADO TUERTO,RENOVACIÓN,"B.2, G.1",25/oct/2025,23/oct/2025,25/oct/2028,VIGENTE
FEMENINO,VENADO TUERTO,RENOVACIÓN,B.1,25/oct/2025,23/oct/2025,25/oct/2030,VIGENTE
MASCULINO,VENADO TUERTO,RENOVACIÓN,"A.2.1, B.2",25/oct/2025,23/oct/2025,25/oct/2030,VIGENTE
MASCULINO,VENADO TUERTO,RENOVACIÓN,"A.2.2, B.2",25/oct/2025,23/oct/2025,25/oct/2030,VIGENTE
MASCULINO,VENADO TUERTO,RENOVACIÓN,E.1,25/oct/2025,23/oct/2025,25/oct/2026,VIGENTE
MASCULINO,VENADO TUERTO,RENOVACIÓN,B.2,25/oct/2025,23/oct/2025,25/oct/2026,VIGENTE
MASCULINO,VENADO TUERTO,RENOVACIÓN,"A.2.1, B.2",25/oct/2025,23/oct/2025,25/oct/2026,VIGENTE
MASCULINO,VENADO TUERTO,RENOVACIÓN,B.2,25/oct/2025,23/oct/2025,25/oct/2026,VIGENTE
FEMENINO,VENADO TUERTO,RENOVACIÓN,B.2,25/oct/2025,23/oct/2025,25/oct/2028,VIGENTE
FEMENINO,VENADO TUERTO,ORIGINAL,A.2.1,25/oct/2025,23/oct/2025,25/oct/2030,VIGENTE
MASCULINO,VENADO TUERTO,RENOVACIÓN,B.2,25/oct/2025,23/oct/2025,25/oct/2028,VIGENTE
MASCULINO,VENADO TUERTO,RENOVACIÓN CON AMPLIACIÓN,"B.2, C, D.1",25/oct/2025,23/oct/2025,25/oct/2027,VIGENTE
MASCULINO,VENADO TUERTO,RENOVACIÓN,B.2,25/oct/2025,23/oct/2025,25/oct/2026,VIGENTE
MASCULINO,VENADO TUERTO,RENOVACIÓN,"A.2.1, B.1",25/oct/2025,23/oct/2025,25/oct/2030,VIGENTE
MASCULINO,VENADO TUERTO,RENOVACIÓN,B.2,25/oct/2025,23/oct/2025,25/oct/2030,VIGENTE
MASCULINO,VENADO TUERTO,RENOVACIÓN,B.2,25/oct/2025,23/oct/2025,25/oct/2030,VIGENTE
MASCULINO,VENADO TUERTO,RENOVACIÓN,"A.2.2, E.1",25/oct/2025,23/oct/2025,25/ene/2027,VIGENTE
FEMENINO,VENADO TUERTO,RENOVACIÓN,B.1,25/oct/2025,23/oct/2025,25/oct/2030,VIGENTE
MASCULINO,VENADO TUERTO,RENOVACIÓN CON AMPLIACIÓN,"A.2.1, B.1",25/oct/2025,23/oct/2025,25/oct/2030,VIGENTE
MASCULINO,VENADO TUERTO,RENOVACIÓN,B.2,25/oct/2025,23/oct/2025,25/oct/2030,VIGENTE
MASCULINO,VENADO TUERTO,RENOVACIÓN CON AMPLIACIÓN,"A.3, B.1",25/oct/2025,23/oct/2025,25/oct/2030,VIGENTE
MASCULINO,VENADO TUERTO,RENOVACIÓN,"A.3, B.2, C",25/oct/2025,23/oct/2025,25/oct/2027,VIGENTE
MASCULINO,VENADO TUERTO,RENOVACIÓN CON AMPLIACIÓN,"A.3, B.1",25/oct/2025,23/oct/2025,25/oct/2030,VIGENTE
FEMENINO,VENADO TUERTO,ORIGINAL,A.2.1,25/oct/2025,23/oct/2025,25/oct/2030,VIGENTE
FEMENINO,VENADO TUERTO,RENOVACIÓN,"A.2.1, B.1",25/oct/2025,23/oct/2025,25/oct/2030,VIGENTE
FEMENINO,VENADO TUERTO,RENOVACIÓN,B.2,25/oct/2025,23/oct/2025,25/oct/2028,VIGENTE
FEMENINO,VENADO TUERTO,RENOVACIÓN,"A.2.1, B.2",25/oct/2025,23/oct/2025,25/oct/2030,VIGENTE
MASCULINO,VENADO TUERTO,RENOVACIÓN,B.2,25/oct/2025,24/oct/2025,25/oct/2026,VIGENTE
FEMENINO,VENADO TUERTO,RENOVACIÓN,B.2,25/oct/2025,24/oct/2025,25/oct/2026,VIGENTE
FEMENINO,VENADO TUERTO,RENOVACIÓN,A.2.1,25/oct/2025,24/oct/2025,25/oct/2028,VIGENTE
MASCULINO,VENADO TUERTO,RENOVACIÓN,B.2,25/oct/2025,24/oct/2025,25/oct/2026,VIGENTE
MASCULINO,VENADO TUERTO,RENOVACIÓN,"B.2, C, E.2, G.1, G.2",25/oct/2025,24/oct/2025,25/oct/2027,VIGENTE
FEMENINO,VENADO TUERTO,RENOVACIÓN,B.1,25/oct/2025,24/oct/2025,25/oct/2030,VIGENTE
MASCULINO,VENADO TUERTO,RENOVACIÓN,"A.2.2, D.2, D.3, E.1",25/oct/2025,24/oct/2025,25/oct/2026,VIGENTE
MASCULINO,VENADO TUERTO,RENOVACIÓN,B.2,25/oct/2025,24/oct/2025,25/oct/2028,VIGENTE
FEMENINO,VENADO TUERTO,RENOVACIÓN,B.2,25/oct/2025,24/oct/2025,25/oct/2026,VIGENTE
FEMENINO,VENADO TUERTO,RENOVACIÓN,B.2,25/oct/2025,24/oct/2025,25/oct/2030,VIGENTE
MASCULINO,VENADO TUERTO,RENOVACIÓN CON AMPLIACIÓN,"A.2.1, B.2, C, E.2",25/oct/2025,24/oct/2025,25/oct/2027,VIGENTE
FEMENINO,VENADO TUERTO,RENOVACIÓN,A.2.1,25/oct/2025,24/oct/2025,25/oct/2030,VIGENTE
MASCULINO,VENADO TUERTO,RENOVACIÓN,"A.2.1, B.2",25/oct/2025,24/oct/2025,25/oct/2030,VIGENTE
MASCULINO,VENADO TUERTO,RENOVACIÓN,B.2,25/oct/2025,24/oct/2025,25/oct/2026,VIGENTE
MASCULINO,VENADO TUERTO,RENOVACIÓN,B.2,25/oct/2025,24/oct/2025,25/oct/2026,VIGENTE
FEMENINO,VENADO TUERTO,RENOVACIÓN,"A.2.1, B.1",25/oct/2025,24/oct/2025,25/oct/2030,VIGENTE
MASCULINO,VENADO TUERTO,RENOVACIÓN,B.2,25/oct/2025,24/oct/2025,25/oct/2026,VIGENTE
FEMENINO,VENADO TUERTO,RENOVACIÓN,"A.2.1, B.1",25/oct/2025,24/oct/2025,25/oct/2030,VIGENTE
MASCULINO,VENADO TUERTO,ORIGINAL,"A.2.1, B.2",25/oct/2025,24/oct/2025,25/oct/2030,VIGENTE
FEMENINO,VENADO TUERTO,RENOVACIÓN,B.2,25/oct/2025,24/oct/2025,25/oct/2026,VIGENTE
MASCULINO,VENADO TUERTO,RENOVACIÓN,B.2,25/oct/2025,24/oct/2025,25/oct/2026,VIGENTE
MASCULINO,VENADO TUERTO,RENOVACIÓN,B.2,25/oct/2025,24/oct/2025,25/oct/2026,VIGENTE
FEMENINO,VENADO TUERTO,RENOVACIÓN,B.2,25/oct/2025,24/oct/2025,25/oct/2026,VIGENTE
FEMENINO,VENADO TUERTO,RENOVACIÓN,B.2,25/oct/2025,24/oct/2025,25/oct/2026,VIGENTE
MASCULINO,VENADO TUERTO,ORIGINAL,"A.2.1, B.1",27/oct/2025,23/sept/2025,27/oct/2030,VIGENTE
FEMENINO,VENADO TUERTO,ORIGINAL,A.2.1,27/oct/2025,23/sept/2025,27/oct/2030,VIGENTE
FEMENINO,VENADO TUERTO,RENOVACIÓN,B.2,27/oct/2025,16/oct/2025,27/oct/2030,VIGENTE
MASCULINO,VENADO TUERTO,ORIGINAL,A.2.1,27/oct/2025,17/oct/2025,27/oct/2026,VIGENTE
MASCULINO,VENADO TUERTO,ORIGINAL,"A.2.1, B.1",27/oct/2025,17/oct/2025,27/oct/2026,VIGENTE
MASCULINO,VENADO TUERTO,RENOVACIÓN CON AMPLIACIÓN,"A.2.1, B.2",27/oct/2025,17/oct/2025,27/oct/2030,VIGENTE
MASCULINO,VENADO TUERTO,RENOVACIÓN,E.1,27/oct/2025,22/oct/2025,27/oct/2027,VIGENTE
FEMENINO,VENADO TUERTO,ORIGINAL,A.2.1,27/oct/2025,24/oct/2025,27/oct/2030,VIGENTE
MASCULINO,VENADO TUERTO,RENOVACIÓN,"A.2.1, B.2",27/oct/2025,24/oct/2025,27/oct/2030,VIGENTE
MASCULINO,VENADO TUERTO,RENOVACIÓN CON AMPLIACIÓN,"A.2.1, B.2, C, E.2",27/oct/2025,24/oct/2025,27/oct/2026,VIGENTE
MASCULINO,VENADO TUERTO,RENOVACIÓN,B.1,27/oct/2025,24/oct/2025,27/oct/2030,VIGENTE
FEMENINO,VENADO TUERTO,RENOVACIÓN CON AMPLIACIÓN,"A.2.1, D.1, D.3",27/oct/2025,24/oct/2025,27/oct/2027,VIGENTE
MASCULINO,VENADO TUERTO,RENOVACIÓN,B.2,27/oct/2025,24/oct/2025,27/oct/2030,VIGENTE
MASCULINO,VENADO TUERTO,RENOVACIÓN,"A.2.1, B.1, E.2",27/oct/2025,27/oct/2025,27/oct/2027,VIGENTE
FEMENINO,VENADO TUERTO,RENOVACIÓN,B.2,27/oct/2025,27/oct/2025,27/oct/2028,VIGENTE
FEMENINO,VENADO TUERTO,RENOVACIÓN,A.2.1,27/oct/2025,27/oct/2025,27/oct/2030,VIGENTE
MASCULINO,VENADO TUERTO,RENOVACIÓN,"A.2.1, B.1",27/oct/2025,27/oct/2025,27/oct/2030,VIGENTE
FEMENINO,VENADO TUERTO,RENOVACIÓN,B.1,27/oct/2025,27/oct/2025,27/oct/2030,VIGENTE
MASCULINO,VENADO TUERTO,RENOVACIÓN,"A.2.1, B.2",27/oct/2025,27/oct/2025,27/oct/2026,VIGENTE
MASCULINO,VENADO TUERTO,RENOVACIÓN,A.2.1,27/oct/2025,27/oct/2025,27/oct/2028,VIGENTE
MASCULINO,VENADO TUERTO,RENOVACIÓN,"A.2.2, E.1, E.2",27/oct/2025,27/oct/2025,27/oct/2026,VIGENTE
FEMENINO,VENADO TUERTO,RENOVACIÓN,B.1,27/oct/2025,27/oct/2025,27/oct/2030,VIGENTE
MASCULINO,VENADO TUERTO,RENOVACIÓN,"A.2.1, B.2",27/oct/2025,27/oct/2025,27/oct/2030,VIGENTE
FEMENINO,VENADO TUERTO,RENOVACIÓN,B.2,27/oct/2025,27/oct/2025,27/oct/2030,VIGENTE
MASCULINO,VENADO TUERTO,RENOVACIÓN,"A.2.1, B.1",27/oct/2025,27/oct/2025,27/oct/2028,VIGENTE
FEMENINO,VENADO TUERTO,RENOVACIÓN,A.2.1,27/oct/2025,27/oct/2025,27/oct/2028,VIGENTE
FEMENINO,VENADO TUERTO,RENOVACIÓN,B.2,27/oct/2025,27/oct/2025,27/oct/2026,VIGENTE
FEMENINO,VENADO TUERTO,ORIGINAL,A.2.1,27/oct/2025,27/oct/2025,27/oct/2030,VIGENTE
FEMENINO,VENADO TUERTO,DUPLICADO,A.2.1,27/oct/2025,27/oct/2025,23/sept/2030,VIGENTE
MASCULINO,VENADO TUERTO,RENOVACIÓN,E.1,27/oct/2025,27/oct/2025,27/oct/2026,VIGENTE
MASCULINO,VENADO TUERTO,RENOVACIÓN CON AMPLIACIÓN,"A.2.2, E.1, E.2",27/oct/2025,27/oct/2025,27/oct/2027,VIGENTE
FEMENINO,VENADO TUERTO,RENOVACIÓN,B.1,27/oct/2025,27/oct/2025,27/oct/2030,VIGENTE
FEMENINO,VENADO TUERTO,RENOVACIÓN,B.2,27/oct/2025,27/oct/2025,27/oct/2026,VIGENTE
MASCULINO,VENADO TUERTO,RENOVACIÓN,"A.2.1, B.2",27/oct/2025,27/oct/2025,27/oct/2030,VIGENTE
MASCULINO,VENADO TUERTO,RENOVACIÓN,"A.2.1, B.1",27/oct/2025,27/oct/2025,27/oct/2030,VIGENTE
FEMENINO,VENADO TUERTO,RENOVACIÓN,B.2,27/oct/2025,27/oct/2025,27/oct/2026,VIGENTE
MASCULINO,VENADO TUERTO,RENOVACIÓN,B.1,27/oct/2025,27/oct/2025,27/oct/2030,VIGENTE
FEMENINO,VENADO TUERTO,RENOVACIÓN,A.2.1,27/oct/2025,27/oct/2025,27/oct/2030,VIGENTE
MASCULINO,VENADO TUERTO,RENOVACIÓN,B.2,27/oct/2025,27/oct/2025,27/oct/2026,VIGENTE
MASCULINO,VENADO TUERTO,RENOVACIÓN,B.2,27/oct/2025,27/oct/2025,27/oct/2026,VIGENTE
FEMENINO,VENADO TUERTO,RENOVACIÓN,"A.2.1, B.1",27/oct/2025,27/oct/2025,27/oct/2030,VIGENTE
FEMENINO,VENADO TUERTO,ORIGINAL,"A.2.1, B.1",27/oct/2025,27/oct/2025,27/oct/2030,VIGENTE
MASCULINO,VENADO TUERTO,RENOVACIÓN,"B.2, C",27/oct/2025,27/oct/2025,27/oct/2026,VIGENTE
MASCULINO,VENADO TUERTO,RENOVACIÓN,"A.2.1, C",27/oct/2025,27/oct/2025,27/sept/2026,VIGENTE
MASCULINO,VENADO TUERTO,RENOVACIÓN,B.1,27/oct/2025,27/oct/2025,27/oct/2028,VIGENTE
MASCULINO,VENADO TUERTO,RENOVACIÓN,B.2,27/oct/2025,27/oct/2025,27/oct/2026,VIGENTE
MASCULINO,VENADO TUERTO,RENOVACIÓN,A.2.1,27/oct/2025,27/oct/2025,27/oct/2028,VIGENTE
MASCULINO,VENADO TUERTO,RENOVACIÓN,"A.2.1, B.1",27/oct/2025,27/oct/2025,27/oct/2030,VIGENTE
MASCULINO,VENADO TUERTO,RENOVACIÓN CON AMPLIACIÓN,"A.2.1, B.2",27/oct/2025,27/oct/2025,27/oct/2030,VIGENTE
FEMENINO,VENADO TUERTO,RENOVACIÓN,"A.2.1, B.1",27/oct/2025,27/oct/2025,27/oct/2030,VIGENTE
FEMENINO,VENADO TUERTO,RENOVACIÓN,B.1,27/oct/2025,27/oct/2025,27/oct/2030,VIGENTE
MASCULINO,SAN EDUARDO,RENOVACIÓN,"E.1, G.1, G.2",27/oct/2025,27/oct/2025,27/ago/2026,VIGENTE
MASCULINO,VENADO TUERTO,ORIGINAL,A.2.1,27/oct/2025,27/oct/2025,27/oct/2030,VIGENTE
FEMENINO,VENADO TUERTO,ORIGINAL,B.1,27/oct/2025,27/oct/2025,27/oct/2026,VIGENTE
FEMENINO,VENADO TUERTO,RENOVACIÓN,B.2,27/oct/2025,27/oct/2025,27/oct/2030,VIGENTE
MASCULINO,VENADO TUERTO,RENOVACIÓN,B.2,27/oct/2025,27/oct/2025,27/oct/2026,VIGENTE
MASCULINO,VENADO TUERTO,RENOVACIÓN,"A.2.1, B.1",27/oct/2025,27/oct/2025,27/oct/2030,VIGENTE
MASCULINO,VENADO TUERTO,RENOVACIÓN,B.1,27/oct/2025,27/oct/2025,27/oct/2030,VIGENTE
MASCULINO,VENADO TUERTO,ORIGINAL,"A.2.1, B.1",28/oct/2025,27/ago/2025,28/oct/2030,VIGENTE
MASCULINO,VENADO TUERTO,RENOVACIÓN CON AMPLIACIÓN,"A.2.1, C, E.2",28/oct/2025,19/sept/2025,28/oct/2027,VIGENTE
MASCULINO,VENADO TUERTO,RENOVACIÓN CON AMPLIACIÓN,A.2.2,28/oct/2025,26/sept/2025,28/oct/2030,VIGENTE
MASCULINO,VENADO TUERTO,ORIGINAL,"A.2.1, B.1",28/oct/2025,9/oct/2025,28/oct/2026,VIGENTE
MASCULINO,VENADO TUERTO,ORIGINAL,A.2.1,28/oct/2025,15/oct/2025,28/oct/2026,VIGENTE
FEMENINO,VENADO TUERTO,ORIGINAL,A.2.1,28/oct/2025,15/oct/2025,28/oct/2030,VIGENTE
FEMENINO,VENADO TUERTO,RENOVACIÓN,B.2,28/oct/2025,16/oct/2025,28/oct/2026,VIGENTE
FEMENINO,VENADO TUERTO,ORIGINAL,A.2.1,28/oct/2025,17/oct/2025,28/oct/2030,VIGENTE
MASCULINO,VENADO TUERTO,RENOVACIÓN,E.1,28/oct/2025,21/oct/2025,28/oct/2026,VIGENTE
MASCULINO,VENADO TUERTO,RENOVACIÓN,"A.2.1, E.1",28/oct/2025,21/oct/2025,28/oct/2026,VIGENTE
MASCULINO,VENADO TUERTO,ORIGINAL,A.2.1,28/oct/2025,22/oct/2025,28/oct/2030,VIGENTE
FEMENINO,VENADO TUERTO,ORIGINAL,A.2.1,28/oct/2025,22/oct/2025,28/oct/2030,VIGENTE
MASCULINO,VENADO TUERTO,RENOVACIÓN,"A.2.1, B.2, D.1",28/oct/2025,22/oct/2025,28/oct/2027,VIGENTE
MASCULINO,VENADO TUERTO,RENOVACIÓN,B.2,28/oct/2025,24/oct/2025,28/oct/2026,VIGENTE
MASCULINO,VENADO TUERTO,RENOVACIÓN,"A.3, E.1",28/oct/2025,27/oct/2025,28/oct/2026,VIGENTE
FEMENINO,VENADO TUERTO,RENOVACIÓN CON AMPLIACIÓN,"A.2.2, B.1",28/oct/2025,27/oct/2025,28/oct/2030,VIGENTE
MASCULINO,VENADO TUERTO,RENOVACIÓN,"A.2.1, B.1",28/oct/2025,27/oct/2025,28/oct/2030,VIGENTE
MASCULINO,VENADO TUERTO,ORIGINAL,"A.2.1, B.1",28/oct/2025,27/oct/2025,28/oct/2026,VIGENTE
FEMENINO,VENADO TUERTO,RENOVACIÓN,B.1,28/oct/2025,28/oct/2025,28/oct/2030,VIGENTE
FEMENINO,VENADO TUERTO,RENOVACIÓN CON AMPLIACIÓN,"A.2.1, B.1",28/oct/2025,28/oct/2025,28/oct/2030,VIGENTE
FEMENINO,VENADO TUERTO,RENOVACIÓN,A.2.1,28/oct/2025,28/oct/2025,28/oct/2030,VIGENTE
FEMENINO,VENADO TUERTO,RENOVACIÓN,B.2,28/oct/2025,28/oct/2025,28/oct/2030,VIGENTE
FEMENINO,VENADO TUERTO,RENOVACIÓN,B.2,28/oct/2025,28/oct/2025,28/oct/2030,VIGENTE
FEMENINO,VENADO TUERTO,RENOVACIÓN,B.1,28/oct/2025,28/oct/2025,28/oct/2030,VIGENTE
FEMENINO,VENADO TUERTO,RENOVACIÓN,"A.2.1, B.2",28/oct/2025,28/oct/2025,28/oct/2026,VIGENTE
MASCULINO,VENADO TUERTO,RENOVACIÓN CON AMPLIACIÓN,"A.3, B.2, E.2",28/oct/2025,28/oct/2025,28/oct/2027,VIGENTE
MASCULINO,VENADO TUERTO,RENOVACIÓN,"A.2.2, B.1",28/oct/2025,28/oct/2025,28/oct/2030,VIGENTE
MASCULINO,SAN EDUARDO,RENOVACIÓN CON AMPLIACIÓN,"A.2.1, B.2, C, G.1, G.2",28/oct/2025,28/oct/2025,28/oct/2027,VIGENTE
MASCULINO,VENADO TUERTO,RENOVACIÓN,"A.2.1, B.1",28/oct/2025,28/oct/2025,28/oct/2030,VIGENTE
MASCULINO,VENADO TUERTO,RENOVACIÓN,"A.2.1, B.1",28/oct/2025,28/oct/2025,28/oct/2030,VIGENTE
MASCULINO,VENADO TUERTO,RENOVACIÓN,"A.2.1, B.1",28/oct/2025,28/oct/2025,28/oct/2026,VIGENTE
MASCULINO,VENADO TUERTO,RENOVACIÓN,"A.2.1, E.1",28/oct/2025,28/oct/2025,28/oct/2026,VIGENTE
FEMENINO,VENADO TUERTO,RENOVACIÓN,A.2.1,28/oct/2025,28/oct/2025,28/oct/2026,VIGENTE
MASCULINO,VENADO TUERTO,ORIGINAL,"A.2.1, B.1",28/oct/2025,28/oct/2025,28/oct/2030,VIGENTE
MASCULINO,VENADO TUERTO,RENOVACIÓN CON AMPLIACIÓN,"A.2.2, B.2",28/oct/2025,28/oct/2025,28/oct/2030,VIGENTE
MASCULINO,VENADO TUERTO,RENOVACIÓN,B.2,28/oct/2025,28/oct/2025,28/oct/2026,VIGENTE
MASCULINO,VENADO TUERTO,RENOVACIÓN,"A.2.1, B.2",28/oct/2025,28/oct/2025,28/oct/2030,VIGENTE
MASCULINO,VENADO TUERTO,RENOVACIÓN,"B.2, D.1, E.2",28/oct/2025,28/oct/2025,28/oct/2027,VIGENTE
FEMENINO,VENADO TUERTO,RENOVACIÓN,B.1,28/oct/2025,28/oct/2025,28/oct/2030,VIGENTE
MASCULINO,VENADO TUERTO,ORIGINAL,"A.2.1, B.2",28/oct/2025,28/oct/2025,28/oct/2030,VIGENTE
MASCULINO,VENADO TUERTO,RENOVACIÓN,E.1,28/oct/2025,28/oct/2025,28/sept/2026,VIGENTE
MASCULINO,VENADO TUERTO,RENOVACIÓN,"A.2.1, D.1, D.3, E.1",28/oct/2025,28/oct/2025,28/oct/2027,VIGENTE
FEMENINO,VENADO TUERTO,ORIGINAL,A.2.1,28/oct/2025,28/oct/2025,28/oct/2030,VIGENTE
MASCULINO,VENADO TUERTO,RENOVACIÓN,B.2,28/oct/2025,28/oct/2025,28/oct/2026,VIGENTE
FEMENINO,VENADO TUERTO,RENOVACIÓN,A.2.1,28/oct/2025,28/oct/2025,28/oct/2030,VIGENTE
FEMENINO,VENADO TUERTO,RENOVACIÓN CON AMPLIACIÓN,"A.3, B.1",28/oct/2025,28/oct/2025,28/oct/2030,VIGENTE
MASCULINO,VENADO TUERTO,RENOVACIÓN CON AMPLIACIÓN,"A.2.1, B.2, C",28/oct/2025,28/oct/2025,28/oct/2026,VIGENTE
FEMENINO,VENADO TUERTO,RENOVACIÓN,A.2.1,28/oct/2025,28/oct/2025,28/oct/2030,VIGENTE
MASCULINO,VENADO TUERTO,RENOVACIÓN,B.2,28/oct/2025,28/oct/2025,28/oct/2030,VIGENTE
FEMENINO,VENADO TUERTO,RENOVACIÓN,"A.2.1, B.2",28/oct/2025,28/oct/2025,28/oct/2030,VIGENTE
MASCULINO,VENADO TUERTO,RENOVACIÓN,"A.2.1, B.1",28/oct/2025,28/oct/2025,28/oct/2030,VIGENTE
FEMENINO,VENADO TUERTO,RENOVACIÓN,"A.2.1, B.2",28/oct/2025,28/oct/2025,28/oct/2030,VIGENTE
MASCULINO,VENADO TUERTO,RENOVACIÓN,B.1,28/oct/2025,28/oct/2025,28/oct/2026,VIGENTE
MASCULINO,VENADO TUERTO,RENOVACIÓN CON AMPLIACIÓN,"A.2.2, B.2, G.1, G.2",28/oct/2025,28/oct/2025,28/oct/2030,VIGENTE
FEMENINO,VENADO TUERTO,RENOVACIÓN,B.2,28/oct/2025,28/oct/2025,28/oct/2026,VIGENTE
MASCULINO,VENADO TUERTO,RENOVACIÓN,"A.2.2, B.2",28/oct/2025,28/oct/2025,28/oct/2030,VIGENTE
MASCULINO,VENADO TUERTO,RENOVACIÓN CON AMPLIACIÓN,"A.2.1, B.2, G.1, G.2",28/oct/2025,28/oct/2025,28/oct/2030,VIGENTE
FEMENINO,VENADO TUERTO,RENOVACIÓN,A.2.1,28/oct/2025,28/oct/2025,28/oct/2030,VIGENTE
MASCULINO,VENADO TUERTO,RENOVACIÓN,B.1,28/oct/2025,28/oct/2025,28/oct/2026,VIGENTE
MASCULINO,VENADO TUERTO,RENOVACIÓN,"A.2.1, E.1",28/oct/2025,28/oct/2025,28/oct/2026,VIGENTE
MASCULINO,VENADO TUERTO,RENOVACIÓN,"A.2.1, B.2, C",28/oct/2025,28/oct/2025,28/oct/2027,VIGENTE
MASCULINO,VENADO TUERTO,RENOVACIÓN,"A.2.1, B.2, C, E.2",28/oct/2025,28/oct/2025,28/oct/2026,VIGENTE
MASCULINO,VENADO TUERTO,RENOVACIÓN CON AMPLIACIÓN,"A.2.1, D.1, D.3",28/oct/2025,28/oct/2025,28/oct/2027,VIGENTE
FEMENINO,VENADO TUERTO,RENOVACIÓN,B.2,28/oct/2025,28/oct/2025,28/oct/2028,VIGENTE
MASCULINO,VENADO TUERTO,RENOVACIÓN,"A.2.1, B.2",28/oct/2025,28/oct/2025,28/oct/2030,VIGENTE
FEMENINO,VENADO TUERTO,RENOVACIÓN,A.2.1,28/oct/2025,28/oct/2025,28/oct/2030,VIGENTE
MASCULINO,VENADO TUERTO,ORIGINAL,A.2.1,28/oct/2025,28/oct/2025,28/oct/2030,VIGENTE
FEMENINO,VENADO TUERTO,RENOVACIÓN,B.2,28/oct/2025,28/oct/2025,28/oct/2030,VIGENTE
MASCULINO,VENADO TUERTO,ORIGINAL,"A.2.1, B.2",29/oct/2025,9/sept/2025,29/oct/2030,VIGENTE
MASCULINO,VENADO TUERTO,RENOVACIÓN,B.2,29/oct/2025,19/sept/2025,29/oct/2026,VIGENTE
FEMENINO,VENADO TUERTO,RENOVACIÓN,"A.3, B.2, D.1",29/oct/2025,7/oct/2025,29/oct/2026,VIGENTE
FEMENINO,VENADO TUERTO,ORIGINAL,A.2.1,29/oct/2025,15/oct/2025,29/oct/2030,VIGENTE
MASCULINO,VENADO TUERTO,ORIGINAL,"A.2.1, B.1",29/oct/2025,15/oct/2025,29/oct/2030,VIGENTE
MASCULINO,VENADO TUERTO,RENOVACIÓN,E.1,29/oct/2025,17/oct/2025,29/oct/2026,VIGENTE
MASCULINO,VENADO TUERTO,RENOVACIÓN CON AMPLIACIÓN,"A.2.2, B.1, E.2",29/oct/2025,20/oct/2025,29/oct/2030,VIGENTE
MASCULINO,VENADO TUERTO,RENOVACIÓN CON AMPLIACIÓN,"A.3, B.2",29/oct/2025,21/oct/2025,29/oct/2030,VIGENTE
MASCULINO,VENADO TUERTO,RENOVACIÓN,B.2,29/oct/2025,21/oct/2025,29/oct/2026,VIGENTE
MASCULINO,VENADO TUERTO,RENOVACIÓN,E.1,29/oct/2025,22/oct/2025,29/oct/2028,VIGENTE
FEMENINO,VENADO TUERTO,RENOVACIÓN CON AMPLIACIÓN,"A.3, B.1",29/oct/2025,24/oct/2025,29/oct/2030,VIGENTE
FEMENINO,VENADO TUERTO,RENOVACIÓN,B.1,29/oct/2025,24/oct/2025,29/oct/2030,VIGENTE
MASCULINO,VENADO TUERTO,RENOVACIÓN,B.2,29/oct/2025,24/oct/2025,29/oct/2030,VIGENTE
MASCULINO,VENADO TUERTO,ORIGINAL,"A.2.1, B.1",29/oct/2025,28/oct/2025,29/oct/2030,VIGENTE
FEMENINO,VENADO TUERTO,RENOVACIÓN,B.1,29/oct/2025,28/oct/2025,29/oct/2028,VIGENTE
FEMENINO,VENADO TUERTO,RENOVACIÓN,"A.2.1, B.2",29/oct/2025,29/oct/2025,29/oct/2026,VIGENTE
MASCULINO,VENADO TUERTO,RENOVACIÓN,"B.2, G.1, G.2",29/oct/2025,29/oct/2025,29/oct/2030,VIGENTE
FEMENINO,VENADO TUERTO,ORIGINAL,A.2.1,29/oct/2025,29/oct/2025,29/oct/2030,VIGENTE
MASCULINO,VENADO TUERTO,RENOVACIÓN,"A.2.1, B.2",29/oct/2025,29/oct/2025,29/oct/2026,VIGENTE
FEMENINO,VENADO TUERTO,RENOVACIÓN,B.2,29/oct/2025,29/oct/2025,29/oct/2026,VIGENTE
FEMENINO,VENADO TUERTO,RENOVACIÓN,A.2.1,29/oct/2025,29/oct/2025,29/oct/2030,VIGENTE
FEMENINO,VENADO TUERTO,RENOVACIÓN,"A.2.2, B.2",29/oct/2025,29/oct/2025,29/oct/2030,VIGENTE
MASCULINO,VENADO TUERTO,ORIGINAL,A.2.1,29/oct/2025,29/oct/2025,29/oct/2030,VIGENTE
MASCULINO,VENADO TUERTO,ORIGINAL,"A.2.1, B.2",29/oct/2025,29/oct/2025,29/oct/2030,VIGENTE
MASCULINO,VENADO TUERTO,RENOVACIÓN,"A.3, B.2",29/oct/2025,29/oct/2025,29/oct/2030,VIGENTE
MASCULINO,VENADO TUERTO,RENOVACIÓN,A.2.1,29/oct/2025,29/oct/2025,29/oct/2028,VIGENTE
MASCULINO,VENADO TUERTO,ORIGINAL,"A.2.2, B.2",29/oct/2025,29/oct/2025,29/oct/2030,VIGENTE
MASCULINO,VENADO TUERTO,ORIGINAL,"A.2.2, B.2",29/oct/2025,29/oct/2025,29/oct/2030,VIGENTE
MASCULINO,VENADO TUERTO,RENOVACIÓN,B.2,29/oct/2025,29/oct/2025,29/oct/2030,VIGENTE
FEMENINO,VENADO TUERTO,RENOVACIÓN,"A.2.1, B.2, D.1",29/oct/2025,29/oct/2025,29/oct/2030,VIGENTE
MASCULINO,VENADO TUERTO,RENOVACIÓN,"A.2.2, B.2, G.1, G.2",29/oct/2025,29/oct/2025,29/oct/2026,VIGENTE
MASCULINO,VENADO TUERTO,RENOVACIÓN,A.2.1,29/oct/2025,29/oct/2025,29/oct/2030,VIGENTE
MASCULINO,VENADO TUERTO,RENOVACIÓN,B.1,29/oct/2025,29/oct/2025,29/oct/2030,VIGENTE
FEMENINO,VENADO TUERTO,RENOVACIÓN,B.2,29/oct/2025,29/oct/2025,29/oct/2026,VIGENTE
MASCULINO,VENADO TUERTO,RENOVACIÓN,"A.2.1, B.2",29/oct/2025,29/oct/2025,29/oct/2030,VIGENTE
FEMENINO,VENADO TUERTO,RENOVACIÓN,B.1,29/oct/2025,29/oct/2025,29/oct/2028,VIGENTE
MASCULINO,VENADO TUERTO,ORIGINAL,A.2.1,29/oct/2025,29/oct/2025,29/oct/2030,VIGENTE
FEMENINO,VENADO TUERTO,RENOVACIÓN,A.2.1,29/oct/2025,29/oct/2025,29/oct/2030,VIGENTE
MASCULINO,VENADO TUERTO,RENOVACIÓN,"A.2.2, B.2",29/oct/2025,29/oct/2025,29/oct/2030,VIGENTE
MASCULINO,VENADO TUERTO,RENOVACIÓN,B.2,29/oct/2025,29/oct/2025,29/oct/2026,VIGENTE
MASCULINO,VENADO TUERTO,RENOVACIÓN,B.2,29/oct/2025,29/oct/2025,29/oct/2026,VIGENTE
MASCULINO,VENADO TUERTO,RENOVACIÓN,"A.2.1, B.2",29/oct/2025,29/oct/2025,29/oct/2030,VIGENTE
MASCULINO,VENADO TUERTO,RENOVACIÓN,D.1,29/oct/2025,29/oct/2025,29/oct/2026,VIGENTE
MASCULINO,VENADO TUERTO,ORIGINAL,"A.2.1, B.1",29/oct/2025,29/oct/2025,29/oct/2030,VIGENTE
MASCULINO,VENADO TUERTO,RENOVACIÓN,"A.2.2, B.1",29/oct/2025,29/oct/2025,29/oct/2026,VIGENTE
MASCULINO,VENADO TUERTO,RENOVACIÓN,"A.3, B.2",29/oct/2025,29/oct/2025,29/oct/2030,VIGENTE
MASCULINO,VENADO TUERTO,RENOVACIÓN,B.2,29/oct/2025,29/oct/2025,29/oct/2026,VIGENTE
MASCULINO,VENADO TUERTO,RENOVACIÓN,B.1,29/oct/2025,29/oct/2025,29/oct/2030,VIGENTE
MASCULINO,VENADO TUERTO,RENOVACIÓN,A.2.1,29/oct/2025,29/oct/2025,29/oct/2028,VIGENTE
MASCULINO,VENADO TUERTO,RENOVACIÓN,"A.2.1, B.2",29/oct/2025,29/oct/2025,29/oct/2026,VIGENTE
MASCULINO,VENADO TUERTO,RENOVACIÓN,"A.2.1, B.2",29/oct/2025,29/oct/2025,29/oct/2030,VIGENTE
FEMENINO,VENADO TUERTO,RENOVACIÓN,A.2.1,29/oct/2025,29/oct/2025,29/oct/2028,VIGENTE
MASCULINO,VENADO TUERTO,RENOVACIÓN CON AMPLIACIÓN,"A.2.1, B.2, G.1, G.2",29/oct/2025,29/oct/2025,29/oct/2030,VIGENTE
MASCULINO,VENADO TUERTO,RENOVACIÓN,B.2,29/oct/2025,29/oct/2025,29/oct/2026,VIGENTE
FEMENINO,VENADO TUERTO,ORIGINAL,A.2.1,29/oct/2025,29/oct/2025,29/oct/2026,VIGENTE
MASCULINO,VENADO TUERTO,RENOVACIÓN CON AMPLIACIÓN,"A.2.2, E.1",30/oct/2025,23/jul/2025,30/jul/2027,VIGENTE
FEMENINO,VENADO TUERTO,ORIGINAL,A.2.1,30/oct/2025,25/ago/2025,30/oct/2030,VIGENTE
FEMENINO,VENADO TUERTO,ORIGINAL,A.2.1,30/oct/2025,9/oct/2025,30/oct/2030,VIGENTE
MASCULINO,VENADO TUERTO,ORIGINAL,A.2.1,30/oct/2025,16/oct/2025,30/oct/2026,VIGENTE
FEMENINO,VENADO TUERTO,RENOVACIÓN CON AMPLIACIÓN,"A.2.1, B.1",30/oct/2025,17/oct/2025,30/oct/2030,VIGENTE
MASCULINO,VENADO TUERTO,RENOVACIÓN CON AMPLIACIÓN,"A.2.1, B.1",30/oct/2025,17/oct/2025,30/oct/2028,VIGENTE
MASCULINO,VENADO TUERTO,RENOVACIÓN,"B.2, G.1, G.2",30/oct/2025,17/oct/2025,30/oct/2030,VIGENTE
MASCULINO,VENADO TUERTO,RENOVACIÓN,B.2,30/oct/2025,20/oct/2025,30/oct/2026,VIGENTE
MASCULINO,VENADO TUERTO,RENOVACIÓN,B.1,30/oct/2025,30/oct/2025,30/oct/2026,VIGENTE
FEMENINO,VENADO TUERTO,ORIGINAL,B.2,30/oct/2025,30/oct/2025,30/oct/2030,VIGENTE
FEMENINO,VENADO TUERTO,RENOVACIÓN,B.1,30/oct/2025,30/oct/2025,30/oct/2026,VIGENTE
MASCULINO,VENADO TUERTO,RENOVACIÓN,"A.2.2, B.2",30/oct/2025,30/oct/2025,30/oct/2030,VIGENTE
FEMENINO,VENADO TUERTO,RENOVACIÓN,B.2,30/oct/2025,30/oct/2025,30/oct/2026,VIGENTE
MASCULINO,VENADO TUERTO,RENOVACIÓN,E.1,30/oct/2025,30/oct/2025,30/oct/2026,VIGENTE
MASCULINO,VENADO TUERTO,RENOVACIÓN,"A.2.1, B.2",30/oct/2025,30/oct/2025,30/oct/2030,VIGENTE
MASCULINO,VENADO TUERTO,RENOVACIÓN,B.2,30/oct/2025,30/oct/2025,30/oct/2030,VIGENTE
FEMENINO,VENADO TUERTO,RENOVACIÓN,B.2,30/oct/2025,30/oct/2025,30/oct/2030,VIGENTE
MASCULINO,VENADO TUERTO,RENOVACIÓN,C,30/oct/2025,30/oct/2025,30/oct/2030,VIGENTE
FEMENINO,VENADO TUERTO,ORIGINAL,"A.2.2, B.1",30/oct/2025,30/oct/2025,30/oct/2030,VIGENTE
MASCULINO,VENADO TUERTO,RENOVACIÓN,A.2.1,30/oct/2025,30/oct/2025,30/oct/2028,VIGENTE
MASCULINO,VENADO TUERTO,RENOVACIÓN,"A.2.1, B.2",30/oct/2025,30/oct/2025,30/oct/2030,VIGENTE
MASCULINO,VENADO TUERTO,RENOVACIÓN,B.2,30/oct/2025,30/oct/2025,30/oct/2026,VIGENTE
MASCULINO,VENADO TUERTO,RENOVACIÓN,A.2.1,30/oct/2025,30/oct/2025,30/oct/2030,VIGENTE
MASCULINO,VENADO TUERTO,RENOVACIÓN,B.2,30/oct/2025,30/oct/2025,30/oct/2026,VIGENTE
MASCULINO,VENADO TUERTO,RENOVACIÓN,B.2,30/oct/2025,30/oct/2025,30/oct/2026,VIGENTE
FEMENINO,VENADO TUERTO,ORIGINAL,"A.2.1, B.2",30/oct/2025,30/oct/2025,30/oct/2030,VIGENTE
MASCULINO,VENADO TUERTO,RENOVACIÓN,"A.2.1, B.2",30/oct/2025,30/oct/2025,30/oct/2026,VIGENTE
FEMENINO,SAN EDUARDO,RENOVACIÓN,"A.2.1, B.1",30/oct/2025,30/oct/2025,30/oct/2030,VIGENTE
MASCULINO,VENADO TUERTO,RENOVACIÓN,"A.2.2, D.1",30/oct/2025,30/oct/2025,30/oct/2028,VIGENTE
MASCULINO,VENADO TUERTO,RENOVACIÓN,B.2,30/oct/2025,30/oct/2025,30/oct/2026,VIGENTE
MASCULINO,VENADO TUERTO,RENOVACIÓN CON AMPLIACIÓN,"A.2.2, B.2, G.1, G.2",30/oct/2025,30/oct/2025,30/oct/2030,VIGENTE
MASCULINO,VENADO TUERTO,RENOVACIÓN,B.2,30/oct/2025,30/oct/2025,30/oct/2030,VIGENTE
FEMENINO,VENADO TUERTO,ORIGINAL,A.2.1,30/oct/2025,30/oct/2025,30/oct/2030,VIGENTE
MASCULINO,VENADO TUERTO,RENOVACIÓN,B.2,30/oct/2025,30/oct/2025,30/oct/2026,VIGENTE
FEMENINO,VENADO TUERTO,RENOVACIÓN,B.2,30/oct/2025,30/oct/2025,30/oct/2030,VIGENTE
MASCULINO,VENADO TUERTO,RENOVACIÓN,B.2,30/oct/2025,30/oct/2025,30/oct/2026,VIGENTE
MASCULINO,VENADO TUERTO,RENOVACIÓN,"A.2.2, B.2, G.2",30/oct/2025,30/oct/2025,30/oct/2026,VIGENTE
FEMENINO,VENADO TUERTO,RENOVACIÓN,A.2.1,30/oct/2025,30/oct/2025,30/oct/2030,VIGENTE
MASCULINO,VENADO TUERTO,RENOVACIÓN,"A.2.1, B.2",30/oct/2025,30/oct/2025,30/oct/2026,VIGENTE
FEMENINO,VENADO TUERTO,RENOVACIÓN,B.2,30/oct/2025,30/oct/2025,30/oct/2026,VIGENTE
MASCULINO,VENADO TUERTO,RENOVACIÓN,"A.2.1, B.2",30/oct/2025,30/oct/2025,30/oct/2026,VIGENTE
FEMENINO,VENADO TUERTO,RENOVACIÓN,"A.2.1, B.1",30/oct/2025,30/oct/2025,30/oct/2030,VIGENTE
MASCULINO,VENADO TUERTO,RENOVACIÓN,"A.3, B.2",30/oct/2025,30/oct/2025,30/oct/2026,VIGENTE
MASCULINO,VENADO TUERTO,RENOVACIÓN,B.2,30/oct/2025,30/oct/2025,30/oct/2026,VIGENTE
FEMENINO,VENADO TUERTO,RENOVACIÓN,A.2.1,30/oct/2025,30/oct/2025,30/oct/2030,VIGENTE
FEMENINO,VENADO TUERTO,RENOVACIÓN,B.1,30/oct/2025,30/oct/2025,30/oct/2028,VIGENTE
FEMENINO,VENADO TUERTO,RENOVACIÓN,"A.2.1, B.1",30/oct/2025,30/oct/2025,30/oct/2030,VIGENTE
MASCULINO,VENADO TUERTO,RENOVACIÓN,"A.2.1, B.2, E.2",30/oct/2025,30/oct/2025,30/oct/2030,VIGENTE
MASCULINO,VENADO TUERTO,RENOVACIÓN,B.2,30/oct/2025,30/oct/2025,30/oct/2030,VIGENTE
MASCULINO,VENADO TUERTO,RENOVACIÓN,B.1,30/oct/2025,30/oct/2025,30/oct/2028,VIGENTE
MASCULINO,VENADO TUERTO,RENOVACIÓN,"A.2.1, E.1",30/oct/2025,30/oct/2025,30/oct/2026,VIGENTE
MASCULINO,VENADO TUERTO,RENOVACIÓN,"A.2.1, B.2",30/oct/2025,30/oct/2025,30/oct/2026,VIGENTE
MASCULINO,VENADO TUERTO,ORIGINAL,"A.2.1, B.1",31/oct/2025,27/jun/2025,31/oct/2030,VIGENTE
MASCULINO,VENADO TUERTO,ORIGINAL,A.2.1,31/oct/2025,13/oct/2025,31/oct/2026,VIGENTE
FEMENINO,VENADO TUERTO,RENOVACIÓN,B.2,31/oct/2025,17/oct/2025,31/oct/2030,VIGENTE
MASCULINO,VENADO TUERTO,RENOVACIÓN CON AMPLIACIÓN,"A.2.1, B.2, E.2",31/oct/2025,21/oct/2025,31/oct/2030,VIGENTE
FEMENINO,VENADO TUERTO,RENOVACIÓN,B.1,31/oct/2025,24/oct/2025,31/oct/2030,VIGENTE
MASCULINO,VENADO TUERTO,RENOVACIÓN,E.1,31/oct/2025,28/oct/2025,31/oct/2028,VIGENTE
MASCULINO,VENADO TUERTO,RENOVACIÓN,"A.2.1, D.1",31/oct/2025,28/oct/2025,31/oct/2030,VIGENTE
MASCULINO,VENADO TUERTO,RENOVACIÓN CON AMPLIACIÓN,"A.2.1, B.2",31/oct/2025,29/oct/2025,31/oct/2030,VIGENTE
MASCULINO,VENADO TUERTO,RENOVACIÓN,"A.2.1, B.1",31/oct/2025,31/oct/2025,31/oct/2028,VIGENTE
FEMENINO,VENADO TUERTO,RENOVACIÓN CON AMPLIACIÓN,"A.2.1, B.1",31/oct/2025,31/oct/2025,31/oct/2030,VIGENTE
MASCULINO,VENADO TUERTO,RENOVACIÓN,"A.2.1, C",31/oct/2025,31/oct/2025,31/oct/2030,VIGENTE
MASCULINO,VENADO TUERTO,DUPLICADO,B.1,31/oct/2025,31/oct/2025,30/jul/2026,VIGENTE
FEMENINO,VENADO TUERTO,RENOVACIÓN,B.2,31/oct/2025,31/oct/2025,31/oct/2026,VIGENTE
MASCULINO,VENADO TUERTO,RENOVACIÓN,B.2,31/oct/2025,31/oct/2025,31/oct/2028,VIGENTE
MASCULINO,VENADO TUERTO,RENOVACIÓN,"A.3, E.1",31/oct/2025,31/oct/2025,31/oct/2026,VIGENTE
MASCULINO,VENADO TUERTO,RENOVACIÓN,"A.2.1, B.1, E.2",31/oct/2025,31/oct/2025,31/oct/2030,VIGENTE
FEMENINO,VENADO TUERTO,RENOVACIÓN,B.2,31/oct/2025,31/oct/2025,31/oct/2030,VIGENTE
MASCULINO,VENADO TUERTO,RENOVACIÓN,B.2,31/oct/2025,31/oct/2025,31/oct/2030,VIGENTE
MASCULINO,VENADO TUERTO,RENOVACIÓN,B.2,31/oct/2025,31/oct/2025,31/oct/2028,VIGENTE
MASCULINO,VENADO TUERTO,RENOVACIÓN,"A.2.1, B.1",31/oct/2025,31/oct/2025,31/oct/2028,VIGENTE
FEMENINO,VENADO TUERTO,RENOVACIÓN,B.2,31/oct/2025,31/oct/2025,31/oct/2026,VIGENTE
MASCULINO,VENADO TUERTO,RENOVACIÓN,B.1,31/oct/2025,31/oct/2025,31/oct/2026,VIGENTE
MASCULINO,VENADO TUERTO,RENOVACIÓN,"A.2.2, E.1, G.1",31/oct/2025,31/oct/2025,3/mar/2027,VIGENTE
MASCULINO,VENADO TUERTO,RENOVACIÓN,"A.2.2, B.2, C, E.2",31/oct/2025,31/oct/2025,31/oct/2028,VIGENTE
MASCULINO,VENADO TUERTO,RENOVACIÓN CON AMPLIACIÓN,"A.2.1, E.1",31/oct/2025,31/oct/2025,31/oct/2027,VIGENTE
FEMENINO,VENADO TUERTO,RENOVACIÓN,"A.2.2, B.2",31/oct/2025,31/oct/2025,31/oct/2030,VIGENTE
FEMENINO,VENADO TUERTO,RENOVACIÓN,B.1,31/oct/2025,31/oct/2025,31/oct/2030,VIGENTE
MASCULINO,VENADO TUERTO,RENOVACIÓN,"A.2.1, B.2",31/oct/2025,31/oct/2025,31/oct/2030,VIGENTE
MASCULINO,VENADO TUERTO,RENOVACIÓN,"A.2.1, B.1",31/oct/2025,31/oct/2025,31/oct/2030,VIGENTE
MASCULINO,VENADO TUERTO,RENOVACIÓN,"A.2.1, B.2",31/oct/2025,31/oct/2025,31/oct/2026,VIGENTE
FEMENINO,VENADO TUERTO,ORIGINAL,A.2.1,31/oct/2025,31/oct/2025,31/oct/2030,VIGENTE
FEMENINO,VENADO TUERTO,ORIGINAL,"A.2.1, B.1",31/oct/2025,31/oct/2025,31/oct/2030,VIGENTE
MASCULINO,VENADO TUERTO,RENOVACIÓN,B.2,31/oct/2025,31/oct/2025,31/oct/2026,VIGENTE
FEMENINO,VENADO TUERTO,ORIGINAL,B.1,31/oct/2025,31/oct/2025,31/oct/2026,VIGENTE
FEMENINO,VENADO TUERTO,RENOVACIÓN,B.2,31/oct/2025,31/oct/2025,31/oct/2030,VIGENTE
FEMENINO,VENADO TUERTO,RENOVACIÓN,B.2,31/oct/2025,31/oct/2025,31/oct/2030,VIGENTE
MASCULINO,VENADO TUERTO,RENOVACIÓN CON AMPLIACIÓN,"A.2.1, E.1",31/oct/2025,31/oct/2025,31/ago/2027,VIGENTE
FEMENINO,VENADO TUERTO,RENOVACIÓN,B.1,31/oct/2025,31/oct/2025,31/oct/2028,VIGENTE
FEMENINO,VENADO TUERTO,RENOVACIÓN,"A.2.1, B.2",31/oct/2025,31/oct/2025,31/oct/2030,VIGENTE
MASCULINO,VENADO TUERTO,ORIGINAL,A.2.1,31/oct/2025,31/oct/2025,31/oct/2030,VIGENTE
MASCULINO,VENADO TUERTO,RENOVACIÓN,"A.3, B.1",31/oct/2025,31/oct/2025,31/oct/2030,VIGENTE
FEMENINO,VENADO TUERTO,RENOVACIÓN,B.2,31/oct/2025,31/oct/2025,31/oct/2026,VIGENTE
MASCULINO,VENADO TUERTO,ORIGINAL,B.1,31/oct/2025,31/oct/2025,31/oct/2026,VIGENTE
MASCULINO,VENADO TUERTO,RENOVACIÓN,"A.2.1, B.1",31/oct/2025,31/oct/2025,31/oct/2030,VIGENTE
FEMENINO,VENADO TUERTO,RENOVACIÓN,"A.2.1, B.2",31/oct/2025,31/oct/2025,31/oct/2030,VIGENTE
MASCULINO,VENADO TUERTO,RENOVACIÓN,"A.2.2, B.2",31/oct/2025,31/oct/2025,31/oct/2030,VIGENTE
FEMENINO,VENADO TUERTO,RENOVACIÓN CON AMPLIACIÓN,"A.2.1, B.2",31/oct/2025,31/oct/2025,31/oct/2030,VIGENTE
MASCULINO,VENADO TUERTO,RENOVACIÓN,"A.2.1, B.1",31/oct/2025,31/oct/2025,31/oct/2030,VIGENTE
FEMENINO,VENADO TUERTO,RENOVACIÓN,B.2,31/oct/2025,31/oct/2025,31/oct/2026,VIGENTE
MASCULINO,VENADO TUERTO,RENOVACIÓN,"A.2.1, B.1",31/oct/2025,31/oct/2025,31/oct/2030,VIGENTE
MASCULINO,VENADO TUERTO,RENOVACIÓN,"B.2, C",31/oct/2025,31/oct/2025,31/oct/2028,VIGENTE
MASCULINO,VENADO TUERTO,RENOVACIÓN CON AMPLIACIÓN,"A.2.1, E.1, G.1, G.2",3/nov/2025,18/ago/2025,3/sept/2027,VIGENTE
FEMENINO,VENADO TUERTO,RENOVACIÓN CON AMPLIACIÓN,"A.2.2, B.2",3/nov/2025,20/oct/2025,3/nov/2030,VIGENTE
FEMENINO,VENADO TUERTO,ORIGINAL,A.2.1,3/nov/2025,22/oct/2025,3/nov/2030,VIGENTE
MASCULINO,VENADO TUERTO,RENOVACIÓN,B.2,3/nov/2025,24/oct/2025,3/nov/2026,VIGENTE
MASCULINO,VENADO TUERTO,ORIGINAL,"A.2.1, B.1",3/nov/2025,24/oct/2025,3/nov/2026,VIGENTE
MASCULINO,VENADO TUERTO,RENOVACIÓN,A.2.1,3/nov/2025,29/oct/2025,3/nov/2028,VIGENTE
MASCULINO,VENADO TUERTO,RENOVACIÓN CON AMPLIACIÓN,"A.3, B.2, C",3/nov/2025,31/oct/2025,3/jun/2027,VIGENTE
FEMENINO,VENADO TUERTO,ORIGINAL,"A.2.1, B.1",3/nov/2025,31/oct/2025,3/nov/2030,VIGENTE
MASCULINO,VENADO TUERTO,RENOVACIÓN,"A.2.1, E.1",3/nov/2025,3/nov/2025,3/oct/2026,VIGENTE
MASCULINO,VENADO TUERTO,RENOVACIÓN,"A.2.1, B.2",3/nov/2025,3/nov/2025,3/nov/2028,VIGENTE
MASCULINO,VENADO TUERTO,RENOVACIÓN,B.2,3/nov/2025,3/nov/2025,3/nov/2030,VIGENTE
FEMENINO,VENADO TUERTO,RENOVACIÓN,A.2.1,3/nov/2025,3/nov/2025,3/nov/2028,VIGENTE
FEMENINO,VENADO TUERTO,RENOVACIÓN,B.2,3/nov/2025,3/nov/2025,3/nov/2026,VIGENTE
FEMENINO,VENADO TUERTO,RENOVACIÓN,B.1,3/nov/2025,3/nov/2025,3/nov/2030,VIGENTE
MASCULINO,VENADO TUERTO,RENOVACIÓN CON AMPLIACIÓN,"A.2.1, B.2",3/nov/2025,3/nov/2025,3/nov/2030,VIGENTE
MASCULINO,VENADO TUERTO,RENOVACIÓN,"A.2.1, B.2",3/nov/2025,3/nov/2025,3/nov/2030,VIGENTE
MASCULINO,VENADO TUERTO,RENOVACIÓN,"A.2.1, B.1",3/nov/2025,3/nov/2025,3/nov/2030,VIGENTE
MASCULINO,VENADO TUERTO,RENOVACIÓN,"A.3, B.2",3/nov/2025,3/nov/2025,3/nov/2030,VIGENTE
MASCULINO,VENADO TUERTO,RENOVACIÓN,"A.3, B.2",3/nov/2025,3/nov/2025,3/nov/2030,VIGENTE
MASCULINO,VENADO TUERTO,RENOVACIÓN,B.2,3/nov/2025,3/nov/2025,3/nov/2030,VIGENTE
MASCULINO,VENADO TUERTO,RENOVACIÓN,"A.2.1, B.2, C",3/nov/2025,3/nov/2025,3/nov/2030,VIGENTE
MASCULINO,VENADO TUERTO,RENOVACIÓN,"A.3, B.2",3/nov/2025,3/nov/2025,3/nov/2030,VIGENTE
MASCULINO,VENADO TUERTO,RENOVACIÓN,B.2,3/nov/2025,3/nov/2025,3/nov/2026,VIGENTE
MASCULINO,VENADO TUERTO,RENOVACIÓN CON AMPLIACIÓN,"A.3, B.2, G.1",3/nov/2025,3/nov/2025,3/nov/2030,VIGENTE
MASCULINO,VENADO TUERTO,RENOVACIÓN,E.1,3/nov/2025,3/nov/2025,3/ago/2027,VIGENTE
FEMENINO,VENADO TUERTO,ORIGINAL,A.2.1,3/nov/2025,3/nov/2025,3/nov/2030,VIGENTE
FEMENINO,VENADO TUERTO,RENOVACIÓN,B.2,3/nov/2025,3/nov/2025,3/nov/2026,VIGENTE
FEMENINO,VENADO TUERTO,RENOVACIÓN,B.2,3/nov/2025,3/nov/2025,3/nov/2026,VIGENTE
MASCULINO,VENADO TUERTO,RENOVACIÓN CON AMPLIACIÓN,"A.2.1, E.1",3/nov/2025,3/nov/2025,3/nov/2028,VIGENTE
FEMENINO,VENADO TUERTO,ORIGINAL,"A.2.1, B.1",3/nov/2025,3/nov/2025,3/nov/2030,VIGENTE
MASCULINO,VENADO TUERTO,RENOVACIÓN,"A.3, E.1, G.1",3/nov/2025,3/nov/2025,3/jul/2026,VIGENTE
MASCULINO,VENADO TUERTO,ORIGINAL,"A.2.1, B.1",3/nov/2025,3/nov/2025,3/nov/2030,VIGENTE
MASCULINO,VENADO TUERTO,RENOVACIÓN,"B.2, C",3/nov/2025,3/nov/2025,3/nov/2028,VIGENTE
FEMENINO,VENADO TUERTO,ORIGINAL,"A.2.1, B.1",3/nov/2025,3/nov/2025,3/nov/2030,VIGENTE
MASCULINO,VENADO TUERTO,DUPLICADO,"A.2.2, D.3, E.1",3/nov/2025,3/nov/2025,5/ago/2026,VIGENTE
MASCULINO,VENADO TUERTO,RENOVACIÓN,"A.2.1, B.1",3/nov/2025,3/nov/2025,3/nov/2028,VIGENTE
MASCULINO,VENADO TUERTO,RENOVACIÓN,"A.3, B.2",3/nov/2025,3/nov/2025,3/nov/2030,VIGENTE
MASCULINO,VENADO TUERTO,RENOVACIÓN,B.2,3/nov/2025,3/nov/2025,3/nov/2030,VIGENTE
FEMENINO,VENADO TUERTO,RENOVACIÓN CON AMPLIACIÓN,"A.2.1, B.2",3/nov/2025,3/nov/2025,3/nov/2030,VIGENTE
MASCULINO,VENADO TUERTO,RENOVACIÓN,"A.2.1, B.2, C",3/nov/2025,3/nov/2025,3/nov/2028,VIGENTE
MASCULINO,VENADO TUERTO,RENOVACIÓN,E.1,3/nov/2025,3/nov/2025,3/nov/2028,VIGENTE
MASCULINO,VENADO TUERTO,ORIGINAL,A.2.1,3/nov/2025,3/nov/2025,3/nov/2030,VIGENTE
MASCULINO,VENADO TUERTO,RENOVACIÓN CON AMPLIACIÓN,"A.2.2, B.2",3/nov/2025,3/nov/2025,3/nov/2030,VIGENTE
MASCULINO,VENADO TUERTO,RENOVACIÓN,B.2,3/nov/2025,3/nov/2025,3/nov/2026,VIGENTE
MASCULINO,VENADO TUERTO,RENOVACIÓN,B.2,3/nov/2025,3/nov/2025,3/nov/2026,VIGENTE
MASCULINO,VENADO TUERTO,RENOVACIÓN,"A.2.2, B.2",3/nov/2025,3/nov/2025,3/nov/2030,VIGENTE
MASCULINO,VENADO TUERTO,RENOVACIÓN,"A.2.1, E.1",4/nov/2025,23/jul/2025,4/ago/2026,VIGENTE
MASCULINO,VENADO TUERTO,ORIGINAL,"A.2.1, B.1",4/nov/2025,6/ago/2025,4/nov/2026,VIGENTE
MASCULINO,VENADO TUERTO,RENOVACIÓN,"A.2.1, E.1",4/nov/2025,13/oct/2025,4/nov/2026,VIGENTE
MASCULINO,VENADO TUERTO,RENOVACIÓN,"A.2.2, E.1, E.2, G.1",4/nov/2025,14/oct/2025,4/nov/2028,VIGENTE
FEMENINO,VENADO TUERTO,RENOVACIÓN,B.2,4/nov/2025,17/oct/2025,4/nov/2030,VIGENTE
MASCULINO,VENADO TUERTO,RENOVACIÓN,E.1,4/nov/2025,23/oct/2025,4/nov/2026,VIGENTE
MASCULINO,VENADO TUERTO,RENOVACIÓN,B.1,4/nov/2025,24/oct/2025,4/nov/2030,VIGENTE
MASCULINO,VENADO TUERTO,ORIGINAL,A.2.1,4/nov/2025,3/nov/2025,4/nov/2026,VIGENTE
MASCULINO,VENADO TUERTO,RENOVACIÓN,"B.2, E.2",4/nov/2025,3/nov/2025,4/nov/2028,VIGENTE
MASCULINO,VENADO TUERTO,RENOVACIÓN,"A.3, B.2",4/nov/2025,4/nov/2025,4/nov/2030,VIGENTE
MASCULINO,VENADO TUERTO,RENOVACIÓN,"A.3, B.2, C, G.1, G.2",4/nov/2025,4/nov/2025,4/nov/2028,VIGENTE
MASCULINO,VENADO TUERTO,RENOVACIÓN,B.2,4/nov/2025,4/nov/2025,4/nov/2026,VIGENTE
FEMENINO,VENADO TUERTO,RENOVACIÓN,B.1,4/nov/2025,4/nov/2025,4/nov/2026,VIGENTE
FEMENINO,VENADO TUERTO,RENOVACIÓN,B.2,4/nov/2025,4/nov/2025,4/nov/2026,VIGENTE
FEMENINO,VENADO TUERTO,RENOVACIÓN,B.2,4/nov/2025,4/nov/2025,4/nov/2030,VIGENTE
MASCULINO,VENADO TUERTO,RENOVACIÓN,"B.2, D.1",4/nov/2025,4/nov/2025,4/nov/2028,VIGENTE
FEMENINO,VENADO TUERTO,RENOVACIÓN,"A.2.1, B.2",4/nov/2025,4/nov/2025,4/nov/2030,VIGENTE
MASCULINO,VENADO TUERTO,RENOVACIÓN CON AMPLIACIÓN,"A.2.1, D.1",4/nov/2025,4/nov/2025,4/nov/2028,VIGENTE
MASCULINO,VENADO TUERTO,RENOVACIÓN,"A.2.1, B.1",4/nov/2025,4/nov/2025,4/nov/2030,VIGENTE
MASCULINO,VENADO TUERTO,RENOVACIÓN,B.1,4/nov/2025,4/nov/2025,4/nov/2028,VIGENTE
MASCULINO,VENADO TUERTO,RENOVACIÓN,"A.2.2, B.2, C, E.2",4/nov/2025,4/nov/2025,4/nov/2030,VIGENTE
MASCULINO,VENADO TUERTO,RENOVACIÓN CON AMPLIACIÓN,"A.3, B.1",4/nov/2025,4/nov/2025,4/nov/2030,VIGENTE
FEMENINO,VENADO TUERTO,RENOVACIÓN,B.2,4/nov/2025,4/nov/2025,4/nov/2026,VIGENTE
MASCULINO,VENADO TUERTO,RENOVACIÓN,"A.2.2, E.1",4/nov/2025,4/nov/2025,4/nov/2030,VIGENTE
MASCULINO,VENADO TUERTO,RENOVACIÓN,B.2,4/nov/2025,4/nov/2025,4/nov/2026,VIGENTE
FEMENINO,VENADO TUERTO,ORIGINAL,A.2.1,4/nov/2025,4/nov/2025,4/nov/2030,VIGENTE
MASCULINO,VENADO TUERTO,ORIGINAL,A.2.1,4/nov/2025,4/nov/2025,4/nov/2030,VIGENTE
FEMENINO,VENADO TUERTO,RENOVACIÓN,"A.2.1, D.1",4/nov/2025,4/nov/2025,4/nov/2028,VIGENTE
MASCULINO,VENADO TUERTO,RENOVACIÓN,"A.2.1, D.1",4/nov/2025,4/nov/2025,4/nov/2027,VIGENTE
MASCULINO,VENADO TUERTO,RENOVACIÓN,B.2,4/nov/2025,4/nov/2025,4/nov/2030,VIGENTE
FEMENINO,VENADO TUERTO,RENOVACIÓN,B.2,4/nov/2025,4/nov/2025,4/nov/2026,VIGENTE
MASCULINO,VENADO TUERTO,RENOVACIÓN,B.2,4/nov/2025,4/nov/2025,4/nov/2026,VIGENTE
MASCULINO,VENADO TUERTO,RENOVACIÓN,B.1,4/nov/2025,4/nov/2025,4/nov/2030,VIGENTE
MASCULINO,VENADO TUERTO,RENOVACIÓN,B.2,4/nov/2025,4/nov/2025,4/nov/2026,VIGENTE
MASCULINO,VENADO TUERTO,RENOVACIÓN,B.2,4/nov/2025,4/nov/2025,4/nov/2026,VIGENTE
MASCULINO,VENADO TUERTO,RENOVACIÓN,A.2.1,4/nov/2025,4/nov/2025,4/nov/2030,VIGENTE
MASCULINO,VENADO TUERTO,RENOVACIÓN,"B.2, D.3",4/nov/2025,4/nov/2025,4/nov/2030,VIGENTE
MASCULINO,VENADO TUERTO,RENOVACIÓN,"A.2.2, C",4/nov/2025,4/nov/2025,4/nov/2030,VIGENTE
FEMENINO,VENADO TUERTO,RENOVACIÓN,B.2,4/nov/2025,4/nov/2025,4/nov/2028,VIGENTE
MASCULINO,VENADO TUERTO,RENOVACIÓN,"A.2.1, B.2",4/nov/2025,4/nov/2025,4/nov/2030,VIGENTE
MASCULINO,VENADO TUERTO,RENOVACIÓN,"A.2.2, B.2, G.1",4/nov/2025,4/nov/2025,4/nov/2030,VIGENTE
FEMENINO,VENADO TUERTO,RENOVACIÓN,A.2.1,4/nov/2025,4/nov/2025,4/nov/2030,VIGENTE
FEMENINO,VENADO TUERTO,RENOVACIÓN,A.2.1,4/nov/2025,4/nov/2025,4/nov/2026,VIGENTE
FEMENINO,VENADO TUERTO,RENOVACIÓN,B.2,4/nov/2025,4/nov/2025,4/nov/2026,VIGENTE
FEMENINO,VENADO TUERTO,RENOVACIÓN,"A.2.1, B.1",4/nov/2025,4/nov/2025,4/nov/2030,VIGENTE
MASCULINO,VENADO TUERTO,RENOVACIÓN CON AMPLIACIÓN,"A.2.1, B.2",4/nov/2025,4/nov/2025,4/nov/2026,VIGENTE
MASCULINO,VENADO TUERTO,ORIGINAL,A.2.1,5/nov/2025,25/sept/2025,5/nov/2026,VIGENTE
FEMENINO,VENADO TUERTO,ORIGINAL,A.2.1,5/nov/2025,14/oct/2025,5/nov/2030,VIGENTE
FEMENINO,VENADO TUERTO,ORIGINAL,A.2.1,5/nov/2025,23/oct/2025,5/nov/2030,VIGENTE
MASCULINO,VENADO TUERTO,RENOVACIÓN,"D.1, E.1",5/nov/2025,3/nov/2025,5/nov/2028,VIGENTE
MASCULINO,VENADO TUERTO,ORIGINAL,"A.2.2, B.2",5/nov/2025,5/nov/2025,5/nov/2030,VIGENTE
MASCULINO,VENADO TUERTO,RENOVACIÓN,B.2,5/nov/2025,5/nov/2025,5/nov/2026,VIGENTE
MASCULINO,VENADO TUERTO,ORIGINAL,A.2.1,5/nov/2025,5/nov/2025,5/nov/2030,VIGENTE
MASCULINO,VENADO TUERTO,RENOVACIÓN,B.2,5/nov/2025,5/nov/2025,5/nov/2026,VIGENTE
MASCULINO,VENADO TUERTO,DUPLICADO,B.2,5/nov/2025,5/nov/2025,14/mar/2028,VIGENTE
MASCULINO,VENADO TUERTO,RENOVACIÓN,B.2,5/nov/2025,5/nov/2025,5/nov/2026,VIGENTE
FEMENINO,VENADO TUERTO,RENOVACIÓN,B.2,5/nov/2025,5/nov/2025,5/nov/2030,VIGENTE
FEMENINO,VENADO TUERTO,RENOVACIÓN,B.2,5/nov/2025,5/nov/2025,5/nov/2026,VIGENTE
MASCULINO,VENADO TUERTO,RENOVACIÓN,"A.2.1, B.1",5/nov/2025,5/nov/2025,5/nov/2026,VIGENTE
MASCULINO,VENADO TUERTO,RENOVACIÓN,B.2,5/nov/2025,5/nov/2025,5/nov/2028,VIGENTE
MASCULINO,VENADO TUERTO,RENOVACIÓN,"A.2.1, B.1",5/nov/2025,5/nov/2025,5/nov/2028,VIGENTE
MASCULINO,VENADO TUERTO,RENOVACIÓN,B.2,5/nov/2025,5/nov/2025,5/nov/2026,VIGENTE
MASCULINO,VENADO TUERTO,RENOVACIÓN,"A.2.1, B.2",5/nov/2025,5/nov/2025,5/nov/2028,VIGENTE
MASCULINO,VENADO TUERTO,RENOVACIÓN,A.2.1,5/nov/2025,5/nov/2025,5/nov/2030,VIGENTE
MASCULINO,VENADO TUERTO,RENOVACIÓN,"A.2.1, B.2",5/nov/2025,5/nov/2025,5/nov/2030,VIGENTE
MASCULINO,VENADO TUERTO,RENOVACIÓN,B.2,5/nov/2025,5/nov/2025,5/nov/2028,VIGENTE
FEMENINO,VENADO TUERTO,RENOVACIÓN,"A.2.1, B.1",5/nov/2025,5/nov/2025,5/nov/2030,VIGENTE
MASCULINO,SAN EDUARDO,RENOVACIÓN,"B.2, G.1, G.2",5/nov/2025,5/nov/2025,5/nov/2028,VIGENTE
FEMENINO,VENADO TUERTO,RENOVACIÓN,B.2,5/nov/2025,5/nov/2025,5/nov/2028,VIGENTE
MASCULINO,VENADO TUERTO,RENOVACIÓN,"A.2.1, B.2",5/nov/2025,5/nov/2025,5/nov/2030,VIGENTE
FEMENINO,VENADO TUERTO,RENOVACIÓN,A.2.1,5/nov/2025,5/nov/2025,5/nov/2026,VIGENTE
MASCULINO,VENADO TUERTO,RENOVACIÓN,"A.3, D.1, D.3",5/nov/2025,5/nov/2025,5/nov/2028,VIGENTE
MASCULINO,VENADO TUERTO,RENOVACIÓN,B.1,5/nov/2025,5/nov/2025,5/nov/2026,VIGENTE
FEMENINO,VENADO TUERTO,RENOVACIÓN,B.2,5/nov/2025,5/nov/2025,5/nov/2026,VIGENTE
FEMENINO,VENADO TUERTO,RENOVACIÓN,B.2,5/nov/2025,5/nov/2025,5/nov/2026,VIGENTE
MASCULINO,VENADO TUERTO,RENOVACIÓN,B.2,5/nov/2025,5/nov/2025,5/nov/2028,VIGENTE
MASCULINO,VENADO TUERTO,RENOVACIÓN,B.1,5/nov/2025,5/nov/2025,5/nov/2026,VIGENTE
MASCULINO,VENADO TUERTO,RENOVACIÓN,B.2,5/nov/2025,5/nov/2025,5/nov/2026,VIGENTE
FEMENINO,VENADO TUERTO,RENOVACIÓN,A.2.1,5/nov/2025,5/nov/2025,5/nov/2030,VIGENTE
FEMENINO,VENADO TUERTO,RENOVACIÓN,"A.2.1, B.1",5/nov/2025,5/nov/2025,5/nov/2030,VIGENTE
FEMENINO,VENADO TUERTO,RENOVACIÓN,A.2.1,5/nov/2025,5/nov/2025,5/nov/2030,VIGENTE
FEMENINO,VENADO TUERTO,RENOVACIÓN,"A.2.2, B.2",5/nov/2025,5/nov/2025,5/nov/2030,VIGENTE
MASCULINO,VENADO TUERTO,RENOVACIÓN,B.1,5/nov/2025,5/nov/2025,5/nov/2030,VIGENTE
MASCULINO,VENADO TUERTO,RENOVACIÓN,"B.2, D.1, D.3",5/nov/2025,5/nov/2025,5/nov/2026,VIGENTE
MASCULINO,VENADO TUERTO,RENOVACIÓN,"A.2.1, B.1",5/nov/2025,5/nov/2025,5/nov/2030,VIGENTE
FEMENINO,VENADO TUERTO,RENOVACIÓN,D.1,5/nov/2025,5/nov/2025,5/nov/2028,VIGENTE
FEMENINO,VENADO TUERTO,RENOVACIÓN,A.2.1,5/nov/2025,5/nov/2025,5/nov/2030,VIGENTE
FEMENINO,VENADO TUERTO,RENOVACIÓN,"A.2.2, B.2",5/nov/2025,5/nov/2025,5/nov/2026,VIGENTE
FEMENINO,VENADO TUERTO,RENOVACIÓN,A.2.1,5/nov/2025,5/nov/2025,5/nov/2030,VIGENTE
FEMENINO,VENADO TUERTO,RENOVACIÓN,B.2,5/nov/2025,5/nov/2025,5/nov/2028,VIGENTE
FEMENINO,VENADO TUERTO,RENOVACIÓN,B.2,5/nov/2025,5/nov/2025,5/nov/2026,VIGENTE
MASCULINO,VENADO TUERTO,RENOVACIÓN,B.2,5/nov/2025,5/nov/2025,5/nov/2026,VIGENTE
MASCULINO,VENADO TUERTO,RENOVACIÓN,"A.2.1, B.1",5/nov/2025,5/nov/2025,5/nov/2030,VIGENTE
MASCULINO,VENADO TUERTO,RENOVACIÓN CON AMPLIACIÓN,"A.3, B.2, D.3",5/nov/2025,5/nov/2025,5/nov/2030,VIGENTE
FEMENINO,VENADO TUERTO,RENOVACIÓN,B.1,5/nov/2025,5/nov/2025,5/nov/2030,VIGENTE
FEMENINO,VENADO TUERTO,RENOVACIÓN,B.2,5/nov/2025,5/nov/2025,5/nov/2030,VIGENTE
MASCULINO,VENADO TUERTO,RENOVACIÓN,"A.2.1, B.2",5/nov/2025,5/nov/2025,5/nov/2030,VIGENTE
MASCULINO,VENADO TUERTO,ORIGINAL,A.2.1,6/nov/2025,13/dic/2024,6/nov/2026,VIGENTE
MASCULINO,VENADO TUERTO,RENOVACIÓN CON AMPLIACIÓN,"A.2.1, D.1, E.1, E.2",6/nov/2025,21/oct/2025,6/nov/2030,VIGENTE
MASCULINO,VENADO TUERTO,ORIGINAL,A.2.1,6/nov/2025,21/oct/2025,6/nov/2026,VIGENTE
MASCULINO,VENADO TUERTO,RENOVACIÓN,B.1,6/nov/2025,23/oct/2025,6/nov/2030,VIGENTE
MASCULINO,VENADO TUERTO,RENOVACIÓN,"A.2.1, B.2",6/nov/2025,29/oct/2025,6/nov/2028,VIGENTE
FEMENINO,VENADO TUERTO,RENOVACIÓN,"A.2.1, D.1",6/nov/2025,3/nov/2025,6/nov/2030,VIGENTE
MASCULINO,VENADO TUERTO,RENOVACIÓN CON AMPLIACIÓN,"A.2.1, B.1",6/nov/2025,5/nov/2025,6/nov/2030,VIGENTE
MASCULINO,VENADO TUERTO,ORIGINAL,"A.2.1, B.2",6/nov/2025,5/nov/2025,6/nov/2028,VIGENTE
MASCULINO,VENADO TUERTO,RENOVACIÓN CON AMPLIACIÓN,"A.2.2, B.2",6/nov/2025,5/nov/2025,6/nov/2030,VIGENTE
MASCULINO,VENADO TUERTO,RENOVACIÓN,"A.2.1, B.2",6/nov/2025,5/nov/2025,6/nov/2030,VIGENTE
MASCULINO,VENADO TUERTO,ORIGINAL,B.2,6/nov/2025,5/nov/2025,6/nov/2026,VIGENTE
MASCULINO,VENADO TUERTO,RENOVACIÓN CON AMPLIACIÓN,"A.3, B.2",6/nov/2025,6/nov/2025,6/nov/2030,VIGENTE
MASCULINO,VENADO TUERTO,RENOVACIÓN,B.2,6/nov/2025,6/nov/2025,6/nov/2026,VIGENTE
MASCULINO,VENADO TUERTO,RENOVACIÓN,B.2,6/nov/2025,6/nov/2025,6/nov/2030,VIGENTE
FEMENINO,VENADO TUERTO,RENOVACIÓN,"A.2.1, B.2",6/nov/2025,6/nov/2025,6/nov/2030,VIGENTE
FEMENINO,VENADO TUERTO,RENOVACIÓN,A.2.1,6/nov/2025,6/nov/2025,6/nov/2028,VIGENTE
MASCULINO,VENADO TUERTO,DUPLICADO,B.2,6/nov/2025,6/nov/2025,29/nov/2028,VIGENTE
MASCULINO,VENADO TUERTO,ORIGINAL,"A.2.1, B.1",6/nov/2025,6/nov/2025,6/nov/2026,VIGENTE
MASCULINO,VENADO TUERTO,RENOVACIÓN,"A.2.1, E.1",6/nov/2025,6/nov/2025,6/nov/2028,VIGENTE
MASCULINO,VENADO TUERTO,RENOVACIÓN,B.2,6/nov/2025,6/nov/2025,6/nov/2026,VIGENTE
FEMENINO,VENADO TUERTO,RENOVACIÓN,B.2,6/nov/2025,6/nov/2025,6/nov/2026,VIGENTE
FEMENINO,VENADO TUERTO,RENOVACIÓN,"A.2.1, B.1",6/nov/2025,6/nov/2025,6/nov/2030,VIGENTE
FEMENINO,VENADO TUERTO,RENOVACIÓN,A.2.1,6/nov/2025,6/nov/2025,6/nov/2030,VIGENTE
FEMENINO,VENADO TUERTO,RENOVACIÓN,B.2,6/nov/2025,6/nov/2025,6/nov/2026,VIGENTE
MASCULINO,VENADO TUERTO,RENOVACIÓN,B.2,6/nov/2025,6/nov/2025,6/nov/2030,VIGENTE
MASCULINO,VENADO TUERTO,RENOVACIÓN,B.2,6/nov/2025,6/nov/2025,6/nov/2030,VIGENTE
MASCULINO,VENADO TUERTO,RENOVACIÓN,"A.2.1, B.2",6/nov/2025,6/nov/2025,6/nov/2030,VIGENTE
MASCULINO,VENADO TUERTO,RENOVACIÓN,B.2,6/nov/2025,6/nov/2025,6/nov/2026,VIGENTE
MASCULINO,VENADO TUERTO,RENOVACIÓN,"A.2.2, B.2",6/nov/2025,6/nov/2025,6/nov/2030,VIGENTE
MASCULINO,VENADO TUERTO,RENOVACIÓN,B.1,6/nov/2025,6/nov/2025,6/nov/2030,VIGENTE
MASCULINO,VENADO TUERTO,RENOVACIÓN,"A.2.1, B.1",6/nov/2025,6/nov/2025,6/nov/2028,VIGENTE
MASCULINO,VENADO TUERTO,ORIGINAL,"A.2.1, B.1",6/nov/2025,6/nov/2025,6/nov/2030,VIGENTE
MASCULINO,VENADO TUERTO,RENOVACIÓN,"B.2, C",6/nov/2025,6/nov/2025,6/nov/2030,VIGENTE
FEMENINO,VENADO TUERTO,RENOVACIÓN CON AMPLIACIÓN,"A.2.2, B.1",6/nov/2025,6/nov/2025,6/nov/2030,VIGENTE
MASCULINO,VENADO TUERTO,RENOVACIÓN,"B.2, C",6/nov/2025,6/nov/2025,6/nov/2026,VIGENTE
FEMENINO,VENADO TUERTO,RENOVACIÓN,B.2,6/nov/2025,6/nov/2025,6/nov/2030,VIGENTE
FEMENINO,VENADO TUERTO,RENOVACIÓN,"A.2.1, B.2",6/nov/2025,6/nov/2025,6/nov/2028,VIGENTE
MASCULINO,VENADO TUERTO,RENOVACIÓN,"A.3, B.1",6/nov/2025,6/nov/2025,6/nov/2030,VIGENTE
FEMENINO,VENADO TUERTO,RENOVACIÓN,"A.2.1, B.1",6/nov/2025,6/nov/2025,6/nov/2026,VIGENTE
MASCULINO,VENADO TUERTO,RENOVACIÓN,A.2.1,6/nov/2025,6/nov/2025,6/nov/2030,VIGENTE
MASCULINO,VENADO TUERTO,RENOVACIÓN,A.2.1,6/nov/2025,6/nov/2025,6/nov/2028,VIGENTE
FEMENINO,VENADO TUERTO,ORIGINAL,B.1,6/nov/2025,6/nov/2025,6/nov/2030,VIGENTE
MASCULINO,VENADO TUERTO,RENOVACIÓN,B.2,6/nov/2025,6/nov/2025,6/nov/2030,VIGENTE
FEMENINO,VENADO TUERTO,RENOVACIÓN,A.2.1,6/nov/2025,6/nov/2025,6/nov/2030,VIGENTE
FEMENINO,VENADO TUERTO,RENOVACIÓN,B.2,6/nov/2025,6/nov/2025,6/nov/2030,VIGENTE
FEMENINO,VENADO TUERTO,RENOVACIÓN,B.2,6/nov/2025,6/nov/2025,6/nov/2026,VIGENTE
MASCULINO,VENADO TUERTO,RENOVACIÓN,"A.2.2, B.2, C, E.2, G.1, G.2",6/nov/2025,6/nov/2025,6/nov/2028,VIGENTE
MASCULINO,VENADO TUERTO,RENOVACIÓN,B.1,6/nov/2025,6/nov/2025,6/nov/2026,VIGENTE
MASCULINO,VENADO TUERTO,RENOVACIÓN,B.1,6/nov/2025,6/nov/2025,6/nov/2026,VIGENTE
MASCULINO,VENADO TUERTO,RENOVACIÓN,B.2,6/nov/2025,6/nov/2025,6/nov/2026,VIGENTE
MASCULINO,VENADO TUERTO,RENOVACIÓN CON AMPLIACIÓN,"A.2.1, B.1",6/nov/2025,6/nov/2025,6/nov/2030,VIGENTE
MASCULINO,VENADO TUERTO,RENOVACIÓN,"A.2.2, E.1",6/nov/2025,6/nov/2025,6/nov/2030,VIGENTE
MASCULINO,VENADO TUERTO,RENOVACIÓN,D.1,6/nov/2025,6/nov/2025,6/nov/2028,VIGENTE
FEMENINO,VENADO TUERTO,RENOVACIÓN CON AMPLIACIÓN,"A.2.1, B.1",6/nov/2025,6/nov/2025,6/nov/2030,VIGENTE
MASCULINO,VENADO TUERTO,RENOVACIÓN,B.2,6/nov/2025,6/nov/2025,6/nov/2030,VIGENTE
FEMENINO,VENADO TUERTO,ORIGINAL,A.2.1,6/nov/2025,6/nov/2025,6/nov/2030,VIGENTE
FEMENINO,VENADO TUERTO,RENOVACIÓN,B.2,6/nov/2025,6/nov/2025,6/nov/2026,VIGENTE
FEMENINO,VENADO TUERTO,RENOVACIÓN,B.1,6/nov/2025,6/nov/2025,6/nov/2030,VIGENTE
MASCULINO,VENADO TUERTO,RENOVACIÓN,"A.2.1, E.1",6/nov/2025,6/nov/2025,6/nov/2028,VIGENTE
MASCULINO,VENADO TUERTO,ORIGINAL,"A.2.2, B.1",6/nov/2025,6/nov/2025,6/nov/2028,VIGENTE
FEMENINO,VENADO TUERTO,RENOVACIÓN,"A.2.1, B.1",6/nov/2025,6/nov/2025,6/nov/2030,VIGENTE
MASCULINO,VENADO TUERTO,ORIGINAL,"A.2.1, B.1",6/nov/2025,6/nov/2025,6/nov/2026,VIGENTE
FEMENINO,VENADO TUERTO,ORIGINAL,B.1,6/nov/2025,6/nov/2025,6/nov/2030,VIGENTE
MASCULINO,VENADO TUERTO,RENOVACIÓN,"A.3, C",7/nov/2025,9/oct/2025,7/nov/2026,VIGENTE
MASCULINO,VENADO TUERTO,ORIGINAL,"A.2.1, B.2",7/nov/2025,17/oct/2025,7/nov/2030,VIGENTE
MASCULINO,VENADO TUERTO,RENOVACIÓN,"A.3, E.1",7/nov/2025,27/oct/2025,7/nov/2030,VIGENTE
FEMENINO,VENADO TUERTO,RENOVACIÓN CON AMPLIACIÓN,"A.2.2, B.2",7/nov/2025,31/oct/2025,7/nov/2030,VIGENTE
FEMENINO,VENADO TUERTO,RENOVACIÓN,A.2.1,7/nov/2025,7/nov/2025,7/nov/2026,VIGENTE
MASCULINO,VENADO TUERTO,ORIGINAL,A.2.1,7/nov/2025,7/nov/2025,7/nov/2030,VIGENTE
FEMENINO,VENADO TUERTO,RENOVACIÓN,B.2,7/nov/2025,7/nov/2025,7/nov/2028,VIGENTE
MASCULINO,VENADO TUERTO,ORIGINAL,B.1,7/nov/2025,7/nov/2025,7/nov/2030,VIGENTE
MASCULINO,VENADO TUERTO,RENOVACIÓN,"A.2.2, B.2, C",7/nov/2025,7/nov/2025,7/nov/2028,VIGENTE
MASCULINO,VENADO TUERTO,RENOVACIÓN,E.1,7/nov/2025,7/nov/2025,7/abr/2027,VIGENTE
FEMENINO,VENADO TUERTO,RENOVACIÓN,B.2,7/nov/2025,7/nov/2025,7/nov/2026,VIGENTE
MASCULINO,VENADO TUERTO,RENOVACIÓN,B.2,7/nov/2025,7/nov/2025,7/nov/2026,VIGENTE
FEMENINO,VENADO TUERTO,RENOVACIÓN,"A.2.1, B.2",7/nov/2025,7/nov/2025,7/nov/2030,VIGENTE
MASCULINO,VENADO TUERTO,RENOVACIÓN CON AMPLIACIÓN,"A.2.1, B.1",7/nov/2025,7/nov/2025,7/nov/2030,VIGENTE
FEMENINO,VENADO TUERTO,RENOVACIÓN,"A.2.1, B.2",7/nov/2025,7/nov/2025,7/nov/2030,VIGENTE
MASCULINO,VENADO TUERTO,RENOVACIÓN,B.2,7/nov/2025,7/nov/2025,7/nov/2026,VIGENTE
MASCULINO,VENADO TUERTO,RENOVACIÓN,B.2,7/nov/2025,7/nov/2025,7/nov/2026,VIGENTE
MASCULINO,VENADO TUERTO,RENOVACIÓN,B.2,7/nov/2025,7/nov/2025,7/nov/2028,VIGENTE
MASCULINO,VENADO TUERTO,RENOVACIÓN,B.2,7/nov/2025,7/nov/2025,7/nov/2026,VIGENTE
FEMENINO,VENADO TUERTO,RENOVACIÓN,B.2,7/nov/2025,7/nov/2025,7/nov/2030,VIGENTE
MASCULINO,VENADO TUERTO,RENOVACIÓN,"A.3, B.2, D.1",7/nov/2025,7/nov/2025,7/nov/2028,VIGENTE
FEMENINO,VENADO TUERTO,RENOVACIÓN,B.2,7/nov/2025,7/nov/2025,7/nov/2028,VIGENTE
FEMENINO,VENADO TUERTO,RENOVACIÓN,B.2,7/nov/2025,7/nov/2025,7/nov/2026,VIGENTE
MASCULINO,VENADO TUERTO,RENOVACIÓN,B.1,7/nov/2025,7/nov/2025,7/nov/2028,VIGENTE
MASCULINO,VENADO TUERTO,ORIGINAL,A.2.1,7/nov/2025,7/nov/2025,7/nov/2026,VIGENTE
MASCULINO,VENADO TUERTO,RENOVACIÓN,B.1,7/nov/2025,7/nov/2025,7/nov/2026,VIGENTE
MASCULINO,VENADO TUERTO,RENOVACIÓN CON AMPLIACIÓN,"A.3, B.2",7/nov/2025,7/nov/2025,7/nov/2030,VIGENTE
MASCULINO,VENADO TUERTO,RENOVACIÓN,B.2,7/nov/2025,7/nov/2025,7/nov/2030,VIGENTE
FEMENINO,VENADO TUERTO,RENOVACIÓN,B.2,7/nov/2025,7/nov/2025,7/nov/2030,VIGENTE
FEMENINO,VENADO TUERTO,RENOVACIÓN,B.2,7/nov/2025,7/nov/2025,7/nov/2030,VIGENTE
MASCULINO,VENADO TUERTO,RENOVACIÓN,B.2,7/nov/2025,7/nov/2025,7/nov/2028,VIGENTE
FEMENINO,VENADO TUERTO,RENOVACIÓN CON AMPLIACIÓN,"A.2.1, B.1",7/nov/2025,7/nov/2025,7/nov/2030,VIGENTE
MASCULINO,VENADO TUERTO,RENOVACIÓN,A.2.1,7/nov/2025,7/nov/2025,7/nov/2026,VIGENTE
FEMENINO,VENADO TUERTO,RENOVACIÓN CON AMPLIACIÓN,"A.2.1, B.1",7/nov/2025,7/nov/2025,7/nov/2030,VIGENTE
MASCULINO,VENADO TUERTO,RENOVACIÓN,"A.2.1, B.1",7/nov/2025,7/nov/2025,7/nov/2030,VIGENTE
MASCULINO,VENADO TUERTO,RENOVACIÓN,"A.2.1, B.1",7/nov/2025,7/nov/2025,7/nov/2028,VIGENTE
MASCULINO,VENADO TUERTO,RENOVACIÓN,B.2,7/nov/2025,7/nov/2025,7/nov/2030,VIGENTE
FEMENINO,VENADO TUERTO,RENOVACIÓN,"A.2.1, B.2",7/nov/2025,7/nov/2025,7/nov/2026,VIGENTE
MASCULINO,VENADO TUERTO,RENOVACIÓN,B.2,7/nov/2025,7/nov/2025,7/ene/2026,VIGENTE
MASCULINO,VENADO TUERTO,RENOVACIÓN,B.2,7/nov/2025,7/nov/2025,7/nov/2030,VIGENTE
FEMENINO,VENADO TUERTO,RENOVACIÓN,B.2,7/nov/2025,7/nov/2025,7/nov/2028,VIGENTE
MASCULINO,VENADO TUERTO,RENOVACIÓN,"A.2.1, B.1",7/nov/2025,7/nov/2025,7/nov/2030,VIGENTE
MASCULINO,VENADO TUERTO,RENOVACIÓN,B.2,7/nov/2025,7/nov/2025,7/nov/2026,VIGENTE
FEMENINO,VENADO TUERTO,RENOVACIÓN,B.1,7/nov/2025,7/nov/2025,7/nov/2030,VIGENTE
MASCULINO,VENADO TUERTO,RENOVACIÓN,"A.2.1, B.1",7/nov/2025,7/nov/2025,7/nov/2030,VIGENTE
FEMENINO,VENADO TUERTO,RENOVACIÓN,B.2,7/nov/2025,7/nov/2025,7/nov/2030,VIGENTE
FEMENINO,VENADO TUERTO,RENOVACIÓN,B.2,7/nov/2025,7/nov/2025,7/nov/2028,VIGENTE
FEMENINO,VENADO TUERTO,RENOVACIÓN,"A.2.1, B.1",7/nov/2025,7/nov/2025,7/nov/2030,VIGENTE
FEMENINO,VENADO TUERTO,RENOVACIÓN,B.2,7/nov/2025,7/nov/2025,7/nov/2028,VIGENTE
FEMENINO,VENADO TUERTO,RENOVACIÓN,B.1,7/nov/2025,7/nov/2025,7/nov/2030,VIGENTE
MASCULINO,VENADO TUERTO,RENOVACIÓN,A.2.1,7/nov/2025,7/nov/2025,7/nov/2030,VIGENTE
MASCULINO,VENADO TUERTO,RENOVACIÓN,"A.2.2, B.2",7/nov/2025,7/nov/2025,7/nov/2030,VIGENTE
MASCULINO,VENADO TUERTO,RENOVACIÓN CON AMPLIACIÓN,"A.2.1, B.1",7/nov/2025,7/nov/2025,7/nov/2028,VIGENTE
MASCULINO,VENADO TUERTO,RENOVACIÓN,"A.2.1, B.2, D.1",7/nov/2025,7/nov/2025,7/nov/2030,VIGENTE
FEMENINO,VENADO TUERTO,RENOVACIÓN,B.1,7/nov/2025,7/nov/2025,7/nov/2030,VIGENTE
MASCULINO,VENADO TUERTO,RENOVACIÓN,"A.2.1, B.2",7/nov/2025,7/nov/2025,7/nov/2028,VIGENTE
FEMENINO,VENADO TUERTO,RENOVACIÓN,"A.2.1, B.2",7/nov/2025,7/nov/2025,7/nov/2030,VIGENTE
MASCULINO,VENADO TUERTO,RENOVACIÓN,"A.3, B.2, G.1, G.2",7/nov/2025,7/nov/2025,7/nov/2030,VIGENTE
FEMENINO,VENADO TUERTO,RENOVACIÓN,"A.2.1, B.1",7/nov/2025,7/nov/2025,7/nov/2030,VIGENTE
MASCULINO,VENADO TUERTO,RENOVACIÓN,B.1,7/nov/2025,7/nov/2025,7/nov/2030,VIGENTE
MASCULINO,VENADO TUERTO,RENOVACIÓN CON AMPLIACIÓN,"A.2.1, B.1, E.2",8/nov/2025,5/nov/2025,8/nov/2030,VIGENTE
MASCULINO,VENADO TUERTO,RENOVACIÓN CON AMPLIACIÓN,"A.2.1, B.1, E.2",8/nov/2025,5/nov/2025,8/nov/2030,VIGENTE
MASCULINO,VENADO TUERTO,RENOVACIÓN CON AMPLIACIÓN,"A.2.2, B.1, E.2",8/nov/2025,6/nov/2025,8/nov/2030,VIGENTE
MASCULINO,VENADO TUERTO,RENOVACIÓN CON AMPLIACIÓN,"A.2.2, B.2, E.2",8/nov/2025,6/nov/2025,8/nov/2030,VIGENTE
MASCULINO,VENADO TUERTO,RENOVACIÓN CON AMPLIACIÓN,"A.2.1, B.1, E.2",8/nov/2025,7/nov/2025,8/nov/2030,VIGENTE
MASCULINO,VENADO TUERTO,RENOVACIÓN CON AMPLIACIÓN,"A.2.1, E.1, E.2",8/nov/2025,7/nov/2025,8/may/2026,VIGENTE
MASCULINO,VENADO TUERTO,RENOVACIÓN,A.2.1,11/nov/2025,7/jul/2025,11/nov/2028,VIGENTE
MASCULINO,VENADO TUERTO,RENOVACIÓN,B.2,11/nov/2025,1/ago/2025,11/nov/2026,VIGENTE
FEMENINO,VENADO TUERTO,ORIGINAL,A.2.1,11/nov/2025,16/sept/2025,11/nov/2026,VIGENTE
FEMENINO,VENADO TUERTO,ORIGINAL,A.2.1,11/nov/2025,26/sept/2025,11/nov/2030,VIGENTE
MASCULINO,VENADO TUERTO,ORIGINAL,"A.2.1, B.2",11/nov/2025,9/oct/2025,11/nov/2030,VIGENTE
MASCULINO,VENADO TUERTO,ORIGINAL,A.2.1,11/nov/2025,20/oct/2025,11/nov/2030,VIGENTE
MASCULINO,VENADO TUERTO,RENOVACIÓN CON AMPLIACIÓN,"A.2.1, B.1, G.1",11/nov/2025,29/oct/2025,11/nov/2028,VIGENTE
MASCULINO,VENADO TUERTO,ORIGINAL,B.1,11/nov/2025,30/oct/2025,11/nov/2030,VIGENTE
MASCULINO,VENADO TUERTO,ORIGINAL,A.2.1,11/nov/2025,30/oct/2025,11/nov/2030,VIGENTE
MASCULINO,VENADO TUERTO,RENOVACIÓN,E.1,11/nov/2025,4/nov/2025,11/nov/2028,VIGENTE
MASCULINO,VENADO TUERTO,RENOVACIÓN,E.1,11/nov/2025,6/nov/2025,11/nov/2028,VIGENTE
MASCULINO,VENADO TUERTO,RENOVACIÓN,"E.1, G.1, G.2",11/nov/2025,6/nov/2025,11/nov/2030,VIGENTE
MASCULINO,VENADO TUERTO,RENOVACIÓN,B.2,11/nov/2025,6/nov/2025,11/nov/2026,VIGENTE
FEMENINO,VENADO TUERTO,ORIGINAL,A.2.1,11/nov/2025,7/nov/2025,11/nov/2030,VIGENTE
FEMENINO,VENADO TUERTO,ORIGINAL,A.2.1,11/nov/2025,7/nov/2025,11/nov/2030,VIGENTE
MASCULINO,VENADO TUERTO,ORIGINAL,A.2.1,11/nov/2025,7/nov/2025,11/nov/2030,VIGENTE
MASCULINO,VENADO TUERTO,RENOVACIÓN CON AMPLIACIÓN,"A.3, B.2",11/nov/2025,7/nov/2025,11/nov/2030,VIGENTE
FEMENINO,VENADO TUERTO,ORIGINAL,"A.2.1, B.1",11/nov/2025,7/nov/2025,11/nov/2030,VIGENTE
MASCULINO,VENADO TUERTO,RENOVACIÓN,B.1,11/nov/2025,11/nov/2025,11/nov/2030,VIGENTE
MASCULINO,VENADO TUERTO,RENOVACIÓN,"A.2.1, E.1",11/nov/2025,11/nov/2025,11/oct/2026,VIGENTE
FEMENINO,VENADO TUERTO,ORIGINAL,A.2.1,11/nov/2025,11/nov/2025,11/nov/2026,VIGENTE
FEMENINO,VENADO TUERTO,RENOVACIÓN,B.2,11/nov/2025,11/nov/2025,11/nov/2026,VIGENTE
FEMENINO,VENADO TUERTO,RENOVACIÓN,B.2,11/nov/2025,11/nov/2025,11/nov/2026,VIGENTE
FEMENINO,VENADO TUERTO,RENOVACIÓN,B.2,11/nov/2025,11/nov/2025,11/nov/2028,VIGENTE
MASCULINO,VENADO TUERTO,RENOVACIÓN,B.2,11/nov/2025,11/nov/2025,11/nov/2028,VIGENTE
MASCULINO,VENADO TUERTO,RENOVACIÓN,"A.2.1, B.1",11/nov/2025,11/nov/2025,11/nov/2030,VIGENTE
FEMENINO,VENADO TUERTO,RENOVACIÓN,B.2,11/nov/2025,11/nov/2025,11/nov/2026,VIGENTE
FEMENINO,VENADO TUERTO,ORIGINAL,B.1,11/nov/2025,11/nov/2025,11/nov/2030,VIGENTE
FEMENINO,VENADO TUERTO,RENOVACIÓN,B.1,11/nov/2025,11/nov/2025,11/nov/2030,VIGENTE
FEMENINO,VENADO TUERTO,RENOVACIÓN,"A.2.1, B.2",11/nov/2025,11/nov/2025,11/nov/2030,VIGENTE
MASCULINO,VENADO TUERTO,RENOVACIÓN,"A.2.1, B.1",11/nov/2025,11/nov/2025,11/nov/2030,VIGENTE
MASCULINO,VENADO TUERTO,RENOVACIÓN,B.2,11/nov/2025,11/nov/2025,11/nov/2026,VIGENTE
FEMENINO,VENADO TUERTO,RENOVACIÓN,B.2,11/nov/2025,11/nov/2025,11/nov/2030,VIGENTE
MASCULINO,VENADO TUERTO,RENOVACIÓN,"A.2.1, B.2",11/nov/2025,11/nov/2025,11/nov/2030,VIGENTE
FEMENINO,VENADO TUERTO,RENOVACIÓN,B.1,11/nov/2025,11/nov/2025,11/nov/2030,VIGENTE
MASCULINO,VENADO TUERTO,RENOVACIÓN,B.2,11/nov/2025,11/nov/2025,11/nov/2028,VIGENTE
MASCULINO,VENADO TUERTO,RENOVACIÓN,B.2,11/nov/2025,11/nov/2025,11/nov/2028,VIGENTE
MASCULINO,VENADO TUERTO,RENOVACIÓN,"A.2.1, B.1",11/nov/2025,11/nov/2025,11/nov/2028,VIGENTE
FEMENINO,VENADO TUERTO,RENOVACIÓN,B.1,11/nov/2025,11/nov/2025,11/nov/2028,VIGENTE
FEMENINO,VENADO TUERTO,ORIGINAL,"A.2.1, B.1",11/nov/2025,11/nov/2025,11/nov/2026,VIGENTE
MASCULINO,VENADO TUERTO,RENOVACIÓN,"A.2.1, E.1",11/nov/2025,11/nov/2025,11/nov/2030,VIGENTE
MASCULINO,VENADO TUERTO,RENOVACIÓN,B.2,11/nov/2025,11/nov/2025,11/nov/2026,VIGENTE
MASCULINO,VENADO TUERTO,RENOVACIÓN,B.2,11/nov/2025,11/nov/2025,11/nov/2026,VIGENTE
MASCULINO,VENADO TUERTO,ORIGINAL,B.1,11/nov/2025,11/nov/2025,11/nov/2030,VIGENTE
FEMENINO,VENADO TUERTO,RENOVACIÓN,B.2,11/nov/2025,11/nov/2025,11/nov/2026,VIGENTE
MASCULINO,VENADO TUERTO,RENOVACIÓN,"A.2.2, B.2",11/nov/2025,11/nov/2025,11/nov/2030,VIGENTE
MASCULINO,VENADO TUERTO,RENOVACIÓN,"A.3, D.1, D.3, E.1",11/nov/2025,11/nov/2025,11/nov/2028,VIGENTE
MASCULINO,VENADO TUERTO,RENOVACIÓN CON AMPLIACIÓN,"A.2.1, B.1",11/nov/2025,11/nov/2025,11/nov/2030,VIGENTE
MASCULINO,VENADO TUERTO,RENOVACIÓN,B.2,11/nov/2025,11/nov/2025,11/nov/2026,VIGENTE
MASCULINO,VENADO TUERTO,RENOVACIÓN,"A.2.1, B.2",11/nov/2025,11/nov/2025,11/nov/2030,VIGENTE
MASCULINO,VENADO TUERTO,RENOVACIÓN CON AMPLIACIÓN,"A.2.1, B.2",11/nov/2025,11/nov/2025,11/nov/2026,VIGENTE
FEMENINO,VENADO TUERTO,RENOVACIÓN,B.2,11/nov/2025,11/nov/2025,11/nov/2026,VIGENTE
FEMENINO,VENADO TUERTO,RENOVACIÓN,A.2.1,11/nov/2025,11/nov/2025,11/nov/2030,VIGENTE
FEMENINO,VENADO TUERTO,RENOVACIÓN,B.2,11/nov/2025,11/nov/2025,11/nov/2026,VIGENTE
MASCULINO,VENADO TUERTO,RENOVACIÓN CON AMPLIACIÓN,"A.3, B.1",11/nov/2025,11/nov/2025,11/nov/2030,VIGENTE
FEMENINO,VENADO TUERTO,ORIGINAL,A.2.1,11/nov/2025,11/nov/2025,11/nov/2030,VIGENTE
FEMENINO,VENADO TUERTO,RENOVACIÓN,A.2.1,11/nov/2025,11/nov/2025,11/nov/2030,VIGENTE
MASCULINO,VENADO TUERTO,RENOVACIÓN,"A.2.1, E.1",11/nov/2025,11/nov/2025,11/nov/2026,VIGENTE
MASCULINO,VENADO TUERTO,RENOVACIÓN,B.2,11/nov/2025,11/nov/2025,11/nov/2026,VIGENTE
MASCULINO,VENADO TUERTO,RENOVACIÓN,"A.3, B.2",11/nov/2025,11/nov/2025,11/nov/2030,VIGENTE
MASCULINO,VENADO TUERTO,RENOVACIÓN,E.1,11/nov/2025,11/nov/2025,11/nov/2028,VIGENTE
MASCULINO,VENADO TUERTO,RENOVACIÓN,B.2,11/nov/2025,11/nov/2025,11/nov/2026,VIGENTE
MASCULINO,VENADO TUERTO,RENOVACIÓN,"A.3, B.2",11/nov/2025,11/nov/2025,11/nov/2030,VIGENTE
MASCULINO,VENADO TUERTO,RENOVACIÓN,"B.2, C",11/nov/2025,11/nov/2025,11/nov/2030,VIGENTE
FEMENINO,VENADO TUERTO,RENOVACIÓN,B.1,11/nov/2025,11/nov/2025,11/nov/2030,VIGENTE
MASCULINO,VENADO TUERTO,RENOVACIÓN,B.2,11/nov/2025,11/nov/2025,11/nov/2030,VIGENTE
MASCULINO,VENADO TUERTO,RENOVACIÓN,E.1,11/nov/2025,11/nov/2025,11/nov/2027,VIGENTE
MASCULINO,VENADO TUERTO,RENOVACIÓN,"A.2.1, B.1",11/nov/2025,11/nov/2025,11/nov/2030,VIGENTE
FEMENINO,VENADO TUERTO,RENOVACIÓN,B.2,11/nov/2025,11/nov/2025,11/nov/2030,VIGENTE
MASCULINO,VENADO TUERTO,RENOVACIÓN,B.2,11/nov/2025,11/nov/2025,11/nov/2028,VIGENTE
MASCULINO,VENADO TUERTO,RENOVACIÓN,B.2,11/nov/2025,11/nov/2025,11/nov/2026,VIGENTE
FEMENINO,VENADO TUERTO,RENOVACIÓN,A.2.1,11/nov/2025,11/nov/2025,11/nov/2030,VIGENTE
MASCULINO,VENADO TUERTO,ORIGINAL,"A.2.1, B.1",11/nov/2025,11/nov/2025,11/nov/2026,VIGENTE
MASCULINO,VENADO TUERTO,RENOVACIÓN,"A.2.1, E.1, E.2",11/nov/2025,11/nov/2025,11/nov/2028,VIGENTE
MASCULINO,VENADO TUERTO,ORIGINAL,A.2.1,11/nov/2025,11/nov/2025,11/nov/2026,VIGENTE
FEMENINO,VENADO TUERTO,ORIGINAL,"A.2.1, B.1",11/nov/2025,11/nov/2025,11/nov/2030,VIGENTE
MASCULINO,VENADO TUERTO,RENOVACIÓN,"A.2.1, B.2",11/nov/2025,11/nov/2025,11/nov/2026,VIGENTE
FEMENINO,VENADO TUERTO,ORIGINAL,A.2.1,12/nov/2025,30/oct/2025,12/nov/2030,VIGENTE
MASCULINO,VENADO TUERTO,ORIGINAL,"A.2.2, B.2, C",12/nov/2025,31/oct/2025,12/nov/2030,VIGENTE
MASCULINO,VENADO TUERTO,RENOVACIÓN,"A.3, E.1",12/nov/2025,5/nov/2025,12/nov/2028,VIGENTE
MASCULINO,VENADO TUERTO,RENOVACIÓN,"A.2.1, B.1",12/nov/2025,5/nov/2025,12/nov/2030,VIGENTE
FEMENINO,VENADO TUERTO,RENOVACIÓN,A.2.1,12/nov/2025,11/nov/2025,12/nov/2030,VIGENTE
MASCULINO,VENADO TUERTO,RENOVACIÓN CON AMPLIACIÓN,"A.2.2, B.1",12/nov/2025,11/nov/2025,12/nov/2030,VIGENTE
FEMENINO,VENADO TUERTO,RENOVACIÓN CON AMPLIACIÓN,"A.3, D.1, D.3",12/nov/2025,11/nov/2025,12/nov/2030,VIGENTE
FEMENINO,VENADO TUERTO,RENOVACIÓN,B.2,12/nov/2025,12/nov/2025,12/nov/2030,VIGENTE
FEMENINO,VENADO TUERTO,RENOVACIÓN,"A.2.1, B.2",12/nov/2025,12/nov/2025,12/nov/2030,VIGENTE
MASCULINO,VENADO TUERTO,RENOVACIÓN,B.1,12/nov/2025,12/nov/2025,12/nov/2030,VIGENTE
MASCULINO,VENADO TUERTO,RENOVACIÓN,"A.2.1, B.1",12/nov/2025,12/nov/2025,12/nov/2030,VIGENTE
FEMENINO,VENADO TUERTO,RENOVACIÓN,A.2.1,12/nov/2025,12/nov/2025,12/nov/2030,VIGENTE
FEMENINO,VENADO TUERTO,ORIGINAL,A.2.1,12/nov/2025,12/nov/2025,12/nov/2030,VIGENTE
FEMENINO,VENADO TUERTO,RENOVACIÓN,B.2,12/nov/2025,12/nov/2025,12/nov/2026,VIGENTE
FEMENINO,VENADO TUERTO,DUPLICADO,A.2.1,12/nov/2025,12/nov/2025,13/ago/2030,VIGENTE
FEMENINO,VENADO TUERTO,RENOVACIÓN,B.2,12/nov/2025,12/nov/2025,12/nov/2026,VIGENTE
MASCULINO,VENADO TUERTO,RENOVACIÓN,"A.3, B.2",12/nov/2025,12/nov/2025,12/nov/2030,VIGENTE
MASCULINO,VENADO TUERTO,ORIGINAL,"A.3, B.2",12/nov/2025,12/nov/2025,12/nov/2030,VIGENTE
FEMENINO,VENADO TUERTO,RENOVACIÓN,B.2,12/nov/2025,12/nov/2025,12/nov/2028,VIGENTE
FEMENINO,VENADO TUERTO,RENOVACIÓN CON AMPLIACIÓN,"A.2.1, B.1",12/nov/2025,12/nov/2025,12/nov/2030,VIGENTE
FEMENINO,VENADO TUERTO,RENOVACIÓN,B.2,12/nov/2025,12/nov/2025,12/nov/2026,VIGENTE
MASCULINO,VENADO TUERTO,RENOVACIÓN,"A.2.1, B.2",12/nov/2025,12/nov/2025,12/nov/2030,VIGENTE
FEMENINO,VENADO TUERTO,ORIGINAL,A.2.1,12/nov/2025,12/nov/2025,12/nov/2030,VIGENTE
FEMENINO,VENADO TUERTO,RENOVACIÓN,"A.2.1, B.2",12/nov/2025,12/nov/2025,12/nov/2030,VIGENTE
MASCULINO,VENADO TUERTO,RENOVACIÓN,D.1,12/nov/2025,12/nov/2025,12/nov/2026,VIGENTE
FEMENINO,VENADO TUERTO,RENOVACIÓN,B.2,12/nov/2025,12/nov/2025,12/nov/2030,VIGENTE
FEMENINO,VENADO TUERTO,RENOVACIÓN,"A.2.2, B.2",12/nov/2025,12/nov/2025,12/nov/2030,VIGENTE
MASCULINO,VENADO TUERTO,RENOVACIÓN CON AMPLIACIÓN,"A.2.1, B.1",12/nov/2025,12/nov/2025,12/nov/2030,VIGENTE
MASCULINO,VENADO TUERTO,RENOVACIÓN,B.1,12/nov/2025,12/nov/2025,12/nov/2030,VIGENTE
MASCULINO,VENADO TUERTO,RENOVACIÓN CON AMPLIACIÓN,"A.3, E.1",12/nov/2025,12/nov/2025,12/nov/2028,VIGENTE
FEMENINO,VENADO TUERTO,RENOVACIÓN,B.2,12/nov/2025,12/nov/2025,12/nov/2026,VIGENTE
MASCULINO,VENADO TUERTO,RENOVACIÓN CON AMPLIACIÓN,"A.2.1, B.2, C, D.1, G.1",12/nov/2025,12/nov/2025,12/nov/2030,VIGENTE
MASCULINO,VENADO TUERTO,RENOVACIÓN,"A.2.1, B.1",12/nov/2025,12/nov/2025,12/nov/2030,VIGENTE
MASCULINO,VENADO TUERTO,RENOVACIÓN,B.2,12/nov/2025,12/nov/2025,12/nov/2026,VIGENTE
MASCULINO,VENADO TUERTO,RENOVACIÓN CON AMPLIACIÓN,"A.3, B.2",12/nov/2025,12/nov/2025,12/nov/2030,VIGENTE
FEMENINO,VENADO TUERTO,RENOVACIÓN,B.2,12/nov/2025,12/nov/2025,12/nov/2028,VIGENTE
MASCULINO,VENADO TUERTO,RENOVACIÓN CON AMPLIACIÓN,"A.3, B.1",12/nov/2025,12/nov/2025,12/nov/2030,VIGENTE
MASCULINO,VENADO TUERTO,ORIGINAL,B.1,12/nov/2025,12/nov/2025,12/nov/2026,VIGENTE
MASCULINO,VENADO TUERTO,RENOVACIÓN,"B.2, E.2",12/nov/2025,12/nov/2025,12/nov/2028,VIGENTE
FEMENINO,VENADO TUERTO,RENOVACIÓN,B.1,12/nov/2025,12/nov/2025,12/nov/2030,VIGENTE
FEMENINO,VENADO TUERTO,RENOVACIÓN,B.2,12/nov/2025,12/nov/2025,12/nov/2026,VIGENTE
MASCULINO,VENADO TUERTO,RENOVACIÓN,"A.2.1, B.1",12/nov/2025,12/nov/2025,12/nov/2028,VIGENTE
FEMENINO,VENADO TUERTO,RENOVACIÓN,A.2.1,12/nov/2025,12/nov/2025,12/nov/2030,VIGENTE
FEMENINO,VENADO TUERTO,ORIGINAL,A.2.1,12/nov/2025,12/nov/2025,12/nov/2030,VIGENTE
MASCULINO,VENADO TUERTO,RENOVACIÓN,"A.2.1, B.1",12/nov/2025,12/nov/2025,12/nov/2030,VIGENTE
MASCULINO,VENADO TUERTO,RENOVACIÓN,"B.1, G.1, G.2",12/nov/2025,12/nov/2025,12/nov/2030,VIGENTE
FEMENINO,VENADO TUERTO,RENOVACIÓN,B.1,12/nov/2025,12/nov/2025,12/nov/2026,VIGENTE
FEMENINO,VENADO TUERTO,RENOVACIÓN,A.2.1,12/nov/2025,12/nov/2025,12/nov/2026,VIGENTE
FEMENINO,VENADO TUERTO,RENOVACIÓN,"A.2.1, B.1",12/nov/2025,12/nov/2025,12/nov/2030,VIGENTE
MASCULINO,VENADO TUERTO,RENOVACIÓN,B.2,12/nov/2025,12/nov/2025,12/nov/2026,VIGENTE
MASCULINO,VENADO TUERTO,RENOVACIÓN,C,12/nov/2025,12/nov/2025,12/nov/2028,VIGENTE
MASCULINO,VENADO TUERTO,RENOVACIÓN,"A.2.2, B.2",12/nov/2025,12/nov/2025,12/nov/2030,VIGENTE
MASCULINO,VENADO TUERTO,RENOVACIÓN,B.2,12/nov/2025,12/nov/2025,12/nov/2030,VIGENTE
FEMENINO,VENADO TUERTO,ORIGINAL,A.2.1,12/nov/2025,12/nov/2025,12/nov/2030,VIGENTE
FEMENINO,VENADO TUERTO,RENOVACIÓN,B.2,12/nov/2025,12/nov/2025,12/nov/2026,VIGENTE
FEMENINO,VENADO TUERTO,RENOVACIÓN,A.2.1,12/nov/2025,12/nov/2025,12/nov/2030,VIGENTE
MASCULINO,VENADO TUERTO,ORIGINAL,"A.2.1, B.1",12/nov/2025,12/nov/2025,12/nov/2030,VIGENTE
MASCULINO,VENADO TUERTO,RENOVACIÓN,"A.2.1, B.2, D.1, D.3",12/nov/2025,12/nov/2025,12/nov/2028,VIGENTE
MASCULINO,VENADO TUERTO,RENOVACIÓN,"A.2.1, B.2, C",12/nov/2025,12/nov/2025,12/nov/2030,VIGENTE
FEMENINO,VENADO TUERTO,ORIGINAL,B.1,12/nov/2025,12/nov/2025,12/nov/2026,VIGENTE
FEMENINO,VENADO TUERTO,RENOVACIÓN,B.1,12/nov/2025,12/nov/2025,12/nov/2028,VIGENTE
MASCULINO,VENADO TUERTO,RENOVACIÓN,B.2,12/nov/2025,12/nov/2025,12/nov/2026,VIGENTE
MASCULINO,VENADO TUERTO,RENOVACIÓN,"A.2.1, B.2, C, E.2, G.1",12/nov/2025,12/nov/2025,12/nov/2030,VIGENTE
MASCULINO,VENADO TUERTO,RENOVACIÓN,B.2,12/nov/2025,12/nov/2025,12/nov/2026,VIGENTE
FEMENINO,VENADO TUERTO,RENOVACIÓN,A.2.1,12/nov/2025,12/nov/2025,12/nov/2030,VIGENTE
FEMENINO,VENADO TUERTO,RENOVACIÓN,"A.2.1, B.2",12/nov/2025,12/nov/2025,12/nov/2030,VIGENTE
FEMENINO,VENADO TUERTO,RENOVACIÓN,"A.2.1, B.1",12/nov/2025,12/nov/2025,12/nov/2030,VIGENTE
MASCULINO,VENADO TUERTO,RENOVACIÓN,"A.3, B.2",12/nov/2025,12/nov/2025,12/nov/2028,VIGENTE
FEMENINO,VENADO TUERTO,RENOVACIÓN,B.2,13/nov/2025,6/ene/2025,13/nov/2028,VIGENTE
MASCULINO,VENADO TUERTO,ORIGINAL,A.2.1,13/nov/2025,25/ago/2025,13/nov/2026,VIGENTE
FEMENINO,VENADO TUERTO,ORIGINAL,A.2.1,13/nov/2025,8/sept/2025,13/nov/2030,VIGENTE
FEMENINO,VENADO TUERTO,ORIGINAL,A.2.1,13/nov/2025,15/oct/2025,13/nov/2030,VIGENTE
MASCULINO,VENADO TUERTO,ORIGINAL,A.2.1,13/nov/2025,20/oct/2025,13/nov/2030,VIGENTE
FEMENINO,VENADO TUERTO,RENOVACIÓN,"A.2.1, B.1",13/nov/2025,21/oct/2025,13/nov/2030,VIGENTE
MASCULINO,VENADO TUERTO,RENOVACIÓN CON AMPLIACIÓN,"A.2.1, B.1",13/nov/2025,29/oct/2025,13/nov/2030,VIGENTE
MASCULINO,VENADO TUERTO,ORIGINAL,A.2.1,13/nov/2025,30/oct/2025,13/nov/2030,VIGENTE
MASCULINO,VENADO TUERTO,RENOVACIÓN CON AMPLIACIÓN,"A.2.1, B.2",13/nov/2025,31/oct/2025,13/nov/2030,VIGENTE
MASCULINO,VENADO TUERTO,ORIGINAL,"A.2.1, B.1",13/nov/2025,3/nov/2025,13/nov/2026,VIGENTE
FEMENINO,VENADO TUERTO,ORIGINAL,"A.2.1, B.1",13/nov/2025,3/nov/2025,13/nov/2030,VIGENTE
FEMENINO,VENADO TUERTO,ORIGINAL,A.2.1,13/nov/2025,3/nov/2025,13/nov/2030,VIGENTE
FEMENINO,VENADO TUERTO,RENOVACIÓN,A.2.1,13/nov/2025,11/nov/2025,13/nov/2030,VIGENTE
FEMENINO,VENADO TUERTO,ORIGINAL,A.2.1,13/nov/2025,12/nov/2025,13/nov/2030,VIGENTE
FEMENINO,VENADO TUERTO,RENOVACIÓN,A.2.1,13/nov/2025,13/nov/2025,13/nov/2030,VIGENTE
FEMENINO,VENADO TUERTO,RENOVACIÓN,"A.2.1, B.1",13/nov/2025,13/nov/2025,13/nov/2030,VIGENTE
MASCULINO,VENADO TUERTO,RENOVACIÓN CON AMPLIACIÓN,"A.2.2, B.1",13/nov/2025,13/nov/2025,13/nov/2028,VIGENTE
MASCULINO,VENADO TUERTO,ORIGINAL,A.2.1,13/nov/2025,13/nov/2025,13/nov/2030,VIGENTE
MASCULINO,VENADO TUERTO,RENOVACIÓN CON AMPLIACIÓN,"A.3, B.1",13/nov/2025,13/nov/2025,13/nov/2030,VIGENTE
FEMENINO,VENADO TUERTO,ORIGINAL,"A.2.1, B.1",13/nov/2025,13/nov/2025,13/nov/2030,VIGENTE
FEMENINO,VENADO TUERTO,RENOVACIÓN,"A.2.1, B.1",13/nov/2025,13/nov/2025,13/nov/2030,VIGENTE
FEMENINO,VENADO TUERTO,RENOVACIÓN,B.2,13/nov/2025,13/nov/2025,13/nov/2028,VIGENTE
FEMENINO,VENADO TUERTO,RENOVACIÓN,B.2,13/nov/2025,13/nov/2025,13/nov/2026,VIGENTE
MASCULINO,VENADO TUERTO,RENOVACIÓN,A.2.1,13/nov/2025,13/nov/2025,13/nov/2028,VIGENTE
MASCULINO,VENADO TUERTO,RENOVACIÓN CON AMPLIACIÓN,"A.2.2, B.1",13/nov/2025,13/nov/2025,13/nov/2030,VIGENTE
MASCULINO,VENADO TUERTO,RENOVACIÓN,"A.2.1, B.1",13/nov/2025,13/nov/2025,13/nov/2030,VIGENTE
MASCULINO,VENADO TUERTO,RENOVACIÓN,"A.3, B.2",13/nov/2025,13/nov/2025,13/nov/2030,VIGENTE
MASCULINO,VENADO TUERTO,RENOVACIÓN CON AMPLIACIÓN,"A.3, B.1, G.1, G.2",13/nov/2025,13/nov/2025,13/nov/2030,VIGENTE
FEMENINO,VENADO TUERTO,ORIGINAL,B.1,13/nov/2025,13/nov/2025,13/nov/2030,VIGENTE
FEMENINO,VENADO TUERTO,RENOVACIÓN,"A.2.1, B.1",13/nov/2025,13/nov/2025,13/nov/2028,VIGENTE
MASCULINO,VENADO TUERTO,RENOVACIÓN,B.2,13/nov/2025,13/nov/2025,13/nov/2030,VIGENTE
MASCULINO,VENADO TUERTO,RENOVACIÓN,"A.2.1, B.2",13/nov/2025,13/nov/2025,13/nov/2028,VIGENTE
MASCULINO,VENADO TUERTO,RENOVACIÓN,"A.2.1, B.1",13/nov/2025,13/nov/2025,13/nov/2030,VIGENTE
MASCULINO,VENADO TUERTO,ORIGINAL,"A.2.1, B.2",13/nov/2025,13/nov/2025,13/nov/2030,VIGENTE
FEMENINO,VENADO TUERTO,RENOVACIÓN,B.2,13/nov/2025,13/nov/2025,13/nov/2030,VIGENTE
FEMENINO,VENADO TUERTO,RENOVACIÓN,B.2,13/nov/2025,13/nov/2025,13/nov/2030,VIGENTE
MASCULINO,VENADO TUERTO,RENOVACIÓN,"A.2.1, A.4, E.1",13/nov/2025,13/nov/2025,13/nov/2027,VIGENTE
FEMENINO,VENADO TUERTO,ORIGINAL,A.2.1,13/nov/2025,13/nov/2025,13/nov/2026,VIGENTE
MASCULINO,VENADO TUERTO,RENOVACIÓN CON AMPLIACIÓN,"B.2, D.1, D.3",13/nov/2025,13/nov/2025,13/nov/2030,VIGENTE
MASCULINO,VENADO TUERTO,RENOVACIÓN,"A.2.1, E.1",13/nov/2025,13/nov/2025,13/may/2027,VIGENTE
FEMENINO,VENADO TUERTO,RENOVACIÓN,B.1,13/nov/2025,13/nov/2025,13/nov/2028,VIGENTE
MASCULINO,VENADO TUERTO,RENOVACIÓN,B.2,13/nov/2025,13/nov/2025,13/nov/2026,VIGENTE
MASCULINO,VENADO TUERTO,RENOVACIÓN,"B.2, C",13/nov/2025,13/nov/2025,13/nov/2028,VIGENTE
MASCULINO,VENADO TUERTO,RENOVACIÓN,B.2,13/nov/2025,13/nov/2025,13/nov/2028,VIGENTE
MASCULINO,VENADO TUERTO,RENOVACIÓN,"A.2.2, B.2, D.1",13/nov/2025,13/nov/2025,13/nov/2030,VIGENTE
MASCULINO,VENADO TUERTO,RENOVACIÓN,"A.2.1, E.1",13/nov/2025,13/nov/2025,13/nov/2026,VIGENTE
MASCULINO,VENADO TUERTO,RENOVACIÓN,"A.3, B.2, D.1, D.3",13/nov/2025,13/nov/2025,13/nov/2030,VIGENTE
FEMENINO,VENADO TUERTO,RENOVACIÓN CON AMPLIACIÓN,"A.2.1, B.2",13/nov/2025,13/nov/2025,13/nov/2030,VIGENTE
FEMENINO,VENADO TUERTO,RENOVACIÓN,D.1,13/nov/2025,13/nov/2025,13/nov/2028,VIGENTE
MASCULINO,VENADO TUERTO,RENOVACIÓN,A.2.1,13/nov/2025,13/nov/2025,13/nov/2028,VIGENTE
MASCULINO,VENADO TUERTO,RENOVACIÓN,B.2,13/nov/2025,13/nov/2025,13/nov/2030,VIGENTE
MASCULINO,VENADO TUERTO,RENOVACIÓN,"A.2.1, B.1",13/nov/2025,13/nov/2025,13/nov/2030,VIGENTE
MASCULINO,VENADO TUERTO,RENOVACIÓN,B.2,13/nov/2025,13/nov/2025,13/nov/2026,VIGENTE
MASCULINO,VENADO TUERTO,RENOVACIÓN,B.2,13/nov/2025,13/nov/2025,13/nov/2026,VIGENTE
MASCULINO,VENADO TUERTO,RENOVACIÓN CON AMPLIACIÓN,"A.2.1, D.1, D.3",13/nov/2025,13/nov/2025,13/nov/2030,VIGENTE
MASCULINO,VENADO TUERTO,RENOVACIÓN,A.2.1,13/nov/2025,13/nov/2025,13/nov/2030,VIGENTE
FEMENINO,VENADO TUERTO,RENOVACIÓN,"A.2.1, B.2",13/nov/2025,13/nov/2025,13/nov/2030,VIGENTE
MASCULINO,VENADO TUERTO,RENOVACIÓN,B.2,13/nov/2025,13/nov/2025,13/nov/2030,VIGENTE
MASCULINO,VENADO TUERTO,RENOVACIÓN,"A.2.2, E.1, E.2",14/nov/2025,20/oct/2025,14/nov/2026,VIGENTE
MASCULINO,VENADO TUERTO,RENOVACIÓN CON AMPLIACIÓN,"A.3, E.1",14/nov/2025,21/oct/2025,14/nov/2026,VIGENTE
MASCULINO,VENADO TUERTO,RENOVACIÓN CON AMPLIACIÓN,E.1,14/nov/2025,4/nov/2025,14/nov/2030,VIGENTE
MASCULINO,VENADO TUERTO,ORIGINAL,A.2.1,14/nov/2025,4/nov/2025,14/nov/2030,VIGENTE
MASCULINO,VENADO TUERTO,RENOVACIÓN CON AMPLIACIÓN,"A.2.1, E.1",14/nov/2025,5/nov/2025,14/nov/2030,VIGENTE
MASCULINO,VENADO TUERTO,RENOVACIÓN CON AMPLIACIÓN,"A.2.1, B.2, G.1, G.2",14/nov/2025,7/nov/2025,14/nov/2028,VIGENTE
FEMENINO,VENADO TUERTO,ORIGINAL,A.2.1,14/nov/2025,11/nov/2025,14/nov/2030,VIGENTE
FEMENINO,VENADO TUERTO,ORIGINAL,A.2.1,14/nov/2025,12/nov/2025,14/nov/2026,VIGENTE
MASCULINO,VENADO TUERTO,RENOVACIÓN CON AMPLIACIÓN,"A.2.1, B.1",14/nov/2025,12/nov/2025,14/nov/2028,VIGENTE
MASCULINO,VENADO TUERTO,RENOVACIÓN,B.2,14/nov/2025,14/nov/2025,14/nov/2026,VIGENTE
MASCULINO,VENADO TUERTO,RENOVACIÓN,"A.2.1, D.1",14/nov/2025,14/nov/2025,14/nov/2028,VIGENTE
MASCULINO,VENADO TUERTO,RENOVACIÓN CON AMPLIACIÓN,"A.3, B.1",14/nov/2025,14/nov/2025,14/nov/2030,VIGENTE
MASCULINO,VENADO TUERTO,RENOVACIÓN,B.2,14/nov/2025,14/nov/2025,14/nov/2026,VIGENTE
MASCULINO,VENADO TUERTO,RENOVACIÓN,"A.2.1, B.2, E.2",14/nov/2025,14/nov/2025,14/nov/2028,VIGENTE
MASCULINO,VENADO TUERTO,RENOVACIÓN,B.1,14/nov/2025,14/nov/2025,14/nov/2028,VIGENTE
MASCULINO,VENADO TUERTO,RENOVACIÓN,B.2,14/nov/2025,14/nov/2025,14/nov/2030,VIGENTE
MASCULINO,VENADO TUERTO,RENOVACIÓN CON AMPLIACIÓN,"A.3, B.2",14/nov/2025,14/nov/2025,14/nov/2030,VIGENTE
MASCULINO,VENADO TUERTO,RENOVACIÓN,B.2,14/nov/2025,14/nov/2025,14/nov/2026,VIGENTE
MASCULINO,VENADO TUERTO,ORIGINAL,B.1,14/nov/2025,14/nov/2025,14/nov/2026,VIGENTE
FEMENINO,VENADO TUERTO,RENOVACIÓN,D.1,14/nov/2025,14/nov/2025,14/nov/2028,VIGENTE
FEMENINO,VENADO TUERTO,RENOVACIÓN,"A.2.1, B.1",14/nov/2025,14/nov/2025,14/nov/2030,VIGENTE
FEMENINO,VENADO TUERTO,RENOVACIÓN,B.1,14/nov/2025,14/nov/2025,14/nov/2030,VIGENTE
MASCULINO,VENADO TUERTO,ORIGINAL,"A.3, B.2",14/nov/2025,14/nov/2025,14/nov/2030,VIGENTE
MASCULINO,VENADO TUERTO,ORIGINAL,A.2.1,14/nov/2025,14/nov/2025,14/nov/2030,VIGENTE
MASCULINO,VENADO TUERTO,RENOVACIÓN CON AMPLIACIÓN,"A.3, B.2",14/nov/2025,14/nov/2025,14/nov/2030,VIGENTE
FEMENINO,VENADO TUERTO,ORIGINAL,A.2.1,14/nov/2025,14/nov/2025,14/nov/2030,VIGENTE
MASCULINO,VENADO TUERTO,RENOVACIÓN,"A.2.2, E.1",14/nov/2025,14/nov/2025,14/nov/2028,VIGENTE
MASCULINO,VENADO TUERTO,RENOVACIÓN,"A.2.1, B.2",14/nov/2025,14/nov/2025,14/nov/2026,VIGENTE
MASCULINO,VENADO TUERTO,RENOVACIÓN,"A.2.1, B.1",14/nov/2025,14/nov/2025,14/nov/2030,VIGENTE
FEMENINO,VENADO TUERTO,RENOVACIÓN,"A.2.1, B.2",14/nov/2025,14/nov/2025,14/nov/2030,VIGENTE
MASCULINO,VENADO TUERTO,RENOVACIÓN,"A.2.1, B.1",14/nov/2025,14/nov/2025,14/nov/2030,VIGENTE
FEMENINO,VENADO TUERTO,RENOVACIÓN,B.1,14/nov/2025,14/nov/2025,14/nov/2030,VIGENTE
FEMENINO,VENADO TUERTO,RENOVACIÓN,A.2.1,14/nov/2025,14/nov/2025,14/nov/2030,VIGENTE
MASCULINO,VENADO TUERTO,RENOVACIÓN CON AMPLIACIÓN,"A.3, B.2",14/nov/2025,14/nov/2025,14/nov/2030,VIGENTE
MASCULINO,VENADO TUERTO,ORIGINAL,B.1,14/nov/2025,14/nov/2025,14/nov/2026,VIGENTE
FEMENINO,VENADO TUERTO,RENOVACIÓN,B.1,14/nov/2025,14/nov/2025,14/nov/2030,VIGENTE
MASCULINO,VENADO TUERTO,RENOVACIÓN,"A.3, D.1, D.3",14/nov/2025,14/nov/2025,14/nov/2028,VIGENTE
MASCULINO,VENADO TUERTO,RENOVACIÓN,"A.2.1, B.2, C, E.2, G.1",14/nov/2025,14/nov/2025,14/nov/2030,VIGENTE
MASCULINO,VENADO TUERTO,RENOVACIÓN,B.1,14/nov/2025,14/nov/2025,14/nov/2028,VIGENTE
FEMENINO,VENADO TUERTO,RENOVACIÓN,"A.2.1, B.1",14/nov/2025,14/nov/2025,14/nov/2030,VIGENTE
FEMENINO,VENADO TUERTO,DUPLICADO,"A.2.1, B.1",14/nov/2025,14/nov/2025,26/jun/2030,VIGENTE
FEMENINO,VENADO TUERTO,ORIGINAL,A.2.1,14/nov/2025,14/nov/2025,14/nov/2026,VIGENTE
MASCULINO,VENADO TUERTO,RENOVACIÓN,"A.3, D.1, D.3",14/nov/2025,14/nov/2025,14/nov/2030,VIGENTE
FEMENINO,VENADO TUERTO,RENOVACIÓN CON AMPLIACIÓN,"A.2.1, B.2",14/nov/2025,14/nov/2025,14/nov/2030,VIGENTE
MASCULINO,VENADO TUERTO,RENOVACIÓN,"A.2.2, E.1, G.2",14/nov/2025,14/nov/2025,14/nov/2030,VIGENTE
MASCULINO,VENADO TUERTO,RENOVACIÓN,"A.2.1, B.2",14/nov/2025,14/nov/2025,14/nov/2026,VIGENTE
FEMENINO,VENADO TUERTO,RENOVACIÓN,"A.2.1, B.2",14/nov/2025,14/nov/2025,14/nov/2030,VIGENTE
MASCULINO,VENADO TUERTO,RENOVACIÓN,"A.2.1, B.2",14/nov/2025,14/nov/2025,14/nov/2030,VIGENTE
MASCULINO,VENADO TUERTO,RENOVACIÓN,B.1,14/nov/2025,14/nov/2025,14/nov/2030,VIGENTE
MASCULINO,VENADO TUERTO,RENOVACIÓN,A.2.1,14/nov/2025,14/nov/2025,14/nov/2030,VIGENTE
MASCULINO,VENADO TUERTO,RENOVACIÓN,"A.3, B.2",14/nov/2025,14/nov/2025,14/nov/2030,VIGENTE
MASCULINO,VENADO TUERTO,DUPLICADO,"A.2.1, B.1",14/nov/2025,14/nov/2025,3/oct/2028,VIGENTE
MASCULINO,VENADO TUERTO,RENOVACIÓN,B.2,14/nov/2025,14/nov/2025,14/nov/2026,VIGENTE
FEMENINO,VENADO TUERTO,RENOVACIÓN,B.1,14/nov/2025,14/nov/2025,14/nov/2030,VIGENTE
MASCULINO,VENADO TUERTO,RENOVACIÓN,"B.2, C",14/nov/2025,14/nov/2025,14/nov/2028,VIGENTE
FEMENINO,VENADO TUERTO,ORIGINAL,A.2.1,14/nov/2025,14/nov/2025,14/nov/2030,VIGENTE
MASCULINO,VENADO TUERTO,RENOVACIÓN,"A.3, B.2, C",14/nov/2025,14/nov/2025,14/nov/2028,VIGENTE
FEMENINO,VENADO TUERTO,RENOVACIÓN,B.2,14/nov/2025,14/nov/2025,14/nov/2030,VIGENTE
FEMENINO,VENADO TUERTO,RENOVACIÓN,"A.2.1, B.2",14/nov/2025,14/nov/2025,14/nov/2030,VIGENTE
MASCULINO,VENADO TUERTO,RENOVACIÓN,"A.3, B.2",14/nov/2025,14/nov/2025,14/nov/2030,VIGENTE
MASCULINO,VENADO TUERTO,RENOVACIÓN,"A.2.1, B.2",14/nov/2025,14/nov/2025,14/nov/2030,VIGENTE
MASCULINO,VENADO TUERTO,RENOVACIÓN,E.1,14/nov/2025,14/nov/2025,14/nov/2028,VIGENTE
MASCULINO,VENADO TUERTO,RENOVACIÓN,B.2,14/nov/2025,14/nov/2025,14/nov/2028,VIGENTE
FEMENINO,VENADO TUERTO,ORIGINAL,A.2.1,14/nov/2025,14/nov/2025,14/nov/2030,VIGENTE
FEMENINO,VENADO TUERTO,RENOVACIÓN,B.2,14/nov/2025,14/nov/2025,14/nov/2026,VIGENTE
MASCULINO,VENADO TUERTO,RENOVACIÓN,"A.2.1, E.1",14/nov/2025,14/nov/2025,14/abr/2026,VIGENTE
MASCULINO,VENADO TUERTO,RENOVACIÓN,"A.3, E.1",14/nov/2025,14/nov/2025,14/nov/2030,VIGENTE
MASCULINO,VENADO TUERTO,RENOVACIÓN,B.2,14/nov/2025,14/nov/2025,14/nov/2030,VIGENTE
FEMENINO,VENADO TUERTO,RENOVACIÓN,B.2,14/nov/2025,14/nov/2025,14/nov/2028,VIGENTE
MASCULINO,VENADO TUERTO,RENOVACIÓN,B.1,14/nov/2025,14/nov/2025,14/nov/2026,VIGENTE
FEMENINO,VENADO TUERTO,ORIGINAL,A.2.1,17/nov/2025,29/oct/2025,17/nov/2026,VIGENTE
MASCULINO,VENADO TUERTO,RENOVACIÓN,E.1,17/nov/2025,5/nov/2025,17/nov/2028,VIGENTE
FEMENINO,VENADO TUERTO,ORIGINAL,B.1,17/nov/2025,6/nov/2025,17/nov/2030,VIGENTE
MASCULINO,VENADO TUERTO,ORIGINAL,A.2.1,17/nov/2025,7/nov/2025,17/nov/2026,VIGENTE
MASCULINO,VENADO TUERTO,RENOVACIÓN,"D.1, E.1",17/nov/2025,7/nov/2025,17/nov/2028,VIGENTE
MASCULINO,VENADO TUERTO,RENOVACIÓN,E.1,17/nov/2025,13/nov/2025,17/nov/2028,VIGENTE
MASCULINO,VENADO TUERTO,RENOVACIÓN,"B.2, C, D.1, E.2",17/nov/2025,13/nov/2025,17/nov/2030,VIGENTE
MASCULINO,VENADO TUERTO,RENOVACIÓN,B.2,17/nov/2025,14/nov/2025,17/nov/2028,VIGENTE
MASCULINO,VENADO TUERTO,ORIGINAL,"A.2.1, B.1",17/nov/2025,14/nov/2025,17/nov/2026,VIGENTE
MASCULINO,VENADO TUERTO,RENOVACIÓN,B.2,17/nov/2025,14/nov/2025,17/nov/2026,VIGENTE
FEMENINO,VENADO TUERTO,RENOVACIÓN,B.2,17/nov/2025,17/nov/2025,17/nov/2026,VIGENTE
FEMENINO,VENADO TUERTO,RENOVACIÓN CON AMPLIACIÓN,"A.3, B.1",17/nov/2025,17/nov/2025,17/nov/2030,VIGENTE
MASCULINO,VENADO TUERTO,RENOVACIÓN,E.1,17/nov/2025,17/nov/2025,17/mar/2026,VIGENTE
MASCULINO,VENADO TUERTO,RENOVACIÓN CON AMPLIACIÓN,"A.3, B.2",17/nov/2025,17/nov/2025,17/nov/2030,VIGENTE
MASCULINO,VENADO TUERTO,RENOVACIÓN,A.2.1,17/nov/2025,17/nov/2025,17/nov/2030,VIGENTE
FEMENINO,VENADO TUERTO,RENOVACIÓN,A.2.1,17/nov/2025,17/nov/2025,17/nov/2030,VIGENTE
MASCULINO,VENADO TUERTO,RENOVACIÓN,"A.2.1, B.1",17/nov/2025,17/nov/2025,17/nov/2030,VIGENTE
MASCULINO,VENADO TUERTO,RENOVACIÓN CON AMPLIACIÓN,"A.2.1, D.1, E.1",17/nov/2025,17/nov/2025,17/nov/2028,VIGENTE
MASCULINO,VENADO TUERTO,RENOVACIÓN,B.1,17/nov/2025,17/nov/2025,17/nov/2028,VIGENTE
FEMENINO,VENADO TUERTO,RENOVACIÓN,B.2,17/nov/2025,17/nov/2025,17/nov/2030,VIGENTE
MASCULINO,VENADO TUERTO,RENOVACIÓN,D.1,17/nov/2025,17/nov/2025,17/nov/2030,VIGENTE
FEMENINO,VENADO TUERTO,ORIGINAL,A.2.1,17/nov/2025,17/nov/2025,17/nov/2030,VIGENTE
MASCULINO,VENADO TUERTO,ORIGINAL,B.1,17/nov/2025,17/nov/2025,17/nov/2026,VIGENTE
MASCULINO,VENADO TUERTO,RENOVACIÓN,B.2,17/nov/2025,17/nov/2025,17/nov/2026,VIGENTE
MASCULINO,VENADO TUERTO,RENOVACIÓN,B.2,17/nov/2025,17/nov/2025,17/nov/2026,VIGENTE
FEMENINO,VENADO TUERTO,RENOVACIÓN,"A.2.1, B.2",17/nov/2025,17/nov/2025,17/nov/2030,VIGENTE
MASCULINO,VENADO TUERTO,RENOVACIÓN,A.2.1,17/nov/2025,17/nov/2025,17/nov/2030,VIGENTE
FEMENINO,VENADO TUERTO,ORIGINAL,"A.2.1, B.1",17/nov/2025,17/nov/2025,17/nov/2030,VIGENTE
FEMENINO,VENADO TUERTO,RENOVACIÓN,A.2.1,17/nov/2025,17/nov/2025,17/nov/2030,VIGENTE
MASCULINO,VENADO TUERTO,ORIGINAL,"A.2.1, B.2",17/nov/2025,17/nov/2025,17/nov/2030,VIGENTE
MASCULINO,VENADO TUERTO,RENOVACIÓN,"B.2, D.3",17/nov/2025,17/nov/2025,17/nov/2028,VIGENTE
FEMENINO,VENADO TUERTO,RENOVACIÓN,"A.2.1, B.2",17/nov/2025,17/nov/2025,17/nov/2030,VIGENTE
MASCULINO,VENADO TUERTO,RENOVACIÓN,"A.2.2, D.1, D.3, E.1",17/nov/2025,17/nov/2025,17/nov/2030,VIGENTE
MASCULINO,VENADO TUERTO,RENOVACIÓN,"A.2.1, B.1",17/nov/2025,17/nov/2025,17/nov/2030,VIGENTE
MASCULINO,VENADO TUERTO,RENOVACIÓN,B.2,17/nov/2025,17/nov/2025,17/nov/2026,VIGENTE
MASCULINO,VENADO TUERTO,RENOVACIÓN,E.1,17/nov/2025,17/nov/2025,17/nov/2026,VIGENTE
FEMENINO,VENADO TUERTO,RENOVACIÓN,B.2,17/nov/2025,17/nov/2025,17/nov/2026,VIGENTE
FEMENINO,VENADO TUERTO,RENOVACIÓN,B.1,17/nov/2025,17/nov/2025,17/nov/2030,VIGENTE
MASCULINO,VENADO TUERTO,RENOVACIÓN,B.2,17/nov/2025,17/nov/2025,17/nov/2030,VIGENTE
FEMENINO,VENADO TUERTO,RENOVACIÓN,B.2,17/nov/2025,17/nov/2025,17/nov/2028,VIGENTE
FEMENINO,VENADO TUERTO,RENOVACIÓN CON AMPLIACIÓN,"A.2.1, B.1",17/nov/2025,17/nov/2025,17/nov/2030,VIGENTE
FEMENINO,VENADO TUERTO,RENOVACIÓN,"A.2.1, B.1",17/nov/2025,17/nov/2025,17/nov/2028,VIGENTE
FEMENINO,VENADO TUERTO,RENOVACIÓN,B.2,17/nov/2025,17/nov/2025,17/nov/2030,VIGENTE
FEMENINO,VENADO TUERTO,ORIGINAL,A.2.1,17/nov/2025,17/nov/2025,17/nov/2026,VIGENTE
FEMENINO,VENADO TUERTO,RENOVACIÓN CON AMPLIACIÓN,"A.3, B.1",17/nov/2025,17/nov/2025,17/nov/2030,VIGENTE
MASCULINO,VENADO TUERTO,RENOVACIÓN,B.2,17/nov/2025,17/nov/2025,17/nov/2030,VIGENTE
MASCULINO,VENADO TUERTO,RENOVACIÓN,"A.2.1, B.2",17/nov/2025,17/nov/2025,17/nov/2030,VIGENTE
MASCULINO,VENADO TUERTO,RENOVACIÓN,"A.2.1, B.1",17/nov/2025,17/nov/2025,17/nov/2030,VIGENTE
MASCULINO,VENADO TUERTO,RENOVACIÓN,"A.2.1, B.2",17/nov/2025,17/nov/2025,17/nov/2030,VIGENTE
MASCULINO,VENADO TUERTO,RENOVACIÓN,"B.2, D.1",17/nov/2025,17/nov/2025,17/nov/2030,VIGENTE
MASCULINO,VENADO TUERTO,RENOVACIÓN CON AMPLIACIÓN,"A.2.1, B.1, E.2",17/nov/2025,17/nov/2025,17/nov/2030,VIGENTE
MASCULINO,VENADO TUERTO,RENOVACIÓN,"A.2.1, B.1",17/nov/2025,17/nov/2025,17/nov/2030,VIGENTE
MASCULINO,VENADO TUERTO,RENOVACIÓN,"A.3, B.2",17/nov/2025,17/nov/2025,17/nov/2030,VIGENTE
FEMENINO,VENADO TUERTO,RENOVACIÓN,"A.2.1, B.1",17/nov/2025,17/nov/2025,17/nov/2030,VIGENTE
MASCULINO,VENADO TUERTO,RENOVACIÓN,"A.2.1, B.2",17/nov/2025,17/nov/2025,17/nov/2030,VIGENTE
MASCULINO,VENADO TUERTO,RENOVACIÓN,E.1,17/nov/2025,17/nov/2025,17/may/2027,VIGENTE
MASCULINO,VENADO TUERTO,RENOVACIÓN,B.2,17/nov/2025,17/nov/2025,17/nov/2026,VIGENTE
MASCULINO,VENADO TUERTO,RENOVACIÓN,"A.2.1, B.1",17/nov/2025,17/nov/2025,17/nov/2030,VIGENTE
FEMENINO,VENADO TUERTO,ORIGINAL,A.2.1,17/nov/2025,17/nov/2025,17/nov/2030,VIGENTE
MASCULINO,VENADO TUERTO,RENOVACIÓN,"A.2.1, B.2",17/nov/2025,17/nov/2025,17/nov/2026,VIGENTE
MASCULINO,VENADO TUERTO,RENOVACIÓN CON AMPLIACIÓN,"A.2.1, B.1, E.2",17/nov/2025,17/nov/2025,17/nov/2030,VIGENTE
MASCULINO,VENADO TUERTO,RENOVACIÓN,B.1,17/nov/2025,17/nov/2025,17/nov/2030,VIGENTE
MASCULINO,VENADO TUERTO,RENOVACIÓN,B.2,18/nov/2025,16/dic/2024,18/nov/2028,VIGENTE
MASCULINO,VENADO TUERTO,ORIGINAL,"A.2.1, B.2",18/nov/2025,8/oct/2025,18/nov/2030,VIGENTE
MASCULINO,VENADO TUERTO,ORIGINAL,A.2.1,18/nov/2025,28/oct/2025,18/nov/2030,VIGENTE
FEMENINO,VENADO TUERTO,ORIGINAL,"A.2.1, B.1",18/nov/2025,5/nov/2025,18/nov/2026,VIGENTE
FEMENINO,VENADO TUERTO,ORIGINAL,"A.2.1, B.1",18/nov/2025,5/nov/2025,18/nov/2030,VIGENTE
MASCULINO,VENADO TUERTO,RENOVACIÓN CON AMPLIACIÓN,"A.2.2, C",18/nov/2025,6/nov/2025,18/nov/2030,VIGENTE
FEMENINO,VENADO TUERTO,ORIGINAL,A.2.1,18/nov/2025,7/nov/2025,18/nov/2030,VIGENTE
FEMENINO,VENADO TUERTO,RENOVACIÓN CON AMPLIACIÓN,"A.2.1, B.2",18/nov/2025,14/nov/2025,18/nov/2030,VIGENTE
MASCULINO,VENADO TUERTO,ORIGINAL,A.2.1,18/nov/2025,17/nov/2025,18/nov/2026,VIGENTE
MASCULINO,VENADO TUERTO,RENOVACIÓN,B.2,18/nov/2025,17/nov/2025,18/nov/2030,VIGENTE
MASCULINO,VENADO TUERTO,RENOVACIÓN,A.2.1,18/nov/2025,18/nov/2025,18/nov/2030,VIGENTE
MASCULINO,VENADO TUERTO,RENOVACIÓN,"A.2.2, B.2",18/nov/2025,18/nov/2025,18/nov/2030,VIGENTE
MASCULINO,VENADO TUERTO,RENOVACIÓN,B.1,18/nov/2025,18/nov/2025,18/nov/2026,VIGENTE
FEMENINO,VENADO TUERTO,ORIGINAL,A.2.1,18/nov/2025,18/nov/2025,18/nov/2030,VIGENTE
MASCULINO,VENADO TUERTO,RENOVACIÓN,"A.2.1, B.2, G.1, G.2",18/nov/2025,18/nov/2025,18/nov/2030,VIGENTE
MASCULINO,VENADO TUERTO,RENOVACIÓN,"A.2.1, B.1",18/nov/2025,18/nov/2025,18/nov/2030,VIGENTE
MASCULINO,VENADO TUERTO,RENOVACIÓN,B.1,18/nov/2025,18/nov/2025,18/nov/2030,VIGENTE
MASCULINO,VENADO TUERTO,RENOVACIÓN CON AMPLIACIÓN,"A.3, B.2, D.1, D.3",18/nov/2025,18/nov/2025,18/nov/2030,VIGENTE
FEMENINO,VENADO TUERTO,ORIGINAL,"A.2.1, B.1",18/nov/2025,18/nov/2025,18/nov/2030,VIGENTE
MASCULINO,VENADO TUERTO,RENOVACIÓN,"A.2.1, B.1",18/nov/2025,18/nov/2025,18/nov/2030,VIGENTE
FEMENINO,VENADO TUERTO,RENOVACIÓN,"A.2.2, B.2, D.1, D.3",18/nov/2025,18/nov/2025,18/nov/2030,VIGENTE
MASCULINO,VENADO TUERTO,RENOVACIÓN,"A.3, B.2",18/nov/2025,18/nov/2025,18/nov/2026,VIGENTE
FEMENINO,VENADO TUERTO,RENOVACIÓN,B.2,18/nov/2025,18/nov/2025,18/nov/2026,VIGENTE
MASCULINO,VENADO TUERTO,RENOVACIÓN,B.2,18/nov/2025,18/nov/2025,18/nov/2028,VIGENTE
FEMENINO,VENADO TUERTO,RENOVACIÓN,B.2,18/nov/2025,18/nov/2025,18/nov/2030,VIGENTE
FEMENINO,VENADO TUERTO,RENOVACIÓN,A.2.1,18/nov/2025,18/nov/2025,18/nov/2030,VIGENTE
FEMENINO,VENADO TUERTO,RENOVACIÓN CON AMPLIACIÓN,"A.2.1, B.2",18/nov/2025,18/nov/2025,18/nov/2030,VIGENTE
FEMENINO,VENADO TUERTO,RENOVACIÓN,B.1,18/nov/2025,18/nov/2025,18/nov/2030,VIGENTE
FEMENINO,VENADO TUERTO,RENOVACIÓN,B.2,18/nov/2025,18/nov/2025,18/nov/2028,VIGENTE
FEMENINO,VENADO TUERTO,RENOVACIÓN,"A.2.1, B.1",18/nov/2025,18/nov/2025,18/nov/2030,VIGENTE
FEMENINO,VENADO TUERTO,RENOVACIÓN,B.2,18/nov/2025,18/nov/2025,18/nov/2026,VIGENTE
MASCULINO,VENADO TUERTO,RENOVACIÓN,B.1,18/nov/2025,18/nov/2025,18/nov/2030,VIGENTE
MASCULINO,VENADO TUERTO,RENOVACIÓN,B.2,18/nov/2025,18/nov/2025,18/nov/2026,VIGENTE
FEMENINO,VENADO TUERTO,RENOVACIÓN,B.2,18/nov/2025,18/nov/2025,18/nov/2026,VIGENTE
MASCULINO,VENADO TUERTO,RENOVACIÓN,"A.2.1, B.1",18/nov/2025,18/nov/2025,18/nov/2030,VIGENTE
FEMENINO,VENADO TUERTO,RENOVACIÓN,B.2,18/nov/2025,18/nov/2025,18/nov/2026,VIGENTE
FEMENINO,VENADO TUERTO,ORIGINAL,"A.2.1, B.1",18/nov/2025,18/nov/2025,18/nov/2030,VIGENTE
MASCULINO,VENADO TUERTO,RENOVACIÓN,B.2,18/nov/2025,18/nov/2025,18/nov/2026,VIGENTE
FEMENINO,VENADO TUERTO,RENOVACIÓN,"A.2.1, B.2, C",18/nov/2025,18/nov/2025,18/nov/2028,VIGENTE
FEMENINO,VENADO TUERTO,RENOVACIÓN CON AMPLIACIÓN,"A.2.1, B.2",18/nov/2025,18/nov/2025,18/nov/2030,VIGENTE
FEMENINO,VENADO TUERTO,RENOVACIÓN,A.2.1,18/nov/2025,18/nov/2025,18/nov/2030,VIGENTE
MASCULINO,VENADO TUERTO,RENOVACIÓN,B.1,18/nov/2025,18/nov/2025,18/nov/2030,VIGENTE
MASCULINO,VENADO TUERTO,RENOVACIÓN,"A.2.1, B.2, G.1, G.2",18/nov/2025,18/nov/2025,18/nov/2030,VIGENTE
MASCULINO,VENADO TUERTO,RENOVACIÓN,"B.2, C",18/nov/2025,18/nov/2025,18/nov/2028,VIGENTE
MASCULINO,VENADO TUERTO,ORIGINAL,A.2.1,18/nov/2025,18/nov/2025,18/nov/2030,VIGENTE
FEMENINO,VENADO TUERTO,RENOVACIÓN,B.2,18/nov/2025,18/nov/2025,18/nov/2030,VIGENTE
MASCULINO,VENADO TUERTO,RENOVACIÓN,"A.2.1, B.1",18/nov/2025,18/nov/2025,18/nov/2030,VIGENTE
MASCULINO,VENADO TUERTO,RENOVACIÓN,"A.3, B.2",18/nov/2025,18/nov/2025,18/nov/2030,VIGENTE
MASCULINO,VENADO TUERTO,RENOVACIÓN CON AMPLIACIÓN,"A.2.1, B.2",18/nov/2025,18/nov/2025,18/nov/2030,VIGENTE
MASCULINO,VENADO TUERTO,RENOVACIÓN,B.1,18/nov/2025,18/nov/2025,18/nov/2030,VIGENTE
FEMENINO,VENADO TUERTO,RENOVACIÓN CON AMPLIACIÓN,"A.2.1, B.1, E.2",18/nov/2025,18/nov/2025,18/nov/2030,VIGENTE
FEMENINO,VENADO TUERTO,RENOVACIÓN,B.2,18/nov/2025,18/nov/2025,18/nov/2026,VIGENTE
FEMENINO,VENADO TUERTO,RENOVACIÓN,"A.2.1, B.1",18/nov/2025,18/nov/2025,18/nov/2030,VIGENTE
FEMENINO,VENADO TUERTO,RENOVACIÓN CON AMPLIACIÓN,"A.2.1, B.2",18/nov/2025,18/nov/2025,18/nov/2030,VIGENTE
MASCULINO,VENADO TUERTO,RENOVACIÓN,B.2,18/nov/2025,18/nov/2025,18/nov/2026,VIGENTE
MASCULINO,VENADO TUERTO,RENOVACIÓN,"A.2.2, D.1",18/nov/2025,18/nov/2025,18/nov/2028,VIGENTE
FEMENINO,VENADO TUERTO,RENOVACIÓN,A.2.1,18/nov/2025,18/nov/2025,18/nov/2030,VIGENTE
MASCULINO,VENADO TUERTO,RENOVACIÓN,"A.2.1, B.1",18/nov/2025,18/nov/2025,18/nov/2030,VIGENTE
FEMENINO,VENADO TUERTO,RENOVACIÓN,A.2.1,19/nov/2025,17/oct/2025,19/nov/2030,VIGENTE
FEMENINO,VENADO TUERTO,RENOVACIÓN CON AMPLIACIÓN,"A.2.1, D.1",19/nov/2025,6/nov/2025,19/nov/2030,VIGENTE
MASCULINO,VENADO TUERTO,ORIGINAL,"A.2.1, B.1",19/nov/2025,7/nov/2025,19/nov/2026,VIGENTE
MASCULINO,SAN EDUARDO,RENOVACIÓN,"A.3, E.1, G.1, G.2",19/nov/2025,13/nov/2025,19/nov/2030,VIGENTE
FEMENINO,VENADO TUERTO,RENOVACIÓN CON AMPLIACIÓN,"A.3, B.2",19/nov/2025,13/nov/2025,19/nov/2030,VIGENTE
MASCULINO,VENADO TUERTO,RENOVACIÓN CON AMPLIACIÓN,"A.3, B.2",19/nov/2025,13/nov/2025,19/nov/2030,VIGENTE
MASCULINO,VENADO TUERTO,RENOVACIÓN,"A.2.2, B.2, C, E.2, G.1",19/nov/2025,17/nov/2025,19/nov/2030,VIGENTE
MASCULINO,VENADO TUERTO,ORIGINAL,A.2.1,19/nov/2025,17/nov/2025,19/nov/2030,VIGENTE
FEMENINO,VENADO TUERTO,ORIGINAL,A.2.1,19/nov/2025,17/nov/2025,19/nov/2030,VIGENTE
FEMENINO,VENADO TUERTO,ORIGINAL,A.2.1,19/nov/2025,18/nov/2025,19/nov/2026,VIGENTE
MASCULINO,VENADO TUERTO,ORIGINAL,"A.2.1, B.1",19/nov/2025,19/nov/2025,19/nov/2030,VIGENTE
FEMENINO,VENADO TUERTO,RENOVACIÓN,B.1,19/nov/2025,19/nov/2025,19/nov/2030,VIGENTE
MASCULINO,VENADO TUERTO,RENOVACIÓN,B.2,19/nov/2025,19/nov/2025,19/nov/2028,VIGENTE
MASCULINO,VENADO TUERTO,RENOVACIÓN,B.2,19/nov/2025,19/nov/2025,19/nov/2026,VIGENTE
FEMENINO,VENADO TUERTO,RENOVACIÓN,B.2,19/nov/2025,19/nov/2025,19/nov/2026,VIGENTE
MASCULINO,VENADO TUERTO,RENOVACIÓN,"A.3, D.1, D.3",19/nov/2025,19/nov/2025,19/nov/2027,VIGENTE
MASCULINO,VENADO TUERTO,RENOVACIÓN,"A.2.1, B.2",19/nov/2025,19/nov/2025,19/nov/2026,VIGENTE
MASCULINO,VENADO TUERTO,RENOVACIÓN,B.2,19/nov/2025,19/nov/2025,19/nov/2026,VIGENTE
FEMENINO,VENADO TUERTO,RENOVACIÓN,B.2,19/nov/2025,19/nov/2025,19/nov/2028,VIGENTE
MASCULINO,VENADO TUERTO,RENOVACIÓN,B.2,19/nov/2025,19/nov/2025,19/nov/2030,VIGENTE
FEMENINO,VENADO TUERTO,RENOVACIÓN,A.2.1,19/nov/2025,19/nov/2025,19/nov/2030,VIGENTE
MASCULINO,VENADO TUERTO,RENOVACIÓN CON AMPLIACIÓN,"A.3, B.2",19/nov/2025,19/nov/2025,19/nov/2030,VIGENTE
FEMENINO,VENADO TUERTO,ORIGINAL,A.2.1,19/nov/2025,19/nov/2025,19/nov/2030,VIGENTE
MASCULINO,VENADO TUERTO,RENOVACIÓN CON AMPLIACIÓN,"A.3, B.1",19/nov/2025,19/nov/2025,19/nov/2030,VIGENTE
MASCULINO,VENADO TUERTO,RENOVACIÓN CON AMPLIACIÓN,"A.2.1, B.2",19/nov/2025,19/nov/2025,19/nov/2030,VIGENTE
MASCULINO,VENADO TUERTO,RENOVACIÓN,"A.2.1, B.1",19/nov/2025,19/nov/2025,19/nov/2030,VIGENTE
MASCULINO,VENADO TUERTO,RENOVACIÓN,"A.2.1, B.1",19/nov/2025,19/nov/2025,19/nov/2030,VIGENTE
FEMENINO,VENADO TUERTO,RENOVACIÓN,B.2,19/nov/2025,19/nov/2025,19/nov/2026,VIGENTE
MASCULINO,VENADO TUERTO,RENOVACIÓN,"A.3, B.1, G.1, G.2",19/nov/2025,19/nov/2025,19/nov/2030,VIGENTE
MASCULINO,SAN EDUARDO,RENOVACIÓN,B.2,19/nov/2025,19/nov/2025,19/nov/2026,VIGENTE
MASCULINO,SAN EDUARDO,RENOVACIÓN CON AMPLIACIÓN,"A.2.1, B.2, G.1, G.2",19/nov/2025,19/nov/2025,19/nov/2028,VIGENTE
FEMENINO,VENADO TUERTO,RENOVACIÓN,"A.2.1, B.1",19/nov/2025,19/nov/2025,19/nov/2030,VIGENTE
FEMENINO,VENADO TUERTO,RENOVACIÓN CON AMPLIACIÓN,"A.3, B.1, D.3",19/nov/2025,19/nov/2025,19/nov/2030,VIGENTE
MASCULINO,VENADO TUERTO,RENOVACIÓN,"A.2.1, B.2",19/nov/2025,19/nov/2025,19/nov/2030,VIGENTE
MASCULINO,VENADO TUERTO,RENOVACIÓN,"A.2.1, B.1",19/nov/2025,19/nov/2025,19/nov/2030,VIGENTE
MASCULINO,VENADO TUERTO,RENOVACIÓN,"A.2.1, B.2",19/nov/2025,19/nov/2025,19/nov/2030,VIGENTE
FEMENINO,VENADO TUERTO,ORIGINAL,"A.2.1, B.1",19/nov/2025,19/nov/2025,19/nov/2030,VIGENTE
MASCULINO,VENADO TUERTO,DUPLICADO,"A.2.1, E.1",19/nov/2025,19/nov/2025,30/sept/2027,VIGENTE
FEMENINO,VENADO TUERTO,ORIGINAL,A.2.1,19/nov/2025,19/nov/2025,19/nov/2030,VIGENTE
MASCULINO,VENADO TUERTO,RENOVACIÓN,"A.2.1, B.2",19/nov/2025,19/nov/2025,19/nov/2028,VIGENTE
MASCULINO,VENADO TUERTO,RENOVACIÓN,A.2.1,19/nov/2025,19/nov/2025,19/nov/2028,VIGENTE
MASCULINO,VENADO TUERTO,RENOVACIÓN,"B.2, C",19/nov/2025,19/nov/2025,19/nov/2030,VIGENTE
MASCULINO,VENADO TUERTO,RENOVACIÓN,B.2,19/nov/2025,19/nov/2025,19/nov/2028,VIGENTE
MASCULINO,VENADO TUERTO,RENOVACIÓN,B.2,19/nov/2025,19/nov/2025,19/nov/2026,VIGENTE
MASCULINO,VENADO TUERTO,RENOVACIÓN,"A.2.1, B.1",19/nov/2025,19/nov/2025,19/nov/2030,VIGENTE
MASCULINO,VENADO TUERTO,RENOVACIÓN,B.1,19/nov/2025,19/nov/2025,19/nov/2030,VIGENTE
MASCULINO,SAN EDUARDO,AMPLIACIÓN CON CAMBIO DE CLASE,"A.3, E.1, G.1, G.2",19/nov/2025,19/nov/2025,9/abr/2027,VIGENTE
FEMENINO,VENADO TUERTO,RENOVACIÓN,B.2,19/nov/2025,19/nov/2025,19/nov/2030,VIGENTE
MASCULINO,VENADO TUERTO,RENOVACIÓN,E.1,19/nov/2025,19/nov/2025,19/nov/2028,VIGENTE
MASCULINO,VENADO TUERTO,RENOVACIÓN,E.1,19/nov/2025,19/nov/2025,19/nov/2026,VIGENTE
MASCULINO,VENADO TUERTO,RENOVACIÓN,E.1,19/nov/2025,19/nov/2025,19/nov/2027,VIGENTE
MASCULINO,VENADO TUERTO,RENOVACIÓN,D.1,19/nov/2025,19/nov/2025,19/nov/2028,VIGENTE
FEMENINO,VENADO TUERTO,ORIGINAL,A.2.1,19/nov/2025,19/nov/2025,19/nov/2030,VIGENTE
MASCULINO,VENADO TUERTO,RENOVACIÓN CON AMPLIACIÓN,"A.2.2, C, E.2",20/nov/2025,10/feb/2025,20/nov/2030,VIGENTE
MASCULINO,VENADO TUERTO,RENOVACIÓN,B.2,20/nov/2025,27/oct/2025,20/nov/2026,VIGENTE
FEMENINO,VENADO TUERTO,ORIGINAL,A.2.1,20/nov/2025,29/oct/2025,20/nov/2030,VIGENTE
FEMENINO,VENADO TUERTO,RENOVACIÓN CON AMPLIACIÓN,"A.2.2, B.2, E.2",20/nov/2025,6/nov/2025,20/nov/2030,VIGENTE
MASCULINO,VENADO TUERTO,RENOVACIÓN,"A.3, E.1",20/nov/2025,7/nov/2025,20/nov/2026,VIGENTE
MASCULINO,VENADO TUERTO,RENOVACIÓN,E.1,20/nov/2025,17/nov/2025,20/nov/2028,VIGENTE
MASCULINO,VENADO TUERTO,RENOVACIÓN,A.2.1,20/nov/2025,19/nov/2025,20/nov/2028,VIGENTE
MASCULINO,VENADO TUERTO,RENOVACIÓN CON AMPLIACIÓN,"A.2.1, B.1",20/nov/2025,19/nov/2025,20/nov/2030,VIGENTE
FEMENINO,VENADO TUERTO,ORIGINAL,A.2.1,20/nov/2025,19/nov/2025,20/nov/2030,VIGENTE
FEMENINO,VENADO TUERTO,ORIGINAL,"A.2.1, B.1",20/nov/2025,19/nov/2025,20/nov/2026,VIGENTE
MASCULINO,VENADO TUERTO,RENOVACIÓN,"A.2.1, B.1",20/nov/2025,20/nov/2025,20/nov/2030,VIGENTE
MASCULINO,VENADO TUERTO,RENOVACIÓN,"A.2.1, B.2, C",20/nov/2025,20/nov/2025,20/nov/2028,VIGENTE
MASCULINO,VENADO TUERTO,RENOVACIÓN,"A.3, B.2, D.3",20/nov/2025,20/nov/2025,20/nov/2030,VIGENTE
FEMENINO,VENADO TUERTO,ORIGINAL,A.2.1,20/nov/2025,20/nov/2025,20/nov/2030,VIGENTE
MASCULINO,VENADO TUERTO,RENOVACIÓN,B.1,20/nov/2025,20/nov/2025,20/nov/2030,VIGENTE
FEMENINO,VENADO TUERTO,RENOVACIÓN,"A.2.1, B.2",20/nov/2025,20/nov/2025,20/nov/2030,VIGENTE
MASCULINO,VENADO TUERTO,RENOVACIÓN,A.2.1,20/nov/2025,20/nov/2025,20/nov/2028,VIGENTE
MASCULINO,VENADO TUERTO,RENOVACIÓN CON AMPLIACIÓN,"A.2.1, B.1",20/nov/2025,20/nov/2025,20/nov/2028,VIGENTE
MASCULINO,VENADO TUERTO,RENOVACIÓN,C,20/nov/2025,20/nov/2025,20/nov/2030,VIGENTE
FEMENINO,VENADO TUERTO,RENOVACIÓN CON AMPLIACIÓN,"A.2.1, B.1",20/nov/2025,20/nov/2025,20/nov/2030,VIGENTE
MASCULINO,VENADO TUERTO,RENOVACIÓN,"A.3, B.2",20/nov/2025,20/nov/2025,20/nov/2026,VIGENTE
FEMENINO,VENADO TUERTO,RENOVACIÓN,B.1,20/nov/2025,20/nov/2025,20/nov/2028,VIGENTE
MASCULINO,VENADO TUERTO,RENOVACIÓN,"A.2.1, B.1",20/nov/2025,20/nov/2025,20/nov/2028,VIGENTE
FEMENINO,VENADO TUERTO,RENOVACIÓN,B.1,20/nov/2025,20/nov/2025,20/nov/2026,VIGENTE
MASCULINO,VENADO TUERTO,RENOVACIÓN,B.2,20/nov/2025,20/nov/2025,20/nov/2026,VIGENTE
FEMENINO,VENADO TUERTO,RENOVACIÓN,B.2,20/nov/2025,20/nov/2025,20/nov/2026,VIGENTE
FEMENINO,VENADO TUERTO,RENOVACIÓN,B.2,20/nov/2025,20/nov/2025,20/nov/2026,VIGENTE
FEMENINO,VENADO TUERTO,ORIGINAL,A.2.1,20/nov/2025,20/nov/2025,20/nov/2026,VIGENTE
FEMENINO,VENADO TUERTO,ORIGINAL,B.1,20/nov/2025,20/nov/2025,20/nov/2026,VIGENTE
MASCULINO,VENADO TUERTO,RENOVACIÓN,B.1,20/nov/2025,20/nov/2025,20/nov/2030,VIGENTE
FEMENINO,VENADO TUERTO,RENOVACIÓN,"A.2.1, B.1",20/nov/2025,20/nov/2025,20/nov/2030,VIGENTE
MASCULINO,VENADO TUERTO,RENOVACIÓN,"A.2.2, B.2",20/nov/2025,20/nov/2025,20/nov/2028,VIGENTE
MASCULINO,VENADO TUERTO,RENOVACIÓN,B.2,20/nov/2025,20/nov/2025,20/nov/2026,VIGENTE
MASCULINO,VENADO TUERTO,RENOVACIÓN,"A.2.1, B.1",20/nov/2025,20/nov/2025,20/nov/2030,VIGENTE
MASCULINO,VENADO TUERTO,RENOVACIÓN,B.2,20/nov/2025,20/nov/2025,20/nov/2026,VIGENTE
MASCULINO,VENADO TUERTO,RENOVACIÓN,"A.2.1, E.1",20/nov/2025,20/nov/2025,20/nov/2027,VIGENTE
MASCULINO,VENADO TUERTO,RENOVACIÓN CON AMPLIACIÓN,"A.2.1, B.2, E.2",20/nov/2025,20/nov/2025,20/nov/2030,VIGENTE
FEMENINO,VENADO TUERTO,RENOVACIÓN,B.2,20/nov/2025,20/nov/2025,20/nov/2030,VIGENTE
MASCULINO,VENADO TUERTO,RENOVACIÓN,E.1,20/nov/2025,20/nov/2025,20/nov/2026,VIGENTE
FEMENINO,VENADO TUERTO,RENOVACIÓN,D.1,20/nov/2025,20/nov/2025,20/nov/2028,VIGENTE
MASCULINO,VENADO TUERTO,RENOVACIÓN,"A.2.2, B.2",20/nov/2025,20/nov/2025,20/nov/2030,VIGENTE
MASCULINO,VENADO TUERTO,RENOVACIÓN,E.1,20/nov/2025,20/nov/2025,20/nov/2028,VIGENTE
FEMENINO,VENADO TUERTO,RENOVACIÓN CON AMPLIACIÓN,"A.3, B.2",20/nov/2025,20/nov/2025,20/nov/2030,VIGENTE
MASCULINO,VENADO TUERTO,RENOVACIÓN,"A.2.1, D.1",20/nov/2025,20/nov/2025,20/nov/2028,VIGENTE
MASCULINO,VENADO TUERTO,RENOVACIÓN,"A.2.1, E.1",20/nov/2025,20/nov/2025,20/nov/2026,VIGENTE
FEMENINO,VENADO TUERTO,RENOVACIÓN,B.2,20/nov/2025,20/nov/2025,20/nov/2026,VIGENTE
MASCULINO,VENADO TUERTO,RENOVACIÓN,"A.2.1, B.2",20/nov/2025,20/nov/2025,20/nov/2030,VIGENTE
MASCULINO,VENADO TUERTO,RENOVACIÓN,"A.2.2, B.2",20/nov/2025,20/nov/2025,20/nov/2026,VIGENTE
MASCULINO,VENADO TUERTO,RENOVACIÓN,"A.3, B.2",20/nov/2025,20/nov/2025,20/nov/2030,VIGENTE
FEMENINO,VENADO TUERTO,RENOVACIÓN,B.2,20/nov/2025,20/nov/2025,20/nov/2028,VIGENTE
FEMENINO,VENADO TUERTO,RENOVACIÓN,"A.2.1, D.1",20/nov/2025,20/nov/2025,20/nov/2028,VIGENTE
MASCULINO,VENADO TUERTO,RENOVACIÓN,"A.2.1, B.2, C, E.2, G.1, G.2",20/nov/2025,20/nov/2025,20/nov/2030,VIGENTE
FEMENINO,VENADO TUERTO,RENOVACIÓN,A.2.1,20/nov/2025,20/nov/2025,20/nov/2030,VIGENTE
MASCULINO,VENADO TUERTO,RENOVACIÓN,"A.2.2, B.2",20/nov/2025,20/nov/2025,20/nov/2030,VIGENTE
MASCULINO,VENADO TUERTO,RENOVACIÓN,"A.3, B.2",20/nov/2025,20/nov/2025,20/nov/2030,VIGENTE
MASCULINO,VENADO TUERTO,RENOVACIÓN,B.2,20/nov/2025,20/nov/2025,20/nov/2026,VIGENTE
MASCULINO,VENADO TUERTO,RENOVACIÓN,"A.2.2, B.2",20/nov/2025,20/nov/2025,20/nov/2030,VIGENTE
MASCULINO,VENADO TUERTO,RENOVACIÓN,"A.2.1, B.2",20/nov/2025,20/nov/2025,20/nov/2026,VIGENTE
MASCULINO,VENADO TUERTO,RENOVACIÓN,"A.2.2, E.1",20/nov/2025,20/nov/2025,20/oct/2026,VIGENTE
MASCULINO,VENADO TUERTO,RENOVACIÓN,"A.2.1, B.1",20/nov/2025,20/nov/2025,20/nov/2028,VIGENTE
FEMENINO,VENADO TUERTO,RENOVACIÓN,B.2,20/nov/2025,20/nov/2025,20/nov/2030,VIGENTE
FEMENINO,VENADO TUERTO,RENOVACIÓN,"A.2.1, B.1",20/nov/2025,20/nov/2025,20/nov/2030,VIGENTE
MASCULINO,VENADO TUERTO,RENOVACIÓN,"A.2.1, B.2, C, E.2, G.1, G.2",20/nov/2025,20/nov/2025,20/nov/2030,VIGENTE
MASCULINO,VENADO TUERTO,RENOVACIÓN,"A.2.2, B.2, C",20/nov/2025,20/nov/2025,20/nov/2028,VIGENTE
FEMENINO,VENADO TUERTO,RENOVACIÓN,B.1,20/nov/2025,20/nov/2025,20/nov/2028,VIGENTE
MASCULINO,VENADO TUERTO,RENOVACIÓN,B.1,20/nov/2025,20/nov/2025,20/nov/2028,VIGENTE
MASCULINO,VENADO TUERTO,RENOVACIÓN,B.2,20/nov/2025,20/nov/2025,20/nov/2026,VIGENTE
MASCULINO,VENADO TUERTO,RENOVACIÓN,A.2.1,20/nov/2025,20/nov/2025,20/nov/2030,VIGENTE
MASCULINO,VENADO TUERTO,RENOVACIÓN,B.1,20/nov/2025,20/nov/2025,20/nov/2026,VIGENTE
MASCULINO,VENADO TUERTO,RENOVACIÓN CON AMPLIACIÓN,"A.2.1, B.2, C, E.2",20/nov/2025,20/nov/2025,20/nov/2030,VIGENTE
MASCULINO,VENADO TUERTO,RENOVACIÓN,E.1,20/nov/2025,20/nov/2025,20/sept/2026,VIGENTE
MASCULINO,VENADO TUERTO,RENOVACIÓN,B.2,20/nov/2025,20/nov/2025,20/nov/2028,VIGENTE
MASCULINO,VENADO TUERTO,ORIGINAL,B.2,20/nov/2025,20/nov/2025,20/nov/2030,VIGENTE
MASCULINO,VENADO TUERTO,RENOVACIÓN,"A.3, B.2, C",20/nov/2025,20/nov/2025,20/nov/2030,VIGENTE
MASCULINO,VENADO TUERTO,ORIGINAL,A.2.1,25/nov/2025,20/feb/2025,25/nov/2030,VIGENTE
MASCULINO,VENADO TUERTO,ORIGINAL,A.2.1,25/nov/2025,31/oct/2025,25/nov/2026,VIGENTE
MASCULINO,VENADO TUERTO,RENOVACIÓN CON AMPLIACIÓN,"A.2.1, B.1",25/nov/2025,12/nov/2025,25/nov/2030,VIGENTE
FEMENINO,VENADO TUERTO,ORIGINAL,A.2.1,25/nov/2025,12/nov/2025,25/nov/2026,VIGENTE
MASCULINO,VENADO TUERTO,RENOVACIÓN CON AMPLIACIÓN,"A.2.1, B.1",25/nov/2025,13/nov/2025,25/nov/2030,VIGENTE
MASCULINO,VENADO TUERTO,RENOVACIÓN,"A.2.1, B.2",25/nov/2025,14/nov/2025,25/nov/2030,VIGENTE
MASCULINO,SAN EDUARDO,RENOVACIÓN,B.2,25/nov/2025,25/nov/2025,25/nov/2026,VIGENTE
MASCULINO,VENADO TUERTO,RENOVACIÓN,"B.2, G.1",25/nov/2025,25/nov/2025,25/nov/2026,VIGENTE
FEMENINO,VENADO TUERTO,RENOVACIÓN,B.2,25/nov/2025,25/nov/2025,25/nov/2026,VIGENTE
MASCULINO,VENADO TUERTO,RENOVACIÓN,"A.3, B.1",25/nov/2025,25/nov/2025,25/nov/2026,VIGENTE
MASCULINO,VENADO TUERTO,RENOVACIÓN,"A.2.1, B.2",25/nov/2025,25/nov/2025,25/nov/2026,VIGENTE
MASCULINO,VENADO TUERTO,RENOVACIÓN,B.1,25/nov/2025,25/nov/2025,25/nov/2030,VIGENTE
FEMENINO,VENADO TUERTO,RENOVACIÓN,A.2.1,25/nov/2025,25/nov/2025,25/nov/2030,VIGENTE
FEMENINO,VENADO TUERTO,ORIGINAL,A.2.1,25/nov/2025,25/nov/2025,25/nov/2030,VIGENTE
FEMENINO,VENADO TUERTO,RENOVACIÓN,B.2,25/nov/2025,25/nov/2025,25/nov/2026,VIGENTE
MASCULINO,VENADO TUERTO,RENOVACIÓN,B.2,25/nov/2025,25/nov/2025,25/nov/2026,VIGENTE
FEMENINO,VENADO TUERTO,RENOVACIÓN,"A.2.1, B.2",25/nov/2025,25/nov/2025,25/nov/2030,VIGENTE
MASCULINO,VENADO TUERTO,RENOVACIÓN,"A.3, E.1",25/nov/2025,25/nov/2025,25/jul/2026,VIGENTE
FEMENINO,VENADO TUERTO,RENOVACIÓN,B.2,25/nov/2025,25/nov/2025,25/nov/2026,VIGENTE
FEMENINO,VENADO TUERTO,RENOVACIÓN,A.2.1,25/nov/2025,25/nov/2025,25/nov/2030,VIGENTE
FEMENINO,VENADO TUERTO,RENOVACIÓN,B.1,25/nov/2025,25/nov/2025,25/nov/2030,VIGENTE
FEMENINO,VENADO TUERTO,RENOVACIÓN,A.2.1,25/nov/2025,25/nov/2025,25/nov/2030,VIGENTE
MASCULINO,VENADO TUERTO,RENOVACIÓN,B.2,25/nov/2025,25/nov/2025,25/nov/2026,VIGENTE
MASCULINO,VENADO TUERTO,RENOVACIÓN,"B.2, D.1",25/nov/2025,25/nov/2025,25/nov/2026,VIGENTE
FEMENINO,VENADO TUERTO,RENOVACIÓN,B.1,25/nov/2025,25/nov/2025,25/nov/2028,VIGENTE
MASCULINO,VENADO TUERTO,RENOVACIÓN,"A.2.2, B.1",25/nov/2025,25/nov/2025,25/nov/2030,VIGENTE
MASCULINO,VENADO TUERTO,RENOVACIÓN,B.2,25/nov/2025,25/nov/2025,25/nov/2026,VIGENTE
MASCULINO,VENADO TUERTO,RENOVACIÓN,B.2,25/nov/2025,25/nov/2025,25/nov/2030,VIGENTE
FEMENINO,VENADO TUERTO,RENOVACIÓN,B.1,25/nov/2025,25/nov/2025,25/nov/2030,VIGENTE
FEMENINO,VENADO TUERTO,RENOVACIÓN,B.1,25/nov/2025,25/nov/2025,25/nov/2030,VIGENTE
MASCULINO,VENADO TUERTO,ORIGINAL,"A.2.1, B.1",27/nov/2025,4/sept/2025,27/nov/2030,VIGENTE
MASCULINO,VENADO TUERTO,ORIGINAL,"A.2.1, B.2",27/nov/2025,12/sept/2025,27/nov/2030,VIGENTE
MASCULINO,VENADO TUERTO,RENOVACIÓN CON AMPLIACIÓN,"A.3, B.2",27/nov/2025,1/oct/2025,27/nov/2030,VIGENTE
MASCULINO,VENADO TUERTO,RENOVACIÓN,"A.3, E.1",27/nov/2025,14/oct/2025,27/nov/2028,VIGENTE
FEMENINO,VENADO TUERTO,ORIGINAL,A.2.1,27/nov/2025,17/oct/2025,27/nov/2030,VIGENTE
FEMENINO,VENADO TUERTO,RENOVACIÓN,B.2,27/nov/2025,22/oct/2025,27/nov/2026,VIGENTE
MASCULINO,VENADO TUERTO,RENOVACIÓN,"A.3, E.1",27/nov/2025,27/oct/2025,27/nov/2030,VIGENTE
MASCULINO,VENADO TUERTO,ORIGINAL,"A.2.1, B.2",27/nov/2025,5/nov/2025,27/nov/2030,VIGENTE
FEMENINO,VENADO TUERTO,ORIGINAL,A.2.1,27/nov/2025,13/nov/2025,27/nov/2030,VIGENTE
MASCULINO,VENADO TUERTO,ORIGINAL,A.2.1,27/nov/2025,14/nov/2025,27/nov/2030,VIGENTE
MASCULINO,VENADO TUERTO,RENOVACIÓN CON AMPLIACIÓN,"A.2.1, B.1",27/nov/2025,14/nov/2025,27/nov/2028,VIGENTE
FEMENINO,VENADO TUERTO,RENOVACIÓN,B.2,27/nov/2025,18/nov/2025,27/nov/2026,VIGENTE
MASCULINO,VENADO TUERTO,RENOVACIÓN,B.2,27/nov/2025,18/nov/2025,27/nov/2028,VIGENTE
MASCULINO,VENADO TUERTO,RENOVACIÓN,"A.2.1, B.1",27/nov/2025,25/nov/2025,27/nov/2030,VIGENTE
MASCULINO,VENADO TUERTO,RENOVACIÓN,E.1,27/nov/2025,25/nov/2025,27/nov/2028,VIGENTE
FEMENINO,VENADO TUERTO,ORIGINAL,A.2.1,27/nov/2025,25/nov/2025,27/nov/2030,VIGENTE
MASCULINO,VENADO TUERTO,RENOVACIÓN CON AMPLIACIÓN,"A.2.1, B.2, C",27/nov/2025,25/nov/2025,27/nov/2028,VIGENTE
FEMENINO,VENADO TUERTO,RENOVACIÓN,"A.2.1, B.2",27/nov/2025,25/nov/2025,27/nov/2030,VIGENTE
MASCULINO,VENADO TUERTO,RENOVACIÓN,"A.2.1, B.2",27/nov/2025,25/nov/2025,27/nov/2030,VIGENTE
FEMENINO,VENADO TUERTO,RENOVACIÓN,"A.2.1, B.1",27/nov/2025,25/nov/2025,27/nov/2030,VIGENTE
FEMENINO,VENADO TUERTO,RENOVACIÓN CON AMPLIACIÓN,"A.2.1, B.1",27/nov/2025,25/nov/2025,27/nov/2030,VIGENTE
FEMENINO,VENADO TUERTO,RENOVACIÓN,A.2.1,27/nov/2025,25/nov/2025,27/nov/2030,VIGENTE
FEMENINO,VENADO TUERTO,RENOVACIÓN,"A.2.1, B.1",27/nov/2025,25/nov/2025,27/nov/2030,VIGENTE
MASCULINO,VENADO TUERTO,ORIGINAL,"A.2.1, B.1",27/nov/2025,25/nov/2025,27/nov/2030,VIGENTE
MASCULINO,SAN EDUARDO,RENOVACIÓN CON AMPLIACIÓN,"B.2, C",27/nov/2025,25/nov/2025,27/nov/2030,VIGENTE
MASCULINO,VENADO TUERTO,ORIGINAL,"A.2.1, B.2",27/nov/2025,25/nov/2025,27/nov/2030,VIGENTE
FEMENINO,VENADO TUERTO,ORIGINAL,B.1,27/nov/2025,25/nov/2025,27/nov/2030,VIGENTE
MASCULINO,VENADO TUERTO,RENOVACIÓN,B.2,27/nov/2025,26/nov/2025,27/nov/2026,VIGENTE
MASCULINO,VENADO TUERTO,RENOVACIÓN,"A.2.1, B.1",27/nov/2025,26/nov/2025,27/nov/2030,VIGENTE
MASCULINO,SAN EDUARDO,RENOVACIÓN,E.1,27/nov/2025,26/nov/2025,27/nov/2026,VIGENTE
FEMENINO,VENADO TUERTO,RENOVACIÓN,"A.2.2, B.2",27/nov/2025,26/nov/2025,27/nov/2030,VIGENTE
FEMENINO,VENADO TUERTO,RENOVACIÓN,"A.2.1, B.1",27/nov/2025,26/nov/2025,27/nov/2030,VIGENTE
MASCULINO,VENADO TUERTO,RENOVACIÓN,B.1,27/nov/2025,26/nov/2025,27/nov/2026,VIGENTE
MASCULINO,VENADO TUERTO,ORIGINAL,B.1,27/nov/2025,26/nov/2025,27/nov/2030,VIGENTE
MASCULINO,VENADO TUERTO,RENOVACIÓN,"B.2, G.1",27/nov/2025,26/nov/2025,27/nov/2026,VIGENTE
MASCULINO,VENADO TUERTO,ORIGINAL,"A.2.1, B.1",27/nov/2025,26/nov/2025,27/nov/2030,VIGENTE
MASCULINO,VENADO TUERTO,RENOVACIÓN,B.2,27/nov/2025,26/nov/2025,27/nov/2026,VIGENTE
FEMENINO,VENADO TUERTO,ORIGINAL,"A.2.1, B.1",27/nov/2025,26/nov/2025,27/nov/2030,VIGENTE
MASCULINO,VENADO TUERTO,RENOVACIÓN,B.2,27/nov/2025,26/nov/2025,27/nov/2026,VIGENTE
FEMENINO,SAN EDUARDO,RENOVACIÓN,"A.2.1, B.2",27/nov/2025,26/nov/2025,27/nov/2030,VIGENTE
FEMENINO,VENADO TUERTO,RENOVACIÓN,A.2.1,27/nov/2025,27/nov/2025,27/nov/2030,VIGENTE
MASCULINO,VENADO TUERTO,RENOVACIÓN,B.2,27/nov/2025,27/nov/2025,27/nov/2030,VIGENTE
FEMENINO,VENADO TUERTO,RENOVACIÓN,"A.2.1, B.1",27/nov/2025,27/nov/2025,27/nov/2030,VIGENTE
MASCULINO,VENADO TUERTO,RENOVACIÓN,B.2,27/nov/2025,27/nov/2025,27/nov/2026,VIGENTE
MASCULINO,VENADO TUERTO,RENOVACIÓN,A.2.1,27/nov/2025,27/nov/2025,27/nov/2028,VIGENTE
FEMENINO,VENADO TUERTO,RENOVACIÓN,"A.2.1, B.2",27/nov/2025,27/nov/2025,27/nov/2026,VIGENTE
MASCULINO,VENADO TUERTO,RENOVACIÓN,E.1,27/nov/2025,27/nov/2025,27/nov/2028,VIGENTE
FEMENINO,VENADO TUERTO,RENOVACIÓN,B.1,27/nov/2025,27/nov/2025,27/nov/2030,VIGENTE
MASCULINO,VENADO TUERTO,ORIGINAL,A.2.1,27/nov/2025,27/nov/2025,27/nov/2030,VIGENTE
MASCULINO,VENADO TUERTO,RENOVACIÓN,"A.2.2, B.2, D.1",27/nov/2025,27/nov/2025,27/nov/2028,VIGENTE
MASCULINO,VENADO TUERTO,RENOVACIÓN,"A.2.1, B.2",27/nov/2025,27/nov/2025,27/nov/2026,VIGENTE
MASCULINO,VENADO TUERTO,RENOVACIÓN,B.2,27/nov/2025,27/nov/2025,27/nov/2028,VIGENTE
FEMENINO,VENADO TUERTO,RENOVACIÓN,B.2,27/nov/2025,27/nov/2025,27/nov/2026,VIGENTE
MASCULINO,VENADO TUERTO,ORIGINAL,A.2.1,27/nov/2025,27/nov/2025,27/nov/2030,VIGENTE
FEMENINO,VENADO TUERTO,RENOVACIÓN,B.1,27/nov/2025,27/nov/2025,27/nov/2026,VIGENTE
FEMENINO,VENADO TUERTO,RENOVACIÓN,"A.2.1, B.2",27/nov/2025,27/nov/2025,27/nov/2030,VIGENTE
FEMENINO,VENADO TUERTO,RENOVACIÓN,A.2.1,27/nov/2025,27/nov/2025,27/nov/2030,VIGENTE
FEMENINO,VENADO TUERTO,RENOVACIÓN,B.2,27/nov/2025,27/nov/2025,27/nov/2026,VIGENTE
MASCULINO,VENADO TUERTO,RENOVACIÓN,"A.2.1, D.1, E.1",27/nov/2025,27/nov/2025,27/oct/2027,VIGENTE
FEMENINO,VENADO TUERTO,RENOVACIÓN CON AMPLIACIÓN,"A.2.1, B.1",27/nov/2025,27/nov/2025,27/nov/2028,VIGENTE
MASCULINO,VENADO TUERTO,ORIGINAL,"A.2.1, B.1",27/nov/2025,27/nov/2025,27/nov/2030,VIGENTE
FEMENINO,VENADO TUERTO,ORIGINAL,A.2.1,27/nov/2025,27/nov/2025,27/nov/2030,VIGENTE
FEMENINO,VENADO TUERTO,ORIGINAL,"A.2.1, B.1",27/nov/2025,27/nov/2025,27/nov/2030,VIGENTE
MASCULINO,VENADO TUERTO,RENOVACIÓN,"A.2.1, B.2",27/nov/2025,27/nov/2025,27/nov/2030,VIGENTE
MASCULINO,VENADO TUERTO,RENOVACIÓN,"A.2.1, B.2",27/nov/2025,27/nov/2025,27/nov/2026,VIGENTE
MASCULINO,VENADO TUERTO,RENOVACIÓN,"A.2.1, B.1",27/nov/2025,27/nov/2025,27/nov/2030,VIGENTE
MASCULINO,VENADO TUERTO,RENOVACIÓN,E.1,27/nov/2025,27/nov/2025,27/nov/2028,VIGENTE
FEMENINO,VENADO TUERTO,RENOVACIÓN,B.2,27/nov/2025,27/nov/2025,27/nov/2026,VIGENTE
MASCULINO,VENADO TUERTO,RENOVACIÓN,B.2,27/nov/2025,27/nov/2025,27/nov/2026,VIGENTE
MASCULINO,VENADO TUERTO,RENOVACIÓN,"A.2.2, B.2, D.1",27/nov/2025,27/nov/2025,27/nov/2028,VIGENTE
FEMENINO,VENADO TUERTO,RENOVACIÓN,B.1,27/nov/2025,27/nov/2025,27/nov/2030,VIGENTE
MASCULINO,VENADO TUERTO,RENOVACIÓN,"B.1, D.3",27/nov/2025,27/nov/2025,27/nov/2027,VIGENTE
MASCULINO,VENADO TUERTO,RENOVACIÓN,B.2,27/nov/2025,27/nov/2025,27/nov/2026,VIGENTE
MASCULINO,VENADO TUERTO,RENOVACIÓN,"A.2.1, B.1",27/nov/2025,27/nov/2025,27/nov/2030,VIGENTE
MASCULINO,VENADO TUERTO,RENOVACIÓN,"A.3, B.2, G.1, G.2",27/nov/2025,27/nov/2025,27/nov/2030,VIGENTE
FEMENINO,SAN EDUARDO,RENOVACIÓN CON AMPLIACIÓN,"A.2.1, B.1",27/nov/2025,27/nov/2025,27/nov/2030,VIGENTE
FEMENINO,VENADO TUERTO,RENOVACIÓN,B.2,27/nov/2025,27/nov/2025,27/nov/2026,VIGENTE
MASCULINO,VENADO TUERTO,RENOVACIÓN,"A.2.1, B.2",27/nov/2025,27/nov/2025,27/nov/2026,VIGENTE
MASCULINO,VENADO TUERTO,ORIGINAL,A.2.1,27/nov/2025,27/nov/2025,27/nov/2026,VIGENTE
MASCULINO,VENADO TUERTO,RENOVACIÓN,D.1,27/nov/2025,27/nov/2025,27/nov/2028,VIGENTE
FEMENINO,VENADO TUERTO,RENOVACIÓN,"A.2.1, B.1",27/nov/2025,27/nov/2025,27/nov/2030,VIGENTE
MASCULINO,VENADO TUERTO,ORIGINAL,B.1,28/nov/2025,30/abr/2025,28/nov/2030,VIGENTE
FEMENINO,VENADO TUERTO,ORIGINAL,A.2.1,28/nov/2025,18/sept/2025,28/nov/2030,VIGENTE
MASCULINO,VENADO TUERTO,RENOVACIÓN CON AMPLIACIÓN,"A.2.1, B.2",28/nov/2025,11/nov/2025,28/nov/2030,VIGENTE
MASCULINO,VENADO TUERTO,RENOVACIÓN CON AMPLIACIÓN,"A.2.1, B.2",28/nov/2025,11/nov/2025,28/nov/2030,VIGENTE
MASCULINO,VENADO TUERTO,ORIGINAL,A.2.1,28/nov/2025,12/nov/2025,28/nov/2026,VIGENTE
FEMENINO,VENADO TUERTO,ORIGINAL,A.2.1,28/nov/2025,13/nov/2025,28/nov/2030,VIGENTE
MASCULINO,VENADO TUERTO,ORIGINAL,A.2.1,28/nov/2025,13/nov/2025,28/nov/2030,VIGENTE
FEMENINO,VENADO TUERTO,ORIGINAL,A.2.1,28/nov/2025,14/nov/2025,28/nov/2030,VIGENTE
FEMENINO,VENADO TUERTO,ORIGINAL,A.2.1,28/nov/2025,17/nov/2025,28/nov/2026,VIGENTE
MASCULINO,VENADO TUERTO,ORIGINAL,A.2.1,28/nov/2025,18/nov/2025,28/nov/2026,VIGENTE
MASCULINO,VENADO TUERTO,RENOVACIÓN,"A.2.2, D.2, D.3",28/nov/2025,19/nov/2025,28/nov/2028,VIGENTE
MASCULINO,VENADO TUERTO,RENOVACIÓN CON AMPLIACIÓN,"A.3, B.1",28/nov/2025,25/nov/2025,28/nov/2030,VIGENTE
MASCULINO,VENADO TUERTO,RENOVACIÓN,"A.2.2, B.2, C",28/nov/2025,25/nov/2025,28/nov/2028,VIGENTE
MASCULINO,SAN EDUARDO,RENOVACIÓN CON AMPLIACIÓN,"A.3, E.1, E.2, G.1, G.2",28/nov/2025,25/nov/2025,28/nov/2030,VIGENTE
FEMENINO,VENADO TUERTO,ORIGINAL,"A.2.1, B.1",28/nov/2025,25/nov/2025,28/nov/2030,VIGENTE
MASCULINO,VENADO TUERTO,RENOVACIÓN,B.2,28/nov/2025,25/nov/2025,28/nov/2026,VIGENTE
FEMENINO,VENADO TUERTO,ORIGINAL,A.2.1,28/nov/2025,25/nov/2025,28/nov/2026,VIGENTE
MASCULINO,VENADO TUERTO,RENOVACIÓN,E.1,28/nov/2025,26/nov/2025,28/nov/2030,VIGENTE
MASCULINO,VENADO TUERTO,RENOVACIÓN,"A.3, B.2",28/nov/2025,26/nov/2025,28/nov/2026,VIGENTE
MASCULINO,VENADO TUERTO,RENOVACIÓN,B.2,28/nov/2025,26/nov/2025,28/nov/2028,VIGENTE
MASCULINO,VENADO TUERTO,RENOVACIÓN,"A.3, B.2",28/nov/2025,26/nov/2025,28/nov/2030,VIGENTE
MASCULINO,VENADO TUERTO,RENOVACIÓN,"A.2.1, E.1",28/nov/2025,26/nov/2025,28/nov/2030,VIGENTE
FEMENINO,VENADO TUERTO,RENOVACIÓN,A.2.1,28/nov/2025,26/nov/2025,28/nov/2030,VIGENTE
FEMENINO,VENADO TUERTO,ORIGINAL,A.2.1,28/nov/2025,26/nov/2025,28/nov/2026,VIGENTE
MASCULINO,VENADO TUERTO,RENOVACIÓN,B.2,28/nov/2025,26/nov/2025,28/nov/2030,VIGENTE
FEMENINO,VENADO TUERTO,RENOVACIÓN,B.1,28/nov/2025,26/nov/2025,28/nov/2030,VIGENTE
FEMENINO,VENADO TUERTO,RENOVACIÓN,B.2,28/nov/2025,26/nov/2025,28/nov/2026,VIGENTE
FEMENINO,VENADO TUERTO,RENOVACIÓN,B.2,28/nov/2025,26/nov/2025,28/nov/2026,VIGENTE
MASCULINO,VENADO TUERTO,RENOVACIÓN,"A.2.2, B.1",28/nov/2025,26/nov/2025,28/nov/2030,VIGENTE
FEMENINO,VENADO TUERTO,RENOVACIÓN,B.2,28/nov/2025,26/nov/2025,28/nov/2026,VIGENTE
MASCULINO,VENADO TUERTO,RENOVACIÓN,E.1,28/nov/2025,26/nov/2025,28/nov/2028,VIGENTE
MASCULINO,VENADO TUERTO,RENOVACIÓN,"A.3, B.2, C",28/nov/2025,27/nov/2025,28/nov/2026,VIGENTE
FEMENINO,VENADO TUERTO,RENOVACIÓN,D.1,28/nov/2025,27/nov/2025,28/nov/2026,VIGENTE
MASCULINO,VENADO TUERTO,RENOVACIÓN,"A.3, B.2",28/nov/2025,28/nov/2025,28/nov/2030,VIGENTE
FEMENINO,VENADO TUERTO,RENOVACIÓN,B.2,28/nov/2025,28/nov/2025,28/nov/2030,VIGENTE
MASCULINO,VENADO TUERTO,RENOVACIÓN,B.2,28/nov/2025,28/nov/2025,28/nov/2030,VIGENTE
MASCULINO,VENADO TUERTO,RENOVACIÓN,B.2,28/nov/2025,28/nov/2025,28/nov/2028,VIGENTE
MASCULINO,VENADO TUERTO,RENOVACIÓN,B.2,28/nov/2025,28/nov/2025,28/nov/2026,VIGENTE
MASCULINO,VENADO TUERTO,RENOVACIÓN,B.2,28/nov/2025,28/nov/2025,28/nov/2026,VIGENTE
MASCULINO,VENADO TUERTO,RENOVACIÓN,B.2,28/nov/2025,28/nov/2025,28/nov/2026,VIGENTE
MASCULINO,VENADO TUERTO,RENOVACIÓN,"A.2.1, B.2",28/nov/2025,28/nov/2025,28/nov/2026,VIGENTE
MASCULINO,VENADO TUERTO,RENOVACIÓN,A.2.1,28/nov/2025,28/nov/2025,28/nov/2030,VIGENTE
MASCULINO,VENADO TUERTO,RENOVACIÓN,"A.2.1, B.2",28/nov/2025,28/nov/2025,28/nov/2026,VIGENTE
MASCULINO,VENADO TUERTO,ORIGINAL,B.1,28/nov/2025,28/nov/2025,28/nov/2026,VIGENTE
MASCULINO,VENADO TUERTO,RENOVACIÓN,"A.2.1, B.2",28/nov/2025,28/nov/2025,28/nov/2030,VIGENTE
MASCULINO,VENADO TUERTO,RENOVACIÓN,"A.3, B.2",28/nov/2025,28/nov/2025,28/nov/2028,VIGENTE
MASCULINO,VENADO TUERTO,RENOVACIÓN,"A.2.1, B.1",28/nov/2025,28/nov/2025,28/nov/2030,VIGENTE
FEMENINO,VENADO TUERTO,RENOVACIÓN,B.2,28/nov/2025,28/nov/2025,28/nov/2030,VIGENTE
MASCULINO,VENADO TUERTO,RENOVACIÓN,A.2.1,28/nov/2025,28/nov/2025,28/nov/2030,VIGENTE
FEMENINO,VENADO TUERTO,RENOVACIÓN,"A.2.1, B.1",28/nov/2025,28/nov/2025,28/nov/2030,VIGENTE
MASCULINO,VENADO TUERTO,RENOVACIÓN,"A.3, B.2",28/nov/2025,28/nov/2025,28/nov/2030,VIGENTE
MASCULINO,VENADO TUERTO,RENOVACIÓN,"A.2.1, B.2",28/nov/2025,28/nov/2025,28/nov/2026,VIGENTE
MASCULINO,VENADO TUERTO,RENOVACIÓN,B.1,28/nov/2025,28/nov/2025,28/nov/2030,VIGENTE
FEMENINO,VENADO TUERTO,RENOVACIÓN,B.1,28/nov/2025,28/nov/2025,28/nov/2028,VIGENTE
FEMENINO,VENADO TUERTO,RENOVACIÓN,B.2,28/nov/2025,28/nov/2025,28/nov/2028,VIGENTE
MASCULINO,VENADO TUERTO,RENOVACIÓN,"A.2.1, B.2, C",28/nov/2025,28/nov/2025,28/nov/2030,VIGENTE
FEMENINO,VENADO TUERTO,RENOVACIÓN,B.2,28/nov/2025,28/nov/2025,28/nov/2026,VIGENTE
FEMENINO,VENADO TUERTO,RENOVACIÓN,"D.2, D.3",28/nov/2025,28/nov/2025,28/nov/2028,VIGENTE
MASCULINO,VENADO TUERTO,RENOVACIÓN,"D.2, D.3",28/nov/2025,28/nov/2025,28/nov/2028,VIGENTE
FEMENINO,VENADO TUERTO,RENOVACIÓN,"A.2.1, B.2",28/nov/2025,28/nov/2025,28/nov/2026,VIGENTE
MASCULINO,VENADO TUERTO,RENOVACIÓN,B.2,28/nov/2025,28/nov/2025,28/nov/2026,VIGENTE
MASCULINO,VENADO TUERTO,RENOVACIÓN,"A.3, B.2, C, G.1, G.2",28/nov/2025,28/nov/2025,28/nov/2028,VIGENTE
MASCULINO,VENADO TUERTO,ORIGINAL,A.2.1,28/nov/2025,28/nov/2025,28/nov/2026,VIGENTE
FEMENINO,VENADO TUERTO,RENOVACIÓN,"A.2.1, B.1",28/nov/2025,28/nov/2025,28/nov/2030,VIGENTE
FEMENINO,VENADO TUERTO,RENOVACIÓN,B.1,28/nov/2025,28/nov/2025,28/nov/2026,VIGENTE
FEMENINO,VENADO TUERTO,RENOVACIÓN,"A.2.1, B.1",28/nov/2025,28/nov/2025,28/nov/2030,VIGENTE
MASCULINO,VENADO TUERTO,DUPLICADO,"A.2.2, B.1",28/nov/2025,28/nov/2025,28/ene/2030,VIGENTE
MASCULINO,VENADO TUERTO,RENOVACIÓN,"A.2.2, B.2",28/nov/2025,28/nov/2025,28/nov/2030,VIGENTE
MASCULINO,VENADO TUERTO,RENOVACIÓN,B.2,28/nov/2025,28/nov/2025,28/nov/2026,VIGENTE
FEMENINO,VENADO TUERTO,RENOVACIÓN,"A.2.1, B.1",28/nov/2025,28/nov/2025,28/nov/2030,VIGENTE
MASCULINO,VENADO TUERTO,ORIGINAL,"A.2.1, B.1",28/nov/2025,28/nov/2025,28/nov/2030,VIGENTE
FEMENINO,VENADO TUERTO,RENOVACIÓN,B.1,28/nov/2025,28/nov/2025,28/nov/2030,VIGENTE
MASCULINO,VENADO TUERTO,RENOVACIÓN,B.2,28/nov/2025,28/nov/2025,28/nov/2030,VIGENTE
FEMENINO,VENADO TUERTO,RENOVACIÓN,A.2.1,28/nov/2025,28/nov/2025,28/nov/2030,VIGENTE
FEMENINO,VENADO TUERTO,RENOVACIÓN,"A.2.1, B.2",28/nov/2025,28/nov/2025,28/nov/2030,VIGENTE
FEMENINO,VENADO TUERTO,ORIGINAL,B.1,28/nov/2025,28/nov/2025,28/nov/2030,VIGENTE
FEMENINO,VENADO TUERTO,ORIGINAL,A.2.1,28/nov/2025,28/nov/2025,28/nov/2030,VIGENTE
MASCULINO,VENADO TUERTO,RENOVACIÓN,"A.2.1, B.2",28/nov/2025,28/nov/2025,28/nov/2030,VIGENTE
MASCULINO,VENADO TUERTO,RENOVACIÓN,A.2.1,28/nov/2025,28/nov/2025,28/nov/2030,VIGENTE
MASCULINO,VENADO TUERTO,RENOVACIÓN,B.1,28/nov/2025,28/nov/2025,28/nov/2026,VIGENTE
FEMENINO,VENADO TUERTO,RENOVACIÓN,A.2.1,28/nov/2025,28/nov/2025,28/nov/2030,VIGENTE
MASCULINO,VENADO TUERTO,RENOVACIÓN,B.2,28/nov/2025,28/nov/2025,28/nov/2026,VIGENTE
MASCULINO,VENADO TUERTO,ORIGINAL,"A.2.1, B.1",28/nov/2025,28/nov/2025,28/nov/2030,VIGENTE
MASCULINO,VENADO TUERTO,RENOVACIÓN,B.2,28/nov/2025,28/nov/2025,28/nov/2026,VIGENTE
MASCULINO,VENADO TUERTO,RENOVACIÓN CON AMPLIACIÓN,"A.2.1, D.2, D.3, E.1",28/nov/2025,28/nov/2025,28/nov/2030,VIGENTE
FEMENINO,VENADO TUERTO,RENOVACIÓN,"A.2.1, B.2, D.1",28/nov/2025,28/nov/2025,28/nov/2028,VIGENTE
FEMENINO,VENADO TUERTO,RENOVACIÓN,"A.2.1, B.1",28/nov/2025,28/nov/2025,28/nov/2030,VIGENTE
MASCULINO,VENADO TUERTO,RENOVACIÓN CON AMPLIACIÓN,A.2.2,28/nov/2025,28/nov/2025,28/nov/2030,VIGENTE
MASCULINO,VENADO TUERTO,RENOVACIÓN,A.2.1,28/nov/2025,28/nov/2025,28/nov/2028,VIGENTE
MASCULINO,VENADO TUERTO,RENOVACIÓN,B.2,28/nov/2025,28/nov/2025,28/nov/2026,VIGENTE
MASCULINO,VENADO TUERTO,RENOVACIÓN,A.2.1,1/dic/2025,16/oct/2025,1/dic/2030,VIGENTE
MASCULINO,VENADO TUERTO,ORIGINAL,A.2.1,1/dic/2025,30/oct/2025,1/dic/2026,VIGENTE
FEMENINO,VENADO TUERTO,ORIGINAL,A.2.1,1/dic/2025,12/nov/2025,1/dic/2030,VIGENTE
MASCULINO,VENADO TUERTO,ORIGINAL,"A.2.1, B.2",1/dic/2025,12/nov/2025,1/dic/2030,VIGENTE
FEMENINO,VENADO TUERTO,ORIGINAL,A.2.1,1/dic/2025,12/nov/2025,1/dic/2030,VIGENTE
FEMENINO,VENADO TUERTO,RENOVACIÓN,A.2.1,1/dic/2025,13/nov/2025,1/dic/2030,VIGENTE
MASCULINO,VENADO TUERTO,RENOVACIÓN CON AMPLIACIÓN,"A.2.1, B.2",1/dic/2025,14/nov/2025,1/dic/2030,VIGENTE
MASCULINO,VENADO TUERTO,RENOVACIÓN,B.2,1/dic/2025,14/nov/2025,1/dic/2026,VIGENTE
MASCULINO,VENADO TUERTO,ORIGINAL,"A.2.1, B.1",1/dic/2025,17/nov/2025,1/dic/2026,VIGENTE
MASCULINO,VENADO TUERTO,RENOVACIÓN,"A.2.1, E.1",1/dic/2025,18/nov/2025,1/dic/2027,VIGENTE
MASCULINO,VENADO TUERTO,RENOVACIÓN CON AMPLIACIÓN,"A.3, B.2, C",1/dic/2025,18/nov/2025,1/dic/2030,VIGENTE
MASCULINO,VENADO TUERTO,ORIGINAL,A.2.1,1/dic/2025,18/nov/2025,1/dic/2026,VIGENTE
FEMENINO,VENADO TUERTO,RENOVACIÓN CON AMPLIACIÓN,"A.2.2, B.1",1/dic/2025,18/nov/2025,1/dic/2030,VIGENTE
MASCULINO,VENADO TUERTO,RENOVACIÓN CON AMPLIACIÓN,"A.2.2, B.2",1/dic/2025,18/nov/2025,1/dic/2030,VIGENTE
FEMENINO,VENADO TUERTO,RENOVACIÓN CON AMPLIACIÓN,"A.2.2, B.1",1/dic/2025,20/nov/2025,1/dic/2030,VIGENTE
MASCULINO,VENADO TUERTO,RENOVACIÓN,B.1,1/dic/2025,20/nov/2025,1/dic/2026,VIGENTE
MASCULINO,VENADO TUERTO,RENOVACIÓN,E.1,1/dic/2025,25/nov/2025,1/sept/2026,VIGENTE
MASCULINO,VENADO TUERTO,RENOVACIÓN,"A.2.2, B.2",1/dic/2025,25/nov/2025,1/dic/2030,VIGENTE
MASCULINO,VENADO TUERTO,RENOVACIÓN,B.2,1/dic/2025,25/nov/2025,1/dic/2028,VIGENTE
MASCULINO,VENADO TUERTO,RENOVACIÓN,B.2,1/dic/2025,25/nov/2025,1/dic/2026,VIGENTE
MASCULINO,VENADO TUERTO,RENOVACIÓN,"A.2.1, B.2, G.1",1/dic/2025,25/nov/2025,1/dic/2030,VIGENTE
FEMENINO,VENADO TUERTO,ORIGINAL,A.2.1,1/dic/2025,25/nov/2025,1/dic/2030,VIGENTE
MASCULINO,VENADO TUERTO,DUPLICADO,"A.2.1, E.1",1/dic/2025,25/nov/2025,31/mar/2027,VIGENTE
FEMENINO,VENADO TUERTO,RENOVACIÓN,"A.2.1, B.1",1/dic/2025,25/nov/2025,1/dic/2030,VIGENTE
MASCULINO,VENADO TUERTO,RENOVACIÓN CON AMPLIACIÓN,"A.2.1, B.2",1/dic/2025,25/nov/2025,1/dic/2028,VIGENTE
FEMENINO,VENADO TUERTO,RENOVACIÓN,A.2.1,1/dic/2025,25/nov/2025,1/dic/2030,VIGENTE
MASCULINO,VENADO TUERTO,RENOVACIÓN,"A.2.2, B.2",1/dic/2025,25/nov/2025,1/dic/2030,VIGENTE
MASCULINO,VENADO TUERTO,RENOVACIÓN,B.1,1/dic/2025,25/nov/2025,1/dic/2026,VIGENTE
MASCULINO,VENADO TUERTO,RENOVACIÓN,"A.2.1, E.1",1/dic/2025,25/nov/2025,1/dic/2028,VIGENTE
MASCULINO,VENADO TUERTO,RENOVACIÓN,"B.2, C",1/dic/2025,25/nov/2025,1/dic/2026,VIGENTE
FEMENINO,VENADO TUERTO,ORIGINAL,A.2.1,1/dic/2025,25/nov/2025,1/dic/2026,VIGENTE
FEMENINO,VENADO TUERTO,RENOVACIÓN,A.2.1,1/dic/2025,25/nov/2025,1/dic/2030,VIGENTE
FEMENINO,VENADO TUERTO,ORIGINAL,A.2.1,1/dic/2025,25/nov/2025,1/dic/2030,VIGENTE
FEMENINO,VENADO TUERTO,ORIGINAL,A.2.1,1/dic/2025,25/nov/2025,1/dic/2030,VIGENTE
MASCULINO,VENADO TUERTO,RENOVACIÓN,B.2,1/dic/2025,25/nov/2025,1/dic/2026,VIGENTE
MASCULINO,VENADO TUERTO,RENOVACIÓN,"B.2, C, D.1",1/dic/2025,25/nov/2025,1/dic/2030,VIGENTE
FEMENINO,VENADO TUERTO,RENOVACIÓN,"A.2.1, B.1",1/dic/2025,25/nov/2025,1/dic/2030,VIGENTE
MASCULINO,VENADO TUERTO,RENOVACIÓN,B.1,1/dic/2025,25/nov/2025,1/dic/2030,VIGENTE
MASCULINO,VENADO TUERTO,RENOVACIÓN,B.2,1/dic/2025,25/nov/2025,1/dic/2026,VIGENTE
MASCULINO,VENADO TUERTO,RENOVACIÓN,"B.2, D.1, D.3",1/dic/2025,26/nov/2025,1/dic/2028,VIGENTE
FEMENINO,VENADO TUERTO,RENOVACIÓN,B.2,1/dic/2025,26/nov/2025,1/dic/2026,VIGENTE
FEMENINO,VENADO TUERTO,RENOVACIÓN,B.2,1/dic/2025,26/nov/2025,1/dic/2026,VIGENTE
MASCULINO,VENADO TUERTO,RENOVACIÓN,"A.2.1, B.1",1/dic/2025,26/nov/2025,1/dic/2030,VIGENTE
MASCULINO,VENADO TUERTO,RENOVACIÓN,A.2.1,1/dic/2025,26/nov/2025,1/dic/2026,VIGENTE
FEMENINO,VENADO TUERTO,RENOVACIÓN,"A.2.1, B.1",1/dic/2025,26/nov/2025,1/dic/2030,VIGENTE
MASCULINO,VENADO TUERTO,RENOVACIÓN,B.2,1/dic/2025,26/nov/2025,1/dic/2028,VIGENTE
MASCULINO,VENADO TUERTO,RENOVACIÓN,B.2,1/dic/2025,26/nov/2025,1/dic/2028,VIGENTE
MASCULINO,VENADO TUERTO,RENOVACIÓN CON AMPLIACIÓN,B.2,1/dic/2025,26/nov/2025,1/dic/2026,VIGENTE
MASCULINO,VENADO TUERTO,RENOVACIÓN,"A.3, B.2, C",1/dic/2025,26/nov/2025,1/dic/2028,NO VIGENTE
MASCULINO,VENADO TUERTO,RENOVACIÓN,"A.2.1, B.2, C",1/dic/2025,26/nov/2025,1/dic/2028,VIGENTE
FEMENINO,VENADO TUERTO,RENOVACIÓN,A.2.1,1/dic/2025,26/nov/2025,1/dic/2026,VIGENTE
MASCULINO,VENADO TUERTO,ORIGINAL,A.2.1,1/dic/2025,26/nov/2025,1/dic/2026,VIGENTE
FEMENINO,VENADO TUERTO,RENOVACIÓN,B.2,1/dic/2025,26/nov/2025,1/dic/2026,VIGENTE
MASCULINO,VENADO TUERTO,RENOVACIÓN CON AMPLIACIÓN,"A.2.2, B.2, G.1, G.2",1/dic/2025,26/nov/2025,1/dic/2030,VIGENTE
MASCULINO,VENADO TUERTO,RENOVACIÓN,"A.2.1, E.1",1/dic/2025,26/nov/2025,1/dic/2030,VIGENTE
MASCULINO,VENADO TUERTO,RENOVACIÓN,B.2,1/dic/2025,26/nov/2025,1/dic/2026,VIGENTE
FEMENINO,VENADO TUERTO,ORIGINAL,B.2,1/dic/2025,26/nov/2025,1/dic/2030,VIGENTE
MASCULINO,VENADO TUERTO,RENOVACIÓN,B.2,1/dic/2025,27/nov/2025,1/dic/2026,VIGENTE
MASCULINO,VENADO TUERTO,RENOVACIÓN,"A.3, E.1",1/dic/2025,27/nov/2025,1/dic/2028,VIGENTE
MASCULINO,VENADO TUERTO,RENOVACIÓN,B.2,1/dic/2025,27/nov/2025,1/dic/2026,VIGENTE
MASCULINO,VENADO TUERTO,RENOVACIÓN,E.1,1/dic/2025,27/nov/2025,1/dic/2026,VIGENTE
MASCULINO,VENADO TUERTO,ORIGINAL,A.2.1,1/dic/2025,27/nov/2025,1/dic/2026,VIGENTE
FEMENINO,VENADO TUERTO,RENOVACIÓN,D.1,1/dic/2025,27/nov/2025,1/dic/2027,VIGENTE
MASCULINO,VENADO TUERTO,RENOVACIÓN,"B.2, C, E.2",1/dic/2025,27/nov/2025,1/dic/2028,VIGENTE
MASCULINO,VENADO TUERTO,RENOVACIÓN,B.2,1/dic/2025,27/nov/2025,1/dic/2030,VIGENTE
MASCULINO,VENADO TUERTO,RENOVACIÓN,B.2,1/dic/2025,27/nov/2025,1/dic/2026,VIGENTE
FEMENINO,VENADO TUERTO,ORIGINAL,A.2.1,1/dic/2025,28/nov/2025,1/dic/2026,VIGENTE
MASCULINO,VENADO TUERTO,RENOVACIÓN,"A.2.2, B.1",1/dic/2025,28/nov/2025,1/dic/2030,VIGENTE
MASCULINO,VENADO TUERTO,RENOVACIÓN,"A.2.1, B.2",1/dic/2025,1/dic/2025,1/dic/2030,VIGENTE
MASCULINO,VENADO TUERTO,RENOVACIÓN CON AMPLIACIÓN,"A.2.1, E.1",1/dic/2025,1/dic/2025,1/dic/2030,VIGENTE
MASCULINO,VENADO TUERTO,RENOVACIÓN,B.2,1/dic/2025,1/dic/2025,1/dic/2028,VIGENTE
MASCULINO,VENADO TUERTO,RENOVACIÓN,B.2,1/dic/2025,1/dic/2025,1/dic/2026,VIGENTE
FEMENINO,VENADO TUERTO,RENOVACIÓN,A.2.1,1/dic/2025,1/dic/2025,1/dic/2030,VIGENTE
MASCULINO,VENADO TUERTO,RENOVACIÓN,"A.2.1, D.1, D.3, E.1, E.2",1/dic/2025,1/dic/2025,1/dic/2030,VIGENTE
FEMENINO,VENADO TUERTO,RENOVACIÓN,B.2,1/dic/2025,1/dic/2025,1/dic/2030,VIGENTE
MASCULINO,VENADO TUERTO,RENOVACIÓN,"A.2.1, B.2",1/dic/2025,1/dic/2025,1/dic/2030,VIGENTE
FEMENINO,VENADO TUERTO,RENOVACIÓN,B.1,1/dic/2025,1/dic/2025,1/dic/2028,VIGENTE
MASCULINO,VENADO TUERTO,RENOVACIÓN,A.2.1,1/dic/2025,1/dic/2025,1/dic/2030,NO VIGENTE
MASCULINO,VENADO TUERTO,RENOVACIÓN,"A.2.1, B.2",1/dic/2025,1/dic/2025,1/dic/2030,VIGENTE
MASCULINO,VENADO TUERTO,RENOVACIÓN,A.2.1,1/dic/2025,1/dic/2025,1/dic/2030,VIGENTE
MASCULINO,VENADO TUERTO,RENOVACIÓN CON AMPLIACIÓN,"A.2.2, B.1",1/dic/2025,1/dic/2025,1/dic/2030,VIGENTE
FEMENINO,VENADO TUERTO,DUPLICADO,"A.2.2, B.2",1/dic/2025,1/dic/2025,29/oct/2030,VIGENTE
FEMENINO,VENADO TUERTO,RENOVACIÓN,"A.2.1, B.2",1/dic/2025,1/dic/2025,1/dic/2030,VIGENTE
MASCULINO,VENADO TUERTO,RENOVACIÓN,"A.2.2, B.1",1/dic/2025,1/dic/2025,1/dic/2030,VIGENTE
MASCULINO,VENADO TUERTO,RENOVACIÓN,"A.2.1, B.2",1/dic/2025,1/dic/2025,1/dic/2030,VIGENTE
MASCULINO,VENADO TUERTO,ORIGINAL,A.2.2,1/dic/2025,1/dic/2025,1/dic/2030,VIGENTE
MASCULINO,VENADO TUERTO,ORIGINAL,"A.2.1, B.2",1/dic/2025,1/dic/2025,1/dic/2030,VIGENTE
MASCULINO,VENADO TUERTO,RENOVACIÓN,"A.2.2, B.2",1/dic/2025,1/dic/2025,1/dic/2028,VIGENTE
FEMENINO,VENADO TUERTO,RENOVACIÓN CON AMPLIACIÓN,"A.2.1, B.2",1/dic/2025,1/dic/2025,1/dic/2030,VIGENTE
MASCULINO,VENADO TUERTO,RENOVACIÓN,"A.2.2, B.2, D.1",1/dic/2025,1/dic/2025,1/dic/2028,VIGENTE
FEMENINO,VENADO TUERTO,RENOVACIÓN,B.2,1/dic/2025,1/dic/2025,1/dic/2026,VIGENTE
FEMENINO,VENADO TUERTO,RENOVACIÓN,B.2,1/dic/2025,1/dic/2025,1/dic/2026,VIGENTE
MASCULINO,VENADO TUERTO,RENOVACIÓN,"A.2.1, B.2",1/dic/2025,1/dic/2025,1/dic/2030,VIGENTE
MASCULINO,VENADO TUERTO,RENOVACIÓN,B.2,1/dic/2025,1/dic/2025,1/dic/2030,VIGENTE
FEMENINO,VENADO TUERTO,RENOVACIÓN,"A.2.1, B.1",1/dic/2025,1/dic/2025,1/dic/2030,VIGENTE
MASCULINO,VENADO TUERTO,RENOVACIÓN,"A.3, B.1",1/dic/2025,1/dic/2025,1/dic/2030,VIGENTE
FEMENINO,VENADO TUERTO,RENOVACIÓN,B.2,1/dic/2025,1/dic/2025,1/dic/2026,VIGENTE
MASCULINO,VENADO TUERTO,RENOVACIÓN,"A.2.2, B.2, C",1/dic/2025,1/dic/2025,1/dic/2030,VIGENTE
MASCULINO,VENADO TUERTO,RENOVACIÓN,"A.2.1, B.2",1/dic/2025,1/dic/2025,1/dic/2030,VIGENTE
MASCULINO,VENADO TUERTO,RENOVACIÓN,"A.2.1, B.2",1/dic/2025,1/dic/2025,1/dic/2030,VIGENTE
MASCULINO,VENADO TUERTO,ORIGINAL,B.1,1/dic/2025,1/dic/2025,1/dic/2030,VIGENTE
MASCULINO,VENADO TUERTO,RENOVACIÓN,B.2,1/dic/2025,1/dic/2025,1/dic/2030,VIGENTE
MASCULINO,VENADO TUERTO,RENOVACIÓN,"A.2.1, B.2",1/dic/2025,1/dic/2025,1/dic/2030,VIGENTE
MASCULINO,VENADO TUERTO,RENOVACIÓN,"A.3, D.1, D.3",1/dic/2025,1/dic/2025,1/dic/2030,VIGENTE
MASCULINO,VENADO TUERTO,RENOVACIÓN,"A.3, E.1",1/dic/2025,1/dic/2025,1/dic/2026,VIGENTE
MASCULINO,VENADO TUERTO,RENOVACIÓN,"A.2.1, E.1",1/dic/2025,1/dic/2025,1/may/2027,VIGENTE
MASCULINO,VENADO TUERTO,RENOVACIÓN,B.2,1/dic/2025,1/dic/2025,1/dic/2030,VIGENTE
FEMENINO,VENADO TUERTO,RENOVACIÓN,B.1,1/dic/2025,1/dic/2025,1/dic/2028,VIGENTE
FEMENINO,VENADO TUERTO,RENOVACIÓN,B.1,1/dic/2025,1/dic/2025,1/dic/2030,VIGENTE
MASCULINO,VENADO TUERTO,RENOVACIÓN,"A.2.1, B.1",1/dic/2025,1/dic/2025,1/dic/2028,VIGENTE
MASCULINO,VENADO TUERTO,RENOVACIÓN,B.2,1/dic/2025,1/dic/2025,1/dic/2030,VIGENTE
MASCULINO,VENADO TUERTO,RENOVACIÓN,"A.2.2, B.2, D.1",1/dic/2025,1/dic/2025,1/dic/2030,VIGENTE
MASCULINO,VENADO TUERTO,RENOVACIÓN,E.1,1/dic/2025,1/dic/2025,1/dic/2028,VIGENTE
FEMENINO,VENADO TUERTO,RENOVACIÓN,"A.2.1, B.2",1/dic/2025,1/dic/2025,1/dic/2026,VIGENTE
MASCULINO,VENADO TUERTO,RENOVACIÓN,E.1,1/dic/2025,1/dic/2025,1/dic/2026,VIGENTE
MASCULINO,VENADO TUERTO,RENOVACIÓN CON AMPLIACIÓN,"A.3, E.1",1/dic/2025,1/dic/2025,1/dic/2030,VIGENTE
MASCULINO,VENADO TUERTO,RENOVACIÓN,"A.3, D.1, D.3",1/dic/2025,1/dic/2025,1/dic/2030,VIGENTE
MASCULINO,VENADO TUERTO,RENOVACIÓN,B.2,2/dic/2025,19/jun/2025,2/dic/2026,VIGENTE
MASCULINO,VENADO TUERTO,RENOVACIÓN,B.1,2/dic/2025,14/jul/2025,2/dic/2026,VIGENTE
MASCULINO,VENADO TUERTO,RENOVACIÓN CON AMPLIACIÓN,"A.2.2, E.1",2/dic/2025,28/oct/2025,2/nov/2027,VIGENTE
MASCULINO,VENADO TUERTO,RENOVACIÓN CON AMPLIACIÓN,"A.2.1, B.2",2/dic/2025,12/nov/2025,2/dic/2028,VIGENTE
MASCULINO,VENADO TUERTO,RENOVACIÓN CON AMPLIACIÓN,"A.2.1, B.2",2/dic/2025,13/nov/2025,2/dic/2030,VIGENTE
MASCULINO,VENADO TUERTO,RENOVACIÓN,"A.3, E.1, G.1, G.2",2/dic/2025,19/nov/2025,2/jun/2026,VIGENTE
MASCULINO,VENADO TUERTO,ORIGINAL,B.1,2/dic/2025,25/nov/2025,2/dic/2030,VIGENTE
MASCULINO,VENADO TUERTO,RENOVACIÓN,"B.2, C, E.2",2/dic/2025,25/nov/2025,2/dic/2028,VIGENTE
MASCULINO,VENADO TUERTO,RENOVACIÓN,"A.2.1, B.1",2/dic/2025,25/nov/2025,2/dic/2030,VIGENTE
MASCULINO,VENADO TUERTO,RENOVACIÓN,B.2,2/dic/2025,26/nov/2025,2/dic/2026,VIGENTE
MASCULINO,VENADO TUERTO,RENOVACIÓN,B.2,2/dic/2025,26/nov/2025,2/dic/2026,VIGENTE
FEMENINO,VENADO TUERTO,ORIGINAL,"A.2.1, B.1",2/dic/2025,26/nov/2025,2/dic/2030,VIGENTE
FEMENINO,VENADO TUERTO,RENOVACIÓN,"A.2.1, B.1",2/dic/2025,26/nov/2025,2/dic/2026,VIGENTE
MASCULINO,VENADO TUERTO,RENOVACIÓN CON AMPLIACIÓN,"A.2.1, B.2",2/dic/2025,26/nov/2025,2/dic/2030,VIGENTE
FEMENINO,VENADO TUERTO,RENOVACIÓN,A.2.1,2/dic/2025,26/nov/2025,2/dic/2030,VIGENTE
MASCULINO,VENADO TUERTO,RENOVACIÓN CON AMPLIACIÓN,B.2,2/dic/2025,26/nov/2025,2/dic/2030,VIGENTE
MASCULINO,VENADO TUERTO,RENOVACIÓN,B.2,2/dic/2025,26/nov/2025,2/dic/2026,VIGENTE
FEMENINO,VENADO TUERTO,RENOVACIÓN,B.1,2/dic/2025,26/nov/2025,2/dic/2030,VIGENTE
FEMENINO,VENADO TUERTO,RENOVACIÓN CON AMPLIACIÓN,"A.2.1, B.1",2/dic/2025,26/nov/2025,2/dic/2030,VIGENTE
MASCULINO,VENADO TUERTO,RENOVACIÓN,B.2,2/dic/2025,26/nov/2025,2/dic/2026,VIGENTE
MASCULINO,VENADO TUERTO,ORIGINAL,"A.2.1, B.2",2/dic/2025,26/nov/2025,2/dic/2026,VIGENTE
FEMENINO,VENADO TUERTO,RENOVACIÓN,B.2,2/dic/2025,26/nov/2025,2/dic/2026,VIGENTE
MASCULINO,VENADO TUERTO,RENOVACIÓN CON AMPLIACIÓN,"A.2.1, B.2, G.1, G.2",2/dic/2025,26/nov/2025,2/dic/2030,VIGENTE
FEMENINO,VENADO TUERTO,RENOVACIÓN,"A.3, B.1",2/dic/2025,26/nov/2025,2/dic/2030,VIGENTE
MASCULINO,VENADO TUERTO,RENOVACIÓN,"A.2.1, B.2, C",2/dic/2025,26/nov/2025,2/dic/2028,VIGENTE
MASCULINO,VENADO TUERTO,RENOVACIÓN,E.1,2/dic/2025,26/nov/2025,2/dic/2030,VIGENTE
FEMENINO,VENADO TUERTO,RENOVACIÓN,B.1,2/dic/2025,26/nov/2025,2/dic/2030,VIGENTE
MASCULINO,VENADO TUERTO,ORIGINAL,A.2.1,2/dic/2025,1/dic/2025,2/dic/2030,VIGENTE
MASCULINO,VENADO TUERTO,RENOVACIÓN,"A.2.2, B.2",2/dic/2025,1/dic/2025,2/dic/2030,VIGENTE
MASCULINO,VENADO TUERTO,ORIGINAL,"A.2.1, B.1",2/dic/2025,1/dic/2025,2/dic/2030,VIGENTE
MASCULINO,VENADO TUERTO,RENOVACIÓN CON AMPLIACIÓN,A.2.2,2/dic/2025,1/dic/2025,2/dic/2030,VIGENTE
FEMENINO,VENADO TUERTO,RENOVACIÓN,A.2.1,2/dic/2025,2/dic/2025,2/dic/2030,VIGENTE
MASCULINO,VENADO TUERTO,RENOVACIÓN,B.2,2/dic/2025,2/dic/2025,2/dic/2028,VIGENTE
FEMENINO,VENADO TUERTO,RENOVACIÓN,B.1,2/dic/2025,2/dic/2025,2/dic/2028,VIGENTE
MASCULINO,VENADO TUERTO,RENOVACIÓN,A.2.1,2/dic/2025,2/dic/2025,2/dic/2028,VIGENTE
FEMENINO,VENADO TUERTO,RENOVACIÓN,A.2.1,2/dic/2025,2/dic/2025,2/dic/2030,VIGENTE
MASCULINO,VENADO TUERTO,RENOVACIÓN,"A.2.1, B.2",2/dic/2025,2/dic/2025,2/dic/2028,VIGENTE
MASCULINO,VENADO TUERTO,RENOVACIÓN,"A.3, B.2",2/dic/2025,2/dic/2025,2/dic/2030,VIGENTE
MASCULINO,VENADO TUERTO,ORIGINAL,A.2.1,2/dic/2025,2/dic/2025,2/dic/2026,VIGENTE
FEMENINO,VENADO TUERTO,RENOVACIÓN,B.2,2/dic/2025,2/dic/2025,2/dic/2026,VIGENTE
FEMENINO,VENADO TUERTO,RENOVACIÓN CON AMPLIACIÓN,"A.2.1, B.1",2/dic/2025,2/dic/2025,2/dic/2028,VIGENTE
MASCULINO,VENADO TUERTO,RENOVACIÓN,"A.3, D.1, D.3",2/dic/2025,2/dic/2025,2/dic/2030,VIGENTE
MASCULINO,VENADO TUERTO,RENOVACIÓN,B.2,2/dic/2025,2/dic/2025,2/dic/2028,VIGENTE
MASCULINO,VENADO TUERTO,RENOVACIÓN,B.2,2/dic/2025,2/dic/2025,2/dic/2026,VIGENTE
MASCULINO,VENADO TUERTO,RENOVACIÓN,B.2,2/dic/2025,2/dic/2025,2/dic/2026,VIGENTE
MASCULINO,VENADO TUERTO,RENOVACIÓN,B.2,2/dic/2025,2/dic/2025,2/dic/2030,NO VIGENTE
FEMENINO,VENADO TUERTO,RENOVACIÓN,B.2,2/dic/2025,2/dic/2025,2/dic/2028,VIGENTE
MASCULINO,VENADO TUERTO,RENOVACIÓN,"A.2.1, B.2",2/dic/2025,2/dic/2025,2/dic/2030,VIGENTE
FEMENINO,VENADO TUERTO,RENOVACIÓN,B.2,2/dic/2025,2/dic/2025,2/dic/2026,VIGENTE
FEMENINO,VENADO TUERTO,RENOVACIÓN,B.2,2/dic/2025,2/dic/2025,2/dic/2030,VIGENTE
MASCULINO,VENADO TUERTO,RENOVACIÓN CON AMPLIACIÓN,E.1,2/dic/2025,2/dic/2025,2/oct/2026,VIGENTE
MASCULINO,VENADO TUERTO,ORIGINAL,B.1,2/dic/2025,2/dic/2025,2/dic/2026,VIGENTE
FEMENINO,VENADO TUERTO,RENOVACIÓN,"A.2.1, B.1",2/dic/2025,2/dic/2025,2/dic/2030,VIGENTE
MASCULINO,VENADO TUERTO,ORIGINAL,"A.2.1, B.1",2/dic/2025,2/dic/2025,2/dic/2030,VIGENTE
MASCULINO,VENADO TUERTO,RENOVACIÓN,E.1,2/dic/2025,2/dic/2025,2/dic/2030,VIGENTE
MASCULINO,VENADO TUERTO,RENOVACIÓN,"B.1, E.2",2/dic/2025,2/dic/2025,2/dic/2030,VIGENTE
MASCULINO,VENADO TUERTO,RENOVACIÓN,"A.2.1, B.2",2/dic/2025,2/dic/2025,2/dic/2030,NO VIGENTE
FEMENINO,VENADO TUERTO,RENOVACIÓN,"A.2.1, B.2",2/dic/2025,2/dic/2025,2/dic/2030,VIGENTE
MASCULINO,VENADO TUERTO,RENOVACIÓN,"A.2.1, B.1",2/dic/2025,2/dic/2025,2/dic/2030,VIGENTE
MASCULINO,VENADO TUERTO,RENOVACIÓN,"A.2.1, E.1",2/dic/2025,2/dic/2025,2/sept/2028,VIGENTE
MASCULINO,VENADO TUERTO,RENOVACIÓN CON AMPLIACIÓN,"A.2.1, B.1",2/dic/2025,2/dic/2025,2/dic/2030,VIGENTE
MASCULINO,VENADO TUERTO,ORIGINAL,A.2.1,2/dic/2025,2/dic/2025,2/dic/2026,VIGENTE
MASCULINO,VENADO TUERTO,RENOVACIÓN,"E.1, E.2, G.1",2/dic/2025,2/dic/2025,2/dic/2027,VIGENTE
MASCULINO,VENADO TUERTO,RENOVACIÓN,B.1,2/dic/2025,2/dic/2025,2/dic/2030,VIGENTE
FEMENINO,VENADO TUERTO,ORIGINAL,"A.2.1, B.1",2/dic/2025,2/dic/2025,2/dic/2026,VIGENTE
FEMENINO,VENADO TUERTO,RENOVACIÓN,B.2,2/dic/2025,2/dic/2025,2/dic/2030,VIGENTE
MASCULINO,VENADO TUERTO,RENOVACIÓN,B.2,2/dic/2025,2/dic/2025,2/dic/2030,VIGENTE
MASCULINO,VENADO TUERTO,RENOVACIÓN,"A.2.1, B.2",2/dic/2025,2/dic/2025,2/dic/2030,VIGENTE
MASCULINO,VENADO TUERTO,RENOVACIÓN,"A.2.1, B.2, G.1",2/dic/2025,2/dic/2025,2/dic/2030,VIGENTE
MASCULINO,VENADO TUERTO,RENOVACIÓN,"A.2.1, B.2",2/dic/2025,2/dic/2025,2/dic/2026,VIGENTE
MASCULINO,VENADO TUERTO,RENOVACIÓN CON AMPLIACIÓN,"A.3, E.1, E.2, G.1, G.2",2/dic/2025,2/dic/2025,2/dic/2030,VIGENTE
MASCULINO,VENADO TUERTO,RENOVACIÓN,"A.2.2, B.2, G.1",2/dic/2025,2/dic/2025,2/dic/2030,VIGENTE
MASCULINO,VENADO TUERTO,RENOVACIÓN,"A.3, B.2",2/dic/2025,2/dic/2025,2/dic/2030,VIGENTE
MASCULINO,VENADO TUERTO,RENOVACIÓN,B.2,2/dic/2025,2/dic/2025,2/dic/2026,VIGENTE
FEMENINO,VENADO TUERTO,RENOVACIÓN CON AMPLIACIÓN,"A.2.1, B.1",2/dic/2025,2/dic/2025,2/dic/2030,VIGENTE
FEMENINO,VENADO TUERTO,RENOVACIÓN,B.2,2/dic/2025,2/dic/2025,2/dic/2026,VIGENTE
MASCULINO,VENADO TUERTO,RENOVACIÓN,B.1,2/dic/2025,2/dic/2025,2/dic/2028,VIGENTE
MASCULINO,VENADO TUERTO,RENOVACIÓN CON AMPLIACIÓN,"A.2.1, B.2",2/dic/2025,2/dic/2025,2/dic/2030,VIGENTE
FEMENINO,VENADO TUERTO,ORIGINAL,A.2.1,2/dic/2025,2/dic/2025,2/dic/2026,VIGENTE
FEMENINO,VENADO TUERTO,ORIGINAL,A.2.1,2/dic/2025,2/dic/2025,2/dic/2026,VIGENTE
FEMENINO,VENADO TUERTO,RENOVACIÓN,B.1,2/dic/2025,2/dic/2025,2/dic/2028,VIGENTE
FEMENINO,VENADO TUERTO,RENOVACIÓN,B.1,2/dic/2025,2/dic/2025,2/dic/2026,VIGENTE
FEMENINO,VENADO TUERTO,RENOVACIÓN,B.1,2/dic/2025,2/dic/2025,2/dic/2030,VIGENTE
FEMENINO,VENADO TUERTO,ORIGINAL,A.2.1,2/dic/2025,2/dic/2025,2/dic/2026,VIGENTE
MASCULINO,VENADO TUERTO,ORIGINAL,B.2,2/dic/2025,2/dic/2025,2/dic/2030,VIGENTE
MASCULINO,VENADO TUERTO,RENOVACIÓN,B.1,2/dic/2025,2/dic/2025,2/dic/2030,VIGENTE
MASCULINO,VENADO TUERTO,ORIGINAL,E.1,2/dic/2025,2/dic/2025,2/oct/2030,VIGENTE
MASCULINO,VENADO TUERTO,RENOVACIÓN,A.2.1,2/dic/2025,2/dic/2025,2/dic/2028,VIGENTE
MASCULINO,VENADO TUERTO,RENOVACIÓN,"A.2.1, B.2, C",2/dic/2025,2/dic/2025,2/dic/2030,VIGENTE
MASCULINO,VENADO TUERTO,ORIGINAL,"A.2.1, B.2",2/dic/2025,2/dic/2025,2/dic/2030,VIGENTE
FEMENINO,VENADO TUERTO,RENOVACIÓN,"A.2.1, B.1",2/dic/2025,2/dic/2025,2/dic/2030,VIGENTE
MASCULINO,VENADO TUERTO,RENOVACIÓN,B.2,2/dic/2025,2/dic/2025,2/dic/2026,VIGENTE
FEMENINO,VENADO TUERTO,RENOVACIÓN,B.2,2/dic/2025,2/dic/2025,2/dic/2026,VIGENTE
FEMENINO,VENADO TUERTO,RENOVACIÓN,B.2,3/dic/2025,12/jun/2025,3/dic/2026,VIGENTE
MASCULINO,VENADO TUERTO,ORIGINAL,"A.2.1, B.2, G.1",3/dic/2025,7/nov/2025,3/dic/2030,VIGENTE
MASCULINO,VENADO TUERTO,RENOVACIÓN CON AMPLIACIÓN,"A.2.1, B.2",3/dic/2025,11/nov/2025,3/dic/2030,VIGENTE
FEMENINO,VENADO TUERTO,ORIGINAL,A.2.1,3/dic/2025,13/nov/2025,3/dic/2030,VIGENTE
MASCULINO,VENADO TUERTO,RENOVACIÓN CON AMPLIACIÓN,"A.3, B.1",3/dic/2025,19/nov/2025,3/dic/2030,VIGENTE
MASCULINO,VENADO TUERTO,ORIGINAL,A.2.1,3/dic/2025,20/nov/2025,3/dic/2030,VIGENTE
MASCULINO,VENADO TUERTO,DUPLICADO,"A.2.1, B.2, C, G.1",3/dic/2025,1/dic/2025,27/ago/2027,VIGENTE
FEMENINO,VENADO TUERTO,ORIGINAL,A.2.1,3/dic/2025,2/dic/2025,3/ene/2026,NO VIGENTE
FEMENINO,VENADO TUERTO,RENOVACIÓN,B.2,3/dic/2025,3/dic/2025,3/dic/2030,VIGENTE
MASCULINO,VENADO TUERTO,RENOVACIÓN,"A.2.1, B.2",3/dic/2025,3/dic/2025,3/dic/2026,VIGENTE
FEMENINO,VENADO TUERTO,RENOVACIÓN,"A.2.1, B.1",3/dic/2025,3/dic/2025,3/dic/2030,VIGENTE
FEMENINO,VENADO TUERTO,RENOVACIÓN,"A.2.1, B.1",3/dic/2025,3/dic/2025,3/dic/2030,VIGENTE
FEMENINO,VENADO TUERTO,ORIGINAL,B.1,3/dic/2025,3/dic/2025,3/dic/2026,VIGENTE
FEMENINO,VENADO TUERTO,RENOVACIÓN,"A.2.1, B.2",3/dic/2025,3/dic/2025,3/dic/2030,VIGENTE
MASCULINO,VENADO TUERTO,RENOVACIÓN,B.2,3/dic/2025,3/dic/2025,3/dic/2026,VIGENTE
MASCULINO,VENADO TUERTO,RENOVACIÓN,"A.2.1, B.1",3/dic/2025,3/dic/2025,3/dic/2026,VIGENTE
MASCULINO,VENADO TUERTO,RENOVACIÓN,B.2,3/dic/2025,3/dic/2025,3/dic/2026,VIGENTE
FEMENINO,VENADO TUERTO,RENOVACIÓN,"A.2.1, B.1",3/dic/2025,3/dic/2025,3/dic/2030,VIGENTE
FEMENINO,VENADO TUERTO,RENOVACIÓN,B.1,3/dic/2025,3/dic/2025,3/dic/2030,VIGENTE
MASCULINO,VENADO TUERTO,RENOVACIÓN,"B.1, E.2",3/dic/2025,3/dic/2025,3/dic/2028,VIGENTE
MASCULINO,VENADO TUERTO,RENOVACIÓN,B.2,3/dic/2025,3/dic/2025,3/dic/2030,VIGENTE
MASCULINO,VENADO TUERTO,RENOVACIÓN,B.2,3/dic/2025,3/dic/2025,3/dic/2026,VIGENTE
FEMENINO,VENADO TUERTO,RENOVACIÓN,"A.2.1, B.1",3/dic/2025,3/dic/2025,3/dic/2030,VIGENTE
MASCULINO,VENADO TUERTO,RENOVACIÓN,"A.2.2, B.2",3/dic/2025,3/dic/2025,3/dic/2030,VIGENTE
MASCULINO,VENADO TUERTO,ORIGINAL,A.2.1,3/dic/2025,3/dic/2025,3/dic/2030,VIGENTE
MASCULINO,VENADO TUERTO,RENOVACIÓN,A.2.1,3/dic/2025,3/dic/2025,3/dic/2028,VIGENTE
FEMENINO,VENADO TUERTO,RENOVACIÓN,"A.2.1, B.2",3/dic/2025,3/dic/2025,3/dic/2030,VIGENTE
MASCULINO,SAN EDUARDO,RENOVACIÓN CON AMPLIACIÓN,"A.3, B.2",3/dic/2025,3/dic/2025,3/dic/2030,VIGENTE
MASCULINO,VENADO TUERTO,RENOVACIÓN,"A.2.1, B.1",3/dic/2025,3/dic/2025,3/dic/2030,VIGENTE
FEMENINO,VENADO TUERTO,RENOVACIÓN,"A.2.1, B.1",3/dic/2025,3/dic/2025,3/dic/2030,VIGENTE
MASCULINO,VENADO TUERTO,RENOVACIÓN,B.1,3/dic/2025,3/dic/2025,3/dic/2026,VIGENTE
FEMENINO,VENADO TUERTO,ORIGINAL,B.1,3/dic/2025,3/dic/2025,3/dic/2030,VIGENTE
MASCULINO,VENADO TUERTO,RENOVACIÓN,"A.3, B.2",3/dic/2025,3/dic/2025,3/dic/2030,VIGENTE
MASCULINO,VENADO TUERTO,RENOVACIÓN,B.1,3/dic/2025,3/dic/2025,3/dic/2026,VIGENTE
FEMENINO,VENADO TUERTO,RENOVACIÓN,"A.2.1, B.1",3/dic/2025,3/dic/2025,3/dic/2030,VIGENTE
FEMENINO,VENADO TUERTO,RENOVACIÓN,B.2,3/dic/2025,3/dic/2025,3/dic/2026,VIGENTE
FEMENINO,VENADO TUERTO,RENOVACIÓN,"A.2.1, B.1",3/dic/2025,3/dic/2025,3/dic/2030,VIGENTE
FEMENINO,VENADO TUERTO,ORIGINAL,A.2.1,3/dic/2025,3/dic/2025,3/dic/2030,VIGENTE
MASCULINO,VENADO TUERTO,RENOVACIÓN,B.2,3/dic/2025,3/dic/2025,3/dic/2030,VIGENTE
FEMENINO,VENADO TUERTO,RENOVACIÓN,D.1,3/dic/2025,3/dic/2025,3/dic/2030,VIGENTE
MASCULINO,VENADO TUERTO,RENOVACIÓN,B.2,3/dic/2025,3/dic/2025,3/dic/2026,VIGENTE
MASCULINO,VENADO TUERTO,RENOVACIÓN,"A.2.1, B.1",3/dic/2025,3/dic/2025,3/dic/2030,VIGENTE
MASCULINO,VENADO TUERTO,RENOVACIÓN,"A.2.1, B.1",3/dic/2025,3/dic/2025,3/dic/2030,VIGENTE
FEMENINO,VENADO TUERTO,RENOVACIÓN,B.1,3/dic/2025,3/dic/2025,3/dic/2030,VIGENTE
FEMENINO,VENADO TUERTO,RENOVACIÓN,"A.2.1, B.2",3/dic/2025,3/dic/2025,3/dic/2028,VIGENTE
FEMENINO,VENADO TUERTO,RENOVACIÓN,B.1,3/dic/2025,3/dic/2025,3/dic/2030,VIGENTE
MASCULINO,VENADO TUERTO,ORIGINAL,B.1,3/dic/2025,3/dic/2025,3/dic/2026,VIGENTE
FEMENINO,VENADO TUERTO,ORIGINAL,B.1,3/dic/2025,3/dic/2025,3/dic/2026,VIGENTE
MASCULINO,VENADO TUERTO,RENOVACIÓN,B.2,3/dic/2025,3/dic/2025,3/dic/2026,VIGENTE
MASCULINO,VENADO TUERTO,RENOVACIÓN,B.1,3/dic/2025,3/dic/2025,3/dic/2028,VIGENTE
FEMENINO,VENADO TUERTO,RENOVACIÓN,B.1,3/dic/2025,3/dic/2025,3/dic/2030,VIGENTE
MASCULINO,VENADO TUERTO,RENOVACIÓN CON AMPLIACIÓN,"A.3, B.2",3/dic/2025,3/dic/2025,3/dic/2030,VIGENTE
FEMENINO,VENADO TUERTO,RENOVACIÓN,B.2,3/dic/2025,3/dic/2025,3/dic/2026,VIGENTE
FEMENINO,VENADO TUERTO,RENOVACIÓN,B.1,3/dic/2025,3/dic/2025,3/dic/2028,VIGENTE
MASCULINO,VENADO TUERTO,RENOVACIÓN,B.2,3/dic/2025,3/dic/2025,3/dic/2026,VIGENTE
MASCULINO,VENADO TUERTO,RENOVACIÓN CON AMPLIACIÓN,"A.2.1, B.2",3/dic/2025,3/dic/2025,3/dic/2030,VIGENTE
MASCULINO,VENADO TUERTO,RENOVACIÓN CON AMPLIACIÓN,"A.3, B.2",3/dic/2025,3/dic/2025,3/dic/2030,VIGENTE
FEMENINO,VENADO TUERTO,RENOVACIÓN,"A.2.1, D.1, D.3, E.1",3/dic/2025,3/dic/2025,3/dic/2030,VIGENTE
MASCULINO,VENADO TUERTO,RENOVACIÓN,B.2,3/dic/2025,3/dic/2025,3/dic/2030,VIGENTE
MASCULINO,VENADO TUERTO,RENOVACIÓN,E.1,3/dic/2025,3/dic/2025,3/dic/2028,VIGENTE
MASCULINO,VENADO TUERTO,RENOVACIÓN,B.2,3/dic/2025,3/dic/2025,3/dic/2030,VIGENTE
FEMENINO,VENADO TUERTO,RENOVACIÓN,B.2,3/dic/2025,3/dic/2025,3/dic/2030,VIGENTE
MASCULINO,VENADO TUERTO,RENOVACIÓN,B.2,3/dic/2025,3/dic/2025,3/dic/2026,VIGENTE
MASCULINO,VENADO TUERTO,RENOVACIÓN,B.2,3/dic/2025,3/dic/2025,3/dic/2030,VIGENTE
MASCULINO,VENADO TUERTO,RENOVACIÓN,A.2.1,3/dic/2025,3/dic/2025,3/dic/2030,VIGENTE
MASCULINO,VENADO TUERTO,RENOVACIÓN,"A.2.1, B.1",4/dic/2025,5/sept/2025,4/dic/2030,VIGENTE
MASCULINO,VENADO TUERTO,RENOVACIÓN,"A.2.1, E.1",4/dic/2025,19/nov/2025,4/dic/2026,VIGENTE
MASCULINO,VENADO TUERTO,ORIGINAL,A.2.1,4/dic/2025,19/nov/2025,4/dic/2030,VIGENTE
MASCULINO,VENADO TUERTO,RENOVACIÓN CON AMPLIACIÓN,"A.2.1, B.2",4/dic/2025,25/nov/2025,4/dic/2030,VIGENTE
MASCULINO,VENADO TUERTO,RENOVACIÓN,B.2,4/dic/2025,3/dic/2025,4/dic/2030,VIGENTE
FEMENINO,VENADO TUERTO,RENOVACIÓN,B.2,4/dic/2025,3/dic/2025,4/dic/2026,VIGENTE
MASCULINO,VENADO TUERTO,RENOVACIÓN,B.1,4/dic/2025,4/dic/2025,4/dic/2030,VIGENTE
MASCULINO,VENADO TUERTO,RENOVACIÓN,B.2,4/dic/2025,4/dic/2025,4/dic/2030,VIGENTE
MASCULINO,VENADO TUERTO,RENOVACIÓN,A.2.1,4/dic/2025,4/dic/2025,4/dic/2030,VIGENTE
MASCULINO,VENADO TUERTO,RENOVACIÓN,B.1,4/dic/2025,4/dic/2025,4/dic/2028,VIGENTE
MASCULINO,VENADO TUERTO,RENOVACIÓN,"A.2.2, B.2",4/dic/2025,4/dic/2025,4/dic/2028,VIGENTE
MASCULINO,VENADO TUERTO,ORIGINAL,A.2.1,4/dic/2025,4/dic/2025,4/dic/2030,VIGENTE
MASCULINO,VENADO TUERTO,RENOVACIÓN,B.2,4/dic/2025,4/dic/2025,4/dic/2026,VIGENTE
FEMENINO,VENADO TUERTO,RENOVACIÓN,B.1,4/dic/2025,4/dic/2025,4/dic/2028,VIGENTE
FEMENINO,VENADO TUERTO,RENOVACIÓN,B.1,4/dic/2025,4/dic/2025,4/dic/2030,VIGENTE
MASCULINO,VENADO TUERTO,RENOVACIÓN,"A.3, B.2, C, D.1",4/dic/2025,4/dic/2025,4/dic/2028,VIGENTE
FEMENINO,VENADO TUERTO,RENOVACIÓN,"A.2.1, B.2",4/dic/2025,4/dic/2025,4/dic/2030,VIGENTE
FEMENINO,VENADO TUERTO,ORIGINAL,A.2.1,4/dic/2025,4/dic/2025,4/dic/2026,VIGENTE
MASCULINO,VENADO TUERTO,RENOVACIÓN,B.2,4/dic/2025,4/dic/2025,4/dic/2026,VIGENTE
MASCULINO,VENADO TUERTO,RENOVACIÓN,B.2,4/dic/2025,4/dic/2025,4/dic/2030,VIGENTE
MASCULINO,VENADO TUERTO,RENOVACIÓN,"A.2.1, B.2",4/dic/2025,4/dic/2025,4/dic/2028,VIGENTE
MASCULINO,VENADO TUERTO,RENOVACIÓN,B.2,4/dic/2025,4/dic/2025,4/dic/2026,VIGENTE
FEMENINO,VENADO TUERTO,ORIGINAL,A.2.1,4/dic/2025,4/dic/2025,4/dic/2030,VIGENTE
FEMENINO,VENADO TUERTO,RENOVACIÓN,"A.2.1, B.1",4/dic/2025,4/dic/2025,4/dic/2030,VIGENTE
MASCULINO,VENADO TUERTO,RENOVACIÓN,B.2,4/dic/2025,4/dic/2025,4/dic/2028,VIGENTE
FEMENINO,VENADO TUERTO,RENOVACIÓN,"A.2.1, B.1",4/dic/2025,4/dic/2025,4/dic/2030,VIGENTE
FEMENINO,VENADO TUERTO,ORIGINAL,B.1,4/dic/2025,4/dic/2025,4/dic/2030,VIGENTE
MASCULINO,VENADO TUERTO,RENOVACIÓN CON AMPLIACIÓN,"A.3, B.1",4/dic/2025,4/dic/2025,4/dic/2030,VIGENTE
FEMENINO,VENADO TUERTO,RENOVACIÓN,B.1,4/dic/2025,4/dic/2025,4/dic/2026,VIGENTE
MASCULINO,VENADO TUERTO,RENOVACIÓN,B.2,4/dic/2025,4/dic/2025,4/dic/2026,VIGENTE
FEMENINO,VENADO TUERTO,RENOVACIÓN,A.2.1,4/dic/2025,4/dic/2025,4/dic/2030,VIGENTE
FEMENINO,VENADO TUERTO,RENOVACIÓN,B.2,4/dic/2025,4/dic/2025,4/dic/2030,VIGENTE
FEMENINO,VENADO TUERTO,RENOVACIÓN,A.2.1,4/dic/2025,4/dic/2025,4/dic/2030,VIGENTE
FEMENINO,VENADO TUERTO,RENOVACIÓN,B.2,4/dic/2025,4/dic/2025,4/dic/2026,VIGENTE
MASCULINO,VENADO TUERTO,RENOVACIÓN,"A.3, E.1",4/dic/2025,4/dic/2025,4/dic/2028,VIGENTE
MASCULINO,VENADO TUERTO,RENOVACIÓN,"A.2.2, B.2",4/dic/2025,4/dic/2025,4/dic/2030,VIGENTE
FEMENINO,VENADO TUERTO,RENOVACIÓN,"A.2.1, B.1",4/dic/2025,4/dic/2025,4/dic/2030,VIGENTE
MASCULINO,VENADO TUERTO,RENOVACIÓN CON AMPLIACIÓN,"A.2.1, B.1",4/dic/2025,4/dic/2025,4/dic/2030,VIGENTE
FEMENINO,VENADO TUERTO,RENOVACIÓN,A.2.1,4/dic/2025,4/dic/2025,4/dic/2030,VIGENTE
FEMENINO,VENADO TUERTO,RENOVACIÓN,B.2,4/dic/2025,4/dic/2025,4/dic/2030,VIGENTE
FEMENINO,VENADO TUERTO,RENOVACIÓN,B.2,4/dic/2025,4/dic/2025,4/dic/2026,VIGENTE
FEMENINO,VENADO TUERTO,RENOVACIÓN,B.2,4/dic/2025,4/dic/2025,4/dic/2026,VIGENTE
FEMENINO,VENADO TUERTO,RENOVACIÓN,B.2,4/dic/2025,4/dic/2025,4/dic/2026,VIGENTE
FEMENINO,VENADO TUERTO,RENOVACIÓN,A.2.1,4/dic/2025,4/dic/2025,4/dic/2028,VIGENTE
MASCULINO,VENADO TUERTO,RENOVACIÓN,B.2,4/dic/2025,4/dic/2025,4/dic/2026,VIGENTE
MASCULINO,VENADO TUERTO,RENOVACIÓN,B.2,4/dic/2025,4/dic/2025,4/dic/2026,VIGENTE
MASCULINO,VENADO TUERTO,RENOVACIÓN,"A.2.1, B.2, D.1",4/dic/2025,4/dic/2025,4/dic/2028,VIGENTE
FEMENINO,VENADO TUERTO,ORIGINAL,B.1,4/dic/2025,4/dic/2025,4/dic/2026,VIGENTE
MASCULINO,VENADO TUERTO,RENOVACIÓN,"A.2.1, B.1, D.3",4/dic/2025,4/dic/2025,4/dic/2028,VIGENTE
FEMENINO,VENADO TUERTO,ORIGINAL,A.2.1,4/dic/2025,4/dic/2025,4/dic/2030,VIGENTE
MASCULINO,VENADO TUERTO,RENOVACIÓN,B.2,4/dic/2025,4/dic/2025,4/dic/2026,VIGENTE
FEMENINO,VENADO TUERTO,RENOVACIÓN,B.1,4/dic/2025,4/dic/2025,4/dic/2030,VIGENTE
FEMENINO,VENADO TUERTO,RENOVACIÓN,B.2,4/dic/2025,4/dic/2025,4/dic/2026,VIGENTE
FEMENINO,VENADO TUERTO,RENOVACIÓN,A.2.1,4/dic/2025,4/dic/2025,4/dic/2030,VIGENTE
FEMENINO,VENADO TUERTO,RENOVACIÓN,A.2.1,4/dic/2025,4/dic/2025,4/dic/2028,VIGENTE
MASCULINO,VENADO TUERTO,RENOVACIÓN CON AMPLIACIÓN,"A.3, B.2, C, E.2",4/dic/2025,4/dic/2025,4/dic/2028,VIGENTE
MASCULINO,VENADO TUERTO,RENOVACIÓN,A.2.1,4/dic/2025,4/dic/2025,4/dic/2030,VIGENTE
MASCULINO,VENADO TUERTO,RENOVACIÓN,A.2.1,5/dic/2025,26/sept/2025,5/dic/2028,VIGENTE
FEMENINO,VENADO TUERTO,RENOVACIÓN,B.2,5/dic/2025,22/oct/2025,5/dic/2028,VIGENTE
MASCULINO,VENADO TUERTO,ORIGINAL,A.2.1,5/dic/2025,3/nov/2025,5/dic/2026,VIGENTE
MASCULINO,VENADO TUERTO,ORIGINAL,A.2.1,5/dic/2025,19/nov/2025,5/dic/2030,VIGENTE
MASCULINO,VENADO TUERTO,RENOVACIÓN,B.2,5/dic/2025,1/dic/2025,5/dic/2030,VIGENTE
FEMENINO,VENADO TUERTO,ORIGINAL,A.2.1,5/dic/2025,1/dic/2025,5/dic/2026,VIGENTE
MASCULINO,VENADO TUERTO,RENOVACIÓN,E.1,5/dic/2025,1/dic/2025,5/dic/2030,VIGENTE
FEMENINO,VENADO TUERTO,RENOVACIÓN,A.2.1,5/dic/2025,4/dic/2025,5/dic/2030,VIGENTE
MASCULINO,VENADO TUERTO,RENOVACIÓN,A.2.1,5/dic/2025,4/dic/2025,5/dic/2028,VIGENTE
MASCULINO,VENADO TUERTO,ORIGINAL,"A.2.1, B.2",5/dic/2025,4/dic/2025,5/dic/2030,VIGENTE
MASCULINO,VENADO TUERTO,RENOVACIÓN,B.2,5/dic/2025,5/dic/2025,5/dic/2026,VIGENTE
MASCULINO,VENADO TUERTO,RENOVACIÓN,B.2,5/dic/2025,5/dic/2025,5/dic/2026,VIGENTE
MASCULINO,VENADO TUERTO,RENOVACIÓN,"A.2.1, B.1",5/dic/2025,5/dic/2025,5/dic/2028,VIGENTE
FEMENINO,VENADO TUERTO,RENOVACIÓN,"A.2.1, B.2",5/dic/2025,5/dic/2025,5/dic/2030,VIGENTE
MASCULINO,VENADO TUERTO,ORIGINAL,B.1,5/dic/2025,5/dic/2025,5/dic/2026,VIGENTE
MASCULINO,VENADO TUERTO,RENOVACIÓN,B.2,5/dic/2025,5/dic/2025,5/dic/2026,VIGENTE
MASCULINO,VENADO TUERTO,RENOVACIÓN,B.1,5/dic/2025,5/dic/2025,5/dic/2026,VIGENTE
FEMENINO,VENADO TUERTO,RENOVACIÓN,B.1,5/dic/2025,5/dic/2025,5/dic/2030,VIGENTE
MASCULINO,VENADO TUERTO,RENOVACIÓN,B.2,5/dic/2025,5/dic/2025,5/dic/2030,VIGENTE
MASCULINO,VENADO TUERTO,RENOVACIÓN CON AMPLIACIÓN,"A.2.1, B.2, C, E.2",5/dic/2025,5/dic/2025,5/dic/2028,VIGENTE
FEMENINO,VENADO TUERTO,RENOVACIÓN,"A.2.1, B.2",5/dic/2025,5/dic/2025,5/dic/2030,VIGENTE
FEMENINO,VENADO TUERTO,RENOVACIÓN,B.1,5/dic/2025,5/dic/2025,5/dic/2026,VIGENTE
MASCULINO,VENADO TUERTO,RENOVACIÓN,"A.2.1, B.2",5/dic/2025,5/dic/2025,5/dic/2030,VIGENTE
MASCULINO,VENADO TUERTO,RENOVACIÓN,"A.2.1, B.1",5/dic/2025,5/dic/2025,5/dic/2028,VIGENTE
MASCULINO,VENADO TUERTO,RENOVACIÓN,B.2,5/dic/2025,5/dic/2025,5/dic/2030,VIGENTE
FEMENINO,VENADO TUERTO,RENOVACIÓN,B.2,5/dic/2025,5/dic/2025,5/dic/2030,VIGENTE
FEMENINO,VENADO TUERTO,RENOVACIÓN,"A.3, B.2, D.1, D.3",5/dic/2025,5/dic/2025,5/dic/2030,VIGENTE
MASCULINO,VENADO TUERTO,RENOVACIÓN,B.2,5/dic/2025,5/dic/2025,5/dic/2026,VIGENTE
FEMENINO,VENADO TUERTO,RENOVACIÓN,B.2,5/dic/2025,5/dic/2025,5/dic/2026,VIGENTE
MASCULINO,VENADO TUERTO,RENOVACIÓN,"A.3, B.2",5/dic/2025,5/dic/2025,5/dic/2030,VIGENTE
FEMENINO,VENADO TUERTO,RENOVACIÓN,B.2,5/dic/2025,5/dic/2025,5/dic/2030,VIGENTE
FEMENINO,VENADO TUERTO,ORIGINAL,A.2.1,5/dic/2025,5/dic/2025,5/dic/2030,VIGENTE
FEMENINO,VENADO TUERTO,RENOVACIÓN,B.2,5/dic/2025,5/dic/2025,5/dic/2026,VIGENTE
MASCULINO,VENADO TUERTO,RENOVACIÓN,B.2,5/dic/2025,5/dic/2025,5/dic/2026,VIGENTE
MASCULINO,VENADO TUERTO,RENOVACIÓN CON AMPLIACIÓN,"A.3, E.1, E.2, G.1, G.2",5/dic/2025,5/dic/2025,5/dic/2028,VIGENTE
MASCULINO,VENADO TUERTO,RENOVACIÓN,"A.3, B.2",5/dic/2025,5/dic/2025,5/dic/2030,VIGENTE
MASCULINO,VENADO TUERTO,RENOVACIÓN,B.2,5/dic/2025,5/dic/2025,5/dic/2026,VIGENTE
MASCULINO,VENADO TUERTO,RENOVACIÓN,E.1,5/dic/2025,5/dic/2025,5/dic/2028,VIGENTE
FEMENINO,VENADO TUERTO,RENOVACIÓN,"A.2.1, B.1",5/dic/2025,5/dic/2025,5/dic/2030,VIGENTE
MASCULINO,VENADO TUERTO,RENOVACIÓN,B.2,5/dic/2025,5/dic/2025,5/dic/2026,VIGENTE
FEMENINO,VENADO TUERTO,RENOVACIÓN,D.1,5/dic/2025,5/dic/2025,5/dic/2027,VIGENTE
MASCULINO,VENADO TUERTO,RENOVACIÓN CON AMPLIACIÓN,"A.2.1, B.2",5/dic/2025,5/dic/2025,5/dic/2030,VIGENTE
FEMENINO,VENADO TUERTO,RENOVACIÓN,B.1,5/dic/2025,5/dic/2025,5/dic/2026,VIGENTE
FEMENINO,VENADO TUERTO,RENOVACIÓN,"A.2.1, B.2",5/dic/2025,5/dic/2025,5/dic/2028,VIGENTE
MASCULINO,VENADO TUERTO,RENOVACIÓN,E.1,5/dic/2025,5/dic/2025,5/dic/2030,VIGENTE
MASCULINO,VENADO TUERTO,RENOVACIÓN,"A.2.2, B.2, D.1",5/dic/2025,5/dic/2025,5/dic/2030,VIGENTE
MASCULINO,VENADO TUERTO,DUPLICADO,A.2.1,5/dic/2025,5/dic/2025,23/ene/2028,VIGENTE
MASCULINO,VENADO TUERTO,RENOVACIÓN,D.1,5/dic/2025,5/dic/2025,5/dic/2028,VIGENTE
MASCULINO,VENADO TUERTO,RENOVACIÓN,B.2,5/dic/2025,5/dic/2025,5/dic/2026,VIGENTE
FEMENINO,VENADO TUERTO,ORIGINAL,A.2.1,5/dic/2025,5/dic/2025,5/dic/2030,VIGENTE
MASCULINO,VENADO TUERTO,RENOVACIÓN,B.2,5/dic/2025,5/dic/2025,5/dic/2030,VIGENTE
MASCULINO,VENADO TUERTO,RENOVACIÓN,"A.2.1, B.2, C, E.2, G.1",5/dic/2025,5/dic/2025,5/dic/2030,VIGENTE
MASCULINO,VENADO TUERTO,RENOVACIÓN,C,5/dic/2025,5/dic/2025,5/dic/2028,VIGENTE
MASCULINO,VENADO TUERTO,RENOVACIÓN,"A.2.2, B.2, C",5/dic/2025,5/dic/2025,5/dic/2030,VIGENTE
MASCULINO,SAN EDUARDO,RENOVACIÓN CON AMPLIACIÓN,E.1,5/dic/2025,5/dic/2025,5/dic/2028,VIGENTE
FEMENINO,VENADO TUERTO,RENOVACIÓN,B.2,5/dic/2025,5/dic/2025,5/dic/2026,VIGENTE
FEMENINO,VENADO TUERTO,RENOVACIÓN,B.1,5/dic/2025,5/dic/2025,5/dic/2028,VIGENTE
FEMENINO,VENADO TUERTO,RENOVACIÓN,B.1,5/dic/2025,5/dic/2025,5/dic/2028,VIGENTE
FEMENINO,VENADO TUERTO,RENOVACIÓN,B.2,5/dic/2025,5/dic/2025,5/dic/2026,VIGENTE
FEMENINO,VENADO TUERTO,RENOVACIÓN,"A.2.1, B.1",5/dic/2025,5/dic/2025,5/dic/2030,VIGENTE
MASCULINO,VENADO TUERTO,RENOVACIÓN,"A.2.1, B.1",5/dic/2025,5/dic/2025,5/dic/2030,VIGENTE
MASCULINO,VENADO TUERTO,RENOVACIÓN,"A.2.1, B.2",5/dic/2025,5/dic/2025,5/dic/2030,VIGENTE
MASCULINO,VENADO TUERTO,RENOVACIÓN,"A.2.1, B.1",5/dic/2025,5/dic/2025,5/dic/2030,VIGENTE
MASCULINO,VENADO TUERTO,ORIGINAL,A.2.1,9/dic/2025,23/sept/2025,9/dic/2026,VIGENTE
MASCULINO,VENADO TUERTO,ORIGINAL,"A.2.2, B.2",9/dic/2025,11/nov/2025,9/dic/2030,VIGENTE
MASCULINO,VENADO TUERTO,RENOVACIÓN CON AMPLIACIÓN,"A.2.1, B.2",9/dic/2025,13/nov/2025,9/dic/2030,VIGENTE
MASCULINO,VENADO TUERTO,RENOVACIÓN,"A.2.1, B.1",9/dic/2025,19/nov/2025,9/dic/2028,VIGENTE
MASCULINO,VENADO TUERTO,RENOVACIÓN,B.2,9/dic/2025,4/dic/2025,9/dic/2026,VIGENTE
MASCULINO,VENADO TUERTO,RENOVACIÓN CON AMPLIACIÓN,"A.2.2, B.2",9/dic/2025,9/dic/2025,9/dic/2030,VIGENTE
MASCULINO,VENADO TUERTO,RENOVACIÓN CON AMPLIACIÓN,"A.2.2, B.1",9/dic/2025,9/dic/2025,9/dic/2030,VIGENTE
MASCULINO,VENADO TUERTO,ORIGINAL,A.2.1,9/dic/2025,9/dic/2025,9/dic/2030,VIGENTE
FEMENINO,VENADO TUERTO,RENOVACIÓN,"A.2.2, B.1",9/dic/2025,9/dic/2025,9/dic/2030,VIGENTE
FEMENINO,VENADO TUERTO,RENOVACIÓN,B.2,9/dic/2025,9/dic/2025,9/dic/2026,VIGENTE
MASCULINO,VENADO TUERTO,RENOVACIÓN,"A.2.1, B.2",9/dic/2025,9/dic/2025,9/dic/2026,VIGENTE
MASCULINO,VENADO TUERTO,RENOVACIÓN CON AMPLIACIÓN,"A.2.2, B.1",9/dic/2025,9/dic/2025,9/dic/2030,VIGENTE
FEMENINO,VENADO TUERTO,RENOVACIÓN,B.2,9/dic/2025,9/dic/2025,9/dic/2030,VIGENTE
FEMENINO,VENADO TUERTO,RENOVACIÓN,"A.2.1, B.2",9/dic/2025,9/dic/2025,9/dic/2030,VIGENTE
FEMENINO,VENADO TUERTO,RENOVACIÓN,"A.2.1, B.1",9/dic/2025,9/dic/2025,9/dic/2030,VIGENTE
MASCULINO,VENADO TUERTO,RENOVACIÓN CON AMPLIACIÓN,"A.2.1, B.1",9/dic/2025,9/dic/2025,9/dic/2030,VIGENTE
FEMENINO,VENADO TUERTO,RENOVACIÓN,B.2,9/dic/2025,9/dic/2025,9/dic/2026,VIGENTE
FEMENINO,VENADO TUERTO,RENOVACIÓN,"A.2.1, B.1",9/dic/2025,9/dic/2025,9/dic/2030,VIGENTE
MASCULINO,VENADO TUERTO,RENOVACIÓN,"A.2.1, B.2",9/dic/2025,9/dic/2025,9/dic/2026,VIGENTE
MASCULINO,VENADO TUERTO,RENOVACIÓN,"A.2.2, B.1",9/dic/2025,9/dic/2025,9/dic/2030,VIGENTE
FEMENINO,VENADO TUERTO,RENOVACIÓN,B.1,9/dic/2025,9/dic/2025,9/dic/2026,VIGENTE
FEMENINO,VENADO TUERTO,RENOVACIÓN,B.2,9/dic/2025,9/dic/2025,9/dic/2030,VIGENTE
FEMENINO,VENADO TUERTO,RENOVACIÓN,"A.2.1, B.1",9/dic/2025,9/dic/2025,9/dic/2030,VIGENTE
MASCULINO,VENADO TUERTO,ORIGINAL,B.1,9/dic/2025,9/dic/2025,9/dic/2026,VIGENTE
MASCULINO,VENADO TUERTO,RENOVACIÓN,"A.3, B.2, C, E.2",9/dic/2025,9/dic/2025,9/dic/2030,VIGENTE
MASCULINO,VENADO TUERTO,RENOVACIÓN,"A.2.1, B.2",9/dic/2025,9/dic/2025,9/dic/2030,VIGENTE
MASCULINO,VENADO TUERTO,RENOVACIÓN,"A.3, B.2",9/dic/2025,9/dic/2025,9/dic/2030,VIGENTE
MASCULINO,VENADO TUERTO,RENOVACIÓN CON AMPLIACIÓN,"A.2.1, B.2, D.3",9/dic/2025,9/dic/2025,9/dic/2030,VIGENTE
MASCULINO,VENADO TUERTO,RENOVACIÓN,"A.2.2, B.2",9/dic/2025,9/dic/2025,9/dic/2030,VIGENTE
MASCULINO,VENADO TUERTO,RENOVACIÓN,B.2,9/dic/2025,9/dic/2025,9/dic/2026,VIGENTE
MASCULINO,VENADO TUERTO,RENOVACIÓN,"A.3, B.2, D.3",9/dic/2025,9/dic/2025,9/dic/2030,VIGENTE
MASCULINO,VENADO TUERTO,RENOVACIÓN,C,9/dic/2025,9/dic/2025,9/dic/2027,VIGENTE
MASCULINO,VENADO TUERTO,RENOVACIÓN,"A.2.1, E.1, G.1",9/dic/2025,9/dic/2025,9/dic/2030,VIGENTE
MASCULINO,VENADO TUERTO,RENOVACIÓN,E.1,9/dic/2025,9/dic/2025,9/dic/2028,VIGENTE
MASCULINO,VENADO TUERTO,RENOVACIÓN,"A.3, B.2",9/dic/2025,9/dic/2025,9/dic/2030,VIGENTE
MASCULINO,VENADO TUERTO,RENOVACIÓN,"A.2.1, B.1",9/dic/2025,9/dic/2025,9/dic/2030,VIGENTE
FEMENINO,VENADO TUERTO,RENOVACIÓN,B.1,9/dic/2025,9/dic/2025,9/dic/2030,VIGENTE
MASCULINO,VENADO TUERTO,RENOVACIÓN,B.2,9/dic/2025,9/dic/2025,9/dic/2026,VIGENTE
MASCULINO,VENADO TUERTO,RENOVACIÓN,B.2,9/dic/2025,9/dic/2025,9/dic/2030,VIGENTE
FEMENINO,VENADO TUERTO,RENOVACIÓN,A.2.1,9/dic/2025,9/dic/2025,9/dic/2030,VIGENTE
MASCULINO,VENADO TUERTO,ORIGINAL,B.2,9/dic/2025,9/dic/2025,9/dic/2030,VIGENTE
MASCULINO,VENADO TUERTO,RENOVACIÓN CON AMPLIACIÓN,"A.3, B.2, G.1, G.2",9/dic/2025,9/dic/2025,9/dic/2030,VIGENTE
MASCULINO,VENADO TUERTO,RENOVACIÓN,B.2,9/dic/2025,9/dic/2025,9/dic/2026,VIGENTE
MASCULINO,VENADO TUERTO,RENOVACIÓN,"B.2, D.1",9/dic/2025,9/dic/2025,9/dic/2026,VIGENTE
MASCULINO,SAN EDUARDO,RENOVACIÓN CON AMPLIACIÓN,"A.2.2, B.2, E.2",9/dic/2025,9/dic/2025,9/dic/2030,VIGENTE
MASCULINO,VENADO TUERTO,RENOVACIÓN,D.1,9/dic/2025,9/dic/2025,9/dic/2028,VIGENTE
MASCULINO,VENADO TUERTO,RENOVACIÓN,"A.2.1, B.2",9/dic/2025,9/dic/2025,9/dic/2030,VIGENTE
MASCULINO,VENADO TUERTO,RENOVACIÓN,"A.2.2, B.2",9/dic/2025,9/dic/2025,9/dic/2030,VIGENTE
FEMENINO,VENADO TUERTO,RENOVACIÓN,"A.2.1, B.2",9/dic/2025,9/dic/2025,9/dic/2030,VIGENTE
FEMENINO,VENADO TUERTO,RENOVACIÓN,A.2.1,9/dic/2025,9/dic/2025,9/dic/2030,VIGENTE
MASCULINO,VENADO TUERTO,RENOVACIÓN,"A.3, B.2, C, E.2",9/dic/2025,9/dic/2025,9/dic/2028,VIGENTE
MASCULINO,VENADO TUERTO,RENOVACIÓN,E.1,9/dic/2025,9/dic/2025,9/dic/2030,VIGENTE
MASCULINO,VENADO TUERTO,RENOVACIÓN,"A.3, B.2",9/dic/2025,9/dic/2025,9/dic/2030,VIGENTE
MASCULINO,VENADO TUERTO,RENOVACIÓN,B.2,9/dic/2025,9/dic/2025,9/dic/2026,VIGENTE
MASCULINO,VENADO TUERTO,RENOVACIÓN,B.2,9/dic/2025,9/dic/2025,9/dic/2026,VIGENTE
FEMENINO,VENADO TUERTO,RENOVACIÓN,B.2,9/dic/2025,9/dic/2025,9/dic/2026,VIGENTE
MASCULINO,VENADO TUERTO,RENOVACIÓN,"A.3, E.1",9/dic/2025,9/dic/2025,9/dic/2028,VIGENTE
MASCULINO,VENADO TUERTO,RENOVACIÓN,"A.2.1, B.1",9/dic/2025,9/dic/2025,9/dic/2030,VIGENTE
MASCULINO,VENADO TUERTO,RENOVACIÓN,"A.2.2, B.2",9/dic/2025,9/dic/2025,9/dic/2026,VIGENTE
FEMENINO,VENADO TUERTO,RENOVACIÓN,B.2,9/dic/2025,9/dic/2025,9/dic/2026,VIGENTE
MASCULINO,VENADO TUERTO,RENOVACIÓN,"A.3, B.2, E.2",9/dic/2025,9/dic/2025,9/dic/2030,VIGENTE
MASCULINO,VENADO TUERTO,RENOVACIÓN,B.1,9/dic/2025,9/dic/2025,9/dic/2028,VIGENTE
MASCULINO,VENADO TUERTO,RENOVACIÓN,"A.2.1, B.1",9/dic/2025,9/dic/2025,9/dic/2030,VIGENTE
FEMENINO,VENADO TUERTO,RENOVACIÓN,A.2.1,9/dic/2025,9/dic/2025,9/dic/2028,VIGENTE
FEMENINO,VENADO TUERTO,RENOVACIÓN CON AMPLIACIÓN,"A.2.1, B.1",9/dic/2025,9/dic/2025,9/dic/2030,VIGENTE
MASCULINO,SAN EDUARDO,DUPLICADO,"A.2.2, D.1, D.3",9/dic/2025,9/dic/2025,4/jun/2027,VIGENTE
FEMENINO,VENADO TUERTO,RENOVACIÓN CON AMPLIACIÓN,"A.2.1, B.2",10/dic/2025,30/may/2025,10/dic/2030,VIGENTE
MASCULINO,VENADO TUERTO,ORIGINAL,"A.2.1, B.1",10/dic/2025,26/nov/2025,10/dic/2026,VIGENTE
FEMENINO,VENADO TUERTO,RENOVACIÓN CON AMPLIACIÓN,"A.2.1, B.1",10/dic/2025,26/nov/2025,10/dic/2028,VIGENTE
MASCULINO,VENADO TUERTO,ORIGINAL,"A.2.1, B.1",10/dic/2025,27/nov/2025,10/dic/2030,VIGENTE
MASCULINO,VENADO TUERTO,ORIGINAL,A.2.1,10/dic/2025,27/nov/2025,10/dic/2030,VIGENTE
MASCULINO,VENADO TUERTO,RENOVACIÓN,"A.2.1, E.1",10/dic/2025,27/nov/2025,10/dic/2030,VIGENTE
FEMENINO,VENADO TUERTO,ORIGINAL,A.2.1,10/dic/2025,27/nov/2025,10/dic/2030,VIGENTE
MASCULINO,VENADO TUERTO,RENOVACIÓN CON AMPLIACIÓN,A.3,10/dic/2025,28/nov/2025,10/dic/2030,VIGENTE
MASCULINO,VENADO TUERTO,ORIGINAL,A.2.1,10/dic/2025,28/nov/2025,10/dic/2030,VIGENTE
MASCULINO,VENADO TUERTO,RENOVACIÓN,"A.2.1, E.1",10/dic/2025,2/dic/2025,10/jun/2026,VIGENTE
MASCULINO,VENADO TUERTO,RENOVACIÓN,"A.2.1, B.2, C",10/dic/2025,5/dic/2025,10/dic/2028,VIGENTE
FEMENINO,VENADO TUERTO,RENOVACIÓN,B.2,10/dic/2025,10/dic/2025,10/dic/2030,VIGENTE
FEMENINO,VENADO TUERTO,RENOVACIÓN,B.2,10/dic/2025,10/dic/2025,10/dic/2026,VIGENTE
MASCULINO,VENADO TUERTO,RENOVACIÓN,B.2,10/dic/2025,10/dic/2025,10/dic/2026,VIGENTE
MASCULINO,VENADO TUERTO,RENOVACIÓN,"A.3, B.2",10/dic/2025,10/dic/2025,10/dic/2026,VIGENTE
FEMENINO,VENADO TUERTO,RENOVACIÓN,"A.2.1, B.2",10/dic/2025,10/dic/2025,10/dic/2030,VIGENTE
FEMENINO,VENADO TUERTO,RENOVACIÓN,B.2,10/dic/2025,10/dic/2025,10/dic/2026,VIGENTE
MASCULINO,VENADO TUERTO,RENOVACIÓN,B.2,10/dic/2025,10/dic/2025,10/dic/2026,VIGENTE
FEMENINO,VENADO TUERTO,RENOVACIÓN,"A.2.1, B.1",10/dic/2025,10/dic/2025,10/dic/2030,VIGENTE
FEMENINO,VENADO TUERTO,ORIGINAL,A.2.1,10/dic/2025,10/dic/2025,10/dic/2030,VIGENTE
FEMENINO,VENADO TUERTO,RENOVACIÓN,B.2,10/dic/2025,10/dic/2025,10/dic/2026,VIGENTE
MASCULINO,VENADO TUERTO,RENOVACIÓN,B.2,10/dic/2025,10/dic/2025,10/dic/2026,VIGENTE
MASCULINO,VENADO TUERTO,RENOVACIÓN,B.2,10/dic/2025,10/dic/2025,10/dic/2026,VIGENTE
MASCULINO,VENADO TUERTO,RENOVACIÓN,"A.2.2, B.2, E.2",10/dic/2025,10/dic/2025,10/dic/2028,VIGENTE
FEMENINO,VENADO TUERTO,RENOVACIÓN,B.2,10/dic/2025,10/dic/2025,10/dic/2026,VIGENTE
FEMENINO,VENADO TUERTO,ORIGINAL,A.2.1,10/dic/2025,10/dic/2025,10/dic/2030,VIGENTE
FEMENINO,VENADO TUERTO,RENOVACIÓN,B.2,10/dic/2025,10/dic/2025,10/dic/2030,VIGENTE
MASCULINO,VENADO TUERTO,RENOVACIÓN,"A.2.1, B.2",10/dic/2025,10/dic/2025,10/dic/2030,VIGENTE
FEMENINO,VENADO TUERTO,RENOVACIÓN,B.2,10/dic/2025,10/dic/2025,10/dic/2030,VIGENTE
MASCULINO,VENADO TUERTO,RENOVACIÓN CON AMPLIACIÓN,"A.3, B.1",10/dic/2025,10/dic/2025,10/dic/2030,VIGENTE
FEMENINO,VENADO TUERTO,RENOVACIÓN,B.2,10/dic/2025,10/dic/2025,10/dic/2030,VIGENTE
MASCULINO,VENADO TUERTO,RENOVACIÓN,"A.2.1, B.1",10/dic/2025,10/dic/2025,10/dic/2030,VIGENTE
MASCULINO,VENADO TUERTO,RENOVACIÓN,"B.2, G.1, G.2",10/dic/2025,10/dic/2025,10/dic/2026,VIGENTE
FEMENINO,VENADO TUERTO,RENOVACIÓN,B.1,10/dic/2025,10/dic/2025,10/dic/2030,VIGENTE
FEMENINO,VENADO TUERTO,RENOVACIÓN,B.1,10/dic/2025,10/dic/2025,10/dic/2030,VIGENTE
MASCULINO,VENADO TUERTO,RENOVACIÓN,B.2,10/dic/2025,10/dic/2025,10/dic/2030,VIGENTE
MASCULINO,VENADO TUERTO,RENOVACIÓN,B.2,10/dic/2025,10/dic/2025,10/dic/2026,VIGENTE
FEMENINO,VENADO TUERTO,RENOVACIÓN,B.2,10/dic/2025,10/dic/2025,10/dic/2026,VIGENTE
FEMENINO,VENADO TUERTO,RENOVACIÓN,B.2,10/dic/2025,10/dic/2025,10/dic/2030,VIGENTE
FEMENINO,VENADO TUERTO,RENOVACIÓN,B.2,10/dic/2025,10/dic/2025,10/dic/2028,VIGENTE
MASCULINO,VENADO TUERTO,RENOVACIÓN,B.2,10/dic/2025,10/dic/2025,10/dic/2026,VIGENTE
MASCULINO,VENADO TUERTO,RENOVACIÓN,"A.3, B.2, D.3",10/dic/2025,10/dic/2025,10/dic/2028,VIGENTE
MASCULINO,VENADO TUERTO,RENOVACIÓN,"A.2.2, B.2, C, E.2",10/dic/2025,10/dic/2025,10/dic/2028,VIGENTE
MASCULINO,VENADO TUERTO,RENOVACIÓN,"A.3, B.2",10/dic/2025,10/dic/2025,10/dic/2026,VIGENTE
MASCULINO,VENADO TUERTO,ORIGINAL,A.2.1,10/dic/2025,10/dic/2025,10/dic/2026,VIGENTE
MASCULINO,VENADO TUERTO,RENOVACIÓN,"A.2.1, E.1",10/dic/2025,10/dic/2025,10/nov/2030,VIGENTE
MASCULINO,VENADO TUERTO,DUPLICADO,B.2,10/dic/2025,10/dic/2025,22/ene/2030,VIGENTE
MASCULINO,VENADO TUERTO,RENOVACIÓN,B.2,10/dic/2025,10/dic/2025,10/dic/2030,VIGENTE
FEMENINO,VENADO TUERTO,RENOVACIÓN,B.2,10/dic/2025,10/dic/2025,10/dic/2026,VIGENTE
FEMENINO,VENADO TUERTO,RENOVACIÓN,A.2.1,10/dic/2025,10/dic/2025,10/dic/2028,VIGENTE
MASCULINO,VENADO TUERTO,ORIGINAL,B.2,10/dic/2025,10/dic/2025,10/dic/2026,VIGENTE
MASCULINO,VENADO TUERTO,RENOVACIÓN,"A.3, D.3, E.1, E.2",10/dic/2025,10/dic/2025,10/dic/2028,VIGENTE
MASCULINO,VENADO TUERTO,RENOVACIÓN,D.1,10/dic/2025,10/dic/2025,10/dic/2026,VIGENTE
FEMENINO,VENADO TUERTO,RENOVACIÓN,"A.2.1, B.1",10/dic/2025,10/dic/2025,10/dic/2030,VIGENTE
MASCULINO,VENADO TUERTO,RENOVACIÓN CON AMPLIACIÓN,"A.2.1, B.1",10/dic/2025,10/dic/2025,10/dic/2030,VIGENTE
MASCULINO,VENADO TUERTO,RENOVACIÓN,B.2,10/dic/2025,10/dic/2025,10/dic/2026,VIGENTE
MASCULINO,VENADO TUERTO,DUPLICADO,"A.3, B.2",10/dic/2025,10/dic/2025,16/abr/2030,VIGENTE
MASCULINO,VENADO TUERTO,RENOVACIÓN,"A.2.1, B.1",10/dic/2025,10/dic/2025,10/dic/2028,VIGENTE
MASCULINO,VENADO TUERTO,RENOVACIÓN,"A.2.1, B.2",10/dic/2025,10/dic/2025,10/dic/2030,VIGENTE
MASCULINO,VENADO TUERTO,RENOVACIÓN,B.2,10/dic/2025,10/dic/2025,10/dic/2026,VIGENTE
MASCULINO,VENADO TUERTO,RENOVACIÓN,"A.3, D.1, D.3, E.1",10/dic/2025,10/dic/2025,10/dic/2028,VIGENTE
FEMENINO,VENADO TUERTO,RENOVACIÓN,"A.2.1, B.1",10/dic/2025,10/dic/2025,10/dic/2030,VIGENTE
FEMENINO,VENADO TUERTO,RENOVACIÓN CON AMPLIACIÓN,"A.2.1, D.1",10/dic/2025,10/dic/2025,10/dic/2030,VIGENTE
MASCULINO,VENADO TUERTO,DUPLICADO,"A.3, B.2",10/dic/2025,10/dic/2025,28/feb/2030,VIGENTE
MASCULINO,VENADO TUERTO,RENOVACIÓN,B.2,10/dic/2025,10/dic/2025,10/dic/2028,VIGENTE
MASCULINO,VENADO TUERTO,RENOVACIÓN,"A.2.1, B.2",10/dic/2025,10/dic/2025,10/dic/2028,VIGENTE
MASCULINO,VENADO TUERTO,RENOVACIÓN,B.2,10/dic/2025,10/dic/2025,10/dic/2026,VIGENTE
MASCULINO,VENADO TUERTO,RENOVACIÓN,"A.3, B.2",10/dic/2025,10/dic/2025,10/dic/2030,VIGENTE
MASCULINO,VENADO TUERTO,RENOVACIÓN,"A.2.1, B.2",10/dic/2025,10/dic/2025,10/dic/2030,VIGENTE
FEMENINO,VENADO TUERTO,RENOVACIÓN,B.1,10/dic/2025,10/dic/2025,10/dic/2030,VIGENTE
MASCULINO,VENADO TUERTO,RENOVACIÓN,E.1,10/dic/2025,10/dic/2025,10/dic/2028,VIGENTE
MASCULINO,VENADO TUERTO,RENOVACIÓN CON AMPLIACIÓN,"A.2.1, B.2",10/dic/2025,10/dic/2025,10/dic/2030,VIGENTE
MASCULINO,VENADO TUERTO,ORIGINAL,A.2.1,11/dic/2025,3/feb/2025,11/dic/2030,VIGENTE
MASCULINO,VENADO TUERTO,RENOVACIÓN,"A.3, D.1, E.1",11/dic/2025,20/nov/2025,11/dic/2028,VIGENTE
FEMENINO,VENADO TUERTO,ORIGINAL,A.2.1,11/dic/2025,26/nov/2025,11/dic/2026,VIGENTE
MASCULINO,VENADO TUERTO,RENOVACIÓN CON AMPLIACIÓN,"A.3, B.2",11/dic/2025,28/nov/2025,11/dic/2030,VIGENTE
MASCULINO,VENADO TUERTO,ORIGINAL,A.2.1,11/dic/2025,1/dic/2025,11/dic/2026,VIGENTE
MASCULINO,VENADO TUERTO,RENOVACIÓN,"A.2.1, E.1",11/dic/2025,1/dic/2025,11/dic/2028,VIGENTE
MASCULINO,VENADO TUERTO,ORIGINAL,A.2.1,11/dic/2025,1/dic/2025,11/dic/2030,VIGENTE
MASCULINO,VENADO TUERTO,RENOVACIÓN CON AMPLIACIÓN,"A.3, E.1, E.2, G.1, G.2",11/dic/2025,3/dic/2025,11/dic/2028,VIGENTE
MASCULINO,VENADO TUERTO,RENOVACIÓN,"A.2.2, D.2, D.3, E.1, G.1",11/dic/2025,4/dic/2025,11/dic/2028,VIGENTE
MASCULINO,VENADO TUERTO,RENOVACIÓN,E.1,11/dic/2025,5/dic/2025,11/dic/2028,VIGENTE
MASCULINO,VENADO TUERTO,ORIGINAL,"A.2.1, B.2",11/dic/2025,9/dic/2025,11/dic/2026,VIGENTE
MASCULINO,VENADO TUERTO,RENOVACIÓN,"A.3, E.1, G.2",11/dic/2025,9/dic/2025,11/dic/2028,VIGENTE
MASCULINO,VENADO TUERTO,ORIGINAL,A.2.1,11/dic/2025,10/dic/2025,11/dic/2026,VIGENTE
MASCULINO,VENADO TUERTO,ORIGINAL,"A.2.1, B.1",11/dic/2025,10/dic/2025,11/dic/2026,VIGENTE
MASCULINO,VENADO TUERTO,ORIGINAL,A.2.1,11/dic/2025,10/dic/2025,11/dic/2030,VIGENTE
MASCULINO,VENADO TUERTO,RENOVACIÓN,"A.2.1, B.2",11/dic/2025,10/dic/2025,11/dic/2026,VIGENTE
MASCULINO,VENADO TUERTO,RENOVACIÓN,B.2,11/dic/2025,11/dic/2025,11/dic/2026,VIGENTE
FEMENINO,VENADO TUERTO,RENOVACIÓN,A.2.1,11/dic/2025,11/dic/2025,11/dic/2030,VIGENTE
MASCULINO,VENADO TUERTO,RENOVACIÓN,"A.2.1, C",11/dic/2025,11/dic/2025,11/dic/2028,VIGENTE
MASCULINO,VENADO TUERTO,RENOVACIÓN,B.2,11/dic/2025,11/dic/2025,11/dic/2026,VIGENTE
MASCULINO,VENADO TUERTO,RENOVACIÓN,B.2,11/dic/2025,11/dic/2025,11/dic/2026,VIGENTE
MASCULINO,VENADO TUERTO,RENOVACIÓN,B.2,11/dic/2025,11/dic/2025,11/dic/2026,VIGENTE
FEMENINO,VENADO TUERTO,RENOVACIÓN,"A.2.1, B.2",11/dic/2025,11/dic/2025,11/dic/2030,VIGENTE
FEMENINO,VENADO TUERTO,ORIGINAL,B.1,11/dic/2025,11/dic/2025,11/dic/2026,VIGENTE
FEMENINO,VENADO TUERTO,RENOVACIÓN CON AMPLIACIÓN,"A.2.1, B.2",11/dic/2025,11/dic/2025,11/dic/2030,VIGENTE
MASCULINO,VENADO TUERTO,RENOVACIÓN,A.2.1,11/dic/2025,11/dic/2025,11/dic/2028,VIGENTE
FEMENINO,VENADO TUERTO,ORIGINAL,A.2.1,11/dic/2025,11/dic/2025,11/dic/2030,VIGENTE
MASCULINO,VENADO TUERTO,RENOVACIÓN,B.2,11/dic/2025,11/dic/2025,11/dic/2026,VIGENTE
FEMENINO,VENADO TUERTO,ORIGINAL,A.2.1,11/dic/2025,11/dic/2025,11/dic/2026,VIGENTE
MASCULINO,VENADO TUERTO,RENOVACIÓN,"A.2.2, B.1, D.3",11/dic/2025,11/dic/2025,11/dic/2030,VIGENTE
FEMENINO,VENADO TUERTO,RENOVACIÓN,B.1,11/dic/2025,11/dic/2025,11/dic/2028,VIGENTE
MASCULINO,VENADO TUERTO,RENOVACIÓN,B.2,11/dic/2025,11/dic/2025,11/dic/2026,VIGENTE
MASCULINO,VENADO TUERTO,RENOVACIÓN,"A.2.1, B.2",11/dic/2025,11/dic/2025,11/dic/2030,VIGENTE
FEMENINO,VENADO TUERTO,RENOVACIÓN,"A.2.1, B.1",11/dic/2025,11/dic/2025,11/dic/2030,VIGENTE
MASCULINO,VENADO TUERTO,RENOVACIÓN,"A.2.1, B.1",11/dic/2025,11/dic/2025,11/dic/2030,VIGENTE
FEMENINO,VENADO TUERTO,ORIGINAL,A.2.1,11/dic/2025,11/dic/2025,11/dic/2030,VIGENTE
MASCULINO,VENADO TUERTO,RENOVACIÓN,B.2,11/dic/2025,11/dic/2025,11/dic/2026,VIGENTE
MASCULINO,VENADO TUERTO,RENOVACIÓN,"A.2.1, B.1",11/dic/2025,11/dic/2025,11/dic/2030,VIGENTE
MASCULINO,VENADO TUERTO,RENOVACIÓN,B.2,11/dic/2025,11/dic/2025,11/dic/2026,VIGENTE
MASCULINO,VENADO TUERTO,RENOVACIÓN,"A.2.1, E.1",11/dic/2025,11/dic/2025,11/jul/2026,VIGENTE
FEMENINO,VENADO TUERTO,RENOVACIÓN CON AMPLIACIÓN,"A.2.1, B.1",11/dic/2025,11/dic/2025,11/dic/2030,VIGENTE
FEMENINO,VENADO TUERTO,RENOVACIÓN,B.1,11/dic/2025,11/dic/2025,11/dic/2030,VIGENTE
FEMENINO,VENADO TUERTO,ORIGINAL,A.2.1,11/dic/2025,11/dic/2025,11/dic/2030,VIGENTE
MASCULINO,VENADO TUERTO,RENOVACIÓN,B.2,11/dic/2025,11/dic/2025,11/dic/2026,VIGENTE
MASCULINO,VENADO TUERTO,RENOVACIÓN,"A.2.1, B.2, D.1",11/dic/2025,11/dic/2025,11/dic/2030,VIGENTE
MASCULINO,VENADO TUERTO,RENOVACIÓN,B.2,11/dic/2025,11/dic/2025,11/dic/2026,VIGENTE
FEMENINO,VENADO TUERTO,RENOVACIÓN,B.1,11/dic/2025,11/dic/2025,11/dic/2030,VIGENTE
FEMENINO,VENADO TUERTO,RENOVACIÓN,"A.2.1, B.2",11/dic/2025,11/dic/2025,11/dic/2030,VIGENTE
MASCULINO,VENADO TUERTO,ORIGINAL,B.1,11/dic/2025,11/dic/2025,11/dic/2026,VIGENTE
MASCULINO,VENADO TUERTO,RENOVACIÓN,"A.2.1, B.1",11/dic/2025,11/dic/2025,11/dic/2028,VIGENTE
FEMENINO,VENADO TUERTO,RENOVACIÓN,B.2,11/dic/2025,11/dic/2025,11/dic/2026,VIGENTE
MASCULINO,VENADO TUERTO,ORIGINAL,A.2.1,11/dic/2025,11/dic/2025,11/dic/2030,VIGENTE
MASCULINO,VENADO TUERTO,RENOVACIÓN,B.1,11/dic/2025,11/dic/2025,11/dic/2030,VIGENTE
MASCULINO,VENADO TUERTO,RENOVACIÓN,"A.2.1, B.2",11/dic/2025,11/dic/2025,11/dic/2030,VIGENTE
FEMENINO,VENADO TUERTO,RENOVACIÓN,A.2.1,11/dic/2025,11/dic/2025,11/dic/2030,VIGENTE
MASCULINO,VENADO TUERTO,RENOVACIÓN,B.2,11/dic/2025,11/dic/2025,11/dic/2026,VIGENTE
MASCULINO,VENADO TUERTO,RENOVACIÓN CON AMPLIACIÓN,"A.2.1, B.2",11/dic/2025,11/dic/2025,11/dic/2030,VIGENTE
FEMENINO,VENADO TUERTO,RENOVACIÓN,B.2,11/dic/2025,11/dic/2025,11/dic/2026,VIGENTE
MASCULINO,VENADO TUERTO,RENOVACIÓN CON AMPLIACIÓN,"A.3, E.1",11/dic/2025,11/dic/2025,11/dic/2030,VIGENTE
FEMENINO,VENADO TUERTO,RENOVACIÓN,B.1,11/dic/2025,11/dic/2025,11/dic/2030,VIGENTE
FEMENINO,VENADO TUERTO,ORIGINAL,A.2.1,11/dic/2025,11/dic/2025,11/dic/2030,VIGENTE
FEMENINO,VENADO TUERTO,RENOVACIÓN,B.2,11/dic/2025,11/dic/2025,11/dic/2030,VIGENTE
FEMENINO,VENADO TUERTO,RENOVACIÓN,B.2,11/dic/2025,11/dic/2025,11/dic/2026,VIGENTE
FEMENINO,VENADO TUERTO,RENOVACIÓN CON AMPLIACIÓN,"A.3, B.1",11/dic/2025,11/dic/2025,11/dic/2030,VIGENTE
MASCULINO,VENADO TUERTO,RENOVACIÓN CON AMPLIACIÓN,"A.2.1, E.1",11/dic/2025,11/dic/2025,11/dic/2030,VIGENTE
MASCULINO,VENADO TUERTO,RENOVACIÓN,A.2.1,11/dic/2025,11/dic/2025,11/dic/2028,VIGENTE
MASCULINO,VENADO TUERTO,RENOVACIÓN CON AMPLIACIÓN,"A.2.1, B.2",11/dic/2025,11/dic/2025,11/dic/2028,VIGENTE
FEMENINO,VENADO TUERTO,RENOVACIÓN,"A.2.1, B.1",11/dic/2025,11/dic/2025,11/dic/2030,VIGENTE
MASCULINO,VENADO TUERTO,RENOVACIÓN,"A.2.1, D.3, E.1",11/dic/2025,11/dic/2025,11/dic/2028,VIGENTE
MASCULINO,VENADO TUERTO,RENOVACIÓN,"A.2.1, B.1",11/dic/2025,11/dic/2025,11/dic/2030,VIGENTE
MASCULINO,VENADO TUERTO,RENOVACIÓN,"A.2.1, E.1",11/dic/2025,11/dic/2025,11/dic/2028,VIGENTE
FEMENINO,VENADO TUERTO,ORIGINAL,A.2.1,11/dic/2025,11/dic/2025,11/dic/2030,VIGENTE
MASCULINO,VENADO TUERTO,RENOVACIÓN,B.2,11/dic/2025,11/dic/2025,11/dic/2026,VIGENTE
FEMENINO,VENADO TUERTO,RENOVACIÓN,B.2,11/dic/2025,11/dic/2025,11/dic/2030,VIGENTE
MASCULINO,VENADO TUERTO,RENOVACIÓN,"A.2.2, B.2",11/dic/2025,11/dic/2025,11/dic/2030,VIGENTE
MASCULINO,VENADO TUERTO,RENOVACIÓN,"A.2.2, B.2, E.2",11/dic/2025,11/dic/2025,11/dic/2028,VIGENTE
FEMENINO,VENADO TUERTO,ORIGINAL,"A.2.2, B.2",11/dic/2025,11/dic/2025,11/dic/2030,VIGENTE
MASCULINO,VENADO TUERTO,RENOVACIÓN,B.1,11/dic/2025,11/dic/2025,11/dic/2026,VIGENTE
MASCULINO,VENADO TUERTO,RENOVACIÓN,B.1,11/dic/2025,11/dic/2025,11/dic/2030,VIGENTE
MASCULINO,VENADO TUERTO,RENOVACIÓN,"A.2.1, B.1, E.2, G.1",12/dic/2025,11/jul/2025,12/dic/2028,VIGENTE
MASCULINO,VENADO TUERTO,ORIGINAL,"A.2.1, B.1",12/dic/2025,4/ago/2025,12/dic/2030,VIGENTE
FEMENINO,VENADO TUERTO,RENOVACIÓN,A.2.1,12/dic/2025,1/sept/2025,12/dic/2030,VIGENTE
MASCULINO,VENADO TUERTO,RENOVACIÓN CON AMPLIACIÓN,"A.2.1, B.1",12/dic/2025,28/nov/2025,12/dic/2030,VIGENTE
FEMENINO,VENADO TUERTO,ORIGINAL,A.2.1,12/dic/2025,28/nov/2025,12/dic/2030,VIGENTE
MASCULINO,VENADO TUERTO,ORIGINAL,B.1,12/dic/2025,1/dic/2025,12/dic/2030,VIGENTE
MASCULINO,VENADO TUERTO,RENOVACIÓN,"A.2.2, E.1",12/dic/2025,3/dic/2025,12/dic/2030,VIGENTE
MASCULINO,VENADO TUERTO,RENOVACIÓN,"A.2.1, E.1, G.1, G.2",12/dic/2025,4/dic/2025,12/dic/2030,VIGENTE
FEMENINO,VENADO TUERTO,ORIGINAL,"A.2.1, B.1",12/dic/2025,5/dic/2025,12/dic/2030,VIGENTE
MASCULINO,VENADO TUERTO,RENOVACIÓN,E.1,12/dic/2025,9/dic/2025,12/dic/2026,VIGENTE
MASCULINO,VENADO TUERTO,RENOVACIÓN,"A.2.1, E.1",12/dic/2025,10/dic/2025,12/dic/2030,VIGENTE
FEMENINO,VENADO TUERTO,ORIGINAL,"A.2.1, B.1",12/dic/2025,10/dic/2025,12/dic/2030,VIGENTE
FEMENINO,VENADO TUERTO,RENOVACIÓN CON AMPLIACIÓN,"A.2.1, B.1",12/dic/2025,10/dic/2025,12/dic/2030,VIGENTE
FEMENINO,VENADO TUERTO,ORIGINAL,A.2.1,12/dic/2025,11/dic/2025,12/dic/2026,VIGENTE
MASCULINO,VENADO TUERTO,ORIGINAL,"A.2.1, B.1",12/dic/2025,11/dic/2025,12/dic/2030,VIGENTE
MASCULINO,VENADO TUERTO,RENOVACIÓN,"A.2.1, E.1",12/dic/2025,12/dic/2025,12/jul/2026,VIGENTE
FEMENINO,VENADO TUERTO,RENOVACIÓN,B.1,12/dic/2025,12/dic/2025,12/dic/2030,VIGENTE
MASCULINO,VENADO TUERTO,RENOVACIÓN,B.2,12/dic/2025,12/dic/2025,12/dic/2026,VIGENTE
MASCULINO,VENADO TUERTO,RENOVACIÓN,"A.2.1, B.2",12/dic/2025,12/dic/2025,12/dic/2030,VIGENTE
MASCULINO,VENADO TUERTO,RENOVACIÓN CON AMPLIACIÓN,"A.2.1, B.1",12/dic/2025,12/dic/2025,12/dic/2028,VIGENTE
MASCULINO,VENADO TUERTO,RENOVACIÓN,"A.2.2, B.2",12/dic/2025,12/dic/2025,12/dic/2030,VIGENTE
MASCULINO,VENADO TUERTO,RENOVACIÓN,"A.3, B.1",12/dic/2025,12/dic/2025,12/dic/2026,VIGENTE
MASCULINO,VENADO TUERTO,ORIGINAL,B.1,12/dic/2025,12/dic/2025,12/dic/2026,VIGENTE
MASCULINO,VENADO TUERTO,DUPLICADO,"A.2.1, D.1, D.3, E.1",12/dic/2025,12/dic/2025,13/mar/2027,VIGENTE
MASCULINO,VENADO TUERTO,RENOVACIÓN,B.2,12/dic/2025,12/dic/2025,12/dic/2028,VIGENTE
MASCULINO,VENADO TUERTO,RENOVACIÓN,B.2,12/dic/2025,12/dic/2025,12/dic/2026,VIGENTE
FEMENINO,VENADO TUERTO,RENOVACIÓN,"A.2.1, B.2",12/dic/2025,12/dic/2025,12/dic/2030,VIGENTE
MASCULINO,VENADO TUERTO,ORIGINAL,"A.2.1, B.1",12/dic/2025,12/dic/2025,12/dic/2030,VIGENTE
MASCULINO,VENADO TUERTO,RENOVACIÓN,"E.1, E.2",12/dic/2025,12/dic/2025,12/dic/2027,VIGENTE
MASCULINO,VENADO TUERTO,RENOVACIÓN,B.1,12/dic/2025,12/dic/2025,12/dic/2026,VIGENTE
MASCULINO,VENADO TUERTO,RENOVACIÓN,"A.2.1, B.2",12/dic/2025,12/dic/2025,12/dic/2026,VIGENTE
MASCULINO,VENADO TUERTO,RENOVACIÓN,B.1,12/dic/2025,12/dic/2025,12/dic/2026,VIGENTE
MASCULINO,VENADO TUERTO,RENOVACIÓN,E.1,12/dic/2025,12/dic/2025,12/dic/2028,VIGENTE
MASCULINO,VENADO TUERTO,RENOVACIÓN,"A.2.2, B.2, C",12/dic/2025,12/dic/2025,12/dic/2030,VIGENTE
FEMENINO,VENADO TUERTO,ORIGINAL,A.2.1,12/dic/2025,12/dic/2025,12/dic/2030,VIGENTE
FEMENINO,VENADO TUERTO,RENOVACIÓN,"A.2.1, B.1",12/dic/2025,12/dic/2025,12/dic/2028,VIGENTE
FEMENINO,VENADO TUERTO,RENOVACIÓN,"A.2.1, B.1",12/dic/2025,12/dic/2025,12/dic/2030,VIGENTE
FEMENINO,VENADO TUERTO,RENOVACIÓN,B.2,12/dic/2025,12/dic/2025,12/dic/2030,VIGENTE
FEMENINO,VENADO TUERTO,RENOVACIÓN,B.1,12/dic/2025,12/dic/2025,12/dic/2030,VIGENTE
MASCULINO,VENADO TUERTO,RENOVACIÓN,B.2,12/dic/2025,12/dic/2025,12/dic/2028,VIGENTE
MASCULINO,VENADO TUERTO,RENOVACIÓN,"A.2.1, B.2",12/dic/2025,12/dic/2025,12/dic/2026,VIGENTE
MASCULINO,VENADO TUERTO,RENOVACIÓN,B.2,12/dic/2025,12/dic/2025,12/dic/2026,VIGENTE
MASCULINO,VENADO TUERTO,RENOVACIÓN,"A.2.1, B.2, D.1, G.1",12/dic/2025,12/dic/2025,12/dic/2028,VIGENTE
MASCULINO,VENADO TUERTO,ORIGINAL,"A.2.1, B.1",12/dic/2025,12/dic/2025,12/dic/2030,VIGENTE
MASCULINO,VENADO TUERTO,RENOVACIÓN,"A.3, B.2",12/dic/2025,12/dic/2025,12/dic/2030,VIGENTE
FEMENINO,VENADO TUERTO,RENOVACIÓN,B.2,12/dic/2025,12/dic/2025,12/dic/2026,VIGENTE
MASCULINO,VENADO TUERTO,RENOVACIÓN,B.2,12/dic/2025,12/dic/2025,12/dic/2030,VIGENTE
FEMENINO,VENADO TUERTO,RENOVACIÓN,B.2,12/dic/2025,12/dic/2025,12/dic/2026,VIGENTE
MASCULINO,VENADO TUERTO,RENOVACIÓN,"A.2.1, B.2",12/dic/2025,12/dic/2025,12/dic/2028,VIGENTE
FEMENINO,VENADO TUERTO,RENOVACIÓN,"A.2.1, B.2",12/dic/2025,12/dic/2025,12/dic/2030,VIGENTE
MASCULINO,VENADO TUERTO,RENOVACIÓN,B.2,12/dic/2025,12/dic/2025,12/dic/2026,VIGENTE
MASCULINO,VENADO TUERTO,RENOVACIÓN,E.1,12/dic/2025,12/dic/2025,12/dic/2028,VIGENTE
FEMENINO,VENADO TUERTO,RENOVACIÓN,B.1,12/dic/2025,12/dic/2025,12/dic/2030,VIGENTE
FEMENINO,VENADO TUERTO,ORIGINAL,A.2.1,12/dic/2025,12/dic/2025,12/dic/2030,VIGENTE
MASCULINO,VENADO TUERTO,RENOVACIÓN,B.2,12/dic/2025,12/dic/2025,12/dic/2030,VIGENTE
FEMENINO,VENADO TUERTO,RENOVACIÓN,B.2,12/dic/2025,12/dic/2025,12/dic/2026,VIGENTE
MASCULINO,VENADO TUERTO,RENOVACIÓN,"A.3, D.1, E.1",12/dic/2025,12/dic/2025,12/dic/2028,VIGENTE
FEMENINO,VENADO TUERTO,RENOVACIÓN,B.2,12/dic/2025,12/dic/2025,12/dic/2026,VIGENTE
FEMENINO,VENADO TUERTO,RENOVACIÓN,B.1,12/dic/2025,12/dic/2025,12/dic/2030,VIGENTE
FEMENINO,VENADO TUERTO,RENOVACIÓN,B.2,12/dic/2025,12/dic/2025,12/dic/2026,VIGENTE
MASCULINO,VENADO TUERTO,DUPLICADO,B.1,12/dic/2025,12/dic/2025,12/ago/2026,VIGENTE
MASCULINO,VENADO TUERTO,RENOVACIÓN,B.2,12/dic/2025,12/dic/2025,12/dic/2026,VIGENTE
MASCULINO,VENADO TUERTO,RENOVACIÓN,B.2,12/dic/2025,12/dic/2025,12/dic/2026,VIGENTE
MASCULINO,VENADO TUERTO,RENOVACIÓN,B.2,12/dic/2025,12/dic/2025,12/dic/2026,VIGENTE
MASCULINO,VENADO TUERTO,RENOVACIÓN,"A.2.2, E.1",12/dic/2025,12/dic/2025,12/dic/2028,VIGENTE
MASCULINO,VENADO TUERTO,ORIGINAL,"A.2.1, B.2",15/dic/2025,18/nov/2025,15/dic/2030,VIGENTE
FEMENINO,VENADO TUERTO,ORIGINAL,A.2.1,15/dic/2025,27/nov/2025,15/dic/2030,VIGENTE
MASCULINO,VENADO TUERTO,ORIGINAL,"A.2.1, B.1",15/dic/2025,2/dic/2025,15/dic/2030,VIGENTE
FEMENINO,VENADO TUERTO,ORIGINAL,A.2.1,15/dic/2025,3/dic/2025,15/dic/2030,VIGENTE
MASCULINO,VENADO TUERTO,RENOVACIÓN,"A.2.1, E.1",15/dic/2025,4/dic/2025,15/dic/2030,VIGENTE
MASCULINO,VENADO TUERTO,RENOVACIÓN,"A.2.2, E.1, G.1, G.2",15/dic/2025,5/dic/2025,15/dic/2026,VIGENTE
MASCULINO,VENADO TUERTO,RENOVACIÓN,"A.3, E.1, G.1",15/dic/2025,10/dic/2025,15/dic/2026,VIGENTE
MASCULINO,VENADO TUERTO,ORIGINAL,A.2.1,15/dic/2025,12/dic/2025,15/dic/2026,VIGENTE
FEMENINO,VENADO TUERTO,ORIGINAL,A.2.1,15/dic/2025,15/dic/2025,15/dic/2030,VIGENTE
MASCULINO,VENADO TUERTO,ORIGINAL,A.2.1,15/dic/2025,15/dic/2025,15/dic/2026,VIGENTE
MASCULINO,VENADO TUERTO,RENOVACIÓN,"B.2, D.1",15/dic/2025,15/dic/2025,15/dic/2027,VIGENTE
MASCULINO,VENADO TUERTO,RENOVACIÓN,"A.2.1, B.1",15/dic/2025,15/dic/2025,15/dic/2026,VIGENTE
FEMENINO,VENADO TUERTO,RENOVACIÓN,B.2,15/dic/2025,15/dic/2025,15/dic/2026,VIGENTE
FEMENINO,SAN EDUARDO,RENOVACIÓN,B.2,15/dic/2025,15/dic/2025,15/dic/2026,VIGENTE
MASCULINO,VENADO TUERTO,RENOVACIÓN,E.1,15/dic/2025,15/dic/2025,15/dic/2027,VIGENTE
FEMENINO,VENADO TUERTO,ORIGINAL,A.2.1,15/dic/2025,15/dic/2025,15/dic/2030,VIGENTE
MASCULINO,VENADO TUERTO,RENOVACIÓN,"A.2.1, E.1",15/dic/2025,15/dic/2025,15/jul/2027,VIGENTE
FEMENINO,VENADO TUERTO,RENOVACIÓN,B.2,15/dic/2025,15/dic/2025,15/dic/2030,VIGENTE
MASCULINO,VENADO TUERTO,RENOVACIÓN,A.2.1,15/dic/2025,15/dic/2025,15/dic/2030,VIGENTE
FEMENINO,VENADO TUERTO,RENOVACIÓN,A.2.1,15/dic/2025,15/dic/2025,15/dic/2028,VIGENTE
MASCULINO,VENADO TUERTO,RENOVACIÓN,B.2,15/dic/2025,15/dic/2025,15/dic/2026,VIGENTE
FEMENINO,VENADO TUERTO,RENOVACIÓN,B.1,15/dic/2025,15/dic/2025,15/dic/2028,VIGENTE
MASCULINO,VENADO TUERTO,RENOVACIÓN,B.1,15/dic/2025,15/dic/2025,15/dic/2026,VIGENTE
MASCULINO,VENADO TUERTO,RENOVACIÓN,B.2,15/dic/2025,15/dic/2025,15/dic/2028,VIGENTE
MASCULINO,VENADO TUERTO,RENOVACIÓN,"A.2.1, E.1",15/dic/2025,15/dic/2025,15/dic/2026,VIGENTE
MASCULINO,VENADO TUERTO,RENOVACIÓN,"A.3, B.2, G.2",15/dic/2025,15/dic/2025,15/dic/2026,VIGENTE
FEMENINO,VENADO TUERTO,RENOVACIÓN,"A.2.1, B.2",15/dic/2025,15/dic/2025,15/dic/2030,VIGENTE
MASCULINO,VENADO TUERTO,RENOVACIÓN,B.2,15/dic/2025,15/dic/2025,15/dic/2030,VIGENTE
FEMENINO,VENADO TUERTO,RENOVACIÓN,B.2,15/dic/2025,15/dic/2025,15/dic/2030,NO VIGENTE
MASCULINO,VENADO TUERTO,RENOVACIÓN,A.2.1,15/dic/2025,15/dic/2025,15/dic/2030,VIGENTE
FEMENINO,VENADO TUERTO,RENOVACIÓN,A.2.1,15/dic/2025,15/dic/2025,15/dic/2030,VIGENTE
MASCULINO,VENADO TUERTO,RENOVACIÓN,"A.2.2, B.2",15/dic/2025,15/dic/2025,15/dic/2028,VIGENTE
FEMENINO,VENADO TUERTO,RENOVACIÓN,A.2.1,15/dic/2025,15/dic/2025,15/dic/2030,VIGENTE
MASCULINO,VENADO TUERTO,RENOVACIÓN CON AMPLIACIÓN,"A.2.1, B.2, C",15/dic/2025,15/dic/2025,15/dic/2030,VIGENTE
MASCULINO,VENADO TUERTO,RENOVACIÓN,"A.2.1, B.2",15/dic/2025,15/dic/2025,15/dic/2030,VIGENTE
MASCULINO,VENADO TUERTO,RENOVACIÓN CON AMPLIACIÓN,"A.3, B.2",15/dic/2025,15/dic/2025,15/dic/2030,VIGENTE
FEMENINO,VENADO TUERTO,RENOVACIÓN,"A.2.1, B.1",15/dic/2025,15/dic/2025,15/dic/2030,VIGENTE
MASCULINO,VENADO TUERTO,ORIGINAL,A.2.1,15/dic/2025,15/dic/2025,15/dic/2030,VIGENTE
MASCULINO,VENADO TUERTO,RENOVACIÓN,E.1,15/dic/2025,15/dic/2025,15/dic/2030,VIGENTE
MASCULINO,VENADO TUERTO,ORIGINAL,"A.2.1, B.2",15/dic/2025,15/dic/2025,15/dic/2030,VIGENTE
FEMENINO,VENADO TUERTO,RENOVACIÓN,A.2.1,15/dic/2025,15/dic/2025,15/dic/2030,VIGENTE
FEMENINO,VENADO TUERTO,RENOVACIÓN,A.2.1,15/dic/2025,15/dic/2025,15/dic/2030,VIGENTE
MASCULINO,VENADO TUERTO,RENOVACIÓN CON AMPLIACIÓN,"A.3, B.2",15/dic/2025,15/dic/2025,15/dic/2030,VIGENTE
MASCULINO,SAN EDUARDO,RENOVACIÓN,B.2,15/dic/2025,15/dic/2025,15/dic/2026,VIGENTE
FEMENINO,VENADO TUERTO,RENOVACIÓN,B.2,15/dic/2025,15/dic/2025,15/dic/2026,VIGENTE
MASCULINO,VENADO TUERTO,ORIGINAL,"A.2.1, B.1",15/dic/2025,15/dic/2025,15/dic/2030,VIGENTE
FEMENINO,VENADO TUERTO,RENOVACIÓN,B.1,15/dic/2025,15/dic/2025,15/dic/2028,VIGENTE
MASCULINO,VENADO TUERTO,RENOVACIÓN,"A.2.1, B.2",15/dic/2025,15/dic/2025,15/dic/2030,VIGENTE
MASCULINO,SAN EDUARDO,RENOVACIÓN,E.1,15/dic/2025,15/dic/2025,15/dic/2028,VIGENTE
FEMENINO,VENADO TUERTO,ORIGINAL,A.2.1,15/dic/2025,15/dic/2025,15/dic/2030,VIGENTE
MASCULINO,VENADO TUERTO,RENOVACIÓN,E.1,15/dic/2025,15/dic/2025,15/dic/2026,VIGENTE
FEMENINO,VENADO TUERTO,RENOVACIÓN,B.1,15/dic/2025,15/dic/2025,15/dic/2030,VIGENTE
FEMENINO,VENADO TUERTO,RENOVACIÓN,B.1,15/dic/2025,15/dic/2025,15/dic/2030,VIGENTE
FEMENINO,VENADO TUERTO,RENOVACIÓN,B.2,15/dic/2025,15/dic/2025,15/dic/2028,VIGENTE
FEMENINO,VENADO TUERTO,RENOVACIÓN,"A.2.1, B.2",15/dic/2025,15/dic/2025,15/dic/2028,VIGENTE
FEMENINO,VENADO TUERTO,RENOVACIÓN CON AMPLIACIÓN,"A.2.1, B.1",15/dic/2025,15/dic/2025,15/dic/2030,VIGENTE
FEMENINO,VENADO TUERTO,RENOVACIÓN,"A.2.1, B.2",15/dic/2025,15/dic/2025,15/dic/2030,VIGENTE
MASCULINO,VENADO TUERTO,ORIGINAL,"A.2.1, B.2",15/dic/2025,15/dic/2025,15/dic/2030,VIGENTE
FEMENINO,VENADO TUERTO,ORIGINAL,B.1,15/dic/2025,15/dic/2025,15/dic/2030,VIGENTE
MASCULINO,VENADO TUERTO,RENOVACIÓN,"A.2.2, B.2",15/dic/2025,15/dic/2025,15/dic/2030,VIGENTE
FEMENINO,VENADO TUERTO,RENOVACIÓN,B.1,15/dic/2025,15/dic/2025,15/dic/2028,VIGENTE
MASCULINO,VENADO TUERTO,RENOVACIÓN,"A.2.2, B.1",15/dic/2025,15/dic/2025,15/dic/2030,VIGENTE
MASCULINO,VENADO TUERTO,RENOVACIÓN,"A.2.2, B.2",15/dic/2025,15/dic/2025,15/dic/2030,VIGENTE
MASCULINO,VENADO TUERTO,RENOVACIÓN,B.2,15/dic/2025,15/dic/2025,15/dic/2026,VIGENTE
MASCULINO,VENADO TUERTO,RENOVACIÓN CON AMPLIACIÓN,"A.2.1, D.1",15/dic/2025,15/dic/2025,15/dic/2030,VIGENTE
FEMENINO,VENADO TUERTO,ORIGINAL,A.2.1,15/dic/2025,15/dic/2025,15/dic/2030,VIGENTE
MASCULINO,VENADO TUERTO,ORIGINAL,B.2,16/dic/2025,26/sept/2025,16/dic/2030,VIGENTE
FEMENINO,VENADO TUERTO,ORIGINAL,"A.2.1, B.1",16/dic/2025,17/oct/2025,16/dic/2030,VIGENTE
FEMENINO,VENADO TUERTO,ORIGINAL,"A.2.1, B.1",16/dic/2025,20/nov/2025,16/dic/2030,VIGENTE
FEMENINO,VENADO TUERTO,ORIGINAL,A.2.1,16/dic/2025,2/dic/2025,16/dic/2030,VIGENTE
FEMENINO,VENADO TUERTO,ORIGINAL,A.2.1,16/dic/2025,3/dic/2025,16/dic/2030,VIGENTE
FEMENINO,VENADO TUERTO,RENOVACIÓN CON AMPLIACIÓN,"A.2.1, B.1",16/dic/2025,3/dic/2025,16/dic/2030,VIGENTE
FEMENINO,VENADO TUERTO,ORIGINAL,"A.2.1, B.1",16/dic/2025,3/dic/2025,16/dic/2026,VIGENTE
FEMENINO,VENADO TUERTO,RENOVACIÓN CON AMPLIACIÓN,"A.2.1, D.1",16/dic/2025,3/dic/2025,16/dic/2030,VIGENTE
MASCULINO,VENADO TUERTO,RENOVACIÓN,E.1,16/dic/2025,4/dic/2025,16/dic/2028,VIGENTE
MASCULINO,VENADO TUERTO,ORIGINAL,A.2.1,16/dic/2025,4/dic/2025,16/dic/2030,VIGENTE
MASCULINO,VENADO TUERTO,ORIGINAL,"A.2.1, B.1",16/dic/2025,4/dic/2025,16/dic/2030,VIGENTE
MASCULINO,VENADO TUERTO,RENOVACIÓN,A.3,16/dic/2025,4/dic/2025,16/dic/2030,VIGENTE
MASCULINO,VENADO TUERTO,RENOVACIÓN CON AMPLIACIÓN,"A.2.2, B.2",16/dic/2025,4/dic/2025,16/dic/2030,VIGENTE
FEMENINO,VENADO TUERTO,ORIGINAL,"A.2.1, B.1",16/dic/2025,4/dic/2025,16/dic/2030,VIGENTE
FEMENINO,VENADO TUERTO,ORIGINAL,A.2.1,16/dic/2025,9/dic/2025,16/dic/2026,VIGENTE
FEMENINO,VENADO TUERTO,RENOVACIÓN CON AMPLIACIÓN,"A.2.1, B.1",16/dic/2025,10/dic/2025,16/dic/2030,VIGENTE
MASCULINO,VENADO TUERTO,RENOVACIÓN,"A.3, E.1, G.1, G.2",16/dic/2025,11/dic/2025,16/dic/2028,VIGENTE
MASCULINO,VENADO TUERTO,RENOVACIÓN,"A.2.1, E.1",16/dic/2025,12/dic/2025,16/dic/2030,VIGENTE
MASCULINO,VENADO TUERTO,RENOVACIÓN,"A.3, E.1, E.2, G.1, G.2",16/dic/2025,15/dic/2025,16/dic/2028,VIGENTE
MASCULINO,VENADO TUERTO,ORIGINAL,"A.3, B.2",16/dic/2025,15/dic/2025,16/dic/2030,VIGENTE
MASCULINO,VENADO TUERTO,RENOVACIÓN,"A.2.1, B.2",16/dic/2025,16/dic/2025,16/dic/2030,VIGENTE
MASCULINO,VENADO TUERTO,RENOVACIÓN,"E.1, E.2",16/dic/2025,16/dic/2025,16/dic/2028,VIGENTE
FEMENINO,VENADO TUERTO,RENOVACIÓN,"A.2.1, B.2",16/dic/2025,16/dic/2025,16/dic/2030,VIGENTE
MASCULINO,VENADO TUERTO,RENOVACIÓN,"B.2, G.1, G.2",16/dic/2025,16/dic/2025,16/dic/2028,VIGENTE
MASCULINO,VENADO TUERTO,RENOVACIÓN,"A.3, B.1",16/dic/2025,16/dic/2025,16/dic/2030,VIGENTE
FEMENINO,VENADO TUERTO,RENOVACIÓN,"A.2.1, B.1",16/dic/2025,16/dic/2025,16/dic/2030,VIGENTE
FEMENINO,VENADO TUERTO,RENOVACIÓN,B.2,16/dic/2025,16/dic/2025,16/dic/2030,VIGENTE
FEMENINO,VENADO TUERTO,RENOVACIÓN,B.1,16/dic/2025,16/dic/2025,16/dic/2026,VIGENTE
MASCULINO,VENADO TUERTO,RENOVACIÓN,B.2,16/dic/2025,16/dic/2025,16/dic/2030,VIGENTE
MASCULINO,VENADO TUERTO,ORIGINAL,A.2.1,16/dic/2025,16/dic/2025,16/dic/2026,VIGENTE
MASCULINO,VENADO TUERTO,RENOVACIÓN,B.2,16/dic/2025,16/dic/2025,16/dic/2026,VIGENTE
MASCULINO,VENADO TUERTO,RENOVACIÓN,B.2,16/dic/2025,16/dic/2025,16/dic/2030,VIGENTE
MASCULINO,VENADO TUERTO,RENOVACIÓN,"A.2.2, B.2",16/dic/2025,16/dic/2025,16/dic/2026,VIGENTE
FEMENINO,VENADO TUERTO,RENOVACIÓN,B.2,16/dic/2025,16/dic/2025,16/dic/2026,VIGENTE
MASCULINO,VENADO TUERTO,RENOVACIÓN,B.2,16/dic/2025,16/dic/2025,16/dic/2028,VIGENTE
FEMENINO,VENADO TUERTO,RENOVACIÓN,A.2.1,16/dic/2025,16/dic/2025,16/dic/2028,VIGENTE
FEMENINO,VENADO TUERTO,RENOVACIÓN,"A.2.1, B.2",16/dic/2025,16/dic/2025,16/dic/2030,VIGENTE
FEMENINO,VENADO TUERTO,RENOVACIÓN,"A.2.1, B.1",16/dic/2025,16/dic/2025,16/dic/2028,VIGENTE
FEMENINO,VENADO TUERTO,RENOVACIÓN,"A.2.1, B.1",16/dic/2025,16/dic/2025,16/dic/2030,VIGENTE
FEMENINO,VENADO TUERTO,RENOVACIÓN,A.2.1,16/dic/2025,16/dic/2025,16/dic/2030,VIGENTE
MASCULINO,VENADO TUERTO,RENOVACIÓN CON AMPLIACIÓN,"A.3, B.1",16/dic/2025,16/dic/2025,16/dic/2030,VIGENTE
FEMENINO,VENADO TUERTO,RENOVACIÓN,B.2,16/dic/2025,16/dic/2025,16/dic/2026,VIGENTE
MASCULINO,VENADO TUERTO,RENOVACIÓN,B.2,16/dic/2025,16/dic/2025,16/dic/2026,VIGENTE
FEMENINO,VENADO TUERTO,RENOVACIÓN,"A.2.1, B.2",16/dic/2025,16/dic/2025,16/dic/2030,VIGENTE
FEMENINO,VENADO TUERTO,RENOVACIÓN,B.2,16/dic/2025,16/dic/2025,16/dic/2030,VIGENTE
MASCULINO,VENADO TUERTO,RENOVACIÓN,"A.2.1, B.2",16/dic/2025,16/dic/2025,16/dic/2030,VIGENTE
FEMENINO,VENADO TUERTO,RENOVACIÓN,B.1,16/dic/2025,16/dic/2025,16/dic/2030,VIGENTE
MASCULINO,VENADO TUERTO,RENOVACIÓN,B.2,16/dic/2025,16/dic/2025,16/dic/2026,VIGENTE
FEMENINO,SAN EDUARDO,RENOVACIÓN,B.2,16/dic/2025,16/dic/2025,16/dic/2026,VIGENTE
MASCULINO,VENADO TUERTO,RENOVACIÓN,"A.3, B.2",16/dic/2025,16/dic/2025,16/dic/2030,VIGENTE
MASCULINO,VENADO TUERTO,RENOVACIÓN,"A.2.1, B.2",16/dic/2025,16/dic/2025,16/dic/2030,VIGENTE
FEMENINO,SAN EDUARDO,RENOVACIÓN,B.1,16/dic/2025,16/dic/2025,16/dic/2030,VIGENTE
MASCULINO,VENADO TUERTO,RENOVACIÓN,"A.2.2, B.2, C",16/dic/2025,16/dic/2025,16/dic/2030,VIGENTE
MASCULINO,VENADO TUERTO,RENOVACIÓN,"A.2.2, B.2",16/dic/2025,16/dic/2025,16/dic/2030,VIGENTE
MASCULINO,VENADO TUERTO,RENOVACIÓN,"A.2.2, B.2, C",16/dic/2025,16/dic/2025,16/dic/2028,VIGENTE
MASCULINO,VENADO TUERTO,RENOVACIÓN,"A.2.1, B.1",16/dic/2025,16/dic/2025,16/dic/2030,VIGENTE
MASCULINO,VENADO TUERTO,RENOVACIÓN CON AMPLIACIÓN,"A.2.2, B.2, C, E.2, G.1, G.2",16/dic/2025,16/dic/2025,16/dic/2028,VIGENTE
MASCULINO,VENADO TUERTO,RENOVACIÓN,"D.2, D.3",16/dic/2025,16/dic/2025,16/dic/2028,VIGENTE
FEMENINO,VENADO TUERTO,RENOVACIÓN,B.1,16/dic/2025,16/dic/2025,16/dic/2030,VIGENTE
MASCULINO,VENADO TUERTO,RENOVACIÓN,E.1,16/dic/2025,16/dic/2025,16/jun/2026,VIGENTE
FEMENINO,VENADO TUERTO,RENOVACIÓN,B.2,16/dic/2025,16/dic/2025,16/dic/2030,VIGENTE
FEMENINO,VENADO TUERTO,RENOVACIÓN,A.2.1,16/dic/2025,16/dic/2025,16/dic/2028,VIGENTE
MASCULINO,VENADO TUERTO,RENOVACIÓN,B.2,16/dic/2025,16/dic/2025,16/dic/2026,VIGENTE
MASCULINO,VENADO TUERTO,RENOVACIÓN CON AMPLIACIÓN,"A.2.1, C, D.1",16/dic/2025,16/dic/2025,16/dic/2028,VIGENTE
FEMENINO,VENADO TUERTO,RENOVACIÓN,"A.2.1, B.1",16/dic/2025,16/dic/2025,16/dic/2030,VIGENTE
FEMENINO,VENADO TUERTO,RENOVACIÓN,"A.2.1, B.1",16/dic/2025,16/dic/2025,16/dic/2030,VIGENTE
MASCULINO,VENADO TUERTO,RENOVACIÓN,B.2,16/dic/2025,16/dic/2025,16/dic/2026,VIGENTE
MASCULINO,VENADO TUERTO,RENOVACIÓN,B.2,16/dic/2025,16/dic/2025,16/dic/2028,VIGENTE
MASCULINO,VENADO TUERTO,ORIGINAL,A.2.1,16/dic/2025,16/dic/2025,16/dic/2026,VIGENTE
MASCULINO,VENADO TUERTO,RENOVACIÓN,"A.2.2, D.1, D.3, G.2",16/dic/2025,16/dic/2025,16/dic/2030,VIGENTE
FEMENINO,VENADO TUERTO,RENOVACIÓN,A.2.1,16/dic/2025,16/dic/2025,16/dic/2030,VIGENTE
FEMENINO,VENADO TUERTO,ORIGINAL,A.2.1,16/dic/2025,16/dic/2025,16/dic/2026,VIGENTE
MASCULINO,VENADO TUERTO,RENOVACIÓN,"A.2.1, B.2",16/dic/2025,16/dic/2025,16/dic/2030,VIGENTE
FEMENINO,VENADO TUERTO,RENOVACIÓN,B.2,16/dic/2025,16/dic/2025,16/dic/2026,VIGENTE
MASCULINO,VENADO TUERTO,RENOVACIÓN,"A.3, B.2",16/dic/2025,16/dic/2025,16/dic/2026,VIGENTE
FEMENINO,VENADO TUERTO,ORIGINAL,"A.2.1, B.2",16/dic/2025,16/dic/2025,16/dic/2030,VIGENTE
MASCULINO,VENADO TUERTO,RENOVACIÓN,D.1,16/dic/2025,16/dic/2025,16/dic/2026,VIGENTE
FEMENINO,VENADO TUERTO,RENOVACIÓN,B.2,16/dic/2025,16/dic/2025,16/dic/2026,VIGENTE
FEMENINO,VENADO TUERTO,RENOVACIÓN,A.2.1,16/dic/2025,16/dic/2025,16/dic/2030,VIGENTE
MASCULINO,VENADO TUERTO,RENOVACIÓN,A.2.1,16/dic/2025,16/dic/2025,16/dic/2030,VIGENTE
MASCULINO,VENADO TUERTO,RENOVACIÓN,B.2,16/dic/2025,16/dic/2025,16/dic/2028,VIGENTE
MASCULINO,VENADO TUERTO,RENOVACIÓN,B.2,16/dic/2025,16/dic/2025,16/dic/2026,VIGENTE
MASCULINO,VENADO TUERTO,RENOVACIÓN,"A.2.1, B.2, C, E.2, G.1",16/dic/2025,16/dic/2025,16/dic/2028,VIGENTE
FEMENINO,VENADO TUERTO,ORIGINAL,A.2.1,16/dic/2025,16/dic/2025,16/dic/2030,VIGENTE
MASCULINO,VENADO TUERTO,RENOVACIÓN,"A.2.1, D.3, E.1",16/dic/2025,16/dic/2025,16/dic/2028,VIGENTE
MASCULINO,VENADO TUERTO,RENOVACIÓN,"A.2.1, B.2",16/dic/2025,16/dic/2025,16/dic/2026,VIGENTE
MASCULINO,VENADO TUERTO,RENOVACIÓN,"A.2.1, B.1",17/dic/2025,30/sept/2025,17/dic/2026,VIGENTE
FEMENINO,VENADO TUERTO,ORIGINAL,A.2.1,17/dic/2025,19/nov/2025,17/dic/2026,VIGENTE
FEMENINO,VENADO TUERTO,ORIGINAL,A.2.1,17/dic/2025,4/dic/2025,17/dic/2030,VIGENTE
FEMENINO,VENADO TUERTO,ORIGINAL,A.2.1,17/dic/2025,4/dic/2025,17/dic/2030,VIGENTE
FEMENINO,VENADO TUERTO,ORIGINAL,A.2.1,17/dic/2025,5/dic/2025,17/dic/2030,VIGENTE
FEMENINO,VENADO TUERTO,ORIGINAL,"A.2.1, B.1",17/dic/2025,5/dic/2025,17/dic/2026,VIGENTE
MASCULINO,VENADO TUERTO,ORIGINAL,A.2.1,17/dic/2025,15/dic/2025,17/dic/2030,VIGENTE
MASCULINO,VENADO TUERTO,RENOVACIÓN,"A.3, B.2",17/dic/2025,16/dic/2025,17/dic/2030,VIGENTE
MASCULINO,VENADO TUERTO,ORIGINAL,A.2.1,17/dic/2025,16/dic/2025,17/dic/2030,VIGENTE
FEMENINO,VENADO TUERTO,RENOVACIÓN,A.2.1,17/dic/2025,17/dic/2025,17/dic/2030,VIGENTE
MASCULINO,VENADO TUERTO,RENOVACIÓN,"A.3, E.1",17/dic/2025,17/dic/2025,17/dic/2028,VIGENTE
MASCULINO,VENADO TUERTO,AMPLIACIÓN,"A.3, E.1, G.1, G.2",17/dic/2025,17/dic/2025,5/mar/2027,VIGENTE
MASCULINO,VENADO TUERTO,RENOVACIÓN,"A.3, C",17/dic/2025,17/dic/2025,17/dic/2028,VIGENTE
MASCULINO,VENADO TUERTO,RENOVACIÓN,"A.2.2, B.2",17/dic/2025,17/dic/2025,17/dic/2026,VIGENTE
MASCULINO,VENADO TUERTO,RENOVACIÓN,B.2,17/dic/2025,17/dic/2025,17/dic/2026,VIGENTE
FEMENINO,VENADO TUERTO,RENOVACIÓN,B.2,17/dic/2025,17/dic/2025,17/dic/2026,VIGENTE
MASCULINO,VENADO TUERTO,RENOVACIÓN,B.2,17/dic/2025,17/dic/2025,17/dic/2030,VIGENTE
FEMENINO,VENADO TUERTO,RENOVACIÓN,B.2,17/dic/2025,17/dic/2025,17/dic/2028,VIGENTE
MASCULINO,SAN EDUARDO,RENOVACIÓN,B.2,17/dic/2025,17/dic/2025,17/dic/2026,VIGENTE
MASCULINO,VENADO TUERTO,RENOVACIÓN,"A.2.1, B.2",17/dic/2025,17/dic/2025,17/dic/2030,VIGENTE
MASCULINO,VENADO TUERTO,RENOVACIÓN,B.2,17/dic/2025,17/dic/2025,17/dic/2028,VIGENTE
MASCULINO,VENADO TUERTO,RENOVACIÓN,B.2,17/dic/2025,17/dic/2025,17/dic/2026,VIGENTE
MASCULINO,VENADO TUERTO,RENOVACIÓN,"A.2.1, B.2",17/dic/2025,17/dic/2025,17/dic/2030,VIGENTE
FEMENINO,VENADO TUERTO,RENOVACIÓN,B.2,17/dic/2025,17/dic/2025,17/dic/2030,VIGENTE
MASCULINO,VENADO TUERTO,RENOVACIÓN,B.2,17/dic/2025,17/dic/2025,17/dic/2026,VIGENTE
MASCULINO,VENADO TUERTO,RENOVACIÓN,"A.2.1, E.1",17/dic/2025,17/dic/2025,17/dic/2030,VIGENTE
MASCULINO,VENADO TUERTO,RENOVACIÓN,"A.2.2, B.2",17/dic/2025,17/dic/2025,17/dic/2030,VIGENTE
MASCULINO,VENADO TUERTO,RENOVACIÓN CON AMPLIACIÓN,"A.2.2, B.2, C",17/dic/2025,17/dic/2025,17/dic/2030,VIGENTE
FEMENINO,VENADO TUERTO,ORIGINAL,"A.2.1, B.1",17/dic/2025,17/dic/2025,17/dic/2030,VIGENTE
FEMENINO,VENADO TUERTO,RENOVACIÓN,B.1,17/dic/2025,17/dic/2025,17/dic/2030,VIGENTE
MASCULINO,VENADO TUERTO,ORIGINAL,A.2.1,17/dic/2025,17/dic/2025,17/dic/2026,VIGENTE
MASCULINO,VENADO TUERTO,RENOVACIÓN CON AMPLIACIÓN,"A.3, B.2",17/dic/2025,17/dic/2025,17/dic/2030,VIGENTE
MASCULINO,VENADO TUERTO,RENOVACIÓN,"A.2.2, E.1",17/dic/2025,17/dic/2025,17/dic/2030,VIGENTE
MASCULINO,VENADO TUERTO,RENOVACIÓN CON AMPLIACIÓN,"A.3, B.2, C",17/dic/2025,17/dic/2025,17/dic/2030,VIGENTE
FEMENINO,VENADO TUERTO,ORIGINAL,B.1,17/dic/2025,17/dic/2025,17/dic/2026,VIGENTE
FEMENINO,VENADO TUERTO,DUPLICADO,A.2.1,17/dic/2025,17/dic/2025,23/jun/2030,VIGENTE
MASCULINO,VENADO TUERTO,RENOVACIÓN,B.2,17/dic/2025,17/dic/2025,17/dic/2030,VIGENTE
MASCULINO,VENADO TUERTO,RENOVACIÓN CON AMPLIACIÓN,"A.3, B.2",17/dic/2025,17/dic/2025,17/dic/2030,VIGENTE
MASCULINO,VENADO TUERTO,ORIGINAL,"A.2.1, B.2",17/dic/2025,17/dic/2025,17/dic/2030,VIGENTE
FEMENINO,VENADO TUERTO,RENOVACIÓN,B.2,17/dic/2025,17/dic/2025,17/dic/2030,VIGENTE
MASCULINO,VENADO TUERTO,RENOVACIÓN,B.2,17/dic/2025,17/dic/2025,17/dic/2030,VIGENTE
MASCULINO,VENADO TUERTO,ORIGINAL,"A.2.1, B.1",17/dic/2025,17/dic/2025,17/dic/2026,VIGENTE
FEMENINO,VENADO TUERTO,RENOVACIÓN,B.2,17/dic/2025,17/dic/2025,17/dic/2028,VIGENTE
MASCULINO,VENADO TUERTO,RENOVACIÓN,"A.2.2, A.4, B.2",17/dic/2025,17/dic/2025,17/dic/2027,VIGENTE
MASCULINO,VENADO TUERTO,RENOVACIÓN,B.2,17/dic/2025,17/dic/2025,17/dic/2026,VIGENTE
MASCULINO,VENADO TUERTO,RENOVACIÓN,B.2,17/dic/2025,17/dic/2025,17/dic/2028,VIGENTE
MASCULINO,VENADO TUERTO,RENOVACIÓN,"A.3, B.2",17/dic/2025,17/dic/2025,17/dic/2030,VIGENTE
FEMENINO,VENADO TUERTO,RENOVACIÓN,B.2,17/dic/2025,17/dic/2025,17/dic/2026,VIGENTE
MASCULINO,VENADO TUERTO,RENOVACIÓN,B.1,17/dic/2025,17/dic/2025,17/dic/2028,VIGENTE
MASCULINO,VENADO TUERTO,RENOVACIÓN,B.2,17/dic/2025,17/dic/2025,17/dic/2026,VIGENTE
MASCULINO,VENADO TUERTO,RENOVACIÓN,"A.2.1, B.2",17/dic/2025,17/dic/2025,17/dic/2026,VIGENTE
MASCULINO,VENADO TUERTO,RENOVACIÓN,"E.1, G.2",17/dic/2025,17/dic/2025,17/dic/2028,VIGENTE
MASCULINO,VENADO TUERTO,ORIGINAL,B.1,17/dic/2025,17/dic/2025,17/dic/2030,VIGENTE
FEMENINO,VENADO TUERTO,RENOVACIÓN,B.1,17/dic/2025,17/dic/2025,17/dic/2028,VIGENTE
MASCULINO,VENADO TUERTO,RENOVACIÓN,B.2,17/dic/2025,17/dic/2025,17/dic/2026,VIGENTE
FEMENINO,VENADO TUERTO,ORIGINAL,"A.2.1, B.1",17/dic/2025,17/dic/2025,17/dic/2026,VIGENTE
FEMENINO,VENADO TUERTO,ORIGINAL,B.1,17/dic/2025,17/dic/2025,17/dic/2030,VIGENTE
MASCULINO,VENADO TUERTO,RENOVACIÓN CON AMPLIACIÓN,"A.2.2, B.1",17/dic/2025,17/dic/2025,17/dic/2030,VIGENTE
MASCULINO,VENADO TUERTO,RENOVACIÓN,"A.2.1, B.2, C, G.1",17/dic/2025,17/dic/2025,17/dic/2028,VIGENTE
FEMENINO,VENADO TUERTO,RENOVACIÓN,B.2,17/dic/2025,17/dic/2025,17/dic/2030,VIGENTE
MASCULINO,VENADO TUERTO,RENOVACIÓN,E.1,17/dic/2025,17/dic/2025,17/ago/2027,VIGENTE
FEMENINO,VENADO TUERTO,RENOVACIÓN,B.2,17/dic/2025,17/dic/2025,17/dic/2026,VIGENTE
FEMENINO,VENADO TUERTO,RENOVACIÓN,B.1,17/dic/2025,17/dic/2025,17/dic/2028,VIGENTE
FEMENINO,VENADO TUERTO,RENOVACIÓN,"A.3, B.2",17/dic/2025,17/dic/2025,17/dic/2030,VIGENTE
MASCULINO,VENADO TUERTO,RENOVACIÓN,A.2.1,17/dic/2025,17/dic/2025,17/dic/2030,VIGENTE
MASCULINO,VENADO TUERTO,RENOVACIÓN,B.1,17/dic/2025,17/dic/2025,17/dic/2030,VIGENTE
MASCULINO,VENADO TUERTO,RENOVACIÓN,"A.3, B.2, C",17/dic/2025,17/dic/2025,17/dic/2030,VIGENTE
FEMENINO,VENADO TUERTO,ORIGINAL,B.1,17/dic/2025,17/dic/2025,17/dic/2030,VIGENTE
FEMENINO,VENADO TUERTO,RENOVACIÓN CON AMPLIACIÓN,"A.2.1, B.1",18/dic/2025,12/nov/2025,18/dic/2030,VIGENTE
MASCULINO,VENADO TUERTO,RENOVACIÓN CON AMPLIACIÓN,"A.2.1, B.1",18/dic/2025,19/nov/2025,18/dic/2028,VIGENTE
MASCULINO,VENADO TUERTO,ORIGINAL,A.2.1,18/dic/2025,4/dic/2025,18/dic/2026,VIGENTE
MASCULINO,VENADO TUERTO,ORIGINAL,A.2.1,18/dic/2025,15/dic/2025,18/dic/2026,VIGENTE
MASCULINO,SAN EDUARDO,RENOVACIÓN,B.2,18/dic/2025,17/dic/2025,18/dic/2026,VIGENTE
MASCULINO,VENADO TUERTO,ORIGINAL,A.2.1,18/dic/2025,17/dic/2025,18/dic/2030,VIGENTE
FEMENINO,VENADO TUERTO,RENOVACIÓN,A.2.1,18/dic/2025,18/dic/2025,18/dic/2030,VIGENTE
FEMENINO,VENADO TUERTO,RENOVACIÓN,A.2.1,18/dic/2025,18/dic/2025,18/dic/2030,VIGENTE
FEMENINO,VENADO TUERTO,RENOVACIÓN,A.2.1,18/dic/2025,18/dic/2025,18/dic/2030,VIGENTE
MASCULINO,VENADO TUERTO,RENOVACIÓN,"A.3, B.2",18/dic/2025,18/dic/2025,18/dic/2030,VIGENTE
MASCULINO,VENADO TUERTO,RENOVACIÓN,"A.2.1, B.2",18/dic/2025,18/dic/2025,18/dic/2030,VIGENTE
MASCULINO,VENADO TUERTO,RENOVACIÓN,"A.2.1, B.2, C, E.2, G.1",18/dic/2025,18/dic/2025,18/dic/2028,VIGENTE
MASCULINO,VENADO TUERTO,RENOVACIÓN,"A.3, B.2",18/dic/2025,18/dic/2025,18/dic/2030,VIGENTE
MASCULINO,VENADO TUERTO,RENOVACIÓN,B.2,18/dic/2025,18/dic/2025,18/dic/2026,VIGENTE
FEMENINO,VENADO TUERTO,ORIGINAL,A.2.1,18/dic/2025,18/dic/2025,18/dic/2030,VIGENTE
MASCULINO,VENADO TUERTO,RENOVACIÓN CON AMPLIACIÓN,"A.2.2, B.2",18/dic/2025,18/dic/2025,18/dic/2030,VIGENTE
FEMENINO,VENADO TUERTO,RENOVACIÓN,A.2.1,18/dic/2025,18/dic/2025,18/dic/2030,VIGENTE
MASCULINO,VENADO TUERTO,ORIGINAL,"A.2.1, B.1",18/dic/2025,18/dic/2025,18/dic/2026,VIGENTE
FEMENINO,VENADO TUERTO,RENOVACIÓN,B.2,18/dic/2025,18/dic/2025,18/dic/2026,VIGENTE
MASCULINO,VENADO TUERTO,RENOVACIÓN,"A.2.2, B.2",18/dic/2025,18/dic/2025,18/dic/2030,VIGENTE
MASCULINO,VENADO TUERTO,RENOVACIÓN,B.2,18/dic/2025,18/dic/2025,18/dic/2026,VIGENTE
MASCULINO,VENADO TUERTO,ORIGINAL,A.2.1,18/dic/2025,18/dic/2025,18/dic/2026,VIGENTE
MASCULINO,VENADO TUERTO,RENOVACIÓN,A.2.1,18/dic/2025,18/dic/2025,18/dic/2028,VIGENTE
MASCULINO,VENADO TUERTO,ORIGINAL,A.2.1,18/dic/2025,18/dic/2025,18/dic/2030,VIGENTE
FEMENINO,VENADO TUERTO,RENOVACIÓN,B.2,18/dic/2025,18/dic/2025,18/dic/2030,VIGENTE
FEMENINO,VENADO TUERTO,ORIGINAL,A.2.1,18/dic/2025,18/dic/2025,18/dic/2026,VIGENTE
MASCULINO,VENADO TUERTO,RENOVACIÓN,"A.2.1, B.2, D.1",18/dic/2025,18/dic/2025,18/dic/2028,VIGENTE
FEMENINO,VENADO TUERTO,RENOVACIÓN,B.1,18/dic/2025,18/dic/2025,18/dic/2030,VIGENTE
MASCULINO,VENADO TUERTO,RENOVACIÓN,"A.2.1, B.2",18/dic/2025,18/dic/2025,18/dic/2030,VIGENTE
MASCULINO,VENADO TUERTO,RENOVACIÓN,B.2,18/dic/2025,18/dic/2025,18/dic/2026,VIGENTE
FEMENINO,VENADO TUERTO,RENOVACIÓN,B.1,18/dic/2025,18/dic/2025,18/dic/2026,VIGENTE
MASCULINO,VENADO TUERTO,RENOVACIÓN,B.1,18/dic/2025,18/dic/2025,18/dic/2028,VIGENTE
MASCULINO,VENADO TUERTO,RENOVACIÓN,B.2,18/dic/2025,18/dic/2025,18/dic/2026,VIGENTE
MASCULINO,VENADO TUERTO,RENOVACIÓN,B.1,18/dic/2025,18/dic/2025,18/dic/2030,VIGENTE
MASCULINO,VENADO TUERTO,ORIGINAL,A.2.1,18/dic/2025,18/dic/2025,18/dic/2030,VIGENTE
MASCULINO,VENADO TUERTO,RENOVACIÓN CON AMPLIACIÓN,"A.2.1, B.2",18/dic/2025,18/dic/2025,18/dic/2030,VIGENTE
FEMENINO,VENADO TUERTO,ORIGINAL,A.2.1,18/dic/2025,18/dic/2025,18/dic/2026,VIGENTE
MASCULINO,VENADO TUERTO,RENOVACIÓN,"A.3, B.1",18/dic/2025,18/dic/2025,18/dic/2030,VIGENTE
MASCULINO,VENADO TUERTO,RENOVACIÓN,"A.2.1, B.2, C, G.1",18/dic/2025,18/dic/2025,18/dic/2030,VIGENTE
MASCULINO,VENADO TUERTO,RENOVACIÓN CON AMPLIACIÓN,"A.3, B.2",18/dic/2025,18/dic/2025,18/dic/2030,VIGENTE
MASCULINO,VENADO TUERTO,RENOVACIÓN,"B.2, C",18/dic/2025,18/dic/2025,18/dic/2030,VIGENTE
MASCULINO,VENADO TUERTO,RENOVACIÓN,B.1,18/dic/2025,18/dic/2025,18/dic/2028,VIGENTE
MASCULINO,VENADO TUERTO,RENOVACIÓN,B.2,18/dic/2025,18/dic/2025,18/dic/2026,VIGENTE
FEMENINO,VENADO TUERTO,RENOVACIÓN,B.1,18/dic/2025,18/dic/2025,18/dic/2028,VIGENTE
FEMENINO,VENADO TUERTO,RENOVACIÓN,B.1,18/dic/2025,18/dic/2025,18/dic/2028,VIGENTE
FEMENINO,VENADO TUERTO,RENOVACIÓN,B.2,18/dic/2025,18/dic/2025,18/dic/2030,VIGENTE
MASCULINO,VENADO TUERTO,RENOVACIÓN,"B.2, C",18/dic/2025,18/dic/2025,18/dic/2030,NO VIGENTE
MASCULINO,VENADO TUERTO,RENOVACIÓN,B.2,18/dic/2025,18/dic/2025,18/dic/2030,VIGENTE
FEMENINO,VENADO TUERTO,RENOVACIÓN,B.2,18/dic/2025,18/dic/2025,18/dic/2026,VIGENTE
FEMENINO,VENADO TUERTO,RENOVACIÓN,B.2,18/dic/2025,18/dic/2025,18/dic/2030,VIGENTE
MASCULINO,VENADO TUERTO,RENOVACIÓN,"A.3, B.2",18/dic/2025,18/dic/2025,18/dic/2030,VIGENTE
MASCULINO,VENADO TUERTO,RENOVACIÓN,B.1,18/dic/2025,18/dic/2025,18/dic/2030,VIGENTE
FEMENINO,VENADO TUERTO,ORIGINAL,"A.2.1, B.2",18/dic/2025,18/dic/2025,18/dic/2030,VIGENTE
FEMENINO,VENADO TUERTO,RENOVACIÓN,B.1,18/dic/2025,18/dic/2025,18/dic/2030,VIGENTE
MASCULINO,VENADO TUERTO,RENOVACIÓN,B.2,18/dic/2025,18/dic/2025,18/dic/2030,VIGENTE
MASCULINO,VENADO TUERTO,RENOVACIÓN,B.1,18/dic/2025,18/dic/2025,18/dic/2030,VIGENTE
MASCULINO,VENADO TUERTO,RENOVACIÓN,"A.2.2, B.2",18/dic/2025,18/dic/2025,18/dic/2028,VIGENTE
FEMENINO,VENADO TUERTO,RENOVACIÓN,B.2,18/dic/2025,18/dic/2025,18/dic/2026,VIGENTE
MASCULINO,VENADO TUERTO,RENOVACIÓN,"A.2.1, B.1",18/dic/2025,18/dic/2025,18/dic/2030,VIGENTE
FEMENINO,VENADO TUERTO,RENOVACIÓN,B.2,18/dic/2025,18/dic/2025,18/dic/2026,VIGENTE
MASCULINO,VENADO TUERTO,RENOVACIÓN,B.1,18/dic/2025,18/dic/2025,18/dic/2030,VIGENTE
FEMENINO,VENADO TUERTO,RENOVACIÓN,B.2,18/dic/2025,18/dic/2025,18/dic/2026,VIGENTE
MASCULINO,VENADO TUERTO,RENOVACIÓN,B.2,18/dic/2025,18/dic/2025,18/dic/2026,VIGENTE
MASCULINO,VENADO TUERTO,RENOVACIÓN,"A.2.2, B.2",18/dic/2025,18/dic/2025,18/dic/2030,VIGENTE
MASCULINO,VENADO TUERTO,RENOVACIÓN,B.1,18/dic/2025,18/dic/2025,18/dic/2026,VIGENTE
MASCULINO,VENADO TUERTO,RENOVACIÓN,B.1,18/dic/2025,18/dic/2025,18/dic/2026,VIGENTE
MASCULINO,VENADO TUERTO,RENOVACIÓN,"A.2.1, B.2",18/dic/2025,18/dic/2025,18/dic/2030,VIGENTE
MASCULINO,VENADO TUERTO,RENOVACIÓN,E.1,18/dic/2025,18/dic/2025,18/dic/2028,VIGENTE
FEMENINO,VENADO TUERTO,RENOVACIÓN,A.2.1,18/dic/2025,18/dic/2025,18/dic/2030,VIGENTE
MASCULINO,VENADO TUERTO,ORIGINAL,B.1,19/dic/2025,20/feb/2025,19/dic/2030,VIGENTE
MASCULINO,VENADO TUERTO,RENOVACIÓN,"A.2.2, E.1",19/dic/2025,14/nov/2025,19/dic/2030,VIGENTE
MASCULINO,VENADO TUERTO,RENOVACIÓN CON AMPLIACIÓN,"D.1, E.1",19/dic/2025,14/nov/2025,19/dic/2030,VIGENTE
FEMENINO,VENADO TUERTO,ORIGINAL,A.2.1,19/dic/2025,20/nov/2025,19/dic/2030,VIGENTE
MASCULINO,VENADO TUERTO,ORIGINAL,"A.2.1, B.1",19/dic/2025,28/nov/2025,19/dic/2026,VIGENTE
MASCULINO,VENADO TUERTO,ORIGINAL,A.2.1,19/dic/2025,2/dic/2025,19/dic/2030,VIGENTE
MASCULINO,VENADO TUERTO,RENOVACIÓN,"A.2.2, E.1",19/dic/2025,4/dic/2025,19/dic/2028,VIGENTE
MASCULINO,VENADO TUERTO,ORIGINAL,"A.2.1, B.1",19/dic/2025,9/dic/2025,19/dic/2026,VIGENTE
MASCULINO,VENADO TUERTO,RENOVACIÓN,B.2,19/dic/2025,18/dic/2025,19/dic/2028,VIGENTE
MASCULINO,VENADO TUERTO,RENOVACIÓN CON AMPLIACIÓN,A.3,19/dic/2025,18/dic/2025,19/dic/2030,VIGENTE
MASCULINO,VENADO TUERTO,RENOVACIÓN CON AMPLIACIÓN,"A.2.2, B.2",19/dic/2025,18/dic/2025,19/dic/2030,VIGENTE
FEMENINO,VENADO TUERTO,RENOVACIÓN,B.2,19/dic/2025,18/dic/2025,19/dic/2026,VIGENTE
FEMENINO,VENADO TUERTO,ORIGINAL,B.1,19/dic/2025,19/dic/2025,19/dic/2030,VIGENTE
FEMENINO,VENADO TUERTO,RENOVACIÓN,"A.2.1, B.1",19/dic/2025,19/dic/2025,19/dic/2030,VIGENTE
FEMENINO,VENADO TUERTO,RENOVACIÓN,B.2,19/dic/2025,19/dic/2025,19/dic/2030,VIGENTE
MASCULINO,VENADO TUERTO,RENOVACIÓN,E.1,19/dic/2025,19/dic/2025,19/dic/2028,VIGENTE
FEMENINO,VENADO TUERTO,RENOVACIÓN,A.2.1,19/dic/2025,19/dic/2025,19/dic/2028,VIGENTE
MASCULINO,VENADO TUERTO,RENOVACIÓN,"A.3, B.1",19/dic/2025,19/dic/2025,19/dic/2030,VIGENTE
FEMENINO,VENADO TUERTO,RENOVACIÓN,A.2.1,19/dic/2025,19/dic/2025,19/dic/2026,VIGENTE
MASCULINO,VENADO TUERTO,RENOVACIÓN CON AMPLIACIÓN,"A.2.2, B.1",19/dic/2025,19/dic/2025,19/dic/2030,VIGENTE
MASCULINO,VENADO TUERTO,RENOVACIÓN,"A.2.1, B.1",19/dic/2025,19/dic/2025,19/dic/2030,VIGENTE
MASCULINO,VENADO TUERTO,ORIGINAL,"A.2.1, B.1",19/dic/2025,19/dic/2025,19/dic/2030,VIGENTE
MASCULINO,VENADO TUERTO,RENOVACIÓN,B.2,19/dic/2025,19/dic/2025,19/dic/2026,VIGENTE
MASCULINO,VENADO TUERTO,RENOVACIÓN,"A.2.1, B.2",19/dic/2025,19/dic/2025,19/dic/2030,VIGENTE
MASCULINO,VENADO TUERTO,RENOVACIÓN,"A.2.1, D.1, E.1",19/dic/2025,19/dic/2025,19/dic/2030,VIGENTE
MASCULINO,VENADO TUERTO,RENOVACIÓN,B.2,19/dic/2025,19/dic/2025,19/dic/2030,VIGENTE
MASCULINO,VENADO TUERTO,ORIGINAL,A.2.1,19/dic/2025,19/dic/2025,19/dic/2026,VIGENTE
FEMENINO,VENADO TUERTO,ORIGINAL,B.1,19/dic/2025,19/dic/2025,19/dic/2026,VIGENTE
MASCULINO,VENADO TUERTO,RENOVACIÓN,B.1,19/dic/2025,19/dic/2025,19/dic/2030,VIGENTE
MASCULINO,VENADO TUERTO,RENOVACIÓN,B.2,19/dic/2025,19/dic/2025,19/dic/2026,VIGENTE
MASCULINO,VENADO TUERTO,RENOVACIÓN,B.2,19/dic/2025,19/dic/2025,19/dic/2026,VIGENTE
MASCULINO,VENADO TUERTO,RENOVACIÓN,B.2,19/dic/2025,19/dic/2025,19/dic/2026,VIGENTE
MASCULINO,VENADO TUERTO,RENOVACIÓN,B.2,19/dic/2025,19/dic/2025,19/dic/2026,VIGENTE
MASCULINO,VENADO TUERTO,RENOVACIÓN,"A.2.1, B.2",19/dic/2025,19/dic/2025,19/dic/2028,VIGENTE
MASCULINO,VENADO TUERTO,RENOVACIÓN,"A.3, B.2, C",19/dic/2025,19/dic/2025,19/dic/2030,VIGENTE
FEMENINO,VENADO TUERTO,RENOVACIÓN,B.2,19/dic/2025,19/dic/2025,19/dic/2030,VIGENTE
MASCULINO,VENADO TUERTO,RENOVACIÓN,"A.2.1, B.2",19/dic/2025,19/dic/2025,19/dic/2030,VIGENTE
FEMENINO,VENADO TUERTO,RENOVACIÓN,B.2,19/dic/2025,19/dic/2025,19/dic/2026,VIGENTE
MASCULINO,VENADO TUERTO,RENOVACIÓN,B.2,19/dic/2025,19/dic/2025,19/dic/2026,VIGENTE
MASCULINO,VENADO TUERTO,RENOVACIÓN,"A.3, B.2",19/dic/2025,19/dic/2025,19/dic/2030,VIGENTE
MASCULINO,VENADO TUERTO,RENOVACIÓN,"A.2.1, E.1",19/dic/2025,19/dic/2025,19/dic/2030,VIGENTE
MASCULINO,VENADO TUERTO,RENOVACIÓN,"A.2.1, E.1",19/dic/2025,19/dic/2025,19/nov/2026,VIGENTE
MASCULINO,VENADO TUERTO,RENOVACIÓN,"A.2.1, B.2",19/dic/2025,19/dic/2025,19/dic/2030,VIGENTE
MASCULINO,VENADO TUERTO,RENOVACIÓN,"B.2, D.1",19/dic/2025,19/dic/2025,19/dic/2030,VIGENTE
MASCULINO,VENADO TUERTO,RENOVACIÓN,B.2,19/dic/2025,19/dic/2025,19/dic/2026,VIGENTE
MASCULINO,VENADO TUERTO,RENOVACIÓN,B.2,19/dic/2025,19/dic/2025,19/dic/2026,VIGENTE
MASCULINO,VENADO TUERTO,RENOVACIÓN,"A.2.1, B.1",19/dic/2025,19/dic/2025,19/dic/2030,VIGENTE
MASCULINO,VENADO TUERTO,RENOVACIÓN CON AMPLIACIÓN,"A.3, B.2",19/dic/2025,19/dic/2025,19/dic/2030,VIGENTE
MASCULINO,VENADO TUERTO,RENOVACIÓN,"A.3, E.1, G.1",19/dic/2025,19/dic/2025,19/abr/2026,VIGENTE
FEMENINO,VENADO TUERTO,RENOVACIÓN CON AMPLIACIÓN,"A.2.1, B.1",19/dic/2025,19/dic/2025,19/dic/2030,VIGENTE
MASCULINO,VENADO TUERTO,RENOVACIÓN,B.2,19/dic/2025,19/dic/2025,19/dic/2026,VIGENTE
FEMENINO,VENADO TUERTO,ORIGINAL,A.2.1,19/dic/2025,19/dic/2025,19/dic/2030,VIGENTE
FEMENINO,VENADO TUERTO,RENOVACIÓN,B.2,19/dic/2025,19/dic/2025,19/dic/2030,VIGENTE
MASCULINO,VENADO TUERTO,RENOVACIÓN,"A.2.1, B.2",19/dic/2025,19/dic/2025,19/dic/2030,VIGENTE
MASCULINO,VENADO TUERTO,RENOVACIÓN CON AMPLIACIÓN,"A.2.1, B.2",19/dic/2025,19/dic/2025,19/dic/2030,VIGENTE
MASCULINO,VENADO TUERTO,RENOVACIÓN,"A.2.1, B.1",19/dic/2025,19/dic/2025,19/dic/2030,VIGENTE
MASCULINO,VENADO TUERTO,RENOVACIÓN,"A.2.1, B.2",19/dic/2025,19/dic/2025,19/dic/2026,VIGENTE
FEMENINO,VENADO TUERTO,RENOVACIÓN,B.2,19/dic/2025,19/dic/2025,19/dic/2026,VIGENTE
FEMENINO,VENADO TUERTO,RENOVACIÓN,B.1,19/dic/2025,19/dic/2025,19/dic/2026,VIGENTE
FEMENINO,VENADO TUERTO,RENOVACIÓN,B.1,19/dic/2025,19/dic/2025,19/dic/2030,VIGENTE
FEMENINO,VENADO TUERTO,RENOVACIÓN,B.2,19/dic/2025,19/dic/2025,19/dic/2026,VIGENTE
MASCULINO,VENADO TUERTO,RENOVACIÓN,"A.2.1, B.2, D.1",19/dic/2025,19/dic/2025,19/dic/2028,VIGENTE
MASCULINO,VENADO TUERTO,RENOVACIÓN,B.2,19/dic/2025,19/dic/2025,19/dic/2026,VIGENTE
MASCULINO,VENADO TUERTO,RENOVACIÓN CON AMPLIACIÓN,"A.2.1, B.2",19/dic/2025,19/dic/2025,19/dic/2028,VIGENTE
MASCULINO,VENADO TUERTO,RENOVACIÓN,"A.3, B.1, E.2, G.1, G.2",19/dic/2025,19/dic/2025,19/dic/2030,VIGENTE
MASCULINO,VENADO TUERTO,RENOVACIÓN CON AMPLIACIÓN,"A.2.1, B.2",19/dic/2025,19/dic/2025,19/dic/2030,VIGENTE
MASCULINO,VENADO TUERTO,RENOVACIÓN,"A.2.1, B.2, C, E.2, G.1",19/dic/2025,19/dic/2025,19/dic/2028,VIGENTE
FEMENINO,VENADO TUERTO,RENOVACIÓN,"A.2.1, B.1",19/dic/2025,19/dic/2025,19/dic/2030,VIGENTE
MASCULINO,VENADO TUERTO,RENOVACIÓN,D.1,19/dic/2025,19/dic/2025,19/dic/2028,VIGENTE
MASCULINO,VENADO TUERTO,RENOVACIÓN,"A.2.1, B.2",19/dic/2025,19/dic/2025,19/dic/2026,VIGENTE
FEMENINO,VENADO TUERTO,RENOVACIÓN,B.2,19/dic/2025,19/dic/2025,19/dic/2026,VIGENTE
FEMENINO,VENADO TUERTO,RENOVACIÓN,B.2,19/dic/2025,19/dic/2025,19/dic/2030,VIGENTE
MASCULINO,VENADO TUERTO,ORIGINAL,B.1,19/dic/2025,19/dic/2025,19/dic/2026,VIGENTE
MASCULINO,VENADO TUERTO,RENOVACIÓN,B.1,19/dic/2025,19/dic/2025,19/dic/2028,VIGENTE
MASCULINO,VENADO TUERTO,RENOVACIÓN,"A.2.1, B.2, C",19/dic/2025,19/dic/2025,19/dic/2030,VIGENTE
MASCULINO,VENADO TUERTO,RENOVACIÓN,"A.2.1, E.1, E.2",19/dic/2025,19/dic/2025,19/dic/2028,VIGENTE
MASCULINO,VENADO TUERTO,RENOVACIÓN,A.2.1,19/dic/2025,19/dic/2025,19/dic/2028,VIGENTE
FEMENINO,VENADO TUERTO,RENOVACIÓN,B.2,19/dic/2025,19/dic/2025,19/dic/2030,VIGENTE
FEMENINO,VENADO TUERTO,ORIGINAL,B.1,19/dic/2025,19/dic/2025,19/dic/2026,VIGENTE
MASCULINO,VENADO TUERTO,ORIGINAL,A.2.2,22/dic/2025,28/oct/2025,22/dic/2030,VIGENTE
MASCULINO,VENADO TUERTO,RENOVACIÓN,"A.3, E.1",22/dic/2025,6/nov/2025,22/nov/2026,VIGENTE
MASCULINO,VENADO TUERTO,ORIGINAL,"A.2.1, B.2, E.2",22/dic/2025,13/nov/2025,22/dic/2030,VIGENTE
MASCULINO,VENADO TUERTO,ORIGINAL,A.2.1,22/dic/2025,26/nov/2025,22/dic/2026,VIGENTE
MASCULINO,VENADO TUERTO,ORIGINAL,"A.2.1, B.1",22/dic/2025,2/dic/2025,22/dic/2026,VIGENTE
MASCULINO,VENADO TUERTO,ORIGINAL,"A.2.1, B.1",22/dic/2025,5/dic/2025,22/dic/2030,VIGENTE
MASCULINO,VENADO TUERTO,RENOVACIÓN,"A.3, D.1",22/dic/2025,9/dic/2025,22/dic/2026,VIGENTE
FEMENINO,VENADO TUERTO,ORIGINAL,"A.2.1, B.1",22/dic/2025,9/dic/2025,22/dic/2030,VIGENTE
FEMENINO,VENADO TUERTO,RENOVACIÓN,B.2,22/dic/2025,15/dic/2025,22/dic/2026,VIGENTE
FEMENINO,VENADO TUERTO,RENOVACIÓN,A.2.1,22/dic/2025,18/dic/2025,22/dic/2030,VIGENTE
FEMENINO,VENADO TUERTO,RENOVACIÓN,B.2,22/dic/2025,18/dic/2025,22/dic/2026,VIGENTE
MASCULINO,VENADO TUERTO,RENOVACIÓN CON AMPLIACIÓN,"A.2.1, B.1, E.2",22/dic/2025,19/dic/2025,22/dic/2030,VIGENTE
FEMENINO,VENADO TUERTO,ORIGINAL,"A.2.1, B.1",22/dic/2025,19/dic/2025,22/dic/2030,VIGENTE
MASCULINO,VENADO TUERTO,RENOVACIÓN,"A.2.1, B.2",22/dic/2025,19/dic/2025,22/dic/2030,VIGENTE
FEMENINO,VENADO TUERTO,RENOVACIÓN,A.2.1,22/dic/2025,22/dic/2025,22/dic/2030,VIGENTE
MASCULINO,VENADO TUERTO,RENOVACIÓN CON AMPLIACIÓN,"A.2.1, B.2",22/dic/2025,22/dic/2025,22/dic/2030,VIGENTE
FEMENINO,VENADO TUERTO,RENOVACIÓN,B.1,22/dic/2025,22/dic/2025,22/dic/2030,VIGENTE
FEMENINO,SAN EDUARDO,RENOVACIÓN,B.2,22/dic/2025,22/dic/2025,22/dic/2030,VIGENTE
MASCULINO,VENADO TUERTO,RENOVACIÓN,B.1,22/dic/2025,22/dic/2025,22/dic/2030,VIGENTE
FEMENINO,VENADO TUERTO,RENOVACIÓN,B.1,22/dic/2025,22/dic/2025,22/dic/2030,VIGENTE
FEMENINO,VENADO TUERTO,RENOVACIÓN,B.1,22/dic/2025,22/dic/2025,22/dic/2030,VIGENTE
FEMENINO,VENADO TUERTO,RENOVACIÓN,"A.2.1, B.1",22/dic/2025,22/dic/2025,22/dic/2030,VIGENTE
FEMENINO,VENADO TUERTO,RENOVACIÓN,B.2,22/dic/2025,22/dic/2025,22/dic/2026,VIGENTE
FEMENINO,VENADO TUERTO,RENOVACIÓN,A.2.1,22/dic/2025,22/dic/2025,22/dic/2030,VIGENTE
FEMENINO,VENADO TUERTO,RENOVACIÓN,B.2,22/dic/2025,22/dic/2025,22/dic/2030,VIGENTE
MASCULINO,VENADO TUERTO,RENOVACIÓN,B.2,22/dic/2025,22/dic/2025,22/dic/2026,VIGENTE
MASCULINO,VENADO TUERTO,RENOVACIÓN,B.2,22/dic/2025,22/dic/2025,22/dic/2026,VIGENTE
MASCULINO,VENADO TUERTO,RENOVACIÓN,"A.2.1, E.1, E.2",22/dic/2025,22/dic/2025,22/jun/2026,VIGENTE
MASCULINO,VENADO TUERTO,RENOVACIÓN,E.1,22/dic/2025,22/dic/2025,22/dic/2026,VIGENTE
MASCULINO,VENADO TUERTO,RENOVACIÓN,B.2,22/dic/2025,22/dic/2025,22/dic/2026,VIGENTE
FEMENINO,VENADO TUERTO,RENOVACIÓN,"A.2.1, B.1",22/dic/2025,22/dic/2025,22/dic/2030,VIGENTE
MASCULINO,VENADO TUERTO,RENOVACIÓN CON AMPLIACIÓN,"A.2.1, B.1",22/dic/2025,22/dic/2025,22/dic/2030,VIGENTE
MASCULINO,VENADO TUERTO,RENOVACIÓN,"A.2.1, B.1",22/dic/2025,22/dic/2025,22/dic/2030,VIGENTE
FEMENINO,VENADO TUERTO,RENOVACIÓN,B.2,22/dic/2025,22/dic/2025,22/dic/2026,VIGENTE
MASCULINO,VENADO TUERTO,RENOVACIÓN,"B.2, C",22/dic/2025,22/dic/2025,22/dic/2030,VIGENTE
MASCULINO,VENADO TUERTO,RENOVACIÓN,"A.2.1, B.2",22/dic/2025,22/dic/2025,22/dic/2030,VIGENTE
MASCULINO,VENADO TUERTO,RENOVACIÓN,"A.2.1, B.2, D.1",22/dic/2025,22/dic/2025,22/dic/2030,VIGENTE
MASCULINO,VENADO TUERTO,RENOVACIÓN,B.2,22/dic/2025,22/dic/2025,22/dic/2030,VIGENTE
MASCULINO,VENADO TUERTO,RENOVACIÓN,D.1,22/dic/2025,22/dic/2025,22/dic/2026,VIGENTE
FEMENINO,VENADO TUERTO,RENOVACIÓN,"A.2.1, B.1",22/dic/2025,22/dic/2025,22/dic/2030,VIGENTE
MASCULINO,VENADO TUERTO,RENOVACIÓN,"A.2.2, D.2, D.3, E.1",22/dic/2025,22/dic/2025,22/dic/2028,VIGENTE
MASCULINO,VENADO TUERTO,RENOVACIÓN,"A.2.1, B.1",22/dic/2025,22/dic/2025,22/dic/2030,VIGENTE
MASCULINO,SAN EDUARDO,RENOVACIÓN,B.2,22/dic/2025,22/dic/2025,22/dic/2030,VIGENTE
MASCULINO,VENADO TUERTO,RENOVACIÓN,"A.3, B.2, D.3",22/dic/2025,22/dic/2025,22/dic/2030,VIGENTE
FEMENINO,VENADO TUERTO,RENOVACIÓN,A.2.1,22/dic/2025,22/dic/2025,22/dic/2030,VIGENTE
MASCULINO,VENADO TUERTO,RENOVACIÓN,E.1,22/dic/2025,22/dic/2025,22/dic/2026,VIGENTE
MASCULINO,VENADO TUERTO,RENOVACIÓN,"A.2.1, B.2",22/dic/2025,22/dic/2025,22/dic/2026,VIGENTE
FEMENINO,VENADO TUERTO,RENOVACIÓN CON AMPLIACIÓN,"A.2.1, B.1",22/dic/2025,22/dic/2025,22/dic/2030,VIGENTE
MASCULINO,VENADO TUERTO,RENOVACIÓN,"A.2.1, B.2",22/dic/2025,22/dic/2025,22/dic/2026,VIGENTE
FEMENINO,VENADO TUERTO,RENOVACIÓN,"A.2.1, B.1",22/dic/2025,22/dic/2025,22/dic/2030,VIGENTE
MASCULINO,VENADO TUERTO,RENOVACIÓN,"A.2.1, B.2",22/dic/2025,22/dic/2025,22/dic/2030,VIGENTE
MASCULINO,VENADO TUERTO,RENOVACIÓN,B.2,22/dic/2025,22/dic/2025,22/dic/2026,VIGENTE
MASCULINO,VENADO TUERTO,RENOVACIÓN CON AMPLIACIÓN,"A.2.1, B.2, G.1, G.2",22/dic/2025,22/dic/2025,22/dic/2028,VIGENTE
MASCULINO,VENADO TUERTO,RENOVACIÓN,"A.3, B.2",22/dic/2025,22/dic/2025,22/dic/2026,VIGENTE
FEMENINO,VENADO TUERTO,RENOVACIÓN,B.2,22/dic/2025,22/dic/2025,22/dic/2028,VIGENTE
MASCULINO,VENADO TUERTO,RENOVACIÓN,"A.2.2, E.1, G.1, G.2",22/dic/2025,22/dic/2025,22/dic/2030,VIGENTE
MASCULINO,VENADO TUERTO,RENOVACIÓN,"A.2.2, B.2",22/dic/2025,22/dic/2025,22/dic/2030,VIGENTE
MASCULINO,VENADO TUERTO,RENOVACIÓN,"A.2.1, B.2, C",22/dic/2025,22/dic/2025,22/dic/2030,VIGENTE
MASCULINO,VENADO TUERTO,RENOVACIÓN,B.2,22/dic/2025,22/dic/2025,22/dic/2026,VIGENTE
MASCULINO,VENADO TUERTO,RENOVACIÓN,"A.2.1, B.1",22/dic/2025,22/dic/2025,22/dic/2028,VIGENTE
MASCULINO,VENADO TUERTO,RENOVACIÓN,B.2,22/dic/2025,22/dic/2025,22/dic/2026,VIGENTE
FEMENINO,VENADO TUERTO,RENOVACIÓN,B.2,22/dic/2025,22/dic/2025,22/dic/2026,VIGENTE
MASCULINO,VENADO TUERTO,RENOVACIÓN,B.1,22/dic/2025,22/dic/2025,22/dic/2030,VIGENTE
MASCULINO,VENADO TUERTO,RENOVACIÓN,B.1,22/dic/2025,22/dic/2025,22/dic/2028,VIGENTE
FEMENINO,VENADO TUERTO,RENOVACIÓN,B.2,22/dic/2025,22/dic/2025,22/dic/2026,VIGENTE
MASCULINO,VENADO TUERTO,RENOVACIÓN,B.2,22/dic/2025,22/dic/2025,22/dic/2026,VIGENTE
MASCULINO,VENADO TUERTO,RENOVACIÓN CON AMPLIACIÓN,"A.3, E.1",22/dic/2025,22/dic/2025,22/dic/2030,VIGENTE
MASCULINO,VENADO TUERTO,RENOVACIÓN,"A.3, B.1, D.3",22/dic/2025,22/dic/2025,22/dic/2030,VIGENTE
MASCULINO,VENADO TUERTO,RENOVACIÓN,E.1,22/dic/2025,22/dic/2025,22/dic/2028,VIGENTE
FEMENINO,VENADO TUERTO,RENOVACIÓN,B.2,22/dic/2025,22/dic/2025,22/dic/2026,VIGENTE
MASCULINO,VENADO TUERTO,RENOVACIÓN,"A.2.1, B.2",22/dic/2025,22/dic/2025,22/dic/2030,VIGENTE
FEMENINO,VENADO TUERTO,RENOVACIÓN,"A.2.1, B.1",22/dic/2025,22/dic/2025,22/dic/2030,VIGENTE
MASCULINO,VENADO TUERTO,RENOVACIÓN,"A.3, B.2",22/dic/2025,22/dic/2025,22/dic/2030,VIGENTE
MASCULINO,VENADO TUERTO,RENOVACIÓN,E.1,22/dic/2025,22/dic/2025,22/ene/2026,NO VIGENTE
FEMENINO,VENADO TUERTO,ORIGINAL,"A.2.1, B.1",22/dic/2025,22/dic/2025,22/dic/2026,VIGENTE
MASCULINO,VENADO TUERTO,RENOVACIÓN,"A.2.1, B.2",22/dic/2025,22/dic/2025,22/dic/2030,VIGENTE
MASCULINO,VENADO TUERTO,RENOVACIÓN,"A.2.2, D.1, D.3, E.1",22/dic/2025,22/dic/2025,22/dic/2028,VIGENTE
FEMENINO,VENADO TUERTO,ORIGINAL,A.2.1,22/dic/2025,22/dic/2025,22/dic/2026,VIGENTE
MASCULINO,VENADO TUERTO,ORIGINAL,A.2.1,23/dic/2025,24/feb/2025,23/dic/2030,VIGENTE
MASCULINO,VENADO TUERTO,RENOVACIÓN CON AMPLIACIÓN,D.2,23/dic/2025,18/nov/2025,23/nov/2028,VIGENTE
FEMENINO,VENADO TUERTO,ORIGINAL,A.2.1,23/dic/2025,25/nov/2025,23/dic/2030,VIGENTE
FEMENINO,VENADO TUERTO,ORIGINAL,A.2.1,23/dic/2025,25/nov/2025,23/dic/2030,VIGENTE
FEMENINO,VENADO TUERTO,ORIGINAL,A.2.1,23/dic/2025,27/nov/2025,23/dic/2030,VIGENTE
MASCULINO,VENADO TUERTO,RENOVACIÓN CON AMPLIACIÓN,"E.1, E.2",23/dic/2025,28/nov/2025,23/dic/2028,VIGENTE
MASCULINO,VENADO TUERTO,ORIGINAL,"A.2.2, B.2",23/dic/2025,10/dic/2025,23/dic/2030,VIGENTE
MASCULINO,VENADO TUERTO,RENOVACIÓN CON AMPLIACIÓN,"A.2.2, B.1",23/dic/2025,11/dic/2025,23/dic/2030,VIGENTE
FEMENINO,VENADO TUERTO,RENOVACIÓN CON AMPLIACIÓN,"A.2.1, B.1",23/dic/2025,12/dic/2025,23/dic/2030,VIGENTE
FEMENINO,VENADO TUERTO,RENOVACIÓN CON AMPLIACIÓN,"A.2.1, B.1",23/dic/2025,12/dic/2025,23/dic/2030,VIGENTE
MASCULINO,VENADO TUERTO,ORIGINAL,"A.2.2, B.2",23/dic/2025,15/dic/2025,23/dic/2030,VIGENTE
MASCULINO,VENADO TUERTO,RENOVACIÓN,"E.1, E.2",23/dic/2025,15/dic/2025,23/dic/2028,VIGENTE
MASCULINO,VENADO TUERTO,RENOVACIÓN,E.1,23/dic/2025,16/dic/2025,23/dic/2028,VIGENTE
MASCULINO,VENADO TUERTO,RENOVACIÓN,B.2,23/dic/2025,19/dic/2025,23/dic/2026,VIGENTE
MASCULINO,VENADO TUERTO,RENOVACIÓN,B.2,23/dic/2025,23/dic/2025,23/dic/2026,VIGENTE
FEMENINO,VENADO TUERTO,RENOVACIÓN,B.2,23/dic/2025,23/dic/2025,23/dic/2026,VIGENTE
FEMENINO,VENADO TUERTO,RENOVACIÓN,B.2,23/dic/2025,23/dic/2025,23/dic/2026,VIGENTE
FEMENINO,VENADO TUERTO,RENOVACIÓN,"A.2.1, B.2",23/dic/2025,23/dic/2025,23/dic/2030,VIGENTE
FEMENINO,VENADO TUERTO,RENOVACIÓN,"A.2.1, B.1",23/dic/2025,23/dic/2025,23/dic/2030,VIGENTE
FEMENINO,VENADO TUERTO,RENOVACIÓN,"A.2.1, B.2",23/dic/2025,23/dic/2025,23/dic/2030,VIGENTE
MASCULINO,VENADO TUERTO,RENOVACIÓN,"B.2, E.2, G.1",23/dic/2025,23/dic/2025,23/dic/2028,VIGENTE
FEMENINO,VENADO TUERTO,RENOVACIÓN,A.2.1,23/dic/2025,23/dic/2025,23/dic/2030,VIGENTE
MASCULINO,VENADO TUERTO,RENOVACIÓN,A.2.1,23/dic/2025,23/dic/2025,23/dic/2026,VIGENTE
FEMENINO,VENADO TUERTO,RENOVACIÓN,"A.2.1, B.1",23/dic/2025,23/dic/2025,23/dic/2030,VIGENTE
MASCULINO,VENADO TUERTO,RENOVACIÓN,"A.2.2, B.2",23/dic/2025,23/dic/2025,23/dic/2030,VIGENTE
MASCULINO,VENADO TUERTO,RENOVACIÓN,"A.2.1, B.2",23/dic/2025,23/dic/2025,23/dic/2030,VIGENTE
FEMENINO,VENADO TUERTO,ORIGINAL,B.1,23/dic/2025,23/dic/2025,23/dic/2026,VIGENTE
FEMENINO,VENADO TUERTO,RENOVACIÓN,B.2,23/dic/2025,23/dic/2025,23/dic/2026,VIGENTE
FEMENINO,VENADO TUERTO,ORIGINAL,A.2.1,23/dic/2025,23/dic/2025,23/dic/2028,VIGENTE
FEMENINO,VENADO TUERTO,RENOVACIÓN,"A.2.1, B.2",23/dic/2025,23/dic/2025,23/dic/2030,VIGENTE
MASCULINO,VENADO TUERTO,RENOVACIÓN,"A.3, B.2",23/dic/2025,23/dic/2025,23/dic/2030,VIGENTE
MASCULINO,VENADO TUERTO,RENOVACIÓN,"A.2.1, B.1",23/dic/2025,23/dic/2025,23/dic/2030,VIGENTE
FEMENINO,VENADO TUERTO,RENOVACIÓN CON AMPLIACIÓN,"A.2.1, B.1",23/dic/2025,23/dic/2025,23/dic/2030,VIGENTE
MASCULINO,VENADO TUERTO,RENOVACIÓN,"A.2.2, E.1",23/dic/2025,23/dic/2025,23/dic/2028,VIGENTE
MASCULINO,VENADO TUERTO,ORIGINAL,A.2.1,23/dic/2025,23/dic/2025,23/dic/2026,VIGENTE
MASCULINO,VENADO TUERTO,RENOVACIÓN,"A.3, B.2, C",23/dic/2025,23/dic/2025,23/dic/2028,VIGENTE
FEMENINO,VENADO TUERTO,RENOVACIÓN CON AMPLIACIÓN,"A.2.1, E.1",23/dic/2025,23/dic/2025,23/mar/2026,VIGENTE
MASCULINO,VENADO TUERTO,ORIGINAL,"A.2.1, B.1",23/dic/2025,23/dic/2025,23/dic/2026,VIGENTE
MASCULINO,VENADO TUERTO,RENOVACIÓN,"A.3, E.1",23/dic/2025,23/dic/2025,23/dic/2028,VIGENTE
MASCULINO,VENADO TUERTO,RENOVACIÓN,E.1,23/dic/2025,23/dic/2025,23/dic/2028,VIGENTE
MASCULINO,VENADO TUERTO,RENOVACIÓN,"A.2.1, B.1",23/dic/2025,23/dic/2025,23/dic/2028,VIGENTE
MASCULINO,VENADO TUERTO,RENOVACIÓN,B.2,23/dic/2025,23/dic/2025,23/dic/2030,VIGENTE
FEMENINO,VENADO TUERTO,RENOVACIÓN,B.2,23/dic/2025,23/dic/2025,23/dic/2030,VIGENTE
FEMENINO,VENADO TUERTO,RENOVACIÓN,B.2,23/dic/2025,23/dic/2025,23/dic/2026,VIGENTE
FEMENINO,VENADO TUERTO,ORIGINAL,B.1,23/dic/2025,23/dic/2025,23/dic/2026,VIGENTE
FEMENINO,VENADO TUERTO,RENOVACIÓN,B.2,23/dic/2025,23/dic/2025,23/dic/2026,VIGENTE
MASCULINO,VENADO TUERTO,RENOVACIÓN,"A.2.1, B.2",23/dic/2025,23/dic/2025,23/dic/2030,VIGENTE
MASCULINO,VENADO TUERTO,RENOVACIÓN,"A.2.1, B.2",23/dic/2025,23/dic/2025,23/dic/2030,VIGENTE
FEMENINO,VENADO TUERTO,RENOVACIÓN,B.2,23/dic/2025,23/dic/2025,23/dic/2030,VIGENTE
MASCULINO,VENADO TUERTO,RENOVACIÓN,"A.2.1, B.2, C",23/dic/2025,23/dic/2025,23/dic/2030,VIGENTE
MASCULINO,VENADO TUERTO,RENOVACIÓN,"A.3, E.1, G.1",23/dic/2025,23/dic/2025,23/ene/2026,NO VIGENTE
MASCULINO,VENADO TUERTO,ORIGINAL,A.2.2,23/dic/2025,23/dic/2025,23/dic/2030,VIGENTE
FEMENINO,VENADO TUERTO,RENOVACIÓN,"A.2.1, B.1",23/dic/2025,23/dic/2025,23/dic/2030,VIGENTE
FEMENINO,VENADO TUERTO,RENOVACIÓN,B.2,23/dic/2025,23/dic/2025,23/dic/2028,VIGENTE
MASCULINO,VENADO TUERTO,RENOVACIÓN,"A.2.1, B.1",23/dic/2025,23/dic/2025,23/dic/2030,VIGENTE
MASCULINO,VENADO TUERTO,RENOVACIÓN,A.2.1,23/dic/2025,23/dic/2025,23/dic/2026,VIGENTE
FEMENINO,VENADO TUERTO,RENOVACIÓN CON AMPLIACIÓN,"A.2.1, B.1",23/dic/2025,23/dic/2025,23/dic/2030,VIGENTE
FEMENINO,VENADO TUERTO,RENOVACIÓN,B.1,23/dic/2025,23/dic/2025,23/dic/2030,VIGENTE
MASCULINO,VENADO TUERTO,RENOVACIÓN,B.2,23/dic/2025,23/dic/2025,23/dic/2026,VIGENTE
MASCULINO,VENADO TUERTO,RENOVACIÓN,"A.3, B.2",23/dic/2025,23/dic/2025,23/dic/2030,VIGENTE
MASCULINO,VENADO TUERTO,RENOVACIÓN CON AMPLIACIÓN,"A.3, B.2, C, E.2, G.1, G.2",23/dic/2025,23/dic/2025,23/dic/2028,VIGENTE
MASCULINO,VENADO TUERTO,RENOVACIÓN,"A.2.1, E.1, G.1, G.2",23/dic/2025,23/dic/2025,23/dic/2028,VIGENTE
FEMENINO,VENADO TUERTO,RENOVACIÓN,B.2,23/dic/2025,23/dic/2025,23/dic/2028,VIGENTE
MASCULINO,VENADO TUERTO,RENOVACIÓN,"A.2.1, B.1",23/dic/2025,23/dic/2025,23/dic/2030,VIGENTE
FEMENINO,VENADO TUERTO,RENOVACIÓN,A.2.1,23/dic/2025,23/dic/2025,23/dic/2028,VIGENTE
MASCULINO,VENADO TUERTO,RENOVACIÓN,B.2,23/dic/2025,23/dic/2025,23/dic/2026,VIGENTE
MASCULINO,VENADO TUERTO,RENOVACIÓN,E.1,23/dic/2025,23/dic/2025,23/dic/2028,VIGENTE
MASCULINO,VENADO TUERTO,RENOVACIÓN,"A.2.2, E.1",23/dic/2025,23/dic/2025,23/dic/2030,VIGENTE
MASCULINO,VENADO TUERTO,RENOVACIÓN,B.2,23/dic/2025,23/dic/2025,23/dic/2026,VIGENTE
MASCULINO,VENADO TUERTO,RENOVACIÓN,"A.2.1, B.2, C, E.2",23/dic/2025,23/dic/2025,23/dic/2028,VIGENTE
MASCULINO,VENADO TUERTO,RENOVACIÓN,B.2,23/dic/2025,23/dic/2025,23/dic/2028,VIGENTE
FEMENINO,VENADO TUERTO,RENOVACIÓN,B.1,23/dic/2025,23/dic/2025,23/dic/2030,VIGENTE
FEMENINO,VENADO TUERTO,RENOVACIÓN,"A.2.1, B.2",23/dic/2025,23/dic/2025,23/dic/2030,VIGENTE
FEMENINO,VENADO TUERTO,RENOVACIÓN,A.2.1,23/dic/2025,23/dic/2025,23/dic/2030,VIGENTE
MASCULINO,VENADO TUERTO,RENOVACIÓN,"A.2.1, B.2",23/dic/2025,23/dic/2025,23/dic/2030,VIGENTE
MASCULINO,VENADO TUERTO,RENOVACIÓN,B.2,23/dic/2025,23/dic/2025,23/dic/2026,VIGENTE
MASCULINO,VENADO TUERTO,ORIGINAL,"A.2.1, B.1",23/dic/2025,23/dic/2025,23/dic/2026,VIGENTE
MASCULINO,VENADO TUERTO,ORIGINAL,B.1,23/dic/2025,23/dic/2025,23/dic/2026,VIGENTE
MASCULINO,VENADO TUERTO,RENOVACIÓN,B.2,23/dic/2025,23/dic/2025,23/dic/2026,VIGENTE
MASCULINO,VENADO TUERTO,RENOVACIÓN,A.2.1,23/dic/2025,23/dic/2025,23/dic/2028,VIGENTE
MASCULINO,VENADO TUERTO,RENOVACIÓN,"A.2.1, B.2",23/dic/2025,23/dic/2025,23/dic/2030,VIGENTE
MASCULINO,VENADO TUERTO,RENOVACIÓN,B.2,23/dic/2025,23/dic/2025,23/dic/2026,VIGENTE
FEMENINO,VENADO TUERTO,RENOVACIÓN,"A.2.1, B.2",23/dic/2025,23/dic/2025,23/dic/2030,VIGENTE
FEMENINO,VENADO TUERTO,ORIGINAL,A.2.1,23/dic/2025,23/dic/2025,23/dic/2030,VIGENTE
FEMENINO,VENADO TUERTO,ORIGINAL,B.1,23/dic/2025,23/dic/2025,23/dic/2030,VIGENTE
MASCULINO,VENADO TUERTO,RENOVACIÓN CON AMPLIACIÓN,"A.2.1, B.2, G.1, G.2",26/dic/2025,2/jul/2025,26/dic/2028,VIGENTE
MASCULINO,VENADO TUERTO,RENOVACIÓN CON AMPLIACIÓN,A.3,26/dic/2025,31/oct/2025,26/dic/2030,VIGENTE
MASCULINO,VENADO TUERTO,RENOVACIÓN,"A.2.2, D.2, D.3",26/dic/2025,2/dic/2025,26/dic/2028,VIGENTE
FEMENINO,VENADO TUERTO,RENOVACIÓN CON AMPLIACIÓN,"A.2.1, B.1",26/dic/2025,2/dic/2025,26/dic/2030,VIGENTE
MASCULINO,VENADO TUERTO,ORIGINAL,A.2.1,26/dic/2025,10/dic/2025,26/dic/2026,VIGENTE
FEMENINO,VENADO TUERTO,ORIGINAL,A.2.1,26/dic/2025,12/dic/2025,26/dic/2030,VIGENTE
MASCULINO,VENADO TUERTO,ORIGINAL,A.2.1,26/dic/2025,12/dic/2025,26/dic/2030,VIGENTE
MASCULINO,VENADO TUERTO,ORIGINAL,"A.2.1, B.2",26/dic/2025,15/dic/2025,26/dic/2030,VIGENTE
MASCULINO,VENADO TUERTO,RENOVACIÓN CON AMPLIACIÓN,"A.2.1, B.2",26/dic/2025,15/dic/2025,26/dic/2030,VIGENTE
MASCULINO,VENADO TUERTO,RENOVACIÓN,"A.3, B.2",26/dic/2025,15/dic/2025,26/dic/2030,VIGENTE
MASCULINO,VENADO TUERTO,RENOVACIÓN CON AMPLIACIÓN,"A.2.1, B.1",26/dic/2025,15/dic/2025,26/dic/2028,VIGENTE
FEMENINO,VENADO TUERTO,ORIGINAL,A.2.1,26/dic/2025,16/dic/2025,26/dic/2026,VIGENTE
FEMENINO,VENADO TUERTO,ORIGINAL,"A.2.1, B.1",26/dic/2025,19/dic/2025,26/dic/2030,VIGENTE
MASCULINO,VENADO TUERTO,RENOVACIÓN,"A.2.1, B.2, G.1, G.2",26/dic/2025,22/dic/2025,26/dic/2030,VIGENTE
MASCULINO,VENADO TUERTO,RENOVACIÓN,"A.2.1, B.1",26/dic/2025,26/dic/2025,26/dic/2030,VIGENTE
MASCULINO,VENADO TUERTO,RENOVACIÓN,"A.3, B.1, D.3",26/dic/2025,26/dic/2025,26/dic/2030,VIGENTE
MASCULINO,VENADO TUERTO,ORIGINAL,B.1,26/dic/2025,26/dic/2025,26/dic/2030,VIGENTE
MASCULINO,VENADO TUERTO,DUPLICADO,"A.2.1, B.1",26/dic/2025,26/dic/2025,19/may/2030,VIGENTE
MASCULINO,VENADO TUERTO,RENOVACIÓN CON AMPLIACIÓN,"A.2.2, B.1",26/dic/2025,26/dic/2025,26/dic/2030,VIGENTE
MASCULINO,VENADO TUERTO,RENOVACIÓN,B.2,26/dic/2025,26/dic/2025,26/dic/2026,VIGENTE
MASCULINO,VENADO TUERTO,RENOVACIÓN,B.2,26/dic/2025,26/dic/2025,26/dic/2030,VIGENTE
FEMENINO,VENADO TUERTO,RENOVACIÓN,"A.3, B.2",26/dic/2025,26/dic/2025,26/dic/2030,VIGENTE
FEMENINO,VENADO TUERTO,RENOVACIÓN,B.2,26/dic/2025,26/dic/2025,26/dic/2030,VIGENTE
MASCULINO,VENADO TUERTO,RENOVACIÓN CON AMPLIACIÓN,"A.3, B.1",26/dic/2025,26/dic/2025,26/dic/2030,VIGENTE
FEMENINO,VENADO TUERTO,ORIGINAL,B.1,26/dic/2025,26/dic/2025,26/dic/2030,VIGENTE
MASCULINO,VENADO TUERTO,RENOVACIÓN,B.1,26/dic/2025,26/dic/2025,26/dic/2030,VIGENTE
MASCULINO,VENADO TUERTO,RENOVACIÓN,B.2,26/dic/2025,26/dic/2025,26/dic/2026,VIGENTE
MASCULINO,VENADO TUERTO,RENOVACIÓN,B.2,26/dic/2025,26/dic/2025,26/dic/2026,VIGENTE
FEMENINO,VENADO TUERTO,RENOVACIÓN,B.1,26/dic/2025,26/dic/2025,26/dic/2030,VIGENTE
FEMENINO,VENADO TUERTO,RENOVACIÓN,B.1,26/dic/2025,26/dic/2025,26/dic/2030,VIGENTE
FEMENINO,VENADO TUERTO,RENOVACIÓN,B.1,26/dic/2025,26/dic/2025,26/dic/2030,VIGENTE
FEMENINO,VENADO TUERTO,ORIGINAL,B.1,26/dic/2025,26/dic/2025,26/dic/2030,VIGENTE
MASCULINO,VENADO TUERTO,RENOVACIÓN,"A.2.1, B.2",26/dic/2025,26/dic/2025,26/dic/2026,VIGENTE
MASCULINO,VENADO TUERTO,RENOVACIÓN,"A.3, B.2, C",26/dic/2025,26/dic/2025,26/dic/2030,VIGENTE
FEMENINO,VENADO TUERTO,RENOVACIÓN,B.2,26/dic/2025,26/dic/2025,26/dic/2030,VIGENTE
MASCULINO,VENADO TUERTO,RENOVACIÓN,B.2,26/dic/2025,26/dic/2025,26/dic/2026,VIGENTE
FEMENINO,VENADO TUERTO,RENOVACIÓN,B.2,26/dic/2025,26/dic/2025,26/dic/2030,VIGENTE
MASCULINO,VENADO TUERTO,RENOVACIÓN,"A.3, E.1",26/dic/2025,26/dic/2025,26/mar/2026,VIGENTE
FEMENINO,VENADO TUERTO,ORIGINAL,"A.2.1, B.1",26/dic/2025,26/dic/2025,26/dic/2026,VIGENTE
MASCULINO,VENADO TUERTO,RENOVACIÓN,"A.2.1, B.1",26/dic/2025,26/dic/2025,26/dic/2028,VIGENTE
MASCULINO,VENADO TUERTO,RENOVACIÓN,"A.2.1, B.2, C",26/dic/2025,26/dic/2025,26/dic/2028,VIGENTE
FEMENINO,VENADO TUERTO,ORIGINAL,B.2,26/dic/2025,26/dic/2025,26/dic/2030,VIGENTE
MASCULINO,VENADO TUERTO,RENOVACIÓN,"A.2.1, B.2",26/dic/2025,26/dic/2025,26/dic/2030,VIGENTE
MASCULINO,VENADO TUERTO,RENOVACIÓN,"A.3, D.1, E.1",26/dic/2025,26/dic/2025,26/dic/2028,VIGENTE
MASCULINO,VENADO TUERTO,ORIGINAL,B.1,26/dic/2025,26/dic/2025,26/dic/2030,VIGENTE
FEMENINO,VENADO TUERTO,RENOVACIÓN,"A.2.1, B.2",26/dic/2025,26/dic/2025,26/dic/2026,VIGENTE
FEMENINO,VENADO TUERTO,ORIGINAL,"A.2.1, B.1",26/dic/2025,26/dic/2025,26/dic/2030,VIGENTE
MASCULINO,VENADO TUERTO,DUPLICADO,E.1,26/dic/2025,26/dic/2025,9/abr/2027,VIGENTE
MASCULINO,VENADO TUERTO,RENOVACIÓN,A.2.1,26/dic/2025,26/dic/2025,26/dic/2028,VIGENTE
FEMENINO,VENADO TUERTO,RENOVACIÓN,B.2,26/dic/2025,26/dic/2025,26/dic/2026,VIGENTE
MASCULINO,VENADO TUERTO,ORIGINAL,A.2.1,26/dic/2025,26/dic/2025,26/dic/2026,VIGENTE
FEMENINO,VENADO TUERTO,RENOVACIÓN,B.2,26/dic/2025,26/dic/2025,26/dic/2026,VIGENTE
MASCULINO,VENADO TUERTO,RENOVACIÓN,"A.2.1, E.1",26/dic/2025,26/dic/2025,26/dic/2028,VIGENTE
MASCULINO,VENADO TUERTO,RENOVACIÓN,"A.2.1, B.1",26/dic/2025,26/dic/2025,26/dic/2030,VIGENTE
MASCULINO,VENADO TUERTO,RENOVACIÓN,"A.2.1, B.2, C, E.2, G.1, G.2",26/dic/2025,26/dic/2025,26/dic/2028,VIGENTE
FEMENINO,VENADO TUERTO,RENOVACIÓN,B.2,26/dic/2025,26/dic/2025,26/dic/2030,VIGENTE
FEMENINO,VENADO TUERTO,RENOVACIÓN,B.2,26/dic/2025,26/dic/2025,26/dic/2030,VIGENTE
MASCULINO,VENADO TUERTO,RENOVACIÓN,C,26/dic/2025,26/dic/2025,26/dic/2028,VIGENTE
FEMENINO,VENADO TUERTO,RENOVACIÓN,"A.2.1, B.2",26/dic/2025,26/dic/2025,26/dic/2030,VIGENTE
FEMENINO,VENADO TUERTO,RENOVACIÓN,"A.2.1, B.2, D.1",26/dic/2025,26/dic/2025,26/dic/2028,VIGENTE
FEMENINO,VENADO TUERTO,RENOVACIÓN,"A.2.1, B.1",26/dic/2025,26/dic/2025,26/dic/2030,VIGENTE
MASCULINO,VENADO TUERTO,RENOVACIÓN CON AMPLIACIÓN,"A.2.1, B.1",26/dic/2025,26/dic/2025,26/dic/2030,VIGENTE
MASCULINO,VENADO TUERTO,RENOVACIÓN,B.2,26/dic/2025,26/dic/2025,26/dic/2026,VIGENTE
MASCULINO,VENADO TUERTO,RENOVACIÓN,B.2,26/dic/2025,26/dic/2025,26/dic/2026,VIGENTE
MASCULINO,VENADO TUERTO,RENOVACIÓN,A.2.1,26/dic/2025,26/dic/2025,26/dic/2030,VIGENTE
MASCULINO,VENADO TUERTO,ORIGINAL,B.1,26/dic/2025,26/dic/2025,26/dic/2030,NO VIGENTE
MASCULINO,VENADO TUERTO,RENOVACIÓN,B.1,26/dic/2025,26/dic/2025,26/dic/2028,VIGENTE
MASCULINO,VENADO TUERTO,ORIGINAL,A.2.1,26/dic/2025,26/dic/2025,26/dic/2026,VIGENTE
FEMENINO,VENADO TUERTO,ORIGINAL,B.1,26/dic/2025,26/dic/2025,26/dic/2030,VIGENTE
MASCULINO,VENADO TUERTO,RENOVACIÓN,B.2,26/dic/2025,26/dic/2025,26/dic/2026,VIGENTE
MASCULINO,VENADO TUERTO,RENOVACIÓN,B.2,26/dic/2025,26/dic/2025,26/dic/2030,VIGENTE
FEMENINO,VENADO TUERTO,RENOVACIÓN,B.2,26/dic/2025,26/dic/2025,26/dic/2026,VIGENTE
FEMENINO,VENADO TUERTO,RENOVACIÓN,B.2,26/dic/2025,26/dic/2025,26/dic/2026,VIGENTE
MASCULINO,VENADO TUERTO,RENOVACIÓN,"A.2.2, B.2, C, E.2, G.1",26/dic/2025,26/dic/2025,26/dic/2028,VIGENTE
MASCULINO,VENADO TUERTO,RENOVACIÓN,"A.2.1, B.2",29/dic/2025,17/jun/2025,29/dic/2030,VIGENTE
MASCULINO,VENADO TUERTO,ORIGINAL,"A.2.2, B.2",29/dic/2025,8/sept/2025,29/dic/2030,VIGENTE
MASCULINO,VENADO TUERTO,RENOVACIÓN CON AMPLIACIÓN,"A.3, E.1",29/dic/2025,16/dic/2025,29/dic/2028,VIGENTE
MASCULINO,VENADO TUERTO,RENOVACIÓN CON AMPLIACIÓN,"A.3, B.2",29/dic/2025,18/dic/2025,29/dic/2030,VIGENTE
MASCULINO,VENADO TUERTO,RENOVACIÓN CON AMPLIACIÓN,"A.2.2, B.2",29/dic/2025,18/dic/2025,29/dic/2028,VIGENTE
MASCULINO,VENADO TUERTO,RENOVACIÓN,"A.3, B.2, C",29/dic/2025,22/dic/2025,29/dic/2027,VIGENTE
MASCULINO,VENADO TUERTO,RENOVACIÓN,B.1,29/dic/2025,29/dic/2025,29/dic/2028,VIGENTE
MASCULINO,VENADO TUERTO,RENOVACIÓN CON AMPLIACIÓN,"A.2.1, B.1",29/dic/2025,29/dic/2025,29/dic/2030,VIGENTE
MASCULINO,VENADO TUERTO,RENOVACIÓN,B.2,29/dic/2025,29/dic/2025,29/dic/2026,VIGENTE
MASCULINO,VENADO TUERTO,RENOVACIÓN,E.1,29/dic/2025,29/dic/2025,29/dic/2028,VIGENTE
MASCULINO,VENADO TUERTO,RENOVACIÓN,"A.2.1, B.1",29/dic/2025,29/dic/2025,29/dic/2030,VIGENTE
MASCULINO,VENADO TUERTO,RENOVACIÓN,"A.2.1, B.1",29/dic/2025,29/dic/2025,29/dic/2030,VIGENTE
FEMENINO,VENADO TUERTO,ORIGINAL,A.2.1,29/dic/2025,29/dic/2025,29/dic/2030,VIGENTE
MASCULINO,VENADO TUERTO,RENOVACIÓN,"A.2.2, B.2",29/dic/2025,29/dic/2025,29/dic/2026,VIGENTE
FEMENINO,VENADO TUERTO,RENOVACIÓN,A.2.1,29/dic/2025,29/dic/2025,29/dic/2030,VIGENTE
MASCULINO,VENADO TUERTO,RENOVACIÓN,B.1,29/dic/2025,29/dic/2025,29/dic/2030,VIGENTE
MASCULINO,VENADO TUERTO,RENOVACIÓN,"A.3, C",29/dic/2025,29/dic/2025,29/dic/2028,VIGENTE
FEMENINO,VENADO TUERTO,RENOVACIÓN,B.2,29/dic/2025,29/dic/2025,29/dic/2028,VIGENTE
MASCULINO,VENADO TUERTO,RENOVACIÓN,"A.2.1, B.1",29/dic/2025,29/dic/2025,29/dic/2030,VIGENTE
MASCULINO,VENADO TUERTO,RENOVACIÓN,"B.2, G.1, G.2",29/dic/2025,29/dic/2025,29/dic/2026,VIGENTE
FEMENINO,VENADO TUERTO,RENOVACIÓN,A.2.1,29/dic/2025,29/dic/2025,29/dic/2030,VIGENTE
FEMENINO,VENADO TUERTO,RENOVACIÓN,B.2,29/dic/2025,29/dic/2025,29/dic/2028,VIGENTE
FEMENINO,VENADO TUERTO,RENOVACIÓN,B.2,29/dic/2025,29/dic/2025,29/dic/2026,VIGENTE
MASCULINO,VENADO TUERTO,RENOVACIÓN,"A.3, E.1",29/dic/2025,29/dic/2025,29/dic/2026,VIGENTE
MASCULINO,VENADO TUERTO,RENOVACIÓN,B.1,29/dic/2025,29/dic/2025,29/dic/2030,VIGENTE
FEMENINO,VENADO TUERTO,RENOVACIÓN,B.1,29/dic/2025,29/dic/2025,29/dic/2030,VIGENTE
MASCULINO,VENADO TUERTO,RENOVACIÓN,"A.2.2, B.2, C",29/dic/2025,29/dic/2025,29/dic/2028,VIGENTE
FEMENINO,VENADO TUERTO,RENOVACIÓN,B.1,29/dic/2025,29/dic/2025,29/dic/2030,VIGENTE
FEMENINO,VENADO TUERTO,RENOVACIÓN,B.1,29/dic/2025,29/dic/2025,29/dic/2030,VIGENTE
MASCULINO,VENADO TUERTO,DUPLICADO,"A.2.2, B.1",29/dic/2025,29/dic/2025,4/ago/2028,VIGENTE
MASCULINO,VENADO TUERTO,RENOVACIÓN,"A.2.1, B.2",29/dic/2025,29/dic/2025,29/dic/2030,VIGENTE
FEMENINO,VENADO TUERTO,RENOVACIÓN,B.1,29/dic/2025,29/dic/2025,29/dic/2030,VIGENTE
FEMENINO,VENADO TUERTO,RENOVACIÓN,B.2,29/dic/2025,29/dic/2025,29/dic/2028,VIGENTE
FEMENINO,VENADO TUERTO,RENOVACIÓN CON AMPLIACIÓN,"A.2.1, B.1",29/dic/2025,29/dic/2025,29/dic/2030,VIGENTE
FEMENINO,VENADO TUERTO,RENOVACIÓN,B.1,29/dic/2025,29/dic/2025,29/dic/2030,VIGENTE
FEMENINO,VENADO TUERTO,RENOVACIÓN,B.2,29/dic/2025,29/dic/2025,29/dic/2026,VIGENTE
FEMENINO,VENADO TUERTO,RENOVACIÓN,B.1,29/dic/2025,29/dic/2025,29/dic/2028,VIGENTE
MASCULINO,VENADO TUERTO,RENOVACIÓN,B.2,29/dic/2025,29/dic/2025,29/dic/2026,VIGENTE
MASCULINO,VENADO TUERTO,RENOVACIÓN,B.2,29/dic/2025,29/dic/2025,29/dic/2030,VIGENTE
MASCULINO,VENADO TUERTO,RENOVACIÓN,B.2,29/dic/2025,29/dic/2025,29/dic/2030,VIGENTE
MASCULINO,VENADO TUERTO,RENOVACIÓN,A.2.1,29/dic/2025,29/dic/2025,29/dic/2028,VIGENTE
MASCULINO,VENADO TUERTO,ORIGINAL,A.2.1,29/dic/2025,29/dic/2025,29/dic/2030,VIGENTE
FEMENINO,VENADO TUERTO,RENOVACIÓN,B.2,29/dic/2025,29/dic/2025,29/dic/2030,VIGENTE
FEMENINO,VENADO TUERTO,RENOVACIÓN,"A.2.1, B.2",29/dic/2025,29/dic/2025,29/dic/2030,VIGENTE
MASCULINO,VENADO TUERTO,RENOVACIÓN,"A.2.1, B.1",29/dic/2025,29/dic/2025,29/dic/2030,VIGENTE
MASCULINO,VENADO TUERTO,RENOVACIÓN,"A.2.2, B.2",29/dic/2025,29/dic/2025,29/dic/2030,VIGENTE
FEMENINO,VENADO TUERTO,RENOVACIÓN,B.2,29/dic/2025,29/dic/2025,29/dic/2028,VIGENTE
MASCULINO,VENADO TUERTO,RENOVACIÓN,"A.3, B.2",29/dic/2025,29/dic/2025,29/dic/2030,VIGENTE
FEMENINO,VENADO TUERTO,RENOVACIÓN,B.2,29/dic/2025,29/dic/2025,29/dic/2030,VIGENTE
FEMENINO,VENADO TUERTO,DUPLICADO,A.2.1,29/dic/2025,29/dic/2025,6/jun/2030,VIGENTE
MASCULINO,VENADO TUERTO,RENOVACIÓN,"A.2.2, D.2, D.3",29/dic/2025,29/dic/2025,29/dic/2030,VIGENTE
MASCULINO,VENADO TUERTO,RENOVACIÓN CON AMPLIACIÓN,"A.2.1, B.1",29/dic/2025,29/dic/2025,29/dic/2030,VIGENTE
FEMENINO,VENADO TUERTO,RENOVACIÓN,A.2.1,29/dic/2025,29/dic/2025,29/dic/2030,VIGENTE
MASCULINO,VENADO TUERTO,RENOVACIÓN,B.2,29/dic/2025,29/dic/2025,29/dic/2028,VIGENTE
MASCULINO,VENADO TUERTO,RENOVACIÓN,"A.2.1, B.1",29/dic/2025,29/dic/2025,29/dic/2030,VIGENTE
FEMENINO,VENADO TUERTO,RENOVACIÓN,"A.2.1, B.1",29/dic/2025,29/dic/2025,29/dic/2030,VIGENTE
FEMENINO,VENADO TUERTO,RENOVACIÓN,B.2,29/dic/2025,29/dic/2025,29/dic/2026,VIGENTE
MASCULINO,VENADO TUERTO,RENOVACIÓN,A.2.1,29/dic/2025,29/dic/2025,29/dic/2030,VIGENTE
MASCULINO,VENADO TUERTO,RENOVACIÓN,"A.2.1, B.1",29/dic/2025,29/dic/2025,29/dic/2026,VIGENTE
MASCULINO,VENADO TUERTO,RENOVACIÓN,B.2,29/dic/2025,29/dic/2025,29/dic/2026,VIGENTE
MASCULINO,VENADO TUERTO,RENOVACIÓN,"A.2.2, B.2, C",29/dic/2025,29/dic/2025,29/dic/2028,VIGENTE
FEMENINO,VENADO TUERTO,RENOVACIÓN,B.1,29/dic/2025,29/dic/2025,29/dic/2026,VIGENTE
FEMENINO,VENADO TUERTO,RENOVACIÓN CON AMPLIACIÓN,"A.2.1, B.1",29/dic/2025,29/dic/2025,29/dic/2030,VIGENTE
MASCULINO,VENADO TUERTO,ORIGINAL,"A.2.1, B.1",29/dic/2025,29/dic/2025,29/dic/2026,VIGENTE
MASCULINO,VENADO TUERTO,RENOVACIÓN,"A.3, D.3, E.1",29/dic/2025,29/dic/2025,29/dic/2030,VIGENTE
FEMENINO,VENADO TUERTO,ORIGINAL,"A.2.1, B.1",29/dic/2025,29/dic/2025,29/dic/2030,VIGENTE
FEMENINO,VENADO TUERTO,RENOVACIÓN,A.2.1,29/dic/2025,29/dic/2025,29/dic/2030,VIGENTE
FEMENINO,VENADO TUERTO,RENOVACIÓN,B.2,29/dic/2025,29/dic/2025,29/dic/2026,VIGENTE
MASCULINO,VENADO TUERTO,RENOVACIÓN,"A.2.1, B.2",29/dic/2025,29/dic/2025,29/dic/2026,VIGENTE
MASCULINO,VENADO TUERTO,RENOVACIÓN,B.1,29/dic/2025,29/dic/2025,29/dic/2028,VIGENTE
MASCULINO,VENADO TUERTO,RENOVACIÓN,B.2,30/dic/2025,28/ago/2025,30/dic/2026,VIGENTE
MASCULINO,VENADO TUERTO,RENOVACIÓN CON AMPLIACIÓN,"A.2.1, B.2",30/dic/2025,3/dic/2025,30/dic/2030,VIGENTE
FEMENINO,VENADO TUERTO,ORIGINAL,A.2.1,30/dic/2025,5/dic/2025,30/dic/2030,VIGENTE
FEMENINO,VENADO TUERTO,RENOVACIÓN CON AMPLIACIÓN,"A.2.1, B.1",30/dic/2025,17/dic/2025,30/dic/2030,VIGENTE
FEMENINO,VENADO TUERTO,ORIGINAL,B.2,30/dic/2025,18/dic/2025,30/dic/2030,VIGENTE
FEMENINO,VENADO TUERTO,ORIGINAL,A.2.1,30/dic/2025,18/dic/2025,30/dic/2026,VIGENTE
MASCULINO,VENADO TUERTO,RENOVACIÓN,"A.3, B.2",30/dic/2025,26/dic/2025,30/dic/2030,VIGENTE
FEMENINO,VENADO TUERTO,RENOVACIÓN,A.2.1,30/dic/2025,30/dic/2025,30/dic/2028,VIGENTE
MASCULINO,VENADO TUERTO,RENOVACIÓN,"A.2.1, B.1",30/dic/2025,30/dic/2025,30/dic/2030,VIGENTE
MASCULINO,VENADO TUERTO,RENOVACIÓN,B.2,30/dic/2025,30/dic/2025,30/dic/2026,VIGENTE
FEMENINO,VENADO TUERTO,RENOVACIÓN,A.2.1,30/dic/2025,30/dic/2025,30/dic/2030,VIGENTE
MASCULINO,VENADO TUERTO,RENOVACIÓN,"A.2.1, B.2, C",30/dic/2025,30/dic/2025,30/dic/2030,VIGENTE
FEMENINO,VENADO TUERTO,DUPLICADO,B.2,30/dic/2025,30/dic/2025,21/mar/2030,VIGENTE
FEMENINO,VENADO TUERTO,RENOVACIÓN,"A.2.1, B.2",30/dic/2025,30/dic/2025,30/dic/2030,VIGENTE
MASCULINO,VENADO TUERTO,RENOVACIÓN,B.2,30/dic/2025,30/dic/2025,30/dic/2030,VIGENTE
MASCULINO,VENADO TUERTO,RENOVACIÓN,"A.2.1, E.1",30/dic/2025,30/dic/2025,30/dic/2030,VIGENTE
MASCULINO,VENADO TUERTO,RENOVACIÓN,"A.3, E.1",30/dic/2025,30/dic/2025,30/dic/2027,VIGENTE
MASCULINO,VENADO TUERTO,RENOVACIÓN,B.2,30/dic/2025,30/dic/2025,30/dic/2028,VIGENTE
FEMENINO,VENADO TUERTO,ORIGINAL,A.2.1,30/dic/2025,30/dic/2025,30/dic/2030,VIGENTE
MASCULINO,VENADO TUERTO,ORIGINAL,A.2.1,30/dic/2025,30/dic/2025,30/dic/2026,VIGENTE
MASCULINO,VENADO TUERTO,RENOVACIÓN,B.2,30/dic/2025,30/dic/2025,30/dic/2030,VIGENTE
MASCULINO,SAN EDUARDO,DUPLICADO,"A.3, B.2",30/dic/2025,30/dic/2025,25/oct/2030,VIGENTE
MASCULINO,SAN EDUARDO,RENOVACIÓN,E.1,30/dic/2025,30/dic/2025,30/dic/2028,VIGENTE
MASCULINO,VENADO TUERTO,RENOVACIÓN,B.2,30/dic/2025,30/dic/2025,30/dic/2028,VIGENTE
FEMENINO,VENADO TUERTO,ORIGINAL,B.2,30/dic/2025,30/dic/2025,30/dic/2030,VIGENTE
MASCULINO,VENADO TUERTO,RENOVACIÓN,"A.3, B.2",30/dic/2025,30/dic/2025,30/dic/2030,VIGENTE
FEMENINO,VENADO TUERTO,RENOVACIÓN,"A.2.1, B.1",30/dic/2025,30/dic/2025,30/dic/2030,VIGENTE
MASCULINO,VENADO TUERTO,RENOVACIÓN,"A.2.1, B.2",30/dic/2025,30/dic/2025,30/dic/2028,VIGENTE
MASCULINO,VENADO TUERTO,RENOVACIÓN,"A.2.1, B.1, E.2",30/dic/2025,30/dic/2025,30/dic/2030,VIGENTE
FEMENINO,VENADO TUERTO,RENOVACIÓN,"A.2.1, B.1",30/dic/2025,30/dic/2025,30/dic/2030,VIGENTE
FEMENINO,VENADO TUERTO,RENOVACIÓN,B.2,30/dic/2025,30/dic/2025,30/dic/2030,VIGENTE
FEMENINO,VENADO TUERTO,RENOVACIÓN,"A.2.1, B.2",30/dic/2025,30/dic/2025,30/dic/2030,VIGENTE
MASCULINO,VENADO TUERTO,RENOVACIÓN,"A.3, B.2",30/dic/2025,30/dic/2025,30/dic/2030,VIGENTE
MASCULINO,VENADO TUERTO,RENOVACIÓN CON AMPLIACIÓN,"A.3, B.2",30/dic/2025,30/dic/2025,30/dic/2030,VIGENTE
FEMENINO,VENADO TUERTO,RENOVACIÓN,B.1,30/dic/2025,30/dic/2025,30/dic/2030,VIGENTE
MASCULINO,VENADO TUERTO,RENOVACIÓN,"A.2.1, B.2",30/dic/2025,30/dic/2025,30/dic/2030,VIGENTE
FEMENINO,VENADO TUERTO,RENOVACIÓN,A.2.1,30/dic/2025,30/dic/2025,30/dic/2028,VIGENTE
FEMENINO,VENADO TUERTO,RENOVACIÓN,A.2.1,30/dic/2025,30/dic/2025,30/dic/2030,VIGENTE
MASCULINO,VENADO TUERTO,RENOVACIÓN,B.1,30/dic/2025,30/dic/2025,30/dic/2028,VIGENTE
FEMENINO,VENADO TUERTO,RENOVACIÓN,B.1,30/dic/2025,30/dic/2025,30/dic/2030,VIGENTE
FEMENINO,VENADO TUERTO,RENOVACIÓN,B.2,30/dic/2025,30/dic/2025,30/dic/2026,VIGENTE
MASCULINO,VENADO TUERTO,RENOVACIÓN,"A.2.2, B.1",30/dic/2025,30/dic/2025,30/dic/2030,VIGENTE
MASCULINO,VENADO TUERTO,RENOVACIÓN,"B.2, G.2",30/dic/2025,30/dic/2025,30/dic/2030,VIGENTE
MASCULINO,VENADO TUERTO,RENOVACIÓN,"A.2.1, E.1",30/dic/2025,30/dic/2025,30/mar/2026,VIGENTE
MASCULINO,VENADO TUERTO,ORIGINAL,"A.3, B.2, D.3",30/dic/2025,30/dic/2025,30/dic/2028,VIGENTE
MASCULINO,VENADO TUERTO,RENOVACIÓN CON AMPLIACIÓN,"A.2.2, B.2",30/dic/2025,30/dic/2025,30/dic/2030,VIGENTE
MASCULINO,VENADO TUERTO,RENOVACIÓN,A.2.1,30/dic/2025,30/dic/2025,30/dic/2028,VIGENTE
MASCULINO,VENADO TUERTO,RENOVACIÓN,"A.2.1, B.2",30/dic/2025,30/dic/2025,30/dic/2030,VIGENTE
MASCULINO,VENADO TUERTO,ORIGINAL,A.2.1,30/dic/2025,30/dic/2025,30/dic/2030,VIGENTE
FEMENINO,VENADO TUERTO,RENOVACIÓN,B.2,30/dic/2025,30/dic/2025,30/dic/2030,VIGENTE
MASCULINO,VENADO TUERTO,RENOVACIÓN,"A.2.2, B.2, C",30/dic/2025,30/dic/2025,30/dic/2030,VIGENTE
MASCULINO,VENADO TUERTO,ORIGINAL,B.1,30/dic/2025,30/dic/2025,30/dic/2026,VIGENTE
FEMENINO,VENADO TUERTO,ORIGINAL,A.2.1,30/dic/2025,30/dic/2025,30/dic/2026,VIGENTE
FEMENINO,VENADO TUERTO,RENOVACIÓN,"A.2.1, B.2",30/dic/2025,30/dic/2025,30/dic/2026,VIGENTE
MASCULINO,VENADO TUERTO,RENOVACIÓN,A.2.1,30/dic/2025,30/dic/2025,30/dic/2028,NO VIGENTE
FEMENINO,VENADO TUERTO,ORIGINAL,B.1,30/dic/2025,30/dic/2025,30/dic/2026,VIGENTE
FEMENINO,VENADO TUERTO,RENOVACIÓN,B.2,30/dic/2025,30/dic/2025,30/dic/2030,VIGENTE
FEMENINO,VENADO TUERTO,RENOVACIÓN CON AMPLIACIÓN,"A.2.1, B.2",30/dic/2025,30/dic/2025,30/dic/2030,VIGENTE
MASCULINO,VENADO TUERTO,RENOVACIÓN,"B.2, G.1",30/dic/2025,30/dic/2025,30/dic/2030,VIGENTE
FEMENINO,VENADO TUERTO,RENOVACIÓN,"A.2.1, B.2",30/dic/2025,30/dic/2025,30/dic/2030,VIGENTE
FEMENINO,VENADO TUERTO,RENOVACIÓN,B.2,30/dic/2025,30/dic/2025,30/dic/2030,VIGENTE
MASCULINO,VENADO TUERTO,RENOVACIÓN,"A.2.1, B.2",30/dic/2025,30/dic/2025,30/dic/2030,VIGENTE