genero,localidad,tipo_tramite,clase,fecha_otorgamiento,fecha_inicio_tramite,fecha_vencimiento,estado_licencia
FEMENINO,VENADO TUERTO,ORIGINAL,A.2.1,2/ene/2025,22/ene/2024,2/ene/2026,VIGENTE
MASCULINO,VENADO TUERTO,ORIGINAL,B.1,2/ene/2025,13/dic/2024,2/ene/2026,VIGENTE
FEMENINO,VENADO TUERTO,ORIGINAL,"A.2.1, B.1",2/ene/2025,16/dic/2024,2/ene/2030,VIGENTE
MASCULINO,VENADO TUERTO,ORIGINAL,"A.2.1, B.2",2/ene/2025,18/dic/2024,2/ene/2030,VIGENTE
FEMENINO,VENADO TUERTO,ORIGINAL,A.2.1,2/ene/2025,18/dic/2024,2/ene/2026,VIGENTE
FEMENINO,VENADO TUERTO,ORIGINAL,A.2.1,2/ene/2025,20/dic/2024,2/ene/2030,VIGENTE
MASCULINO,VENADO TUERTO,ORIGINAL,"A.2.1, B.1",2/ene/2025,30/dic/2024,2/ene/2026,VIGENTE
MASCULINO,VENADO TUERTO,ORIGINAL,A.2.1,2/ene/2025,30/dic/2024,2/ene/2026,VIGENTE
FEMENINO,VENADO TUERTO,RENOVACIÓN,A.2.1,2/ene/2025,2/ene/2025,2/ene/2028,VIGENTE
MASCULINO,VENADO TUERTO,DUPLICADO POR CAMBIO DE DATOS,E.1,2/ene/2025,2/ene/2025,19/nov/2026,VIGENTE
MASCULINO,VENADO TUERTO,RENOVACIÓN,B.2,2/ene/2025,2/ene/2025,2/ene/2026,VIGENTE
FEMENINO,VENADO TUERTO,ORIGINAL,A.2.1,2/ene/2025,2/ene/2025,2/ene/2030,VIGENTE
MASCULINO,VENADO TUERTO,RENOVACIÓN,"A.3, B.2",2/ene/2025,2/ene/2025,2/ene/2030,VIGENTE
FEMENINO,VENADO TUERTO,RENOVACIÓN,A.2.1,2/ene/2025,2/ene/2025,2/ene/2030,VIGENTE
MASCULINO,VENADO TUERTO,RENOVACIÓN,E.1,2/ene/2025,2/ene/2025,2/ene/2027,VIGENTE
MASCULINO,SAN EDUARDO,RENOVACIÓN,"B.2, G.1, G.2",2/ene/2025,2/ene/2025,2/ene/2030,VIGENTE
MASCULINO,VENADO TUERTO,ORIGINAL,"A.2.1, E.1",2/ene/2025,2/ene/2025,2/ene/2027,VIGENTE
MASCULINO,VENADO TUERTO,RENOVACIÓN,"A.2.2, B.2",2/ene/2025,2/ene/2025,2/ene/2026,VIGENTE
FEMENINO,VENADO TUERTO,RENOVACIÓN,"A.2.1, B.2",2/ene/2025,2/ene/2025,2/ene/2030,VIGENTE
FEMENINO,VENADO TUERTO,RENOVACIÓN,"A.2.1, B.1",2/ene/2025,2/ene/2025,2/ene/2028,VIGENTE
MASCULINO,VENADO TUERTO,ORIGINAL,A.2.1,2/ene/2025,2/ene/2025,2/ene/2030,VIGENTE
MASCULINO,VENADO TUERTO,RENOVACIÓN,B.2,2/ene/2025,2/ene/2025,2/ene/2026,VIGENTE
FEMENINO,VENADO TUERTO,RENOVACIÓN,A.2.1,2/ene/2025,2/ene/2025,2/ene/2030,VIGENTE
FEMENINO,VENADO TUERTO,ORIGINAL,B.1,2/ene/2025,2/ene/2025,2/ene/2026,VIGENTE
FEMENINO,VENADO TUERTO,RENOVACIÓN,B.2,2/ene/2025,2/ene/2025,2/ene/2030,VIGENTE
FEMENINO,VENADO TUERTO,RENOVACIÓN,B.2,2/ene/2025,2/ene/2025,2/ene/2030,VIGENTE
MASCULINO,VENADO TUERTO,RENOVACIÓN,"A.2.1, B.2",2/ene/2025,2/ene/2025,2/ene/2030,VIGENTE
MASCULINO,VENADO TUERTO,RENOVACIÓN,"A.2.1, B.1",2/ene/2025,2/ene/2025,2/ene/2030,VIGENTE
FEMENINO,VENADO TUERTO,RENOVACIÓN,B.2,2/ene/2025,2/ene/2025,2/ene/2030,VIGENTE
FEMENINO,VENADO TUERTO,ORIGINAL,"A.2.1, B.1",2/ene/2025,2/ene/2025,2/ene/2026,VIGENTE
MASCULINO,VENADO TUERTO,RENOVACIÓN,"A.3, E.1",2/ene/2025,2/ene/2025,2/ene/2026,VIGENTE
MASCULINO,VENADO TUERTO,RENOVACIÓN CON AMPLIACIÓN,"A.2.2, E.1",2/ene/2025,2/ene/2025,2/ene/2026,VIGENTE
FEMENINO,VENADO TUERTO,RENOVACIÓN,B.2,2/ene/2025,2/ene/2025,2/ene/2026,VIGENTE
FEMENINO,VENADO TUERTO,RENOVACIÓN,B.1,2/ene/2025,2/ene/2025,2/ene/2030,VIGENTE
FEMENINO,VENADO TUERTO,RENOVACIÓN,B.2,2/ene/2025,2/ene/2025,2/ene/2026,VIGENTE
FEMENINO,VENADO TUERTO,RENOVACIÓN,B.2,2/ene/2025,2/ene/2025,2/ene/2030,VIGENTE
FEMENINO,VENADO TUERTO,RENOVACIÓN,"A.2.1, B.1",2/ene/2025,2/ene/2025,2/ene/2030,VIGENTE
MASCULINO,VENADO TUERTO,RENOVACIÓN,D.1,2/ene/2025,2/ene/2025,2/ene/2026,VIGENTE
MASCULINO,VENADO TUERTO,RENOVACIÓN CON AMPLIACIÓN,"A.2.1, B.1",2/ene/2025,2/ene/2025,2/ene/2030,VIGENTE
MASCULINO,VENADO TUERTO,RENOVACIÓN,D.1,2/ene/2025,2/ene/2025,2/ene/2026,VIGENTE
MASCULINO,VENADO TUERTO,RENOVACIÓN,"A.2.1, E.1",2/ene/2025,2/ene/2025,2/ene/2026,VIGENTE
FEMENINO,VENADO TUERTO,ORIGINAL,A.2.1,2/ene/2025,2/ene/2025,2/ene/2030,VIGENTE
MASCULINO,VENADO TUERTO,RENOVACIÓN,"A.2.1, B.1",2/ene/2025,2/ene/2025,2/ene/2030,VIGENTE
MASCULINO,VENADO TUERTO,RENOVACIÓN,B.1,2/ene/2025,2/ene/2025,2/ene/2030,VIGENTE
FEMENINO,VENADO TUERTO,RENOVACIÓN,B.1,2/ene/2025,2/ene/2025,2/ene/2030,VIGENTE
MASCULINO,VENADO TUERTO,RENOVACIÓN,"A.2.2, E.1",2/ene/2025,2/ene/2025,2/ene/2027,VIGENTE
FEMENINO,VENADO TUERTO,ORIGINAL,B.1,2/ene/2025,2/ene/2025,2/ene/2030,VIGENTE
MASCULINO,VENADO TUERTO,RENOVACIÓN,"A.2.2, E.1, E.2, G.1, G.2",2/ene/2025,2/ene/2025,2/ene/2026,VIGENTE
MASCULINO,VENADO TUERTO,RENOVACIÓN,"A.2.1, B.2",2/ene/2025,2/ene/2025,2/ene/2026,VIGENTE
MASCULINO,VENADO TUERTO,RENOVACIÓN,"A.2.1, B.1",2/ene/2025,2/ene/2025,2/ene/2030,VIGENTE
MASCULINO,VENADO TUERTO,RENOVACIÓN,A.2.1,2/ene/2025,2/ene/2025,2/ene/2030,VIGENTE
FEMENINO,VENADO TUERTO,RENOVACIÓN,B.2,2/ene/2025,2/ene/2025,2/ene/2030,VIGENTE
MASCULINO,VENADO TUERTO,RENOVACIÓN CON AMPLIACIÓN,"A.3, B.2",2/ene/2025,2/ene/2025,2/ene/2030,VIGENTE
MASCULINO,VENADO TUERTO,RENOVACIÓN,"A.2.2, D.3, E.1",2/ene/2025,2/ene/2025,2/ene/2026,VIGENTE
MASCULINO,VENADO TUERTO,RENOVACIÓN,E.1,2/ene/2025,2/ene/2025,2/ene/2026,VIGENTE
MASCULINO,VENADO TUERTO,RENOVACIÓN,"A.2.1, E.1",2/ene/2025,2/ene/2025,2/ene/2027,VIGENTE
MASCULINO,VENADO TUERTO,RENOVACIÓN CON AMPLIACIÓN,"A.2.1, B.2",2/ene/2025,2/ene/2025,2/ene/2030,VIGENTE
FEMENINO,VENADO TUERTO,RENOVACIÓN,B.1,2/ene/2025,2/ene/2025,2/ene/2026,VIGENTE
MASCULINO,VENADO TUERTO,ORIGINAL,B.2,2/ene/2025,2/ene/2025,2/ene/2030,NO VIGENTE
FEMENINO,VENADO TUERTO,RENOVACIÓN,A.2.1,2/ene/2025,2/ene/2025,2/ene/2030,VIGENTE
MASCULINO,VENADO TUERTO,RENOVACIÓN,"A.2.1, B.1",2/ene/2025,2/ene/2025,2/ene/2030,VIGENTE
MASCULINO,VENADO TUERTO,RENOVACIÓN,"A.2.1, B.1",2/ene/2025,2/ene/2025,2/ene/2028,VIGENTE
MASCULINO,VENADO TUERTO,RENOVACIÓN,E.1,2/ene/2025,2/ene/2025,2/ene/2026,VIGENTE
MASCULINO,VENADO TUERTO,RENOVACIÓN,"A.2.1, B.2",2/ene/2025,2/ene/2025,2/ene/2026,VIGENTE
MASCULINO,VENADO TUERTO,ORIGINAL,A.2.1,3/ene/2025,23/dic/2024,3/ene/2030,VIGENTE
FEMENINO,VENADO TUERTO,ORIGINAL,A.2.1,3/ene/2025,27/dic/2024,3/ene/2026,VIGENTE
MASCULINO,VENADO TUERTO,RENOVACIÓN CON AMPLIACIÓN,"A.2.1, E.1",3/ene/2025,2/ene/2025,3/ene/2027,VIGENTE
MASCULINO,VENADO TUERTO,RENOVACIÓN,"E.1, E.2",3/ene/2025,3/ene/2025,3/ene/2026,VIGENTE
FEMENINO,VENADO TUERTO,RENOVACIÓN,B.2,3/ene/2025,3/ene/2025,3/ene/2026,VIGENTE
MASCULINO,VENADO TUERTO,ORIGINAL,B.1,3/ene/2025,3/ene/2025,3/ene/2026,VIGENTE
MASCULINO,VENADO TUERTO,RENOVACIÓN,"A.2.1, E.1, E.2, G.1, G.2",3/ene/2025,3/ene/2025,3/ene/2027,VIGENTE
MASCULINO,VENADO TUERTO,RENOVACIÓN,"A.2.1, B.1",3/ene/2025,3/ene/2025,3/ene/2028,VIGENTE
MASCULINO,VENADO TUERTO,RENOVACIÓN,"A.2.2, E.1, E.2",3/ene/2025,3/ene/2025,3/ene/2027,VIGENTE
MASCULINO,VENADO TUERTO,RENOVACIÓN,"A.2.1, B.2",3/ene/2025,3/ene/2025,3/ene/2026,VIGENTE
MASCULINO,VENADO TUERTO,RENOVACIÓN,"A.3, E.1",3/ene/2025,3/ene/2025,3/ene/2026,VIGENTE
FEMENINO,VENADO TUERTO,RENOVACIÓN,A.2.1,3/ene/2025,3/ene/2025,3/ene/2030,VIGENTE
MASCULINO,VENADO TUERTO,RENOVACIÓN CON AMPLIACIÓN,"A.3, E.1",3/ene/2025,3/ene/2025,3/ene/2026,VIGENTE
MASCULINO,VENADO TUERTO,RENOVACIÓN,"A.3, B.2, D.1, D.3",3/ene/2025,3/ene/2025,3/ene/2027,VIGENTE
FEMENINO,VENADO TUERTO,RENOVACIÓN,B.1,3/ene/2025,3/ene/2025,3/ene/2030,VIGENTE
MASCULINO,VENADO TUERTO,RENOVACIÓN,"A.2.2, E.1, E.2",3/ene/2025,3/ene/2025,3/ene/2027,VIGENTE
FEMENINO,VENADO TUERTO,ORIGINAL,B.1,3/ene/2025,3/ene/2025,3/ene/2030,VIGENTE
MASCULINO,VENADO TUERTO,RENOVACIÓN,B.2,3/ene/2025,3/ene/2025,3/ene/2030,VIGENTE
MASCULINO,VENADO TUERTO,RENOVACIÓN,E.1,3/ene/2025,3/ene/2025,3/ene/2027,VIGENTE
MASCULINO,VENADO TUERTO,RENOVACIÓN,B.2,3/ene/2025,3/ene/2025,3/ene/2030,VIGENTE
FEMENINO,VENADO TUERTO,ORIGINAL,A.2.1,3/ene/2025,3/ene/2025,3/ene/2030,VIGENTE
MASCULINO,VENADO TUERTO,ORIGINAL,"A.2.1, B.2",3/ene/2025,3/ene/2025,3/ene/2030,VIGENTE
FEMENINO,VENADO TUERTO,ORIGINAL,A.2.1,3/ene/2025,3/ene/2025,3/ene/2030,VIGENTE
MASCULINO,VENADO TUERTO,RENOVACIÓN,A.2.2,3/ene/2025,3/ene/2025,3/ene/2030,VIGENTE
FEMENINO,VENADO TUERTO,RENOVACIÓN,B.2,3/ene/2025,3/ene/2025,3/ene/2030,VIGENTE
MASCULINO,VENADO TUERTO,RENOVACIÓN,B.2,3/ene/2025,3/ene/2025,3/ene/2026,VIGENTE
FEMENINO,VENADO TUERTO,RENOVACIÓN CON AMPLIACIÓN,"A.2.1, B.1",3/ene/2025,3/ene/2025,3/ene/2030,VIGENTE
MASCULINO,VENADO TUERTO,DUPLICADO,"A.2.1, E.1",3/ene/2025,3/ene/2025,23/ago/2025,VIGENTE
MASCULINO,VENADO TUERTO,RENOVACIÓN,"A.2.2, E.1, E.2, G.1",3/ene/2025,3/ene/2025,3/ene/2026,VIGENTE
MASCULINO,VENADO TUERTO,RENOVACIÓN,B.1,3/ene/2025,3/ene/2025,3/ene/2030,VIGENTE
MASCULINO,VENADO TUERTO,ORIGINAL,"A.3, B.2",3/ene/2025,3/ene/2025,3/ene/2030,VIGENTE
MASCULINO,VENADO TUERTO,RENOVACIÓN,B.2,3/ene/2025,3/ene/2025,3/ene/2030,VIGENTE
MASCULINO,VENADO TUERTO,RENOVACIÓN,B.2,3/ene/2025,3/ene/2025,3/ene/2026,VIGENTE
FEMENINO,VENADO TUERTO,RENOVACIÓN,A.2.1,3/ene/2025,3/ene/2025,3/ene/2030,VIGENTE
MASCULINO,VENADO TUERTO,RENOVACIÓN,E.1,3/ene/2025,3/ene/2025,3/ene/2026,VIGENTE
FEMENINO,VENADO TUERTO,ORIGINAL,B.1,3/ene/2025,3/ene/2025,3/ene/2026,VIGENTE
MASCULINO,VENADO TUERTO,RENOVACIÓN,"A.2.2, B.2",3/ene/2025,3/ene/2025,3/ene/2030,VIGENTE
MASCULINO,VENADO TUERTO,RENOVACIÓN,"A.2.2, E.1",3/ene/2025,3/ene/2025,3/ene/2026,VIGENTE
MASCULINO,VENADO TUERTO,RENOVACIÓN CON AMPLIACIÓN,"A.3, D.1, D.3, E.1",3/ene/2025,3/ene/2025,3/ene/2027,VIGENTE
MASCULINO,VENADO TUERTO,RENOVACIÓN,"A.2.2, E.1, E.2, G.1",3/ene/2025,3/ene/2025,3/ene/2026,VIGENTE
FEMENINO,VENADO TUERTO,RENOVACIÓN,"A.2.1, B.2",3/ene/2025,3/ene/2025,3/ene/2030,VIGENTE
FEMENINO,VENADO TUERTO,ORIGINAL,A.2.1,3/ene/2025,3/ene/2025,3/ene/2030,VIGENTE
MASCULINO,VENADO TUERTO,RENOVACIÓN,"A.2.1, B.1",3/ene/2025,3/ene/2025,3/ene/2028,VIGENTE
MASCULINO,VENADO TUERTO,RENOVACIÓN,"A.2.1, B.2",3/ene/2025,3/ene/2025,3/ene/2030,VIGENTE
MASCULINO,VENADO TUERTO,RENOVACIÓN,B.2,3/ene/2025,3/ene/2025,3/ene/2030,VIGENTE
FEMENINO,VENADO TUERTO,RENOVACIÓN,B.1,3/ene/2025,3/ene/2025,3/ene/2028,VIGENTE
MASCULINO,VENADO TUERTO,RENOVACIÓN,E.1,3/ene/2025,3/ene/2025,3/ene/2027,VIGENTE
MASCULINO,VENADO TUERTO,RENOVACIÓN,B.1,3/ene/2025,3/ene/2025,3/ene/2028,VIGENTE
MASCULINO,VENADO TUERTO,RENOVACIÓN,"A.3, B.2",3/ene/2025,3/ene/2025,3/ene/2026,VIGENTE
MASCULINO,VENADO TUERTO,RENOVACIÓN CON AMPLIACIÓN,"A.2.2, B.1",3/ene/2025,3/ene/2025,3/ene/2030,VIGENTE
MASCULINO,VENADO TUERTO,RENOVACIÓN CON AMPLIACIÓN,"A.3, B.2",3/ene/2025,3/ene/2025,3/ene/2030,VIGENTE
FEMENINO,VENADO TUERTO,RENOVACIÓN,B.2,3/ene/2025,3/ene/2025,3/ene/2030,VIGENTE
FEMENINO,VENADO TUERTO,RENOVACIÓN,B.2,3/ene/2025,3/ene/2025,3/ene/2030,VIGENTE
MASCULINO,VENADO TUERTO,RENOVACIÓN,B.2,3/ene/2025,3/ene/2025,3/ene/2026,VIGENTE
MASCULINO,VENADO TUERTO,RENOVACIÓN,"A.2.1, B.2",3/ene/2025,3/ene/2025,3/ene/2030,VIGENTE
MASCULINO,VENADO TUERTO,RENOVACIÓN,B.2,3/ene/2025,3/ene/2025,3/ene/2026,VIGENTE
MASCULINO,VENADO TUERTO,RENOVACIÓN,"A.2.1, B.1",3/ene/2025,3/ene/2025,3/ene/2026,VIGENTE
MASCULINO,VENADO TUERTO,RENOVACIÓN,"A.2.2, B.1",3/ene/2025,3/ene/2025,3/ene/2030,VIGENTE
FEMENINO,VENADO TUERTO,ORIGINAL,B.1,3/ene/2025,3/ene/2025,3/ene/2026,VIGENTE
FEMENINO,VENADO TUERTO,RENOVACIÓN,B.2,3/ene/2025,3/ene/2025,3/ene/2030,VIGENTE
MASCULINO,VENADO TUERTO,RENOVACIÓN,B.2,3/ene/2025,3/ene/2025,3/ene/2026,VIGENTE
FEMENINO,VENADO TUERTO,RENOVACIÓN,B.2,3/ene/2025,3/ene/2025,3/ene/2026,VIGENTE
MASCULINO,VENADO TUERTO,ORIGINAL,"A.2.2, B.2",3/ene/2025,3/ene/2025,3/ene/2030,VIGENTE
MASCULINO,VENADO TUERTO,ORIGINAL,A.2.1,3/ene/2025,3/ene/2025,3/ene/2026,VIGENTE
MASCULINO,VENADO TUERTO,RENOVACIÓN,"E.1, E.2",3/ene/2025,3/ene/2025,3/ene/2026,VIGENTE
MASCULINO,VENADO TUERTO,RENOVACIÓN,"A.2.1, B.2",3/ene/2025,3/ene/2025,3/ene/2030,VIGENTE
MASCULINO,VENADO TUERTO,RENOVACIÓN,"A.3, B.2",3/ene/2025,3/ene/2025,3/ene/2026,VIGENTE
FEMENINO,VENADO TUERTO,RENOVACIÓN,B.1,3/ene/2025,3/ene/2025,3/ene/2028,VIGENTE
MASCULINO,VENADO TUERTO,RENOVACIÓN,B.2,3/ene/2025,3/ene/2025,3/ene/2030,VIGENTE
FEMENINO,VENADO TUERTO,RENOVACIÓN CON AMPLIACIÓN,"A.2.1, B.2",3/ene/2025,3/ene/2025,3/ene/2030,VIGENTE
FEMENINO,VENADO TUERTO,RENOVACIÓN,B.1,3/ene/2025,3/ene/2025,3/ene/2030,VIGENTE
MASCULINO,VENADO TUERTO,RENOVACIÓN CON AMPLIACIÓN,"A.3, B.2",3/ene/2025,3/ene/2025,3/ene/2030,VIGENTE
MASCULINO,VENADO TUERTO,RENOVACIÓN,"A.2.1, B.2",3/ene/2025,3/ene/2025,3/ene/2030,VIGENTE
MASCULINO,VENADO TUERTO,RENOVACIÓN,"A.3, E.1",3/ene/2025,3/ene/2025,3/ene/2027,VIGENTE
MASCULINO,VENADO TUERTO,RENOVACIÓN CON AMPLIACIÓN,"A.3, B.2",6/ene/2025,20/nov/2024,6/ene/2030,VIGENTE
MASCULINO,VENADO TUERTO,ORIGINAL,"A.2.1, B.1",6/ene/2025,28/nov/2024,6/ene/2026,VIGENTE
MASCULINO,VENADO TUERTO,ORIGINAL,A.2.1,6/ene/2025,10/dic/2024,6/ene/2026,VIGENTE
MASCULINO,VENADO TUERTO,ORIGINAL,A.2.1,6/ene/2025,11/dic/2024,6/ene/2030,VIGENTE
FEMENINO,VENADO TUERTO,ORIGINAL,A.2.1,6/ene/2025,20/dic/2024,6/ene/2030,VIGENTE
MASCULINO,VENADO TUERTO,ORIGINAL,B.1,6/ene/2025,26/dic/2024,6/ene/2026,VIGENTE
MASCULINO,VENADO TUERTO,ORIGINAL,"A.2.1, B.2",6/ene/2025,26/dic/2024,6/ene/2030,VIGENTE
FEMENINO,VENADO TUERTO,ORIGINAL,A.2.1,6/ene/2025,3/ene/2025,6/ene/2030,VIGENTE
MASCULINO,VENADO TUERTO,RENOVACIÓN,B.2,6/ene/2025,6/ene/2025,6/ene/2030,VIGENTE
MASCULINO,VENADO TUERTO,RENOVACIÓN,B.2,6/ene/2025,6/ene/2025,6/ene/2026,VIGENTE
FEMENINO,VENADO TUERTO,RENOVACIÓN,B.1,6/ene/2025,6/ene/2025,6/ene/2030,VIGENTE
FEMENINO,VENADO TUERTO,RENOVACIÓN,"A.2.1, B.2",6/ene/2025,6/ene/2025,6/ene/2030,VIGENTE
FEMENINO,VENADO TUERTO,ORIGINAL,"A.2.1, B.1",6/ene/2025,6/ene/2025,6/ene/2026,VIGENTE
MASCULINO,VENADO TUERTO,RENOVACIÓN,"A.3, B.2",6/ene/2025,6/ene/2025,6/ene/2030,VIGENTE
MASCULINO,VENADO TUERTO,RENOVACIÓN,E.1,6/ene/2025,6/ene/2025,6/ene/2026,VIGENTE
FEMENINO,VENADO TUERTO,RENOVACIÓN CON AMPLIACIÓN,"A.2.2, B.2",6/ene/2025,6/ene/2025,6/ene/2030,VIGENTE
MASCULINO,VENADO TUERTO,RENOVACIÓN,B.2,6/ene/2025,6/ene/2025,6/ene/2030,VIGENTE
FEMENINO,VENADO TUERTO,RENOVACIÓN,B.2,6/ene/2025,6/ene/2025,6/ene/2030,VIGENTE
MASCULINO,VENADO TUERTO,RENOVACIÓN CON AMPLIACIÓN,"A.2.1, B.2",6/ene/2025,6/ene/2025,6/ene/2030,VIGENTE
MASCULINO,VENADO TUERTO,RENOVACIÓN,"A.2.1, E.1",6/ene/2025,6/ene/2025,6/ene/2027,VIGENTE
MASCULINO,VENADO TUERTO,RENOVACIÓN,E.1,6/ene/2025,6/ene/2025,6/ene/2027,VIGENTE
MASCULINO,VENADO TUERTO,RENOVACIÓN,B.1,6/ene/2025,6/ene/2025,6/ene/2030,VIGENTE
FEMENINO,VENADO TUERTO,ORIGINAL,"A.2.1, B.1",6/ene/2025,6/ene/2025,6/ene/2026,VIGENTE
FEMENINO,VENADO TUERTO,RENOVACIÓN CON AMPLIACIÓN,"A.2.1, B.1",6/ene/2025,6/ene/2025,6/ene/2030,NO VIGENTE
MASCULINO,VENADO TUERTO,RENOVACIÓN,"A.2.1, E.1, G.1, G.2",6/ene/2025,6/ene/2025,6/ene/2027,VIGENTE
MASCULINO,VENADO TUERTO,RENOVACIÓN,E.1,6/ene/2025,6/ene/2025,6/ene/2026,VIGENTE
MASCULINO,VENADO TUERTO,RENOVACIÓN,B.2,6/ene/2025,6/ene/2025,6/ene/2030,VIGENTE
FEMENINO,VENADO TUERTO,RENOVACIÓN,"A.2.1, B.2",6/ene/2025,6/ene/2025,6/ene/2030,VIGENTE
MASCULINO,VENADO TUERTO,RENOVACIÓN,B.1,6/ene/2025,6/ene/2025,6/ene/2028,VIGENTE
FEMENINO,VENADO TUERTO,RENOVACIÓN,B.2,6/ene/2025,6/ene/2025,6/ene/2026,VIGENTE
FEMENINO,VENADO TUERTO,RENOVACIÓN,"A.2.1, B.2",6/ene/2025,6/ene/2025,6/ene/2030,VIGENTE
MASCULINO,VENADO TUERTO,RENOVACIÓN,E.1,6/ene/2025,6/ene/2025,6/ene/2026,VIGENTE
MASCULINO,VENADO TUERTO,RENOVACIÓN,"A.2.1, B.2",6/ene/2025,6/ene/2025,6/ene/2026,VIGENTE
MASCULINO,VENADO TUERTO,RENOVACIÓN,E.1,6/ene/2025,6/ene/2025,6/ene/2026,VIGENTE
MASCULINO,VENADO TUERTO,RENOVACIÓN,"A.2.1, B.1",6/ene/2025,6/ene/2025,6/ene/2028,VIGENTE
MASCULINO,VENADO TUERTO,RENOVACIÓN,E.1,6/ene/2025,6/ene/2025,6/ene/2027,VIGENTE
MASCULINO,VENADO TUERTO,RENOVACIÓN,"A.2.2, B.2",6/ene/2025,6/ene/2025,6/ene/2030,VIGENTE
MASCULINO,VENADO TUERTO,RENOVACIÓN,B.2,6/ene/2025,6/ene/2025,6/ene/2026,VIGENTE
MASCULINO,VENADO TUERTO,RENOVACIÓN,E.1,6/ene/2025,6/ene/2025,6/ene/2026,VIGENTE
MASCULINO,VENADO TUERTO,RENOVACIÓN,B.2,6/ene/2025,6/ene/2025,6/ene/2026,VIGENTE
MASCULINO,VENADO TUERTO,RENOVACIÓN,"A.2.2, E.1",6/ene/2025,6/ene/2025,6/ene/2026,VIGENTE
MASCULINO,VENADO TUERTO,RENOVACIÓN,"A.2.1, E.1",6/ene/2025,6/ene/2025,6/ene/2027,VIGENTE
MASCULINO,VENADO TUERTO,RENOVACIÓN,A.2.1,6/ene/2025,6/ene/2025,6/ene/2030,VIGENTE
FEMENINO,VENADO TUERTO,RENOVACIÓN,B.2,6/ene/2025,6/ene/2025,6/ene/2030,VIGENTE
FEMENINO,VENADO TUERTO,RENOVACIÓN,"A.2.1, B.2",6/ene/2025,6/ene/2025,6/ene/2030,VIGENTE
FEMENINO,VENADO TUERTO,RENOVACIÓN,"A.2.1, B.1",6/ene/2025,6/ene/2025,6/ene/2030,VIGENTE
MASCULINO,VENADO TUERTO,RENOVACIÓN,"A.3, B.2",6/ene/2025,6/ene/2025,6/ene/2030,VIGENTE
MASCULINO,VENADO TUERTO,RENOVACIÓN,B.2,6/ene/2025,6/ene/2025,6/ene/2026,VIGENTE
FEMENINO,VENADO TUERTO,RENOVACIÓN CON AMPLIACIÓN,"A.2.1, B.2",6/ene/2025,6/ene/2025,6/ene/2028,VIGENTE
MASCULINO,VENADO TUERTO,RENOVACIÓN,"A.2.1, B.1",6/ene/2025,6/ene/2025,6/ene/2030,VIGENTE
MASCULINO,VENADO TUERTO,RENOVACIÓN,"A.2.1, B.2, G.1, G.2",6/ene/2025,6/ene/2025,6/ene/2030,VIGENTE
MASCULINO,VENADO TUERTO,RENOVACIÓN,B.1,6/ene/2025,6/ene/2025,6/ene/2030,VIGENTE
MASCULINO,VENADO TUERTO,RENOVACIÓN,B.2,6/ene/2025,6/ene/2025,6/ene/2030,VIGENTE
MASCULINO,VENADO TUERTO,RENOVACIÓN,A.2.1,6/ene/2025,6/ene/2025,6/ene/2026,VIGENTE
MASCULINO,VENADO TUERTO,RENOVACIÓN,"A.2.1, B.1",6/ene/2025,6/ene/2025,6/ene/2030,VIGENTE
MASCULINO,VENADO TUERTO,RENOVACIÓN,"A.2.1, B.2",6/ene/2025,6/ene/2025,6/ene/2026,VIGENTE
FEMENINO,VENADO TUERTO,RENOVACIÓN,"A.2.1, B.2",6/ene/2025,6/ene/2025,6/ene/2030,VIGENTE
FEMENINO,VENADO TUERTO,RENOVACIÓN,B.2,6/ene/2025,6/ene/2025,6/ene/2030,VIGENTE
MASCULINO,VENADO TUERTO,RENOVACIÓN,"A.2.2, D.1, D.3, E.1",6/ene/2025,6/ene/2025,6/ene/2026,VIGENTE
MASCULINO,VENADO TUERTO,RENOVACIÓN,B.2,6/ene/2025,6/ene/2025,6/ene/2026,VIGENTE
MASCULINO,VENADO TUERTO,RENOVACIÓN,"A.2.1, B.2",6/ene/2025,6/ene/2025,6/ene/2030,VIGENTE
MASCULINO,VENADO TUERTO,RENOVACIÓN,A.2.1,6/ene/2025,6/ene/2025,6/ene/2028,VIGENTE
MASCULINO,VENADO TUERTO,ORIGINAL,B.2,7/ene/2025,14/nov/2024,7/ene/2026,VIGENTE
MASCULINO,VENADO TUERTO,ORIGINAL,A.2.1,7/ene/2025,12/dic/2024,7/ene/2028,VIGENTE
MASCULINO,VENADO TUERTO,ORIGINAL,A.2.1,7/ene/2025,18/dic/2024,7/ene/2026,VIGENTE
MASCULINO,VENADO TUERTO,RENOVACIÓN,B.2,7/ene/2025,19/dic/2024,7/ene/2026,VIGENTE
MASCULINO,VENADO TUERTO,ORIGINAL,B.1,7/ene/2025,26/dic/2024,7/ene/2030,VIGENTE
MASCULINO,VENADO TUERTO,ORIGINAL,"A.2.1, B.1",7/ene/2025,26/dic/2024,7/ene/2030,VIGENTE
MASCULINO,VENADO TUERTO,ORIGINAL,B.1,7/ene/2025,27/dic/2024,7/ene/2026,VIGENTE
FEMENINO,VENADO TUERTO,ORIGINAL,A.2.1,7/ene/2025,6/ene/2025,7/ene/2026,VIGENTE
MASCULINO,VENADO TUERTO,ORIGINAL,B.1,7/ene/2025,7/ene/2025,7/ene/2026,VIGENTE
FEMENINO,VENADO TUERTO,RENOVACIÓN,"A.2.1, B.1",7/ene/2025,7/ene/2025,7/ene/2030,VIGENTE
MASCULINO,VENADO TUERTO,RENOVACIÓN,"A.2.1, E.1",7/ene/2025,7/ene/2025,7/ene/2026,VIGENTE
MASCULINO,VENADO TUERTO,RENOVACIÓN,E.1,7/ene/2025,7/ene/2025,7/ene/2026,VIGENTE
MASCULINO,VENADO TUERTO,RENOVACIÓN,B.1,7/ene/2025,7/ene/2025,7/ene/2030,VIGENTE
MASCULINO,VENADO TUERTO,RENOVACIÓN,"A.3, E.1",7/ene/2025,7/ene/2025,7/ene/2026,VIGENTE
MASCULINO,VENADO TUERTO,RENOVACIÓN,B.2,7/ene/2025,7/ene/2025,7/ene/2028,VIGENTE
MASCULINO,VENADO TUERTO,RENOVACIÓN,"A.2.1, E.1, E.2",7/ene/2025,7/ene/2025,7/ene/2026,VIGENTE
MASCULINO,VENADO TUERTO,ORIGINAL,B.1,7/ene/2025,7/ene/2025,7/ene/2030,VIGENTE
FEMENINO,VENADO TUERTO,RENOVACIÓN CON AMPLIACIÓN,"A.3, B.2",7/ene/2025,7/ene/2025,7/ene/2030,VIGENTE
MASCULINO,VENADO TUERTO,RENOVACIÓN,"A.3, B.2",7/ene/2025,7/ene/2025,7/ene/2030,VIGENTE
MASCULINO,VENADO TUERTO,RENOVACIÓN,B.2,7/ene/2025,7/ene/2025,7/ene/2026,VIGENTE
MASCULINO,VENADO TUERTO,RENOVACIÓN,"A.2.1, B.2",7/ene/2025,7/ene/2025,7/ene/2030,VIGENTE
FEMENINO,VENADO TUERTO,RENOVACIÓN,B.2,7/ene/2025,7/ene/2025,7/ene/2026,VIGENTE
MASCULINO,VENADO TUERTO,RENOVACIÓN,B.1,7/ene/2025,7/ene/2025,7/ene/2030,VIGENTE
FEMENINO,VENADO TUERTO,RENOVACIÓN,"A.2.1, B.1",7/ene/2025,7/ene/2025,7/ene/2030,VIGENTE
MASCULINO,VENADO TUERTO,RENOVACIÓN CON AMPLIACIÓN,"A.3, B.2",7/ene/2025,7/ene/2025,7/ene/2030,VIGENTE
FEMENINO,VENADO TUERTO,RENOVACIÓN,B.2,7/ene/2025,7/ene/2025,7/ene/2030,VIGENTE
MASCULINO,VENADO TUERTO,RENOVACIÓN,"A.2.1, B.1",7/ene/2025,7/ene/2025,7/ene/2030,VIGENTE
MASCULINO,VENADO TUERTO,RENOVACIÓN,"B.2, G.1, G.2",7/ene/2025,7/ene/2025,7/ene/2030,VIGENTE
FEMENINO,VENADO TUERTO,RENOVACIÓN,"A.2.1, B.1",7/ene/2025,7/ene/2025,7/ene/2028,VIGENTE
MASCULINO,VENADO TUERTO,ORIGINAL,B.2,7/ene/2025,7/ene/2025,7/ene/2030,VIGENTE
MASCULINO,VENADO TUERTO,RENOVACIÓN,B.2,7/ene/2025,7/ene/2025,7/ene/2026,VIGENTE
FEMENINO,VENADO TUERTO,RENOVACIÓN,B.2,7/ene/2025,7/ene/2025,7/ene/2030,VIGENTE
MASCULINO,VENADO TUERTO,RENOVACIÓN,"A.3, B.2",7/ene/2025,7/ene/2025,7/ene/2030,VIGENTE
FEMENINO,VENADO TUERTO,RENOVACIÓN,B.2,7/ene/2025,7/ene/2025,7/ene/2030,VIGENTE
FEMENINO,VENADO TUERTO,RENOVACIÓN,B.1,7/ene/2025,7/ene/2025,7/ene/2030,VIGENTE
MASCULINO,VENADO TUERTO,RENOVACIÓN,B.2,7/ene/2025,7/ene/2025,7/ene/2030,VIGENTE
MASCULINO,VENADO TUERTO,ORIGINAL,"A.2.1, B.2",7/ene/2025,7/ene/2025,7/ene/2030,VIGENTE
FEMENINO,VENADO TUERTO,RENOVACIÓN,"A.2.1, B.2",7/ene/2025,7/ene/2025,7/ene/2026,VIGENTE
FEMENINO,VENADO TUERTO,RENOVACIÓN,B.1,7/ene/2025,7/ene/2025,7/ene/2028,VIGENTE
MASCULINO,VENADO TUERTO,RENOVACIÓN,B.2,7/ene/2025,7/ene/2025,7/ene/2026,VIGENTE
MASCULINO,VENADO TUERTO,RENOVACIÓN,"A.3, B.2",7/ene/2025,7/ene/2025,7/ene/2030,VIGENTE
MASCULINO,VENADO TUERTO,RENOVACIÓN CON AMPLIACIÓN,"B.2, F",7/ene/2025,7/ene/2025,7/ene/2030,VIGENTE
FEMENINO,VENADO TUERTO,RENOVACIÓN,"A.2.1, B.1",7/ene/2025,7/ene/2025,7/ene/2030,VIGENTE
MASCULINO,VENADO TUERTO,RENOVACIÓN,"A.2.1, B.2",7/ene/2025,7/ene/2025,7/ene/2028,VIGENTE
FEMENINO,VENADO TUERTO,RENOVACIÓN,"A.2.1, B.1",7/ene/2025,7/ene/2025,7/ene/2030,VIGENTE
FEMENINO,VENADO TUERTO,RENOVACIÓN,"A.2.1, B.2",7/ene/2025,7/ene/2025,7/ene/2030,VIGENTE
MASCULINO,VENADO TUERTO,RENOVACIÓN,"A.3, B.2",7/ene/2025,7/ene/2025,7/ene/2026,VIGENTE
MASCULINO,VENADO TUERTO,RENOVACIÓN CON AMPLIACIÓN,"A.3, B.1",7/ene/2025,7/ene/2025,7/ene/2030,VIGENTE
MASCULINO,VENADO TUERTO,RENOVACIÓN,B.2,7/ene/2025,7/ene/2025,7/ene/2030,VIGENTE
FEMENINO,VENADO TUERTO,RENOVACIÓN,B.1,7/ene/2025,7/ene/2025,7/ene/2030,VIGENTE
MASCULINO,VENADO TUERTO,RENOVACIÓN CON AMPLIACIÓN,"A.3, B.2",7/ene/2025,7/ene/2025,7/ene/2030,VIGENTE
FEMENINO,VENADO TUERTO,RENOVACIÓN,B.2,7/ene/2025,7/ene/2025,7/ene/2026,VIGENTE
MASCULINO,VENADO TUERTO,RENOVACIÓN,B.2,7/ene/2025,7/ene/2025,7/ene/2026,VIGENTE
FEMENINO,VENADO TUERTO,RENOVACIÓN,"A.2.1, B.1",7/ene/2025,7/ene/2025,7/ene/2030,VIGENTE
MASCULINO,VENADO TUERTO,RENOVACIÓN,"A.2.1, B.1",7/ene/2025,7/ene/2025,7/ene/2030,VIGENTE
FEMENINO,VENADO TUERTO,RENOVACIÓN,"A.2.1, B.2",7/ene/2025,7/ene/2025,7/ene/2030,VIGENTE
MASCULINO,VENADO TUERTO,RENOVACIÓN,"A.2.2, B.2",7/ene/2025,7/ene/2025,7/ene/2030,VIGENTE
FEMENINO,VENADO TUERTO,RENOVACIÓN,B.1,7/ene/2025,7/ene/2025,7/ene/2028,VIGENTE
MASCULINO,VENADO TUERTO,RENOVACIÓN CON AMPLIACIÓN,"A.3, B.2",7/ene/2025,7/ene/2025,7/ene/2030,VIGENTE
MASCULINO,VENADO TUERTO,RENOVACIÓN CON AMPLIACIÓN,"A.2.1, B.2",7/ene/2025,7/ene/2025,7/ene/2030,VIGENTE
FEMENINO,VENADO TUERTO,RENOVACIÓN,B.2,7/ene/2025,7/ene/2025,7/ene/2026,VIGENTE
FEMENINO,VENADO TUERTO,RENOVACIÓN CON AMPLIACIÓN,"A.2.1, B.2",7/ene/2025,7/ene/2025,7/ene/2028,VIGENTE
FEMENINO,VENADO TUERTO,DUPLICADO,A.2.1,7/ene/2025,7/ene/2025,16/jul/2025,VIGENTE
MASCULINO,VENADO TUERTO,RENOVACIÓN,"A.2.1, B.2, G.1",7/ene/2025,7/ene/2025,7/ene/2030,VIGENTE
MASCULINO,VENADO TUERTO,ORIGINAL,"A.2.1, B.1",8/ene/2025,6/ene/2025,8/ene/2030,VIGENTE
MASCULINO,VENADO TUERTO,RENOVACIÓN CON AMPLIACIÓN,"A.2.1, B.1",8/ene/2025,6/ene/2025,8/ene/2030,VIGENTE
FEMENINO,VENADO TUERTO,RENOVACIÓN,B.1,8/ene/2025,7/ene/2025,8/ene/2026,VIGENTE
MASCULINO,VENADO TUERTO,RENOVACIÓN CON AMPLIACIÓN,"A.2.1, B.2",8/ene/2025,7/ene/2025,8/ene/2030,VIGENTE
MASCULINO,VENADO TUERTO,RENOVACIÓN CON AMPLIACIÓN,"A.2.1, B.2",8/ene/2025,8/ene/2025,8/ene/2030,VIGENTE
FEMENINO,VENADO TUERTO,RENOVACIÓN,B.2,8/ene/2025,8/ene/2025,8/ene/2030,VIGENTE
MASCULINO,VENADO TUERTO,RENOVACIÓN,"A.2.1, E.1, E.2, G.1",8/ene/2025,8/ene/2025,8/ene/2027,VIGENTE
FEMENINO,VENADO TUERTO,RENOVACIÓN,"A.2.2, B.2",8/ene/2025,8/ene/2025,8/ene/2030,VIGENTE
MASCULINO,VENADO TUERTO,RENOVACIÓN,"A.2.1, E.1, G.1, G.2",8/ene/2025,8/ene/2025,8/ene/2026,VIGENTE
MASCULINO,VENADO TUERTO,RENOVACIÓN,B.2,8/ene/2025,8/ene/2025,8/ene/2026,VIGENTE
FEMENINO,VENADO TUERTO,RENOVACIÓN,"A.2.1, B.2",8/ene/2025,8/ene/2025,8/ene/2030,VIGENTE
MASCULINO,VENADO TUERTO,RENOVACIÓN,"A.2.1, B.1",8/ene/2025,8/ene/2025,8/ene/2028,VIGENTE
FEMENINO,VENADO TUERTO,RENOVACIÓN,B.2,8/ene/2025,8/ene/2025,8/ene/2030,VIGENTE
FEMENINO,VENADO TUERTO,RENOVACIÓN,"A.2.1, B.2",8/ene/2025,8/ene/2025,8/ene/2030,VIGENTE
FEMENINO,VENADO TUERTO,RENOVACIÓN,"A.2.1, B.2",8/ene/2025,8/ene/2025,8/ene/2030,VIGENTE
MASCULINO,VENADO TUERTO,RENOVACIÓN,"B.2, D.1, G.1, G.2",8/ene/2025,8/ene/2025,8/ene/2026,VIGENTE
FEMENINO,VENADO TUERTO,ORIGINAL,B.1,8/ene/2025,8/ene/2025,8/ene/2030,VIGENTE
FEMENINO,VENADO TUERTO,RENOVACIÓN,A.2.1,8/ene/2025,8/ene/2025,8/ene/2030,VIGENTE
MASCULINO,VENADO TUERTO,ORIGINAL,"A.2.1, B.2",8/ene/2025,8/ene/2025,8/ene/2030,VIGENTE
MASCULINO,VENADO TUERTO,RENOVACIÓN,B.2,8/ene/2025,8/ene/2025,8/ene/2026,VIGENTE
MASCULINO,VENADO TUERTO,RENOVACIÓN,B.2,8/ene/2025,8/ene/2025,8/ene/2030,VIGENTE
FEMENINO,VENADO TUERTO,RENOVACIÓN,"A.2.1, B.2",8/ene/2025,8/ene/2025,8/ene/2030,VIGENTE
MASCULINO,VENADO TUERTO,RENOVACIÓN,"A.2.2, B.2",8/ene/2025,8/ene/2025,8/ene/2030,VIGENTE
MASCULINO,VENADO TUERTO,RENOVACIÓN,B.1,8/ene/2025,8/ene/2025,8/ene/2028,VIGENTE
FEMENINO,VENADO TUERTO,RENOVACIÓN,B.2,8/ene/2025,8/ene/2025,8/ene/2026,VIGENTE
MASCULINO,VENADO TUERTO,RENOVACIÓN,"A.2.2, B.2, E.2",8/ene/2025,8/ene/2025,8/ene/2027,VIGENTE
MASCULINO,VENADO TUERTO,RENOVACIÓN,"D.3, E.1",8/ene/2025,8/ene/2025,8/ene/2026,VIGENTE
MASCULINO,VENADO TUERTO,ORIGINAL,G.1,8/ene/2025,8/ene/2025,8/ene/2026,VIGENTE
MASCULINO,VENADO TUERTO,RENOVACIÓN,"A.2.1, E.1",8/ene/2025,8/ene/2025,8/ene/2027,VIGENTE
MASCULINO,VENADO TUERTO,RENOVACIÓN,B.2,8/ene/2025,8/ene/2025,8/ene/2030,VIGENTE
MASCULINO,VENADO TUERTO,RENOVACIÓN,"A.2.1, E.1, G.1",8/ene/2025,8/ene/2025,8/ene/2027,VIGENTE
MASCULINO,VENADO TUERTO,RENOVACIÓN CON AMPLIACIÓN,"A.2.2, D.1, D.3",8/ene/2025,8/ene/2025,8/ene/2026,VIGENTE
MASCULINO,VENADO TUERTO,RENOVACIÓN CON AMPLIACIÓN,"A.2.1, B.2, C",8/ene/2025,8/ene/2025,8/ene/2027,VIGENTE
FEMENINO,VENADO TUERTO,RENOVACIÓN,B.1,8/ene/2025,8/ene/2025,8/ene/2030,VIGENTE
FEMENINO,VENADO TUERTO,RENOVACIÓN,"A.2.1, B.2",8/ene/2025,8/ene/2025,8/ene/2030,VIGENTE
MASCULINO,VENADO TUERTO,RENOVACIÓN,B.2,8/ene/2025,8/ene/2025,8/ene/2030,VIGENTE
MASCULINO,VENADO TUERTO,RENOVACIÓN,"A.3, B.2",8/ene/2025,8/ene/2025,8/ene/2030,VIGENTE
MASCULINO,VENADO TUERTO,RENOVACIÓN,"A.2.2, B.2",8/ene/2025,8/ene/2025,8/ene/2030,VIGENTE
MASCULINO,VENADO TUERTO,RENOVACIÓN,B.2,8/ene/2025,8/ene/2025,8/ene/2026,VIGENTE
MASCULINO,VENADO TUERTO,RENOVACIÓN,"A.3, B.2",8/ene/2025,8/ene/2025,8/ene/2028,VIGENTE
MASCULINO,VENADO TUERTO,RENOVACIÓN,B.2,8/ene/2025,8/ene/2025,8/ene/2026,VIGENTE
MASCULINO,VENADO TUERTO,RENOVACIÓN,B.2,8/ene/2025,8/ene/2025,8/ene/2030,VIGENTE
MASCULINO,VENADO TUERTO,RENOVACIÓN,B.1,8/ene/2025,8/ene/2025,8/ene/2030,VIGENTE
MASCULINO,VENADO TUERTO,RENOVACIÓN,"A.2.1, E.1",8/ene/2025,8/ene/2025,8/ene/2026,VIGENTE
MASCULINO,VENADO TUERTO,RENOVACIÓN,"A.3, E.1",8/ene/2025,8/ene/2025,8/ene/2026,VIGENTE
MASCULINO,VENADO TUERTO,RENOVACIÓN,B.2,8/ene/2025,8/ene/2025,8/ene/2030,VIGENTE
FEMENINO,VENADO TUERTO,RENOVACIÓN,D.1,8/ene/2025,8/ene/2025,8/ene/2026,VIGENTE
MASCULINO,VENADO TUERTO,RENOVACIÓN,B.2,8/ene/2025,8/ene/2025,8/ene/2026,VIGENTE
FEMENINO,VENADO TUERTO,ORIGINAL,"A.2.1, B.1",8/ene/2025,8/ene/2025,8/ene/2030,VIGENTE
MASCULINO,VENADO TUERTO,ORIGINAL,B.1,8/ene/2025,8/ene/2025,8/ene/2026,VIGENTE
MASCULINO,VENADO TUERTO,RENOVACIÓN,B.2,8/ene/2025,8/ene/2025,8/ene/2026,VIGENTE
MASCULINO,VENADO TUERTO,ORIGINAL,"A.2.1, B.2",9/ene/2025,20/mar/2024,9/ene/2030,VIGENTE
FEMENINO,VENADO TUERTO,ORIGINAL,A.2.1,9/ene/2025,6/ene/2025,9/ene/2026,VIGENTE
FEMENINO,VENADO TUERTO,ORIGINAL,B.1,9/ene/2025,8/ene/2025,9/ene/2030,VIGENTE
FEMENINO,VENADO TUERTO,RENOVACIÓN,"A.2.1, B.2",9/ene/2025,9/ene/2025,9/ene/2030,VIGENTE
FEMENINO,VENADO TUERTO,ORIGINAL,"A.2.2, B.2",9/ene/2025,9/ene/2025,9/ene/2030,VIGENTE
MASCULINO,VENADO TUERTO,RENOVACIÓN,B.1,9/ene/2025,9/ene/2025,9/ene/2030,VIGENTE
FEMENINO,VENADO TUERTO,RENOVACIÓN,A.2.1,9/ene/2025,9/ene/2025,9/ene/2026,VIGENTE
MASCULINO,VENADO TUERTO,RENOVACIÓN,B.2,9/ene/2025,9/ene/2025,9/ene/2026,VIGENTE
MASCULINO,VENADO TUERTO,RENOVACIÓN,"A.2.2, B.2",9/ene/2025,9/ene/2025,9/ene/2030,VIGENTE
MASCULINO,VENADO TUERTO,ORIGINAL,B.1,9/ene/2025,9/ene/2025,9/ene/2026,VIGENTE
MASCULINO,VENADO TUERTO,RENOVACIÓN,B.2,9/ene/2025,9/ene/2025,9/ene/2026,VIGENTE
FEMENINO,VENADO TUERTO,RENOVACIÓN,B.2,9/ene/2025,9/ene/2025,9/ene/2026,VIGENTE
MASCULINO,VENADO TUERTO,DUPLICADO,B.2,9/ene/2025,9/ene/2025,3/jul/2029,VIGENTE
FEMENINO,VENADO TUERTO,RENOVACIÓN,B.2,9/ene/2025,9/ene/2025,9/ene/2030,VIGENTE
MASCULINO,VENADO TUERTO,RENOVACIÓN,B.2,9/ene/2025,9/ene/2025,9/ene/2026,VIGENTE
FEMENINO,VENADO TUERTO,RENOVACIÓN,B.1,9/ene/2025,9/ene/2025,9/ene/2030,VIGENTE
FEMENINO,VENADO TUERTO,RENOVACIÓN,B.2,9/ene/2025,9/ene/2025,9/ene/2026,VIGENTE
MASCULINO,VENADO TUERTO,RENOVACIÓN,"A.2.1, E.1, E.2",9/ene/2025,9/ene/2025,9/ene/2027,VIGENTE
MASCULINO,VENADO TUERTO,RENOVACIÓN,B.2,9/ene/2025,9/ene/2025,9/ene/2030,VIGENTE
MASCULINO,VENADO TUERTO,ORIGINAL,B.1,9/ene/2025,9/ene/2025,9/ene/2026,VIGENTE
MASCULINO,VENADO TUERTO,ORIGINAL,A.2.1,9/ene/2025,9/ene/2025,9/ene/2026,VIGENTE
MASCULINO,VENADO TUERTO,RENOVACIÓN,B.1,9/ene/2025,9/ene/2025,9/ene/2026,VIGENTE
MASCULINO,VENADO TUERTO,RENOVACIÓN,B.2,9/ene/2025,9/ene/2025,9/ene/2030,VIGENTE
MASCULINO,VENADO TUERTO,RENOVACIÓN,E.1,9/ene/2025,9/ene/2025,9/ene/2026,VIGENTE
MASCULINO,VENADO TUERTO,RENOVACIÓN,"A.2.1, E.1, E.2, G.1",9/ene/2025,9/ene/2025,9/ene/2026,VIGENTE
MASCULINO,VENADO TUERTO,RENOVACIÓN,B.2,9/ene/2025,9/ene/2025,9/ene/2026,VIGENTE
MASCULINO,VENADO TUERTO,RENOVACIÓN,B.2,9/ene/2025,9/ene/2025,9/ene/2030,VIGENTE
FEMENINO,VENADO TUERTO,RENOVACIÓN,A.2.1,9/ene/2025,9/ene/2025,9/ene/2028,VIGENTE
MASCULINO,VENADO TUERTO,RENOVACIÓN CON AMPLIACIÓN,"A.2.1, B.2",9/ene/2025,9/ene/2025,9/ene/2030,VIGENTE
MASCULINO,VENADO TUERTO,RENOVACIÓN,A.2.1,9/ene/2025,9/ene/2025,9/ene/2028,VIGENTE
MASCULINO,VENADO TUERTO,RENOVACIÓN,B.2,9/ene/2025,9/ene/2025,9/ene/2030,VIGENTE
MASCULINO,VENADO TUERTO,ORIGINAL,A.2.1,9/ene/2025,9/ene/2025,9/ene/2030,VIGENTE
FEMENINO,VENADO TUERTO,RENOVACIÓN,B.2,9/ene/2025,9/ene/2025,9/ene/2026,VIGENTE
FEMENINO,VENADO TUERTO,RENOVACIÓN,"A.2.1, B.2",9/ene/2025,9/ene/2025,9/ene/2030,VIGENTE
MASCULINO,VENADO TUERTO,RENOVACIÓN,"A.2.1, E.1, G.1, G.2",9/ene/2025,9/ene/2025,9/ene/2027,VIGENTE
MASCULINO,SAN EDUARDO,RENOVACIÓN,"A.2.2, B.2",9/ene/2025,9/ene/2025,9/ene/2026,VIGENTE
MASCULINO,VENADO TUERTO,RENOVACIÓN,"A.2.1, B.1, E.2",9/ene/2025,9/ene/2025,9/ene/2027,VIGENTE
FEMENINO,VENADO TUERTO,RENOVACIÓN,B.1,9/ene/2025,9/ene/2025,9/ene/2028,VIGENTE
FEMENINO,VENADO TUERTO,RENOVACIÓN,"A.2.2, B.1",9/ene/2025,9/ene/2025,9/ene/2030,VIGENTE
FEMENINO,VENADO TUERTO,RENOVACIÓN,B.2,9/ene/2025,9/ene/2025,9/ene/2030,VIGENTE
MASCULINO,VENADO TUERTO,RENOVACIÓN,"A.2.1, B.2",9/ene/2025,9/ene/2025,9/ene/2026,VIGENTE
MASCULINO,VENADO TUERTO,RENOVACIÓN,B.2,9/ene/2025,9/ene/2025,9/ene/2026,VIGENTE
MASCULINO,VENADO TUERTO,RENOVACIÓN,B.1,9/ene/2025,9/ene/2025,9/ene/2030,VIGENTE
MASCULINO,VENADO TUERTO,RENOVACIÓN,B.2,9/ene/2025,9/ene/2025,9/ene/2026,VIGENTE
MASCULINO,VENADO TUERTO,RENOVACIÓN,E.1,9/ene/2025,9/ene/2025,9/ene/2026,VIGENTE
MASCULINO,VENADO TUERTO,RENOVACIÓN,"A.2.1, B.1",9/ene/2025,9/ene/2025,9/ene/2030,VIGENTE
MASCULINO,SAN EDUARDO,RENOVACIÓN,"A.2.1, B.1",9/ene/2025,9/ene/2025,9/ene/2030,VIGENTE
FEMENINO,VENADO TUERTO,RENOVACIÓN,B.2,9/ene/2025,9/ene/2025,9/ene/2026,VIGENTE
FEMENINO,VENADO TUERTO,RENOVACIÓN,B.1,9/ene/2025,9/ene/2025,9/ene/2030,VIGENTE
MASCULINO,VENADO TUERTO,RENOVACIÓN,B.2,9/ene/2025,9/ene/2025,9/ene/2028,VIGENTE
FEMENINO,VENADO TUERTO,RENOVACIÓN,"A.2.1, B.1",9/ene/2025,9/ene/2025,9/ene/2030,VIGENTE
MASCULINO,VENADO TUERTO,RENOVACIÓN,B.1,9/ene/2025,9/ene/2025,9/ene/2030,VIGENTE
FEMENINO,VENADO TUERTO,RENOVACIÓN,B.1,9/ene/2025,9/ene/2025,9/ene/2028,VIGENTE
MASCULINO,VENADO TUERTO,ORIGINAL,"A.2.1, B.1",9/ene/2025,9/ene/2025,9/ene/2026,VIGENTE
MASCULINO,VENADO TUERTO,RENOVACIÓN,"B.2, E.2",9/ene/2025,9/ene/2025,9/ene/2027,VIGENTE
MASCULINO,VENADO TUERTO,RENOVACIÓN,B.2,9/ene/2025,9/ene/2025,9/ene/2030,VIGENTE
MASCULINO,VENADO TUERTO,RENOVACIÓN,A.2.1,9/ene/2025,9/ene/2025,9/ene/2028,VIGENTE
FEMENINO,VENADO TUERTO,ORIGINAL,A.2.1,9/ene/2025,9/ene/2025,9/ene/2030,VIGENTE
FEMENINO,VENADO TUERTO,RENOVACIÓN,A.2.1,9/ene/2025,9/ene/2025,9/ene/2030,VIGENTE
FEMENINO,VENADO TUERTO,ORIGINAL,B.1,9/ene/2025,9/ene/2025,9/ene/2030,VIGENTE
FEMENINO,VENADO TUERTO,ORIGINAL,"A.2.1, B.1",10/ene/2025,10/ene/2025,10/ene/2030,VIGENTE
MASCULINO,VENADO TUERTO,ORIGINAL,B.1,10/ene/2025,10/ene/2025,10/ene/2030,VIGENTE
MASCULINO,VENADO TUERTO,RENOVACIÓN,"A.2.1, E.1",10/ene/2025,10/ene/2025,10/ene/2027,VIGENTE
MASCULINO,VENADO TUERTO,RENOVACIÓN,B.2,10/ene/2025,10/ene/2025,10/ene/2026,VIGENTE
MASCULINO,VENADO TUERTO,ORIGINAL,A.2.1,10/ene/2025,10/ene/2025,10/ene/2030,VIGENTE
FEMENINO,VENADO TUERTO,ORIGINAL,B.1,10/ene/2025,10/ene/2025,10/ene/2026,VIGENTE
MASCULINO,VENADO TUERTO,RENOVACIÓN,"A.3, E.1, E.2",10/ene/2025,10/ene/2025,10/ene/2027,VIGENTE
MASCULINO,VENADO TUERTO,ORIGINAL,A.2.1,10/ene/2025,10/ene/2025,10/ene/2030,VIGENTE
MASCULINO,VENADO TUERTO,RENOVACIÓN,B.1,10/ene/2025,10/ene/2025,10/ene/2028,VIGENTE
FEMENINO,VENADO TUERTO,RENOVACIÓN,"A.2.1, B.1",10/ene/2025,10/ene/2025,10/ene/2030,VIGENTE
MASCULINO,VENADO TUERTO,RENOVACIÓN,B.2,10/ene/2025,10/ene/2025,10/ene/2026,VIGENTE
FEMENINO,VENADO TUERTO,DUPLICADO,B.1,10/ene/2025,10/ene/2025,14/mar/2029,VIGENTE
FEMENINO,VENADO TUERTO,RENOVACIÓN,B.2,10/ene/2025,10/ene/2025,10/ene/2026,VIGENTE
MASCULINO,VENADO TUERTO,RENOVACIÓN,B.2,10/ene/2025,10/ene/2025,10/ene/2026,VIGENTE
FEMENINO,VENADO TUERTO,RENOVACIÓN,B.1,10/ene/2025,10/ene/2025,10/ene/2026,VIGENTE
MASCULINO,VENADO TUERTO,RENOVACIÓN,"A.2.1, B.2",10/ene/2025,10/ene/2025,10/ene/2030,VIGENTE
FEMENINO,VENADO TUERTO,RENOVACIÓN,B.1,10/ene/2025,10/ene/2025,10/ene/2030,VIGENTE
FEMENINO,VENADO TUERTO,RENOVACIÓN,"A.2.1, B.2",10/ene/2025,10/ene/2025,10/ene/2030,VIGENTE
MASCULINO,VENADO TUERTO,RENOVACIÓN,"A.3, B.2",10/ene/2025,10/ene/2025,10/ene/2026,VIGENTE
FEMENINO,VENADO TUERTO,RENOVACIÓN,B.2,10/ene/2025,10/ene/2025,10/ene/2030,VIGENTE
MASCULINO,VENADO TUERTO,RENOVACIÓN,"A.3, B.1",10/ene/2025,10/ene/2025,10/ene/2030,VIGENTE
MASCULINO,VENADO TUERTO,RENOVACIÓN CON AMPLIACIÓN,"A.2.1, B.2",10/ene/2025,10/ene/2025,10/ene/2030,VIGENTE
MASCULINO,VENADO TUERTO,ORIGINAL,"A.2.1, B.2",10/ene/2025,10/ene/2025,10/ene/2030,VIGENTE
FEMENINO,VENADO TUERTO,RENOVACIÓN,B.2,10/ene/2025,10/ene/2025,10/ene/2030,VIGENTE
MASCULINO,VENADO TUERTO,RENOVACIÓN,"B.2, G.1, G.2",10/ene/2025,10/ene/2025,10/ene/2030,VIGENTE
FEMENINO,VENADO TUERTO,RENOVACIÓN,A.2.1,10/ene/2025,10/ene/2025,10/ene/2030,VIGENTE
FEMENINO,VENADO TUERTO,RENOVACIÓN,B.2,10/ene/2025,10/ene/2025,10/ene/2026,VIGENTE
MASCULINO,VENADO TUERTO,RENOVACIÓN,"A.2.1, E.1",10/ene/2025,10/ene/2025,10/ene/2026,VIGENTE
MASCULINO,VENADO TUERTO,RENOVACIÓN,"A.2.1, E.1",10/ene/2025,10/ene/2025,10/ene/2027,VIGENTE
FEMENINO,VENADO TUERTO,RENOVACIÓN,B.2,10/ene/2025,10/ene/2025,10/ene/2030,VIGENTE
FEMENINO,VENADO TUERTO,RENOVACIÓN,B.1,10/ene/2025,10/ene/2025,10/ene/2028,VIGENTE
MASCULINO,VENADO TUERTO,RENOVACIÓN,B.2,10/ene/2025,10/ene/2025,10/ene/2026,VIGENTE
MASCULINO,VENADO TUERTO,RENOVACIÓN,B.2,10/ene/2025,10/ene/2025,10/ene/2026,VIGENTE
FEMENINO,VENADO TUERTO,RENOVACIÓN,"A.2.2, B.2",10/ene/2025,10/ene/2025,10/ene/2030,VIGENTE
MASCULINO,VENADO TUERTO,RENOVACIÓN,B.1,10/ene/2025,10/ene/2025,10/ene/2030,VIGENTE
FEMENINO,VENADO TUERTO,RENOVACIÓN,"A.2.2, B.2",10/ene/2025,10/ene/2025,10/ene/2030,VIGENTE
FEMENINO,VENADO TUERTO,RENOVACIÓN,B.2,10/ene/2025,10/ene/2025,10/ene/2026,VIGENTE
MASCULINO,VENADO TUERTO,RENOVACIÓN,C,10/ene/2025,10/ene/2025,10/ene/2026,VIGENTE
MASCULINO,VENADO TUERTO,RENOVACIÓN,"A.2.1, E.1, E.2",10/ene/2025,10/ene/2025,10/ene/2027,VIGENTE
FEMENINO,VENADO TUERTO,ORIGINAL,B.1,10/ene/2025,10/ene/2025,10/ene/2026,VIGENTE
MASCULINO,VENADO TUERTO,RENOVACIÓN,B.2,10/ene/2025,10/ene/2025,10/ene/2026,VIGENTE
MASCULINO,VENADO TUERTO,RENOVACIÓN,B.2,10/ene/2025,10/ene/2025,10/ene/2030,VIGENTE
MASCULINO,VENADO TUERTO,RENOVACIÓN,B.2,10/ene/2025,10/ene/2025,10/ene/2026,VIGENTE
FEMENINO,VENADO TUERTO,RENOVACIÓN,B.2,10/ene/2025,10/ene/2025,10/ene/2026,VIGENTE
FEMENINO,VENADO TUERTO,ORIGINAL,A.2.1,10/ene/2025,10/ene/2025,10/ene/2030,VIGENTE
MASCULINO,VENADO TUERTO,RENOVACIÓN,"A.2.1, E.1",10/ene/2025,10/ene/2025,10/ene/2026,VIGENTE
MASCULINO,VENADO TUERTO,RENOVACIÓN,E.1,10/ene/2025,10/ene/2025,10/ene/2026,VIGENTE
MASCULINO,VENADO TUERTO,RENOVACIÓN CON AMPLIACIÓN,"A.2.2, B.1",10/ene/2025,10/ene/2025,10/ene/2028,VIGENTE
FEMENINO,VENADO TUERTO,ORIGINAL,"A.2.1, B.1",10/ene/2025,10/ene/2025,10/ene/2030,VIGENTE
MASCULINO,VENADO TUERTO,ORIGINAL,"E.1, E.2",10/ene/2025,10/ene/2025,10/ene/2026,VIGENTE
FEMENINO,VENADO TUERTO,RENOVACIÓN,A.2.1,10/ene/2025,10/ene/2025,10/ene/2030,VIGENTE
MASCULINO,VENADO TUERTO,RENOVACIÓN,B.2,10/ene/2025,10/ene/2025,10/ene/2026,VIGENTE
MASCULINO,VENADO TUERTO,RENOVACIÓN,B.1,10/ene/2025,10/ene/2025,10/ene/2030,VIGENTE
MASCULINO,VENADO TUERTO,ORIGINAL,B.1,10/ene/2025,10/ene/2025,10/ene/2026,VIGENTE
FEMENINO,VENADO TUERTO,RENOVACIÓN CON AMPLIACIÓN,"A.2.1, B.1",10/ene/2025,10/ene/2025,10/ene/2028,VIGENTE
FEMENINO,VENADO TUERTO,ORIGINAL,"A.2.1, B.2",10/ene/2025,10/ene/2025,10/ene/2030,VIGENTE
MASCULINO,VENADO TUERTO,RENOVACIÓN,B.2,10/ene/2025,10/ene/2025,10/ene/2026,VIGENTE
MASCULINO,VENADO TUERTO,RENOVACIÓN,B.2,10/ene/2025,10/ene/2025,10/ene/2026,VIGENTE
MASCULINO,VENADO TUERTO,RENOVACIÓN,"A.2.1, E.1, G.1",10/ene/2025,10/ene/2025,10/ene/2027,VIGENTE
MASCULINO,VENADO TUERTO,RENOVACIÓN,B.2,10/ene/2025,10/ene/2025,10/ene/2026,VIGENTE
MASCULINO,VENADO TUERTO,RENOVACIÓN,B.2,10/ene/2025,10/ene/2025,10/ene/2026,VIGENTE
MASCULINO,VENADO TUERTO,RENOVACIÓN,"A.3, E.1",10/ene/2025,10/ene/2025,10/ene/2027,VIGENTE
MASCULINO,VENADO TUERTO,RENOVACIÓN,B.1,10/ene/2025,10/ene/2025,10/ene/2026,VIGENTE
MASCULINO,VENADO TUERTO,RENOVACIÓN,B.1,13/ene/2025,30/dic/2024,13/ene/2030,VIGENTE
FEMENINO,VENADO TUERTO,ORIGINAL,A.2.1,13/ene/2025,6/ene/2025,13/ene/2030,VIGENTE
MASCULINO,VENADO TUERTO,RENOVACIÓN,B.2,13/ene/2025,10/ene/2025,13/ene/2030,VIGENTE
FEMENINO,VENADO TUERTO,RENOVACIÓN,B.2,13/ene/2025,13/ene/2025,13/ene/2030,VIGENTE
MASCULINO,VENADO TUERTO,RENOVACIÓN,A.2.1,13/ene/2025,13/ene/2025,13/ene/2028,VIGENTE
MASCULINO,SAN EDUARDO,RENOVACIÓN,"E.1, G.1, G.2",13/ene/2025,13/ene/2025,13/ene/2026,VIGENTE
FEMENINO,VENADO TUERTO,RENOVACIÓN,A.2.1,13/ene/2025,13/ene/2025,13/ene/2030,VIGENTE
MASCULINO,SAN EDUARDO,ORIGINAL,B.1,13/ene/2025,13/ene/2025,13/ene/2030,VIGENTE
MASCULINO,VENADO TUERTO,ORIGINAL,"A.2.1, B.2",13/ene/2025,13/ene/2025,13/ene/2030,VIGENTE
MASCULINO,VENADO TUERTO,RENOVACIÓN CON AMPLIACIÓN,"A.2.1, B.2",13/ene/2025,13/ene/2025,13/ene/2030,VIGENTE
FEMENINO,VENADO TUERTO,RENOVACIÓN,B.1,13/ene/2025,13/ene/2025,13/ene/2030,VIGENTE
FEMENINO,VENADO TUERTO,RENOVACIÓN,B.2,13/ene/2025,13/ene/2025,13/ene/2030,VIGENTE
FEMENINO,SAN EDUARDO,RENOVACIÓN,B.2,13/ene/2025,13/ene/2025,13/ene/2030,VIGENTE
FEMENINO,VENADO TUERTO,ORIGINAL,B.1,13/ene/2025,13/ene/2025,13/ene/2030,VIGENTE
FEMENINO,VENADO TUERTO,RENOVACIÓN,B.2,13/ene/2025,13/ene/2025,13/ene/2030,VIGENTE
MASCULINO,VENADO TUERTO,RENOVACIÓN,"A.2.1, B.2",13/ene/2025,13/ene/2025,13/ene/2028,VIGENTE
MASCULINO,VENADO TUERTO,RENOVACIÓN,E.1,13/ene/2025,13/ene/2025,13/ene/2027,VIGENTE
MASCULINO,VENADO TUERTO,RENOVACIÓN,"A.3, B.1",13/ene/2025,13/ene/2025,13/ene/2030,VIGENTE
MASCULINO,VENADO TUERTO,DUPLICADO,"A.2.2, E.1",13/ene/2025,13/ene/2025,5/ago/2026,VIGENTE
MASCULINO,VENADO TUERTO,RENOVACIÓN,"A.3, B.2",13/ene/2025,13/ene/2025,13/ene/2030,VIGENTE
MASCULINO,VENADO TUERTO,DUPLICADO,"A.2.1, E.1",13/ene/2025,13/ene/2025,17/dic/2025,VIGENTE
FEMENINO,VENADO TUERTO,RENOVACIÓN,B.1,13/ene/2025,13/ene/2025,13/ene/2030,VIGENTE
FEMENINO,VENADO TUERTO,RENOVACIÓN,"A.2.1, B.1",13/ene/2025,13/ene/2025,13/ene/2030,VIGENTE
MASCULINO,VENADO TUERTO,RENOVACIÓN,"A.3, E.1, E.2",13/ene/2025,13/ene/2025,13/ene/2027,VIGENTE
MASCULINO,VENADO TUERTO,RENOVACIÓN,"A.3, E.1, E.2, G.1, G.2",13/ene/2025,13/ene/2025,13/ene/2027,VIGENTE
MASCULINO,VENADO TUERTO,RENOVACIÓN,B.1,13/ene/2025,13/ene/2025,13/ene/2028,VIGENTE
MASCULINO,VENADO TUERTO,RENOVACIÓN,B.1,13/ene/2025,13/ene/2025,13/ene/2028,VIGENTE
MASCULINO,VENADO TUERTO,RENOVACIÓN,"A.2.2, E.1, G.1",13/ene/2025,13/ene/2025,13/ene/2027,VIGENTE
FEMENINO,VENADO TUERTO,RENOVACIÓN,B.2,13/ene/2025,13/ene/2025,13/ene/2026,VIGENTE
FEMENINO,VENADO TUERTO,RENOVACIÓN,B.1,13/ene/2025,13/ene/2025,13/ene/2030,VIGENTE
MASCULINO,VENADO TUERTO,RENOVACIÓN,"A.2.2, E.1",13/ene/2025,13/ene/2025,13/ene/2027,VIGENTE
FEMENINO,VENADO TUERTO,RENOVACIÓN,"A.2.1, B.1",13/ene/2025,13/ene/2025,13/ene/2030,VIGENTE
FEMENINO,VENADO TUERTO,RENOVACIÓN,B.2,13/ene/2025,13/ene/2025,13/ene/2030,VIGENTE
MASCULINO,VENADO TUERTO,RENOVACIÓN,"A.3, D.3, E.1, E.2, G.1, G.2",13/ene/2025,13/ene/2025,13/ene/2026,VIGENTE
MASCULINO,VENADO TUERTO,RENOVACIÓN,"B.2, D.1",13/ene/2025,13/ene/2025,13/ene/2026,VIGENTE
MASCULINO,VENADO TUERTO,RENOVACIÓN,"B.2, D.1",13/ene/2025,13/ene/2025,13/ene/2026,VIGENTE
MASCULINO,VENADO TUERTO,RENOVACIÓN,"A.2.1, E.1",13/ene/2025,13/ene/2025,13/ene/2027,VIGENTE
MASCULINO,VENADO TUERTO,RENOVACIÓN,"A.2.1, B.2, G.1, G.2",13/ene/2025,13/ene/2025,13/ene/2030,VIGENTE
MASCULINO,VENADO TUERTO,RENOVACIÓN CON AMPLIACIÓN,"A.3, B.1",13/ene/2025,13/ene/2025,13/ene/2030,VIGENTE
FEMENINO,VENADO TUERTO,RENOVACIÓN,B.2,13/ene/2025,13/ene/2025,13/ene/2026,VIGENTE
FEMENINO,VENADO TUERTO,RENOVACIÓN,A.2.1,13/ene/2025,13/ene/2025,13/ene/2030,VIGENTE
FEMENINO,VENADO TUERTO,RENOVACIÓN,B.2,13/ene/2025,13/ene/2025,13/ene/2030,VIGENTE
MASCULINO,VENADO TUERTO,RENOVACIÓN CON AMPLIACIÓN,"A.3, B.2",13/ene/2025,13/ene/2025,13/ene/2030,VIGENTE
MASCULINO,VENADO TUERTO,RENOVACIÓN,"A.2.1, B.2, E.2",13/ene/2025,13/ene/2025,13/ene/2027,VIGENTE
MASCULINO,VENADO TUERTO,ORIGINAL,"A.2.1, B.2",13/ene/2025,13/ene/2025,13/ene/2030,VIGENTE
MASCULINO,VENADO TUERTO,RENOVACIÓN CON AMPLIACIÓN,"A.2.2, B.2",13/ene/2025,13/ene/2025,13/ene/2028,VIGENTE
FEMENINO,VENADO TUERTO,ORIGINAL,B.1,13/ene/2025,13/ene/2025,13/ene/2026,VIGENTE
MASCULINO,VENADO TUERTO,RENOVACIÓN,"A.2.2, B.1",13/ene/2025,13/ene/2025,13/ene/2030,VIGENTE
FEMENINO,VENADO TUERTO,RENOVACIÓN,A.2.1,13/ene/2025,13/ene/2025,13/ene/2030,VIGENTE
MASCULINO,VENADO TUERTO,RENOVACIÓN,"A.2.1, B.1",13/ene/2025,13/ene/2025,13/ene/2030,VIGENTE
MASCULINO,VENADO TUERTO,RENOVACIÓN,B.2,13/ene/2025,13/ene/2025,13/ene/2026,VIGENTE
MASCULINO,VENADO TUERTO,RENOVACIÓN,"A.2.1, B.2",13/ene/2025,13/ene/2025,13/ene/2026,VIGENTE
FEMENINO,VENADO TUERTO,RENOVACIÓN,"A.2.1, B.2",13/ene/2025,13/ene/2025,13/ene/2030,VIGENTE
FEMENINO,VENADO TUERTO,RENOVACIÓN,B.2,13/ene/2025,13/ene/2025,13/ene/2026,VIGENTE
MASCULINO,VENADO TUERTO,RENOVACIÓN,B.2,13/ene/2025,13/ene/2025,13/ene/2030,VIGENTE
MASCULINO,VENADO TUERTO,RENOVACIÓN,B.2,13/ene/2025,13/ene/2025,13/ene/2030,VIGENTE
FEMENINO,VENADO TUERTO,ORIGINAL,"A.2.1, B.1",13/ene/2025,13/ene/2025,13/ene/2030,VIGENTE
MASCULINO,VENADO TUERTO,RENOVACIÓN,"A.2.1, B.2",13/ene/2025,13/ene/2025,13/ene/2030,VIGENTE
FEMENINO,VENADO TUERTO,RENOVACIÓN,B.1,13/ene/2025,13/ene/2025,13/ene/2026,VIGENTE
FEMENINO,VENADO TUERTO,ORIGINAL,B.1,13/ene/2025,13/ene/2025,13/ene/2030,VIGENTE
MASCULINO,VENADO TUERTO,RENOVACIÓN,"A.2.2, B.2",13/ene/2025,13/ene/2025,13/ene/2030,VIGENTE
FEMENINO,VENADO TUERTO,ORIGINAL,A.2.1,14/ene/2025,26/dic/2024,14/ene/2026,VIGENTE
MASCULINO,VENADO TUERTO,ORIGINAL,B.1,14/ene/2025,2/ene/2025,14/ene/2026,VIGENTE
FEMENINO,VENADO TUERTO,ORIGINAL,A.2.1,14/ene/2025,2/ene/2025,14/ene/2030,VIGENTE
FEMENINO,VENADO TUERTO,RENOVACIÓN CON AMPLIACIÓN,"A.2.2, B.1, E.2",14/ene/2025,3/ene/2025,14/ene/2027,VIGENTE
FEMENINO,VENADO TUERTO,RENOVACIÓN CON AMPLIACIÓN,"A.2.1, B.2",14/ene/2025,3/ene/2025,14/ene/2030,VIGENTE
MASCULINO,VENADO TUERTO,RENOVACIÓN,"A.3, B.2",14/ene/2025,13/ene/2025,14/ene/2030,VIGENTE
FEMENINO,VENADO TUERTO,RENOVACIÓN,"A.2.1, B.1",14/ene/2025,14/ene/2025,14/ene/2030,VIGENTE
MASCULINO,VENADO TUERTO,RENOVACIÓN,B.1,14/ene/2025,14/ene/2025,14/ene/2030,VIGENTE
MASCULINO,VENADO TUERTO,RENOVACIÓN CON AMPLIACIÓN,"A.2.2, E.1, G.1",14/ene/2025,14/ene/2025,14/ene/2026,VIGENTE
MASCULINO,VENADO TUERTO,ORIGINAL,B.1,14/ene/2025,14/ene/2025,14/ene/2026,VIGENTE
MASCULINO,VENADO TUERTO,RENOVACIÓN,"A.2.1, B.2",14/ene/2025,14/ene/2025,14/ene/2030,VIGENTE
MASCULINO,VENADO TUERTO,RENOVACIÓN,B.1,14/ene/2025,14/ene/2025,14/ene/2030,VIGENTE
FEMENINO,VENADO TUERTO,RENOVACIÓN,B.1,14/ene/2025,14/ene/2025,14/ene/2028,VIGENTE
MASCULINO,VENADO TUERTO,AMPLIACIÓN,A.2.2,14/ene/2025,14/ene/2025,23/ene/2025,NO VIGENTE
MASCULINO,VENADO TUERTO,RENOVACIÓN,"D.1, D.3",14/ene/2025,14/ene/2025,14/ene/2026,VIGENTE
MASCULINO,VENADO TUERTO,RENOVACIÓN CON AMPLIACIÓN,"A.3, B.1",14/ene/2025,14/ene/2025,14/ene/2030,VIGENTE
MASCULINO,VENADO TUERTO,ORIGINAL,A.2.1,14/ene/2025,14/ene/2025,14/ene/2030,VIGENTE
MASCULINO,VENADO TUERTO,RENOVACIÓN,"A.2.1, B.1",14/ene/2025,14/ene/2025,14/ene/2028,VIGENTE
MASCULINO,VENADO TUERTO,RENOVACIÓN,B.2,14/ene/2025,14/ene/2025,14/ene/2026,VIGENTE
FEMENINO,VENADO TUERTO,RENOVACIÓN,B.2,14/ene/2025,14/ene/2025,14/ene/2030,VIGENTE
FEMENINO,VENADO TUERTO,ORIGINAL,B.1,14/ene/2025,14/ene/2025,14/ene/2030,VIGENTE
FEMENINO,VENADO TUERTO,RENOVACIÓN,"A.2.1, B.1",14/ene/2025,14/ene/2025,14/ene/2030,VIGENTE
MASCULINO,VENADO TUERTO,ORIGINAL,"A.2.1, B.2",14/ene/2025,14/ene/2025,14/ene/2030,VIGENTE
FEMENINO,VENADO TUERTO,RENOVACIÓN,B.2,14/ene/2025,14/ene/2025,14/ene/2030,VIGENTE
MASCULINO,VENADO TUERTO,RENOVACIÓN,E.1,14/ene/2025,14/ene/2025,14/ene/2027,VIGENTE
MASCULINO,VENADO TUERTO,RENOVACIÓN CON AMPLIACIÓN,"A.2.1, B.1",14/ene/2025,14/ene/2025,14/ene/2028,VIGENTE
MASCULINO,VENADO TUERTO,RENOVACIÓN,B.2,14/ene/2025,14/ene/2025,14/ene/2026,VIGENTE
FEMENINO,VENADO TUERTO,RENOVACIÓN,B.2,14/ene/2025,14/ene/2025,14/ene/2026,VIGENTE
MASCULINO,VENADO TUERTO,RENOVACIÓN,A.2.1,14/ene/2025,14/ene/2025,14/ene/2030,VIGENTE
FEMENINO,VENADO TUERTO,RENOVACIÓN,B.2,14/ene/2025,14/ene/2025,14/ene/2026,VIGENTE
MASCULINO,VENADO TUERTO,RENOVACIÓN,D.1,14/ene/2025,14/ene/2025,14/ene/2026,VIGENTE
FEMENINO,VENADO TUERTO,RENOVACIÓN,"A.2.1, B.2",14/ene/2025,14/ene/2025,14/ene/2030,VIGENTE
MASCULINO,VENADO TUERTO,RENOVACIÓN,E.1,14/ene/2025,14/ene/2025,14/ene/2026,VIGENTE
MASCULINO,VENADO TUERTO,RENOVACIÓN,"A.2.1, B.2",14/ene/2025,14/ene/2025,14/ene/2030,VIGENTE
FEMENINO,VENADO TUERTO,RENOVACIÓN,B.2,14/ene/2025,14/ene/2025,14/ene/2026,VIGENTE
MASCULINO,VENADO TUERTO,RENOVACIÓN,B.2,14/ene/2025,14/ene/2025,14/ene/2030,VIGENTE
MASCULINO,VENADO TUERTO,RENOVACIÓN,B.2,14/ene/2025,14/ene/2025,14/ene/2026,VIGENTE
MASCULINO,VENADO TUERTO,RENOVACIÓN,"A.3, E.1",14/ene/2025,14/ene/2025,14/ene/2026,VIGENTE
FEMENINO,VENADO TUERTO,ORIGINAL,A.2.1,14/ene/2025,14/ene/2025,14/ene/2030,VIGENTE
MASCULINO,VENADO TUERTO,RENOVACIÓN,"A.2.1, E.1, E.2",14/ene/2025,14/ene/2025,14/ene/2027,VIGENTE
MASCULINO,VENADO TUERTO,RENOVACIÓN,"A.2.1, D.1",14/ene/2025,14/ene/2025,14/ene/2027,VIGENTE
MASCULINO,VENADO TUERTO,RENOVACIÓN,"A.2.1, B.2",14/ene/2025,14/ene/2025,14/ene/2030,VIGENTE
MASCULINO,VENADO TUERTO,ORIGINAL,"A.2.1, B.1",14/ene/2025,14/ene/2025,14/ene/2030,VIGENTE
FEMENINO,SAN EDUARDO,RENOVACIÓN,B.2,14/ene/2025,14/ene/2025,14/ene/2026,VIGENTE
MASCULINO,VENADO TUERTO,RENOVACIÓN,B.1,14/ene/2025,14/ene/2025,14/ene/2030,VIGENTE
MASCULINO,VENADO TUERTO,RENOVACIÓN,"A.2.1, B.2",14/ene/2025,14/ene/2025,14/ene/2030,VIGENTE
FEMENINO,VENADO TUERTO,RENOVACIÓN CON AMPLIACIÓN,"A.2.1, B.1",14/ene/2025,14/ene/2025,14/ene/2030,VIGENTE
MASCULINO,VENADO TUERTO,RENOVACIÓN,B.2,14/ene/2025,14/ene/2025,14/ene/2026,VIGENTE
FEMENINO,VENADO TUERTO,RENOVACIÓN,"A.2.1, B.2",14/ene/2025,14/ene/2025,14/ene/2030,VIGENTE
MASCULINO,VENADO TUERTO,RENOVACIÓN,"A.2.2, B.2",14/ene/2025,14/ene/2025,14/ene/2030,VIGENTE
MASCULINO,VENADO TUERTO,RENOVACIÓN,A.2.1,14/ene/2025,14/ene/2025,14/ene/2028,VIGENTE
MASCULINO,VENADO TUERTO,ORIGINAL,"A.2.1, B.2",14/ene/2025,14/ene/2025,14/ene/2030,VIGENTE
MASCULINO,VENADO TUERTO,ORIGINAL,A.2.1,14/ene/2025,14/ene/2025,14/ene/2026,VIGENTE
MASCULINO,VENADO TUERTO,RENOVACIÓN,"A.2.2, B.2, G.1",14/ene/2025,14/ene/2025,14/ene/2026,VIGENTE
FEMENINO,VENADO TUERTO,RENOVACIÓN,A.2.2,14/ene/2025,14/ene/2025,14/ene/2030,VIGENTE
MASCULINO,VENADO TUERTO,RENOVACIÓN CON AMPLIACIÓN,"A.3, B.1",14/ene/2025,14/ene/2025,14/ene/2030,VIGENTE
FEMENINO,VENADO TUERTO,RENOVACIÓN,A.2.1,14/ene/2025,14/ene/2025,14/ene/2030,VIGENTE
FEMENINO,VENADO TUERTO,RENOVACIÓN,B.2,14/ene/2025,14/ene/2025,14/ene/2026,VIGENTE
FEMENINO,VENADO TUERTO,RENOVACIÓN,"A.2.1, B.2",14/ene/2025,14/ene/2025,14/ene/2030,VIGENTE
FEMENINO,VENADO TUERTO,RENOVACIÓN,B.2,14/ene/2025,14/ene/2025,14/ene/2030,VIGENTE
FEMENINO,VENADO TUERTO,ORIGINAL,B.1,14/ene/2025,14/ene/2025,14/ene/2030,VIGENTE
MASCULINO,VENADO TUERTO,RENOVACIÓN,"A.2.1, B.2",14/ene/2025,14/ene/2025,14/ene/2030,VIGENTE
FEMENINO,VENADO TUERTO,RENOVACIÓN,B.2,14/ene/2025,14/ene/2025,14/ene/2030,VIGENTE
MASCULINO,VENADO TUERTO,RENOVACIÓN,"A.2.1, E.1",14/ene/2025,14/ene/2025,14/ene/2026,VIGENTE
FEMENINO,VENADO TUERTO,RENOVACIÓN,A.2.1,14/ene/2025,14/ene/2025,14/ene/2030,VIGENTE
MASCULINO,VENADO TUERTO,RENOVACIÓN,"A.2.2, B.2",14/ene/2025,14/ene/2025,14/ene/2030,VIGENTE
MASCULINO,VENADO TUERTO,RENOVACIÓN,"A.2.1, B.2",14/ene/2025,14/ene/2025,14/ene/2030,VIGENTE
FEMENINO,VENADO TUERTO,ORIGINAL,A.2.1,15/ene/2025,4/dic/2024,15/ene/2026,VIGENTE
FEMENINO,VENADO TUERTO,ORIGINAL,A.2.1,15/ene/2025,2/ene/2025,15/ene/2026,VIGENTE
MASCULINO,VENADO TUERTO,RENOVACIÓN,"A.2.1, E.1, E.2, G.1",15/ene/2025,8/ene/2025,15/ene/2026,VIGENTE
FEMENINO,VENADO TUERTO,ORIGINAL,A.2.1,15/ene/2025,9/ene/2025,15/ene/2030,VIGENTE
MASCULINO,VENADO TUERTO,ORIGINAL,A.2.1,15/ene/2025,14/ene/2025,15/ene/2030,VIGENTE
MASCULINO,VENADO TUERTO,RENOVACIÓN,E.1,15/ene/2025,14/ene/2025,15/ene/2026,VIGENTE
MASCULINO,VENADO TUERTO,RENOVACIÓN CON AMPLIACIÓN,"A.2.2, B.2",15/ene/2025,14/ene/2025,15/ene/2030,VIGENTE
MASCULINO,VENADO TUERTO,ORIGINAL,B.1,15/ene/2025,14/ene/2025,15/ene/2030,VIGENTE
MASCULINO,VENADO TUERTO,RENOVACIÓN CON AMPLIACIÓN,"A.2.1, B.1",15/ene/2025,15/ene/2025,15/ene/2030,VIGENTE
MASCULINO,VENADO TUERTO,ORIGINAL,A.2.1,15/ene/2025,15/ene/2025,15/ene/2026,VIGENTE
MASCULINO,VENADO TUERTO,RENOVACIÓN,A.2.2,15/ene/2025,15/ene/2025,15/ene/2030,VIGENTE
FEMENINO,VENADO TUERTO,RENOVACIÓN,A.2.1,15/ene/2025,15/ene/2025,15/ene/2030,VIGENTE
FEMENINO,VENADO TUERTO,RENOVACIÓN,B.1,15/ene/2025,15/ene/2025,15/ene/2028,VIGENTE
FEMENINO,VENADO TUERTO,RENOVACIÓN,B.2,15/ene/2025,15/ene/2025,15/ene/2026,VIGENTE
MASCULINO,VENADO TUERTO,RENOVACIÓN,"A.2.2, B.1",15/ene/2025,15/ene/2025,15/ene/2030,VIGENTE
FEMENINO,VENADO TUERTO,RENOVACIÓN,B.1,15/ene/2025,15/ene/2025,15/ene/2030,VIGENTE
MASCULINO,VENADO TUERTO,RENOVACIÓN,B.2,15/ene/2025,15/ene/2025,15/ene/2026,VIGENTE
MASCULINO,VENADO TUERTO,ORIGINAL,"A.3, D.3, E.1, G.1, G.2",15/ene/2025,15/ene/2025,15/ene/2027,VIGENTE
FEMENINO,VENADO TUERTO,RENOVACIÓN,B.2,15/ene/2025,15/ene/2025,15/ene/2030,VIGENTE
MASCULINO,VENADO TUERTO,RENOVACIÓN,B.2,15/ene/2025,15/ene/2025,15/ene/2028,VIGENTE
MASCULINO,VENADO TUERTO,RENOVACIÓN,"A.2.1, E.1",15/ene/2025,15/ene/2025,15/ene/2026,VIGENTE
FEMENINO,VENADO TUERTO,RENOVACIÓN,B.1,15/ene/2025,15/ene/2025,15/ene/2030,VIGENTE
FEMENINO,VENADO TUERTO,ORIGINAL,A.2.1,15/ene/2025,15/ene/2025,15/ene/2030,VIGENTE
MASCULINO,VENADO TUERTO,RENOVACIÓN,"A.3, E.1",15/ene/2025,15/ene/2025,15/ene/2026,VIGENTE
MASCULINO,VENADO TUERTO,RENOVACIÓN,"A.2.2, B.2",15/ene/2025,15/ene/2025,15/ene/2030,VIGENTE
MASCULINO,VENADO TUERTO,RENOVACIÓN,"A.2.2, B.1",15/ene/2025,15/ene/2025,15/ene/2030,VIGENTE
MASCULINO,VENADO TUERTO,ORIGINAL,B.1,15/ene/2025,15/ene/2025,15/ene/2030,VIGENTE
MASCULINO,VENADO TUERTO,RENOVACIÓN,"A.2.2, E.1",15/ene/2025,15/ene/2025,15/ene/2026,VIGENTE
FEMENINO,VENADO TUERTO,RENOVACIÓN,A.2.1,15/ene/2025,15/ene/2025,15/ene/2030,VIGENTE
MASCULINO,VENADO TUERTO,RENOVACIÓN,D.1,15/ene/2025,15/ene/2025,15/ene/2026,VIGENTE
MASCULINO,VENADO TUERTO,RENOVACIÓN CON AMPLIACIÓN,"A.2.1, B.2",15/ene/2025,15/ene/2025,15/ene/2030,VIGENTE
MASCULINO,VENADO TUERTO,RENOVACIÓN,B.2,15/ene/2025,15/ene/2025,15/ene/2026,VIGENTE
MASCULINO,VENADO TUERTO,RENOVACIÓN,B.2,15/ene/2025,15/ene/2025,15/ene/2026,VIGENTE
FEMENINO,VENADO TUERTO,ORIGINAL,A.2.1,15/ene/2025,15/ene/2025,15/ene/2026,VIGENTE
MASCULINO,VENADO TUERTO,RENOVACIÓN,"A.2.1, B.2",15/ene/2025,15/ene/2025,15/ene/2030,VIGENTE
FEMENINO,VENADO TUERTO,RENOVACIÓN,"A.3, B.2",15/ene/2025,15/ene/2025,15/ene/2030,VIGENTE
FEMENINO,VENADO TUERTO,RENOVACIÓN,B.2,15/ene/2025,15/ene/2025,15/ene/2030,VIGENTE
MASCULINO,VENADO TUERTO,RENOVACIÓN,"A.2.1, B.1",15/ene/2025,15/ene/2025,15/ene/2030,VIGENTE
MASCULINO,VENADO TUERTO,RENOVACIÓN,"A.2.1, B.2",15/ene/2025,15/ene/2025,15/ene/2026,VIGENTE
FEMENINO,VENADO TUERTO,RENOVACIÓN,B.1,15/ene/2025,15/ene/2025,15/ene/2026,VIGENTE
MASCULINO,VENADO TUERTO,RENOVACIÓN,A.2.1,15/ene/2025,15/ene/2025,15/ene/2028,VIGENTE
FEMENINO,VENADO TUERTO,RENOVACIÓN,B.2,15/ene/2025,15/ene/2025,15/ene/2026,VIGENTE
MASCULINO,SAN EDUARDO,RENOVACIÓN,"B.2, G.1, G.2",15/ene/2025,15/ene/2025,15/ene/2030,VIGENTE
FEMENINO,VENADO TUERTO,ORIGINAL,A.2.1,15/ene/2025,15/ene/2025,15/ene/2030,VIGENTE
MASCULINO,VENADO TUERTO,RENOVACIÓN,B.2,15/ene/2025,15/ene/2025,15/ene/2026,VIGENTE
MASCULINO,VENADO TUERTO,RENOVACIÓN,"A.2.2, B.2",15/ene/2025,15/ene/2025,15/ene/2030,VIGENTE
MASCULINO,VENADO TUERTO,RENOVACIÓN,A.2.1,15/ene/2025,15/ene/2025,15/ene/2028,VIGENTE
MASCULINO,VENADO TUERTO,RENOVACIÓN,B.2,15/ene/2025,15/ene/2025,15/ene/2030,VIGENTE
MASCULINO,VENADO TUERTO,RENOVACIÓN,A.2.1,15/ene/2025,15/ene/2025,15/ene/2026,VIGENTE
FEMENINO,VENADO TUERTO,RENOVACIÓN,A.2.2,15/ene/2025,15/ene/2025,15/ene/2030,VIGENTE
FEMENINO,VENADO TUERTO,ORIGINAL,A.2.1,15/ene/2025,15/ene/2025,15/ene/2030,VIGENTE
FEMENINO,VENADO TUERTO,RENOVACIÓN,B.1,15/ene/2025,15/ene/2025,15/ene/2030,VIGENTE
FEMENINO,VENADO TUERTO,RENOVACIÓN,"A.2.1, B.2",15/ene/2025,15/ene/2025,15/ene/2030,VIGENTE
FEMENINO,VENADO TUERTO,RENOVACIÓN,"A.2.1, B.1",15/ene/2025,15/ene/2025,15/ene/2030,VIGENTE
FEMENINO,VENADO TUERTO,RENOVACIÓN,A.2.1,15/ene/2025,15/ene/2025,15/ene/2030,VIGENTE
FEMENINO,VENADO TUERTO,RENOVACIÓN,B.2,15/ene/2025,15/ene/2025,15/ene/2030,VIGENTE
FEMENINO,VENADO TUERTO,RENOVACIÓN,B.2,15/ene/2025,15/ene/2025,15/ene/2030,VIGENTE
MASCULINO,VENADO TUERTO,RENOVACIÓN CON AMPLIACIÓN,"A.2.2, E.1",15/ene/2025,15/ene/2025,15/ene/2027,VIGENTE
MASCULINO,VENADO TUERTO,RENOVACIÓN,E.1,15/ene/2025,15/ene/2025,15/ene/2026,VIGENTE
MASCULINO,VENADO TUERTO,RENOVACIÓN,"B.2, G.1",15/ene/2025,15/ene/2025,15/ene/2030,VIGENTE
MASCULINO,VENADO TUERTO,RENOVACIÓN,E.1,15/ene/2025,15/ene/2025,15/ene/2026,VIGENTE
FEMENINO,VENADO TUERTO,ORIGINAL,"A.2.1, B.1",15/ene/2025,15/ene/2025,15/ene/2030,VIGENTE
MASCULINO,VENADO TUERTO,ORIGINAL,A.2.1,16/ene/2025,14/ene/2025,16/ene/2026,VIGENTE
MASCULINO,VENADO TUERTO,RENOVACIÓN,"A.2.2, B.2",16/ene/2025,14/ene/2025,16/ene/2030,VIGENTE
MASCULINO,VENADO TUERTO,ORIGINAL,A.2.1,16/ene/2025,16/ene/2025,16/ene/2026,VIGENTE
MASCULINO,VENADO TUERTO,RENOVACIÓN,"D.1, D.3",16/ene/2025,16/ene/2025,16/ene/2026,VIGENTE
MASCULINO,VENADO TUERTO,RENOVACIÓN,B.1,16/ene/2025,16/ene/2025,16/ene/2030,VIGENTE
FEMENINO,VENADO TUERTO,RENOVACIÓN,"A.3, B.1",16/ene/2025,16/ene/2025,16/ene/2030,VIGENTE
FEMENINO,VENADO TUERTO,RENOVACIÓN,"A.2.1, B.1",16/ene/2025,16/ene/2025,16/ene/2030,VIGENTE
FEMENINO,VENADO TUERTO,RENOVACIÓN,A.2.1,16/ene/2025,16/ene/2025,16/ene/2030,VIGENTE
FEMENINO,VENADO TUERTO,RENOVACIÓN,"A.2.1, B.2, D.3",16/ene/2025,16/ene/2025,16/ene/2027,VIGENTE
MASCULINO,VENADO TUERTO,RENOVACIÓN,E.1,16/ene/2025,16/ene/2025,16/ene/2026,VIGENTE
FEMENINO,VENADO TUERTO,RENOVACIÓN,A.2.1,16/ene/2025,16/ene/2025,16/ene/2030,VIGENTE
MASCULINO,VENADO TUERTO,ORIGINAL,"A.3, B.2",16/ene/2025,16/ene/2025,16/ene/2030,VIGENTE
MASCULINO,VENADO TUERTO,RENOVACIÓN,"A.3, B.1",16/ene/2025,16/ene/2025,16/ene/2026,VIGENTE
FEMENINO,VENADO TUERTO,RENOVACIÓN,"A.2.1, B.2",16/ene/2025,16/ene/2025,16/ene/2030,VIGENTE
MASCULINO,VENADO TUERTO,RENOVACIÓN,B.2,16/ene/2025,16/ene/2025,16/ene/2030,VIGENTE
FEMENINO,VENADO TUERTO,DUPLICADO,B.2,16/ene/2025,16/ene/2025,6/jun/2029,VIGENTE
MASCULINO,VENADO TUERTO,RENOVACIÓN,"A.3, B.2",16/ene/2025,16/ene/2025,16/ene/2030,VIGENTE
FEMENINO,VENADO TUERTO,RENOVACIÓN,"A.2.1, B.2",16/ene/2025,16/ene/2025,16/ene/2026,VIGENTE
MASCULINO,VENADO TUERTO,RENOVACIÓN,"A.3, E.1, E.2",16/ene/2025,16/ene/2025,16/ene/2026,VIGENTE
MASCULINO,VENADO TUERTO,RENOVACIÓN,"D.1, E.1",16/ene/2025,16/ene/2025,16/ene/2026,VIGENTE
MASCULINO,VENADO TUERTO,RENOVACIÓN,E.1,16/ene/2025,16/ene/2025,16/ene/2026,VIGENTE
FEMENINO,VENADO TUERTO,RENOVACIÓN,B.2,16/ene/2025,16/ene/2025,16/ene/2026,VIGENTE
FEMENINO,VENADO TUERTO,RENOVACIÓN,B.2,16/ene/2025,16/ene/2025,16/ene/2030,VIGENTE
MASCULINO,VENADO TUERTO,ORIGINAL,A.2.1,16/ene/2025,16/ene/2025,16/ene/2030,VIGENTE
FEMENINO,VENADO TUERTO,RENOVACIÓN,A.2.1,16/ene/2025,16/ene/2025,16/ene/2028,VIGENTE
MASCULINO,VENADO TUERTO,RENOVACIÓN,E.1,16/ene/2025,16/ene/2025,16/ene/2026,VIGENTE
FEMENINO,VENADO TUERTO,RENOVACIÓN,B.2,16/ene/2025,16/ene/2025,16/ene/2030,VIGENTE
MASCULINO,VENADO TUERTO,RENOVACIÓN,"A.3, B.2",16/ene/2025,16/ene/2025,16/ene/2030,VIGENTE
MASCULINO,VENADO TUERTO,DUPLICADO POR CAMBIO DE DATOS,"A.2.1, B.1",16/ene/2025,16/ene/2025,12/nov/2029,VIGENTE
MASCULINO,VENADO TUERTO,RENOVACIÓN,B.2,16/ene/2025,16/ene/2025,16/ene/2026,VIGENTE
MASCULINO,VENADO TUERTO,RENOVACIÓN,E.1,16/ene/2025,16/ene/2025,16/ene/2026,VIGENTE
MASCULINO,VENADO TUERTO,RENOVACIÓN,B.2,16/ene/2025,16/ene/2025,16/ene/2030,VIGENTE
FEMENINO,VENADO TUERTO,RENOVACIÓN,B.1,16/ene/2025,16/ene/2025,16/ene/2030,VIGENTE
MASCULINO,VENADO TUERTO,RENOVACIÓN,B.1,16/ene/2025,16/ene/2025,16/ene/2026,VIGENTE
FEMENINO,VENADO TUERTO,RENOVACIÓN,B.2,16/ene/2025,16/ene/2025,16/ene/2028,VIGENTE
FEMENINO,VENADO TUERTO,RENOVACIÓN,B.1,16/ene/2025,16/ene/2025,16/ene/2030,VIGENTE
MASCULINO,VENADO TUERTO,RENOVACIÓN,"A.3, B.2, G.1, G.2",16/ene/2025,16/ene/2025,16/ene/2030,VIGENTE
FEMENINO,VENADO TUERTO,RENOVACIÓN,B.2,16/ene/2025,16/ene/2025,16/ene/2030,VIGENTE
MASCULINO,VENADO TUERTO,DUPLICADO,B.2,16/ene/2025,16/ene/2025,7/ago/2029,VIGENTE
FEMENINO,VENADO TUERTO,ORIGINAL,A.2.1,17/ene/2025,14/ene/2025,17/ene/2030,VIGENTE
FEMENINO,VENADO TUERTO,RENOVACIÓN,B.2,17/ene/2025,16/ene/2025,17/ene/2026,VIGENTE
MASCULINO,VENADO TUERTO,RENOVACIÓN CON AMPLIACIÓN,"A.2.2, D.1, E.1, G.1",17/ene/2025,16/ene/2025,17/ene/2027,VIGENTE
MASCULINO,VENADO TUERTO,RENOVACIÓN CON AMPLIACIÓN,"A.3, B.1",17/ene/2025,16/ene/2025,17/ene/2030,VIGENTE
MASCULINO,VENADO TUERTO,RENOVACIÓN CON AMPLIACIÓN,"A.3, B.2",17/ene/2025,16/ene/2025,17/ene/2030,VIGENTE
FEMENINO,VENADO TUERTO,RENOVACIÓN CON AMPLIACIÓN,"A.2.1, B.1",17/ene/2025,16/ene/2025,17/ene/2030,VIGENTE
FEMENINO,VENADO TUERTO,RENOVACIÓN,B.2,17/ene/2025,17/ene/2025,17/ene/2028,VIGENTE
FEMENINO,VENADO TUERTO,RENOVACIÓN,"A.2.1, D.1, E.1",17/ene/2025,17/ene/2025,17/ene/2026,VIGENTE
MASCULINO,VENADO TUERTO,RENOVACIÓN,A.2.1,17/ene/2025,17/ene/2025,17/ene/2028,VIGENTE
MASCULINO,VENADO TUERTO,RENOVACIÓN,"A.3, E.1",17/ene/2025,17/ene/2025,17/ene/2026,VIGENTE
MASCULINO,VENADO TUERTO,RENOVACIÓN,"A.2.1, B.1",17/ene/2025,17/ene/2025,17/ene/2030,VIGENTE
MASCULINO,VENADO TUERTO,RENOVACIÓN,B.2,17/ene/2025,17/ene/2025,17/ene/2026,VIGENTE
MASCULINO,VENADO TUERTO,RENOVACIÓN,"A.2.1, B.2",17/ene/2025,17/ene/2025,17/ene/2030,VIGENTE
MASCULINO,VENADO TUERTO,RENOVACIÓN CON AMPLIACIÓN,"A.3, B.2",17/ene/2025,17/ene/2025,17/ene/2030,VIGENTE
MASCULINO,VENADO TUERTO,RENOVACIÓN,D.1,17/ene/2025,17/ene/2025,17/ene/2026,VIGENTE
FEMENINO,VENADO TUERTO,RENOVACIÓN,B.1,17/ene/2025,17/ene/2025,17/ene/2030,VIGENTE
FEMENINO,VENADO TUERTO,RENOVACIÓN,"A.2.1, B.2",17/ene/2025,17/ene/2025,17/ene/2030,VIGENTE
MASCULINO,VENADO TUERTO,RENOVACIÓN CON AMPLIACIÓN,"A.2.1, B.2, C",17/ene/2025,17/ene/2025,17/ene/2027,VIGENTE
FEMENINO,VENADO TUERTO,RENOVACIÓN,B.1,17/ene/2025,17/ene/2025,17/ene/2030,VIGENTE
MASCULINO,VENADO TUERTO,RENOVACIÓN,"A.2.1, B.2",17/ene/2025,17/ene/2025,17/ene/2026,VIGENTE
FEMENINO,VENADO TUERTO,RENOVACIÓN,"A.2.1, B.1",17/ene/2025,17/ene/2025,17/ene/2030,VIGENTE
MASCULINO,VENADO TUERTO,RENOVACIÓN,"A.2.2, C, D.1",17/ene/2025,17/ene/2025,17/ene/2026,VIGENTE
MASCULINO,VENADO TUERTO,RENOVACIÓN,B.2,17/ene/2025,17/ene/2025,17/ene/2026,VIGENTE
MASCULINO,VENADO TUERTO,RENOVACIÓN,"A.2.1, B.1",17/ene/2025,17/ene/2025,17/ene/2028,VIGENTE
FEMENINO,VENADO TUERTO,RENOVACIÓN,"A.2.1, B.1",17/ene/2025,17/ene/2025,17/ene/2030,VIGENTE
FEMENINO,VENADO TUERTO,RENOVACIÓN,B.2,17/ene/2025,17/ene/2025,17/ene/2030,VIGENTE
MASCULINO,VENADO TUERTO,RENOVACIÓN,"A.2.1, B.2",17/ene/2025,17/ene/2025,17/ene/2030,VIGENTE
FEMENINO,VENADO TUERTO,ORIGINAL,A.2.1,17/ene/2025,17/ene/2025,17/ene/2030,VIGENTE
FEMENINO,VENADO TUERTO,RENOVACIÓN,B.2,17/ene/2025,17/ene/2025,17/ene/2030,VIGENTE
MASCULINO,VENADO TUERTO,RENOVACIÓN CON AMPLIACIÓN,A.2.2,17/ene/2025,17/ene/2025,17/ene/2030,VIGENTE
MASCULINO,VENADO TUERTO,RENOVACIÓN,"A.2.1, B.2",17/ene/2025,17/ene/2025,17/ene/2030,VIGENTE
MASCULINO,VENADO TUERTO,RENOVACIÓN,"A.2.2, B.2",17/ene/2025,17/ene/2025,17/ene/2030,VIGENTE
MASCULINO,VENADO TUERTO,RENOVACIÓN,"A.3, D.1, D.3, E.1",17/ene/2025,17/ene/2025,17/ene/2027,VIGENTE
MASCULINO,VENADO TUERTO,RENOVACIÓN,B.1,17/ene/2025,17/ene/2025,17/ene/2026,VIGENTE
MASCULINO,VENADO TUERTO,RENOVACIÓN,"A.2.1, B.2",17/ene/2025,17/ene/2025,17/ene/2030,VIGENTE
MASCULINO,VENADO TUERTO,RENOVACIÓN,E.1,17/ene/2025,17/ene/2025,17/ene/2026,VIGENTE
MASCULINO,VENADO TUERTO,RENOVACIÓN,B.1,17/ene/2025,17/ene/2025,17/ene/2030,VIGENTE
MASCULINO,VENADO TUERTO,RENOVACIÓN,E.1,17/ene/2025,17/ene/2025,17/ene/2026,VIGENTE
MASCULINO,VENADO TUERTO,RENOVACIÓN,B.2,17/ene/2025,17/ene/2025,17/ene/2026,VIGENTE
MASCULINO,VENADO TUERTO,RENOVACIÓN,B.1,17/ene/2025,17/ene/2025,17/ene/2030,VIGENTE
FEMENINO,VENADO TUERTO,ORIGINAL,B.1,17/ene/2025,17/ene/2025,17/ene/2026,VIGENTE
MASCULINO,VENADO TUERTO,RENOVACIÓN,B.1,17/ene/2025,17/ene/2025,17/ene/2030,VIGENTE
MASCULINO,VENADO TUERTO,RENOVACIÓN,B.1,17/ene/2025,17/ene/2025,17/ene/2030,VIGENTE
MASCULINO,VENADO TUERTO,RENOVACIÓN,B.2,17/ene/2025,17/ene/2025,17/ene/2030,VIGENTE
MASCULINO,VENADO TUERTO,RENOVACIÓN,A.2.1,17/ene/2025,17/ene/2025,17/ene/2030,VIGENTE
MASCULINO,VENADO TUERTO,RENOVACIÓN,A.2.1,17/ene/2025,17/ene/2025,17/ene/2026,VIGENTE
FEMENINO,VENADO TUERTO,RENOVACIÓN,"A.2.1, B.1",17/ene/2025,17/ene/2025,17/ene/2030,VIGENTE
MASCULINO,VENADO TUERTO,ORIGINAL,"A.2.1, B.2",17/ene/2025,17/ene/2025,17/ene/2030,VIGENTE
FEMENINO,VENADO TUERTO,RENOVACIÓN,B.2,17/ene/2025,17/ene/2025,17/ene/2030,VIGENTE
FEMENINO,VENADO TUERTO,RENOVACIÓN,B.2,17/ene/2025,17/ene/2025,17/ene/2026,VIGENTE
MASCULINO,VENADO TUERTO,RENOVACIÓN,B.2,17/ene/2025,17/ene/2025,17/ene/2030,VIGENTE
MASCULINO,VENADO TUERTO,RENOVACIÓN CON AMPLIACIÓN,"A.3, E.1",17/ene/2025,17/ene/2025,17/ene/2026,VIGENTE
FEMENINO,VENADO TUERTO,ORIGINAL,B.1,17/ene/2025,17/ene/2025,17/ene/2030,VIGENTE
MASCULINO,VENADO TUERTO,RENOVACIÓN,D.1,17/ene/2025,17/ene/2025,17/ene/2026,VIGENTE
FEMENINO,VENADO TUERTO,RENOVACIÓN,A.2.1,17/ene/2025,17/ene/2025,17/ene/2028,VIGENTE
FEMENINO,VENADO TUERTO,ORIGINAL,B.1,20/ene/2025,2/ago/2024,20/ene/2026,VIGENTE
FEMENINO,VENADO TUERTO,ORIGINAL,"A.2.1, B.1",20/ene/2025,13/nov/2024,20/ene/2030,VIGENTE
MASCULINO,VENADO TUERTO,ORIGINAL,A.2.1,20/ene/2025,26/dic/2024,20/ene/2030,VIGENTE
FEMENINO,VENADO TUERTO,ORIGINAL,A.2.1,20/ene/2025,10/ene/2025,20/ene/2030,VIGENTE
FEMENINO,VENADO TUERTO,ORIGINAL,A.2.1,20/ene/2025,16/ene/2025,20/ene/2030,NO VIGENTE
MASCULINO,VENADO TUERTO,RENOVACIÓN,"A.2.1, B.2, G.2",20/ene/2025,16/ene/2025,20/ene/2030,VIGENTE
FEMENINO,VENADO TUERTO,RENOVACIÓN,A.2.1,20/ene/2025,20/ene/2025,20/ene/2030,VIGENTE
MASCULINO,VENADO TUERTO,RENOVACIÓN CON AMPLIACIÓN,"A.2.2, B.1",20/ene/2025,20/ene/2025,20/ene/2030,VIGENTE
FEMENINO,VENADO TUERTO,RENOVACIÓN,B.2,20/ene/2025,20/ene/2025,20/ene/2026,VIGENTE
MASCULINO,VENADO TUERTO,RENOVACIÓN,B.2,20/ene/2025,20/ene/2025,20/ene/2026,VIGENTE
MASCULINO,VENADO TUERTO,RENOVACIÓN,"A.2.1, B.2",20/ene/2025,20/ene/2025,20/ene/2030,VIGENTE
MASCULINO,VENADO TUERTO,RENOVACIÓN,A.2.1,20/ene/2025,20/ene/2025,20/ene/2030,VIGENTE
FEMENINO,VENADO TUERTO,DUPLICADO,A.2.1,20/ene/2025,20/ene/2025,25/jun/2029,VIGENTE
MASCULINO,VENADO TUERTO,RENOVACIÓN,"A.2.2, B.1",20/ene/2025,20/ene/2025,20/ene/2030,VIGENTE
FEMENINO,VENADO TUERTO,RENOVACIÓN,B.1,20/ene/2025,20/ene/2025,20/ene/2028,VIGENTE
FEMENINO,VENADO TUERTO,RENOVACIÓN,B.2,20/ene/2025,20/ene/2025,20/ene/2028,VIGENTE
MASCULINO,VENADO TUERTO,RENOVACIÓN,B.2,20/ene/2025,20/ene/2025,20/ene/2026,VIGENTE
FEMENINO,VENADO TUERTO,RENOVACIÓN,"A.2.1, B.1",20/ene/2025,20/ene/2025,20/ene/2028,VIGENTE
FEMENINO,VENADO TUERTO,RENOVACIÓN,A.2.1,20/ene/2025,20/ene/2025,20/ene/2030,VIGENTE
FEMENINO,VENADO TUERTO,RENOVACIÓN,A.2.1,20/ene/2025,20/ene/2025,20/ene/2030,VIGENTE
MASCULINO,VENADO TUERTO,RENOVACIÓN,B.2,20/ene/2025,20/ene/2025,20/ene/2030,VIGENTE
FEMENINO,VENADO TUERTO,RENOVACIÓN,B.2,20/ene/2025,20/ene/2025,20/ene/2026,VIGENTE
MASCULINO,VENADO TUERTO,RENOVACIÓN,B.2,20/ene/2025,20/ene/2025,20/ene/2026,VIGENTE
FEMENINO,VENADO TUERTO,RENOVACIÓN,B.2,20/ene/2025,20/ene/2025,20/ene/2030,VIGENTE
MASCULINO,VENADO TUERTO,RENOVACIÓN,"A.2.2, B.2",20/ene/2025,20/ene/2025,20/ene/2030,VIGENTE
FEMENINO,VENADO TUERTO,RENOVACIÓN,B.1,20/ene/2025,20/ene/2025,20/ene/2030,VIGENTE
MASCULINO,VENADO TUERTO,RENOVACIÓN,B.2,20/ene/2025,20/ene/2025,20/ene/2026,VIGENTE
MASCULINO,VENADO TUERTO,RENOVACIÓN,"A.2.1, B.1",20/ene/2025,20/ene/2025,20/ene/2030,VIGENTE
FEMENINO,SAN EDUARDO,RENOVACIÓN,B.2,20/ene/2025,20/ene/2025,20/ene/2030,VIGENTE
FEMENINO,VENADO TUERTO,RENOVACIÓN CON AMPLIACIÓN,"A.2.1, B.1",20/ene/2025,20/ene/2025,20/ene/2030,VIGENTE
FEMENINO,VENADO TUERTO,ORIGINAL,A.2.1,20/ene/2025,20/ene/2025,20/ene/2026,VIGENTE
MASCULINO,VENADO TUERTO,RENOVACIÓN,E.1,20/ene/2025,20/ene/2025,20/ene/2026,VIGENTE
FEMENINO,VENADO TUERTO,RENOVACIÓN,B.2,20/ene/2025,20/ene/2025,20/ene/2030,VIGENTE
FEMENINO,VENADO TUERTO,ORIGINAL,A.2.1,20/ene/2025,20/ene/2025,20/ene/2026,VIGENTE
MASCULINO,VENADO TUERTO,RENOVACIÓN CON AMPLIACIÓN,"A.2.2, B.2",20/ene/2025,20/ene/2025,20/ene/2030,VIGENTE
FEMENINO,VENADO TUERTO,RENOVACIÓN,B.2,20/ene/2025,20/ene/2025,20/ene/2028,VIGENTE
MASCULINO,VENADO TUERTO,RENOVACIÓN,"A.2.1, B.1",20/ene/2025,20/ene/2025,20/ene/2030,VIGENTE
FEMENINO,VENADO TUERTO,RENOVACIÓN,"A.2.1, B.2",20/ene/2025,20/ene/2025,20/ene/2030,VIGENTE
MASCULINO,VENADO TUERTO,RENOVACIÓN,B.2,20/ene/2025,20/ene/2025,20/ene/2026,VIGENTE
MASCULINO,VENADO TUERTO,RENOVACIÓN,B.1,20/ene/2025,20/ene/2025,20/ene/2028,VIGENTE
MASCULINO,VENADO TUERTO,RENOVACIÓN,"A.2.2, B.1",20/ene/2025,20/ene/2025,20/ene/2030,VIGENTE
MASCULINO,VENADO TUERTO,RENOVACIÓN,"A.2.2, B.1",20/ene/2025,20/ene/2025,20/ene/2030,VIGENTE
MASCULINO,VENADO TUERTO,RENOVACIÓN,B.2,20/ene/2025,20/ene/2025,20/ene/2030,VIGENTE
MASCULINO,VENADO TUERTO,RENOVACIÓN,"A.2.1, E.1",20/ene/2025,20/ene/2025,20/ene/2027,VIGENTE
FEMENINO,VENADO TUERTO,RENOVACIÓN,B.2,20/ene/2025,20/ene/2025,20/ene/2026,VIGENTE
MASCULINO,VENADO TUERTO,RENOVACIÓN CON AMPLIACIÓN,"A.2.1, E.1, E.2, G.1",20/ene/2025,20/ene/2025,20/ene/2027,VIGENTE
FEMENINO,VENADO TUERTO,RENOVACIÓN,B.2,20/ene/2025,20/ene/2025,20/ene/2026,VIGENTE
MASCULINO,VENADO TUERTO,RENOVACIÓN,"A.2.1, B.1",20/ene/2025,20/ene/2025,20/ene/2030,VIGENTE
MASCULINO,VENADO TUERTO,ORIGINAL,A.2.1,20/ene/2025,20/ene/2025,20/ene/2026,VIGENTE
FEMENINO,VENADO TUERTO,RENOVACIÓN,B.1,20/ene/2025,20/ene/2025,20/ene/2030,VIGENTE
MASCULINO,SAN EDUARDO,RENOVACIÓN,B.2,20/ene/2025,20/ene/2025,20/ene/2026,VIGENTE
FEMENINO,VENADO TUERTO,RENOVACIÓN,"A.2.1, B.2",20/ene/2025,20/ene/2025,20/ene/2030,VIGENTE
FEMENINO,VENADO TUERTO,RENOVACIÓN,B.2,20/ene/2025,20/ene/2025,20/ene/2030,VIGENTE
FEMENINO,VENADO TUERTO,RENOVACIÓN,B.2,20/ene/2025,20/ene/2025,20/ene/2026,VIGENTE
MASCULINO,VENADO TUERTO,RENOVACIÓN,"A.2.2, E.1",20/ene/2025,20/ene/2025,20/ene/2026,VIGENTE
FEMENINO,VENADO TUERTO,RENOVACIÓN,B.1,20/ene/2025,20/ene/2025,20/ene/2026,VIGENTE
FEMENINO,VENADO TUERTO,RENOVACIÓN,B.1,20/ene/2025,20/ene/2025,20/ene/2030,VIGENTE
FEMENINO,VENADO TUERTO,RENOVACIÓN,B.2,20/ene/2025,20/ene/2025,20/ene/2026,VIGENTE
FEMENINO,VENADO TUERTO,ORIGINAL,A.2.1,20/ene/2025,20/ene/2025,20/ene/2030,VIGENTE
FEMENINO,VENADO TUERTO,RENOVACIÓN,"A.2.1, B.1",20/ene/2025,20/ene/2025,20/ene/2030,VIGENTE
MASCULINO,VENADO TUERTO,RENOVACIÓN,B.2,20/ene/2025,20/ene/2025,20/ene/2026,VIGENTE
MASCULINO,VENADO TUERTO,ORIGINAL,B.1,20/ene/2025,20/ene/2025,20/ene/2030,VIGENTE
FEMENINO,VENADO TUERTO,RENOVACIÓN,"A.2.1, B.2",20/ene/2025,20/ene/2025,20/ene/2030,VIGENTE
MASCULINO,VENADO TUERTO,RENOVACIÓN CON AMPLIACIÓN,"A.2.2, B.2",20/ene/2025,20/ene/2025,20/ene/2030,VIGENTE
FEMENINO,VENADO TUERTO,DUPLICADO,B.2,20/ene/2025,20/ene/2025,28/feb/2029,VIGENTE
MASCULINO,VENADO TUERTO,ORIGINAL,A.2.1,21/ene/2025,13/jun/2024,21/ene/2030,VIGENTE
FEMENINO,VENADO TUERTO,ORIGINAL,A.2.1,21/ene/2025,7/nov/2024,21/ene/2030,VIGENTE
MASCULINO,VENADO TUERTO,ORIGINAL,"B.1, F",21/ene/2025,27/nov/2024,21/ene/2026,VIGENTE
MASCULINO,VENADO TUERTO,ORIGINAL,A.2.1,21/ene/2025,17/ene/2025,21/ene/2030,VIGENTE
MASCULINO,VENADO TUERTO,RENOVACIÓN CON AMPLIACIÓN,"A.2.1, B.2, G.1, G.2",21/ene/2025,20/ene/2025,21/ene/2030,VIGENTE
MASCULINO,VENADO TUERTO,RENOVACIÓN,A.2.1,21/ene/2025,20/ene/2025,21/ene/2028,VIGENTE
FEMENINO,VENADO TUERTO,RENOVACIÓN,B.2,21/ene/2025,21/ene/2025,21/ene/2026,VIGENTE
MASCULINO,VENADO TUERTO,RENOVACIÓN,"A.2.1, B.2",21/ene/2025,21/ene/2025,21/ene/2030,VIGENTE
FEMENINO,VENADO TUERTO,RENOVACIÓN,B.2,21/ene/2025,21/ene/2025,21/ene/2026,VIGENTE
MASCULINO,VENADO TUERTO,RENOVACIÓN,E.1,21/ene/2025,21/ene/2025,21/ene/2026,VIGENTE
FEMENINO,VENADO TUERTO,RENOVACIÓN,B.2,21/ene/2025,21/ene/2025,21/ene/2028,VIGENTE
FEMENINO,VENADO TUERTO,RENOVACIÓN,B.2,21/ene/2025,21/ene/2025,21/ene/2028,VIGENTE
MASCULINO,VENADO TUERTO,RENOVACIÓN,E.1,21/ene/2025,21/ene/2025,21/ene/2026,VIGENTE
FEMENINO,VENADO TUERTO,RENOVACIÓN,"A.2.1, B.1",21/ene/2025,21/ene/2025,21/ene/2030,VIGENTE
MASCULINO,VENADO TUERTO,ORIGINAL,B.1,21/ene/2025,21/ene/2025,21/ene/2030,VIGENTE
MASCULINO,VENADO TUERTO,RENOVACIÓN,B.2,21/ene/2025,21/ene/2025,21/ene/2030,VIGENTE
FEMENINO,VENADO TUERTO,RENOVACIÓN,"A.2.1, B.1",21/ene/2025,21/ene/2025,21/ene/2030,VIGENTE
FEMENINO,VENADO TUERTO,RENOVACIÓN,B.2,21/ene/2025,21/ene/2025,21/ene/2028,VIGENTE
MASCULINO,VENADO TUERTO,RENOVACIÓN,B.2,21/ene/2025,21/ene/2025,21/ene/2030,VIGENTE
FEMENINO,VENADO TUERTO,RENOVACIÓN,B.2,21/ene/2025,21/ene/2025,21/ene/2026,VIGENTE
MASCULINO,VENADO TUERTO,ORIGINAL,"A.2.1, B.2",21/ene/2025,21/ene/2025,21/ene/2030,VIGENTE
MASCULINO,VENADO TUERTO,ORIGINAL,B.1,21/ene/2025,21/ene/2025,21/ene/2026,VIGENTE
MASCULINO,VENADO TUERTO,RENOVACIÓN,"A.3, E.1",21/ene/2025,21/ene/2025,21/ene/2027,VIGENTE
FEMENINO,VENADO TUERTO,RENOVACIÓN,B.1,21/ene/2025,21/ene/2025,21/ene/2028,VIGENTE
MASCULINO,VENADO TUERTO,RENOVACIÓN,"A.2.1, E.1",21/ene/2025,21/ene/2025,21/ene/2026,VIGENTE
FEMENINO,VENADO TUERTO,RENOVACIÓN,"A.2.1, B.1",21/ene/2025,21/ene/2025,21/ene/2030,VIGENTE
FEMENINO,VENADO TUERTO,RENOVACIÓN,"A.2.2, B.1",21/ene/2025,21/ene/2025,21/ene/2030,VIGENTE
MASCULINO,VENADO TUERTO,ORIGINAL,B.2,21/ene/2025,21/ene/2025,21/ene/2030,VIGENTE
FEMENINO,VENADO TUERTO,ORIGINAL,B.1,21/ene/2025,21/ene/2025,21/ene/2030,VIGENTE
FEMENINO,VENADO TUERTO,RENOVACIÓN,"A.2.1, B.2",21/ene/2025,21/ene/2025,21/ene/2030,VIGENTE
MASCULINO,VENADO TUERTO,RENOVACIÓN,A.2.1,21/ene/2025,21/ene/2025,21/ene/2028,VIGENTE
FEMENINO,VENADO TUERTO,RENOVACIÓN,B.1,21/ene/2025,21/ene/2025,21/ene/2030,VIGENTE
FEMENINO,VENADO TUERTO,RENOVACIÓN,B.2,21/ene/2025,21/ene/2025,21/ene/2030,VIGENTE
FEMENINO,VENADO TUERTO,RENOVACIÓN,"A.3, B.2, G.1, G.2",21/ene/2025,21/ene/2025,21/ene/2030,VIGENTE
MASCULINO,VENADO TUERTO,RENOVACIÓN CON AMPLIACIÓN,B.2,21/ene/2025,21/ene/2025,21/ene/2030,VIGENTE
FEMENINO,VENADO TUERTO,RENOVACIÓN CON AMPLIACIÓN,"A.2.2, B.1",21/ene/2025,21/ene/2025,21/ene/2030,VIGENTE
FEMENINO,VENADO TUERTO,ORIGINAL,A.2.1,21/ene/2025,21/ene/2025,21/ene/2030,VIGENTE
MASCULINO,VENADO TUERTO,RENOVACIÓN,"A.2.2, B.2",21/ene/2025,21/ene/2025,21/ene/2030,VIGENTE
MASCULINO,VENADO TUERTO,RENOVACIÓN,B.2,21/ene/2025,21/ene/2025,21/ene/2028,VIGENTE
MASCULINO,VENADO TUERTO,ORIGINAL,"A.2.1, B.1",21/ene/2025,21/ene/2025,21/ene/2030,VIGENTE
FEMENINO,VENADO TUERTO,RENOVACIÓN,B.1,21/ene/2025,21/ene/2025,21/ene/2030,VIGENTE
MASCULINO,VENADO TUERTO,RENOVACIÓN,B.1,21/ene/2025,21/ene/2025,21/ene/2030,VIGENTE
MASCULINO,VENADO TUERTO,RENOVACIÓN CON AMPLIACIÓN,"A.2.2, B.2",21/ene/2025,21/ene/2025,21/ene/2028,VIGENTE
FEMENINO,VENADO TUERTO,RENOVACIÓN,B.2,21/ene/2025,21/ene/2025,21/ene/2030,VIGENTE
MASCULINO,SAN EDUARDO,RENOVACIÓN,"E.1, E.2, G.1",21/ene/2025,21/ene/2025,21/ene/2026,VIGENTE
FEMENINO,VENADO TUERTO,ORIGINAL,"A.2.1, B.1",21/ene/2025,21/ene/2025,21/ene/2030,VIGENTE
MASCULINO,VENADO TUERTO,RENOVACIÓN,B.2,21/ene/2025,21/ene/2025,21/ene/2030,VIGENTE
MASCULINO,VENADO TUERTO,RENOVACIÓN CON AMPLIACIÓN,"A.3, E.1",21/ene/2025,21/ene/2025,21/ene/2026,VIGENTE
FEMENINO,VENADO TUERTO,ORIGINAL,B.1,21/ene/2025,21/ene/2025,21/ene/2026,VIGENTE
MASCULINO,VENADO TUERTO,RENOVACIÓN,B.2,21/ene/2025,21/ene/2025,21/ene/2030,VIGENTE
FEMENINO,VENADO TUERTO,RENOVACIÓN,B.1,21/ene/2025,21/ene/2025,21/ene/2030,VIGENTE
FEMENINO,VENADO TUERTO,RENOVACIÓN,B.2,21/ene/2025,21/ene/2025,21/ene/2030,VIGENTE
MASCULINO,VENADO TUERTO,RENOVACIÓN,"A.2.1, B.1",21/ene/2025,21/ene/2025,21/ene/2030,VIGENTE
MASCULINO,VENADO TUERTO,RENOVACIÓN,"A.3, B.2",21/ene/2025,21/ene/2025,21/ene/2030,VIGENTE
FEMENINO,VENADO TUERTO,RENOVACIÓN,"A.2.1, B.2",21/ene/2025,21/ene/2025,21/ene/2030,VIGENTE
FEMENINO,VENADO TUERTO,ORIGINAL,A.2.1,21/ene/2025,21/ene/2025,21/ene/2030,VIGENTE
MASCULINO,VENADO TUERTO,RENOVACIÓN,"A.2.1, D.1, D.3",22/ene/2025,13/nov/2024,22/ene/2027,VIGENTE
MASCULINO,VENADO TUERTO,ORIGINAL,"A.2.1, B.1",22/ene/2025,22/nov/2024,22/ene/2030,VIGENTE
FEMENINO,VENADO TUERTO,ORIGINAL,"A.2.1, B.1",22/ene/2025,17/dic/2024,22/ene/2030,VIGENTE
MASCULINO,VENADO TUERTO,ORIGINAL,A.2.1,22/ene/2025,15/ene/2025,22/ene/2030,VIGENTE
FEMENINO,VENADO TUERTO,RENOVACIÓN,"A.2.1, B.1",22/ene/2025,17/ene/2025,22/ene/2030,VIGENTE
MASCULINO,VENADO TUERTO,ORIGINAL,B.1,22/ene/2025,21/ene/2025,22/ene/2026,VIGENTE
MASCULINO,VENADO TUERTO,RENOVACIÓN,B.2,22/ene/2025,22/ene/2025,22/ene/2030,VIGENTE
FEMENINO,VENADO TUERTO,RENOVACIÓN,B.1,22/ene/2025,22/ene/2025,22/ene/2030,VIGENTE
MASCULINO,VENADO TUERTO,ORIGINAL,B.1,22/ene/2025,22/ene/2025,22/ene/2026,VIGENTE
MASCULINO,VENADO TUERTO,RENOVACIÓN,B.2,22/ene/2025,22/ene/2025,22/ene/2030,VIGENTE
MASCULINO,VENADO TUERTO,RENOVACIÓN,"A.2.1, B.2",22/ene/2025,22/ene/2025,22/ene/2030,VIGENTE
FEMENINO,VENADO TUERTO,RENOVACIÓN,B.2,22/ene/2025,22/ene/2025,22/ene/2030,VIGENTE
MASCULINO,VENADO TUERTO,RENOVACIÓN,B.2,22/ene/2025,22/ene/2025,22/ene/2026,VIGENTE
MASCULINO,VENADO TUERTO,RENOVACIÓN,B.1,22/ene/2025,22/ene/2025,22/ene/2030,VIGENTE
FEMENINO,VENADO TUERTO,RENOVACIÓN,B.1,22/ene/2025,22/ene/2025,22/ene/2030,VIGENTE
FEMENINO,VENADO TUERTO,RENOVACIÓN,B.1,22/ene/2025,22/ene/2025,22/ene/2030,VIGENTE
MASCULINO,VENADO TUERTO,ORIGINAL,A.2.2,22/ene/2025,22/ene/2025,22/ene/2030,VIGENTE
MASCULINO,VENADO TUERTO,RENOVACIÓN,B.2,22/ene/2025,22/ene/2025,22/ene/2026,VIGENTE
MASCULINO,VENADO TUERTO,RENOVACIÓN,"A.2.1, E.1, E.2, G.1",22/ene/2025,22/ene/2025,22/ene/2026,VIGENTE
FEMENINO,VENADO TUERTO,RENOVACIÓN CON AMPLIACIÓN,"A.2.1, B.1",22/ene/2025,22/ene/2025,22/ene/2030,VIGENTE
FEMENINO,VENADO TUERTO,RENOVACIÓN,"A.2.1, B.2",22/ene/2025,22/ene/2025,22/ene/2028,VIGENTE
MASCULINO,VENADO TUERTO,RENOVACIÓN,B.2,22/ene/2025,22/ene/2025,22/ene/2026,VIGENTE
MASCULINO,VENADO TUERTO,ORIGINAL,B.2,22/ene/2025,22/ene/2025,22/ene/2028,VIGENTE
MASCULINO,VENADO TUERTO,RENOVACIÓN,B.2,22/ene/2025,22/ene/2025,22/ene/2026,VIGENTE
MASCULINO,VENADO TUERTO,RENOVACIÓN CON AMPLIACIÓN,B.2,22/ene/2025,22/ene/2025,22/ene/2030,VIGENTE
MASCULINO,SAN EDUARDO,RENOVACIÓN,"A.3, B.2",22/ene/2025,22/ene/2025,22/ene/2030,VIGENTE
FEMENINO,VENADO TUERTO,RENOVACIÓN CON AMPLIACIÓN,"A.2.1, B.2, D.1, D.3",22/ene/2025,22/ene/2025,22/ene/2027,VIGENTE
MASCULINO,VENADO TUERTO,RENOVACIÓN,A.2.1,22/ene/2025,22/ene/2025,22/ene/2030,VIGENTE
FEMENINO,VENADO TUERTO,RENOVACIÓN CON AMPLIACIÓN,"A.2.1, B.1",22/ene/2025,22/ene/2025,22/ene/2030,VIGENTE
MASCULINO,VENADO TUERTO,RENOVACIÓN,B.2,22/ene/2025,22/ene/2025,22/ene/2026,VIGENTE
FEMENINO,VENADO TUERTO,RENOVACIÓN,"A.2.1, D.1",22/ene/2025,22/ene/2025,22/ene/2026,VIGENTE
FEMENINO,VENADO TUERTO,RENOVACIÓN,"A.2.2, B.2",22/ene/2025,22/ene/2025,22/ene/2030,VIGENTE
FEMENINO,VENADO TUERTO,ORIGINAL,A.2.1,22/ene/2025,22/ene/2025,22/ene/2030,VIGENTE
MASCULINO,VENADO TUERTO,RENOVACIÓN CON AMPLIACIÓN,A.3,22/ene/2025,22/ene/2025,22/ene/2030,VIGENTE
MASCULINO,VENADO TUERTO,RENOVACIÓN,A.2.1,22/ene/2025,22/ene/2025,22/ene/2030,VIGENTE
FEMENINO,VENADO TUERTO,RENOVACIÓN,B.2,22/ene/2025,22/ene/2025,22/ene/2030,VIGENTE
MASCULINO,VENADO TUERTO,RENOVACIÓN CON AMPLIACIÓN,"A.2.1, B.2",22/ene/2025,22/ene/2025,22/ene/2030,VIGENTE
FEMENINO,VENADO TUERTO,ORIGINAL,A.2.1,22/ene/2025,22/ene/2025,22/ene/2030,VIGENTE
FEMENINO,VENADO TUERTO,RENOVACIÓN,A.2.1,22/ene/2025,22/ene/2025,22/ene/2030,VIGENTE
FEMENINO,VENADO TUERTO,RENOVACIÓN,B.2,22/ene/2025,22/ene/2025,22/ene/2026,VIGENTE
FEMENINO,VENADO TUERTO,RENOVACIÓN,"A.2.1, B.2",22/ene/2025,22/ene/2025,22/ene/2030,VIGENTE
MASCULINO,VENADO TUERTO,RENOVACIÓN,B.2,22/ene/2025,22/ene/2025,22/ene/2030,VIGENTE
FEMENINO,VENADO TUERTO,ORIGINAL,"A.2.1, B.1",22/ene/2025,22/ene/2025,22/ene/2030,VIGENTE
FEMENINO,VENADO TUERTO,RENOVACIÓN,A.2.1,22/ene/2025,22/ene/2025,22/ene/2028,VIGENTE
MASCULINO,VENADO TUERTO,RENOVACIÓN,B.2,22/ene/2025,22/ene/2025,22/ene/2030,VIGENTE
MASCULINO,VENADO TUERTO,RENOVACIÓN,B.2,22/ene/2025,22/ene/2025,22/ene/2030,VIGENTE
MASCULINO,VENADO TUERTO,RENOVACIÓN,B.2,22/ene/2025,22/ene/2025,22/ene/2026,VIGENTE
FEMENINO,VENADO TUERTO,RENOVACIÓN,"A.2.1, B.2",22/ene/2025,22/ene/2025,22/ene/2030,VIGENTE
FEMENINO,VENADO TUERTO,RENOVACIÓN,B.1,22/ene/2025,22/ene/2025,22/ene/2028,VIGENTE
FEMENINO,VENADO TUERTO,RENOVACIÓN,B.2,22/ene/2025,22/ene/2025,22/ene/2030,VIGENTE
MASCULINO,VENADO TUERTO,RENOVACIÓN,"A.2.1, E.1",22/ene/2025,22/ene/2025,22/ene/2027,VIGENTE
MASCULINO,VENADO TUERTO,RENOVACIÓN,"A.2.1, E.1",22/ene/2025,22/ene/2025,22/ene/2026,VIGENTE
MASCULINO,VENADO TUERTO,RENOVACIÓN,B.2,22/ene/2025,22/ene/2025,22/ene/2030,VIGENTE
FEMENINO,VENADO TUERTO,RENOVACIÓN,B.2,22/ene/2025,22/ene/2025,22/ene/2028,VIGENTE
FEMENINO,VENADO TUERTO,RENOVACIÓN,"A.2.1, B.1",22/ene/2025,22/ene/2025,22/ene/2030,VIGENTE
MASCULINO,VENADO TUERTO,RENOVACIÓN CON AMPLIACIÓN,"A.2.2, B.2",22/ene/2025,22/ene/2025,22/ene/2030,VIGENTE
MASCULINO,VENADO TUERTO,RENOVACIÓN,"A.2.2, E.1, G.1",22/ene/2025,22/ene/2025,22/ene/2026,VIGENTE
MASCULINO,VENADO TUERTO,RENOVACIÓN,E.1,22/ene/2025,22/ene/2025,22/ene/2026,VIGENTE
MASCULINO,VENADO TUERTO,ORIGINAL,A.2.1,22/ene/2025,22/ene/2025,22/ene/2030,VIGENTE
MASCULINO,VENADO TUERTO,RENOVACIÓN,"A.3, E.1, G.1",23/ene/2025,9/ene/2025,23/ene/2026,VIGENTE
MASCULINO,VENADO TUERTO,ORIGINAL,"A.2.1, B.1",23/ene/2025,10/ene/2025,23/ene/2028,VIGENTE
MASCULINO,VENADO TUERTO,ORIGINAL,"A.2.1, B.1",23/ene/2025,17/ene/2025,23/ene/2030,VIGENTE
FEMENINO,VENADO TUERTO,RENOVACIÓN,D.1,23/ene/2025,17/ene/2025,23/ene/2026,VIGENTE
MASCULINO,VENADO TUERTO,ORIGINAL,"A.2.1, B.1",23/ene/2025,20/ene/2025,23/ene/2030,VIGENTE
MASCULINO,VENADO TUERTO,RENOVACIÓN CON AMPLIACIÓN,"A.2.1, B.1",23/ene/2025,22/ene/2025,23/ene/2030,VIGENTE
FEMENINO,VENADO TUERTO,ORIGINAL,A.2.1,23/ene/2025,22/ene/2025,23/ene/2030,VIGENTE
MASCULINO,VENADO TUERTO,ORIGINAL,"A.2.1, E.1, G.2",23/ene/2025,22/ene/2025,23/ene/2026,VIGENTE
FEMENINO,VENADO TUERTO,RENOVACIÓN,A.2.1,23/ene/2025,22/ene/2025,23/ene/2028,VIGENTE
MASCULINO,VENADO TUERTO,RENOVACIÓN,A.2.1,23/ene/2025,22/ene/2025,23/ene/2028,VIGENTE
FEMENINO,VENADO TUERTO,ORIGINAL,"A.2.1, B.1",23/ene/2025,22/ene/2025,23/ene/2030,VIGENTE
MASCULINO,VENADO TUERTO,DUPLICADO,B.2,23/ene/2025,23/ene/2025,23/oct/2025,VIGENTE
MASCULINO,VENADO TUERTO,ORIGINAL,"A.2.1, B.1",23/ene/2025,23/ene/2025,23/ene/2030,VIGENTE
MASCULINO,VENADO TUERTO,RENOVACIÓN,B.1,23/ene/2025,23/ene/2025,23/ene/2030,VIGENTE
FEMENINO,VENADO TUERTO,RENOVACIÓN,"A.3, B.1",23/ene/2025,23/ene/2025,23/ene/2030,VIGENTE
MASCULINO,VENADO TUERTO,ORIGINAL,A.2.1,23/ene/2025,23/ene/2025,23/ene/2026,VIGENTE
MASCULINO,VENADO TUERTO,RENOVACIÓN,"A.2.1, E.1",23/ene/2025,23/ene/2025,23/ene/2027,VIGENTE
MASCULINO,VENADO TUERTO,RENOVACIÓN CON AMPLIACIÓN,"A.2.2, E.1",23/ene/2025,23/ene/2025,23/ene/2026,VIGENTE
FEMENINO,VENADO TUERTO,RENOVACIÓN,B.1,23/ene/2025,23/ene/2025,23/ene/2030,VIGENTE
MASCULINO,VENADO TUERTO,RENOVACIÓN,"A.3, B.2, D.3",23/ene/2025,23/ene/2025,23/ene/2026,VIGENTE
FEMENINO,VENADO TUERTO,RENOVACIÓN,B.2,23/ene/2025,23/ene/2025,23/ene/2030,VIGENTE
MASCULINO,VENADO TUERTO,RENOVACIÓN CON AMPLIACIÓN,"A.2.2, B.1",23/ene/2025,23/ene/2025,23/ene/2030,VIGENTE
FEMENINO,VENADO TUERTO,ORIGINAL,A.2.1,23/ene/2025,23/ene/2025,23/ene/2026,VIGENTE
FEMENINO,VENADO TUERTO,ORIGINAL,A.2.1,23/ene/2025,23/ene/2025,23/ene/2030,VIGENTE
MASCULINO,VENADO TUERTO,RENOVACIÓN,"A.3, E.1",23/ene/2025,23/ene/2025,23/ene/2026,VIGENTE
MASCULINO,VENADO TUERTO,RENOVACIÓN,"A.2.1, B.2",23/ene/2025,23/ene/2025,23/ene/2030,VIGENTE
FEMENINO,VENADO TUERTO,RENOVACIÓN,B.2,23/ene/2025,23/ene/2025,23/ene/2026,VIGENTE
MASCULINO,VENADO TUERTO,RENOVACIÓN CON AMPLIACIÓN,"A.2.1, B.2",23/ene/2025,23/ene/2025,23/ene/2030,VIGENTE
FEMENINO,VENADO TUERTO,RENOVACIÓN,"A.2.1, B.1",23/ene/2025,23/ene/2025,23/ene/2030,VIGENTE
MASCULINO,VENADO TUERTO,RENOVACIÓN CON AMPLIACIÓN,"A.3, B.2",23/ene/2025,23/ene/2025,23/ene/2030,VIGENTE
MASCULINO,VENADO TUERTO,RENOVACIÓN,"A.2.1, E.1",23/ene/2025,23/ene/2025,23/ene/2027,VIGENTE
MASCULINO,VENADO TUERTO,ORIGINAL,"A.2.1, B.1",23/ene/2025,23/ene/2025,23/ene/2026,VIGENTE
MASCULINO,VENADO TUERTO,RENOVACIÓN,"A.2.2, B.1",23/ene/2025,23/ene/2025,23/ene/2030,VIGENTE
MASCULINO,VENADO TUERTO,RENOVACIÓN,B.1,23/ene/2025,23/ene/2025,23/ene/2028,VIGENTE
MASCULINO,VENADO TUERTO,RENOVACIÓN,"A.2.1, B.1",23/ene/2025,23/ene/2025,23/ene/2030,VIGENTE
MASCULINO,VENADO TUERTO,RENOVACIÓN,E.1,23/ene/2025,23/ene/2025,23/ene/2026,VIGENTE
FEMENINO,VENADO TUERTO,ORIGINAL,"A.2.1, B.1",23/ene/2025,23/ene/2025,23/ene/2026,VIGENTE
MASCULINO,VENADO TUERTO,RENOVACIÓN,"A.2.2, B.2",23/ene/2025,23/ene/2025,23/ene/2030,VIGENTE
FEMENINO,VENADO TUERTO,RENOVACIÓN,"A.2.1, B.2",23/ene/2025,23/ene/2025,23/ene/2030,VIGENTE
FEMENINO,VENADO TUERTO,ORIGINAL,A.2.1,23/ene/2025,23/ene/2025,23/ene/2030,VIGENTE
FEMENINO,VENADO TUERTO,RENOVACIÓN,B.2,23/ene/2025,23/ene/2025,23/ene/2030,VIGENTE
MASCULINO,VENADO TUERTO,RENOVACIÓN,B.2,23/ene/2025,23/ene/2025,23/ene/2026,VIGENTE
FEMENINO,SAN EDUARDO,RENOVACIÓN,"A.2.1, B.1",23/ene/2025,23/ene/2025,23/ene/2030,VIGENTE
FEMENINO,VENADO TUERTO,ORIGINAL,A.2.1,23/ene/2025,23/ene/2025,23/ene/2026,VIGENTE
MASCULINO,VENADO TUERTO,RENOVACIÓN,"A.2.2, B.1",23/ene/2025,23/ene/2025,23/ene/2030,VIGENTE
MASCULINO,VENADO TUERTO,RENOVACIÓN,"A.2.2, B.1",23/ene/2025,23/ene/2025,23/ene/2030,VIGENTE
FEMENINO,VENADO TUERTO,RENOVACIÓN,B.1,23/ene/2025,23/ene/2025,23/ene/2030,VIGENTE
FEMENINO,VENADO TUERTO,RENOVACIÓN,"A.2.1, B.1",23/ene/2025,23/ene/2025,23/ene/2030,VIGENTE
MASCULINO,VENADO TUERTO,RENOVACIÓN,E.1,23/ene/2025,23/ene/2025,23/ene/2026,VIGENTE
FEMENINO,VENADO TUERTO,RENOVACIÓN,"A.2.1, B.1",23/ene/2025,23/ene/2025,23/ene/2030,VIGENTE
MASCULINO,VENADO TUERTO,RENOVACIÓN,B.2,23/ene/2025,23/ene/2025,23/ene/2026,VIGENTE
MASCULINO,VENADO TUERTO,RENOVACIÓN,B.1,23/ene/2025,23/ene/2025,23/ene/2028,VIGENTE
FEMENINO,VENADO TUERTO,RENOVACIÓN,"A.2.1, B.2",23/ene/2025,23/ene/2025,23/ene/2030,VIGENTE
MASCULINO,VENADO TUERTO,RENOVACIÓN,"A.2.1, B.2",23/ene/2025,23/ene/2025,23/ene/2026,VIGENTE
FEMENINO,VENADO TUERTO,RENOVACIÓN,"A.2.1, B.2",23/ene/2025,23/ene/2025,23/ene/2030,VIGENTE
FEMENINO,VENADO TUERTO,ORIGINAL,A.2.1,23/ene/2025,23/ene/2025,23/ene/2030,VIGENTE
MASCULINO,VENADO TUERTO,RENOVACIÓN,A.2.2,23/ene/2025,23/ene/2025,23/ene/2030,VIGENTE
MASCULINO,VENADO TUERTO,RENOVACIÓN,B.2,23/ene/2025,23/ene/2025,23/ene/2026,VIGENTE
MASCULINO,VENADO TUERTO,ORIGINAL,"A.2.2, B.2",23/ene/2025,23/ene/2025,23/ene/2030,VIGENTE
MASCULINO,VENADO TUERTO,RENOVACIÓN,"A.2.1, D.1",23/ene/2025,23/ene/2025,23/ene/2026,VIGENTE
MASCULINO,VENADO TUERTO,RENOVACIÓN,B.2,23/ene/2025,23/ene/2025,23/ene/2030,VIGENTE
MASCULINO,VENADO TUERTO,RENOVACIÓN,B.2,23/ene/2025,23/ene/2025,23/ene/2026,VIGENTE
FEMENINO,VENADO TUERTO,ORIGINAL,B.1,23/ene/2025,23/ene/2025,23/ene/2030,VIGENTE
MASCULINO,VENADO TUERTO,RENOVACIÓN,"A.2.1, B.1",24/ene/2025,22/oct/2024,24/ene/2030,VIGENTE
MASCULINO,VENADO TUERTO,ORIGINAL,"A.2.1, B.1",24/ene/2025,9/ene/2025,24/ene/2030,VIGENTE
MASCULINO,VENADO TUERTO,RENOVACIÓN CON AMPLIACIÓN,"A.3, B.1, G.1, G.2",24/ene/2025,13/ene/2025,24/ene/2030,VIGENTE
FEMENINO,VENADO TUERTO,RENOVACIÓN CON AMPLIACIÓN,"A.2.1, B.1",24/ene/2025,13/ene/2025,24/ene/2028,VIGENTE
FEMENINO,VENADO TUERTO,ORIGINAL,"A.2.1, B.1",24/ene/2025,13/ene/2025,24/ene/2026,VIGENTE
MASCULINO,VENADO TUERTO,RENOVACIÓN CON AMPLIACIÓN,"A.3, B.2",24/ene/2025,24/ene/2025,24/ene/2030,VIGENTE
MASCULINO,VENADO TUERTO,RENOVACIÓN,E.1,24/ene/2025,24/ene/2025,24/ene/2026,VIGENTE
FEMENINO,VENADO TUERTO,RENOVACIÓN,B.1,24/ene/2025,24/ene/2025,24/ene/2028,VIGENTE
FEMENINO,VENADO TUERTO,RENOVACIÓN CON AMPLIACIÓN,"A.2.1, B.1",24/ene/2025,24/ene/2025,24/ene/2030,VIGENTE
MASCULINO,VENADO TUERTO,RENOVACIÓN CON AMPLIACIÓN,"A.3, E.1",24/ene/2025,24/ene/2025,24/ene/2026,VIGENTE
MASCULINO,VENADO TUERTO,RENOVACIÓN,B.2,24/ene/2025,24/ene/2025,24/ene/2026,VIGENTE
MASCULINO,VENADO TUERTO,RENOVACIÓN,B.2,24/ene/2025,24/ene/2025,24/ene/2026,VIGENTE
FEMENINO,VENADO TUERTO,RENOVACIÓN,A.2.1,24/ene/2025,24/ene/2025,24/ene/2028,VIGENTE
FEMENINO,VENADO TUERTO,ORIGINAL,A.2.1,24/ene/2025,24/ene/2025,24/ene/2030,VIGENTE
FEMENINO,VENADO TUERTO,RENOVACIÓN,"A.2.1, B.2",24/ene/2025,24/ene/2025,24/ene/2030,VIGENTE
MASCULINO,VENADO TUERTO,RENOVACIÓN CON AMPLIACIÓN,"A.3, B.2",24/ene/2025,24/ene/2025,24/ene/2030,VIGENTE
MASCULINO,VENADO TUERTO,RENOVACIÓN,B.2,24/ene/2025,24/ene/2025,24/ene/2026,VIGENTE
MASCULINO,VENADO TUERTO,RENOVACIÓN CON AMPLIACIÓN,"D.1, E.1, E.2",24/ene/2025,24/ene/2025,24/ene/2026,VIGENTE
FEMENINO,VENADO TUERTO,RENOVACIÓN,"A.2.1, B.2",24/ene/2025,24/ene/2025,24/ene/2030,VIGENTE
FEMENINO,VENADO TUERTO,RENOVACIÓN,B.2,24/ene/2025,24/ene/2025,24/ene/2030,VIGENTE
FEMENINO,VENADO TUERTO,RENOVACIÓN CON AMPLIACIÓN,"A.2.1, B.1",24/ene/2025,24/ene/2025,24/ene/2030,VIGENTE
FEMENINO,VENADO TUERTO,ORIGINAL,B.1,24/ene/2025,24/ene/2025,24/ene/2026,VIGENTE
FEMENINO,VENADO TUERTO,RENOVACIÓN,B.2,24/ene/2025,24/ene/2025,24/ene/2026,VIGENTE
FEMENINO,VENADO TUERTO,RENOVACIÓN CON AMPLIACIÓN,"A.2.1, B.2",24/ene/2025,24/ene/2025,24/ene/2030,VIGENTE
MASCULINO,VENADO TUERTO,RENOVACIÓN,"A.2.1, B.2",24/ene/2025,24/ene/2025,24/ene/2030,VIGENTE
FEMENINO,VENADO TUERTO,RENOVACIÓN,B.1,24/ene/2025,24/ene/2025,24/ene/2028,VIGENTE
MASCULINO,VENADO TUERTO,RENOVACIÓN,B.2,24/ene/2025,24/ene/2025,24/ene/2030,VIGENTE
MASCULINO,VENADO TUERTO,RENOVACIÓN,B.1,24/ene/2025,24/ene/2025,24/ene/2030,VIGENTE
MASCULINO,SAN EDUARDO,RENOVACIÓN,"A.2.1, E.1",24/ene/2025,24/ene/2025,24/ene/2026,VIGENTE
MASCULINO,VENADO TUERTO,RENOVACIÓN,"A.2.2, E.1",24/ene/2025,24/ene/2025,24/ene/2026,VIGENTE
MASCULINO,VENADO TUERTO,ORIGINAL,"A.2.1, B.2",24/ene/2025,24/ene/2025,24/ene/2030,VIGENTE
MASCULINO,VENADO TUERTO,RENOVACIÓN,"D.1, D.3",24/ene/2025,24/ene/2025,24/ene/2026,VIGENTE
MASCULINO,VENADO TUERTO,RENOVACIÓN,E.1,24/ene/2025,24/ene/2025,24/ene/2026,VIGENTE
FEMENINO,VENADO TUERTO,ORIGINAL,A.2.1,24/ene/2025,24/ene/2025,24/ene/2026,VIGENTE
FEMENINO,VENADO TUERTO,RENOVACIÓN,B.2,24/ene/2025,24/ene/2025,24/ene/2026,VIGENTE
MASCULINO,VENADO TUERTO,RENOVACIÓN,B.2,24/ene/2025,24/ene/2025,24/ene/2026,VIGENTE
FEMENINO,VENADO TUERTO,RENOVACIÓN,B.2,24/ene/2025,24/ene/2025,24/ene/2026,VIGENTE
MASCULINO,VENADO TUERTO,RENOVACIÓN,B.2,24/ene/2025,24/ene/2025,24/ene/2030,VIGENTE
FEMENINO,VENADO TUERTO,RENOVACIÓN,B.2,24/ene/2025,24/ene/2025,24/ene/2026,VIGENTE
FEMENINO,VENADO TUERTO,RENOVACIÓN,"A.2.1, B.2",24/ene/2025,24/ene/2025,24/ene/2030,VIGENTE
MASCULINO,VENADO TUERTO,RENOVACIÓN,"A.2.1, B.2",24/ene/2025,24/ene/2025,24/ene/2030,VIGENTE
FEMENINO,VENADO TUERTO,RENOVACIÓN,B.1,24/ene/2025,24/ene/2025,24/ene/2030,VIGENTE
MASCULINO,VENADO TUERTO,ORIGINAL,"A.2.1, B.1",24/ene/2025,24/ene/2025,24/ene/2026,VIGENTE
FEMENINO,VENADO TUERTO,ORIGINAL,B.1,24/ene/2025,24/ene/2025,24/ene/2026,NO VIGENTE
FEMENINO,VENADO TUERTO,ORIGINAL,B.1,24/ene/2025,24/ene/2025,24/ene/2030,VIGENTE
FEMENINO,VENADO TUERTO,RENOVACIÓN,B.2,24/ene/2025,24/ene/2025,24/ene/2026,VIGENTE
MASCULINO,VENADO TUERTO,RENOVACIÓN,"A.2.1, E.1",24/ene/2025,24/ene/2025,24/ene/2027,VIGENTE
MASCULINO,VENADO TUERTO,RENOVACIÓN,B.2,24/ene/2025,24/ene/2025,24/ene/2026,VIGENTE
MASCULINO,VENADO TUERTO,RENOVACIÓN,B.2,24/ene/2025,24/ene/2025,24/ene/2030,VIGENTE
MASCULINO,VENADO TUERTO,RENOVACIÓN,"A.2.1, B.1",24/ene/2025,24/ene/2025,24/ene/2030,VIGENTE
MASCULINO,VENADO TUERTO,RENOVACIÓN,"A.2.1, B.1",24/ene/2025,24/ene/2025,24/ene/2030,VIGENTE
MASCULINO,VENADO TUERTO,RENOVACIÓN CON AMPLIACIÓN,"A.2.1, B.2",24/ene/2025,24/ene/2025,24/ene/2030,VIGENTE
MASCULINO,VENADO TUERTO,RENOVACIÓN,"A.3, E.1",24/ene/2025,24/ene/2025,24/ene/2026,VIGENTE
MASCULINO,VENADO TUERTO,RENOVACIÓN CON AMPLIACIÓN,"A.3, B.1",24/ene/2025,24/ene/2025,24/ene/2030,VIGENTE
FEMENINO,VENADO TUERTO,RENOVACIÓN,A.2.1,24/ene/2025,24/ene/2025,24/ene/2030,VIGENTE
FEMENINO,VENADO TUERTO,RENOVACIÓN,B.2,24/ene/2025,24/ene/2025,24/ene/2030,VIGENTE
MASCULINO,VENADO TUERTO,ORIGINAL,A.2.1,24/ene/2025,24/ene/2025,24/ene/2026,VIGENTE
MASCULINO,VENADO TUERTO,RENOVACIÓN,B.2,24/ene/2025,24/ene/2025,24/ene/2030,VIGENTE
FEMENINO,VENADO TUERTO,RENOVACIÓN,"A.2.1, B.2",24/ene/2025,24/ene/2025,24/ene/2030,VIGENTE
MASCULINO,VENADO TUERTO,RENOVACIÓN,B.2,27/ene/2025,30/dic/2024,27/ene/2030,VIGENTE
MASCULINO,VENADO TUERTO,RENOVACIÓN CON AMPLIACIÓN,"A.2.1, B.2",27/ene/2025,7/ene/2025,27/ene/2030,VIGENTE
MASCULINO,VENADO TUERTO,RENOVACIÓN CON AMPLIACIÓN,"A.2.1, B.1",27/ene/2025,14/ene/2025,27/ene/2028,VIGENTE
MASCULINO,VENADO TUERTO,ORIGINAL,B.1,27/ene/2025,15/ene/2025,27/ene/2026,VIGENTE
MASCULINO,VENADO TUERTO,ORIGINAL,B.1,27/ene/2025,15/ene/2025,27/ene/2026,VIGENTE
MASCULINO,VENADO TUERTO,ORIGINAL,A.2.1,27/ene/2025,15/ene/2025,27/ene/2026,VIGENTE
FEMENINO,VENADO TUERTO,RENOVACIÓN CON AMPLIACIÓN,"A.2.1, B.1",27/ene/2025,21/ene/2025,27/ene/2030,VIGENTE
MASCULINO,VENADO TUERTO,ORIGINAL,"A.2.1, B.1",27/ene/2025,22/ene/2025,27/ene/2030,VIGENTE
FEMENINO,VENADO TUERTO,ORIGINAL,A.2.1,27/ene/2025,27/ene/2025,27/ene/2030,VIGENTE
FEMENINO,VENADO TUERTO,RENOVACIÓN,B.1,27/ene/2025,27/ene/2025,27/ene/2030,VIGENTE
MASCULINO,VENADO TUERTO,RENOVACIÓN,"A.2.2, B.2",27/ene/2025,27/ene/2025,27/ene/2030,VIGENTE
MASCULINO,VENADO TUERTO,RENOVACIÓN,"B.2, G.1, G.2",27/ene/2025,27/ene/2025,27/ene/2030,VIGENTE
MASCULINO,VENADO TUERTO,ORIGINAL,B.1,27/ene/2025,27/ene/2025,27/ene/2026,VIGENTE
MASCULINO,VENADO TUERTO,RENOVACIÓN,B.2,27/ene/2025,27/ene/2025,27/ene/2026,VIGENTE
MASCULINO,VENADO TUERTO,RENOVACIÓN,"A.2.2, E.1, E.2, G.1, G.2",27/ene/2025,27/ene/2025,27/ene/2026,VIGENTE
MASCULINO,VENADO TUERTO,RENOVACIÓN CON AMPLIACIÓN,"A.3, E.1",27/ene/2025,27/ene/2025,27/ene/2027,VIGENTE
FEMENINO,VENADO TUERTO,RENOVACIÓN CON AMPLIACIÓN,"A.2.1, B.2",27/ene/2025,27/ene/2025,27/ene/2030,VIGENTE
MASCULINO,VENADO TUERTO,RENOVACIÓN,"A.3, B.2",27/ene/2025,27/ene/2025,27/ene/2030,VIGENTE
MASCULINO,VENADO TUERTO,RENOVACIÓN,"A.2.1, B.2",27/ene/2025,27/ene/2025,27/ene/2030,VIGENTE
MASCULINO,VENADO TUERTO,RENOVACIÓN,"A.2.1, B.2",27/ene/2025,27/ene/2025,27/ene/2028,VIGENTE
MASCULINO,VENADO TUERTO,ORIGINAL,"A.2.1, B.1",27/ene/2025,27/ene/2025,27/ene/2026,VIGENTE
MASCULINO,VENADO TUERTO,ORIGINAL,"A.2.1, B.1",27/ene/2025,27/ene/2025,27/ene/2030,VIGENTE
MASCULINO,VENADO TUERTO,RENOVACIÓN,"A.2.1, E.1",27/ene/2025,27/ene/2025,27/ene/2027,VIGENTE
MASCULINO,VENADO TUERTO,RENOVACIÓN,E.1,27/ene/2025,27/ene/2025,27/ene/2026,VIGENTE
MASCULINO,VENADO TUERTO,RENOVACIÓN,"A.2.1, B.2",27/ene/2025,27/ene/2025,27/ene/2030,VIGENTE
FEMENINO,VENADO TUERTO,RENOVACIÓN,"A.2.1, B.2",27/ene/2025,27/ene/2025,27/ene/2030,VIGENTE
MASCULINO,VENADO TUERTO,RENOVACIÓN,"A.2.1, B.2",27/ene/2025,27/ene/2025,27/ene/2030,VIGENTE
FEMENINO,VENADO TUERTO,RENOVACIÓN,B.2,27/ene/2025,27/ene/2025,27/ene/2030,VIGENTE
MASCULINO,VENADO TUERTO,RENOVACIÓN,"A.2.1, E.1",27/ene/2025,27/ene/2025,27/ene/2026,VIGENTE
FEMENINO,VENADO TUERTO,RENOVACIÓN,B.2,27/ene/2025,27/ene/2025,27/ene/2026,VIGENTE
MASCULINO,VENADO TUERTO,RENOVACIÓN,B.2,27/ene/2025,27/ene/2025,27/ene/2026,VIGENTE
FEMENINO,VENADO TUERTO,DUPLICADO,B.1,27/ene/2025,27/ene/2025,10/jun/2029,VIGENTE
MASCULINO,VENADO TUERTO,RENOVACIÓN CON AMPLIACIÓN,"A.2.2, B.2",27/ene/2025,27/ene/2025,27/ene/2030,VIGENTE
MASCULINO,VENADO TUERTO,RENOVACIÓN,"A.2.1, E.1",27/ene/2025,27/ene/2025,27/ene/2026,VIGENTE
FEMENINO,VENADO TUERTO,RENOVACIÓN,B.2,27/ene/2025,27/ene/2025,27/ene/2030,VIGENTE
MASCULINO,VENADO TUERTO,ORIGINAL,"A.2.1, B.1",27/ene/2025,27/ene/2025,27/ene/2026,VIGENTE
FEMENINO,VENADO TUERTO,ORIGINAL,A.2.1,27/ene/2025,27/ene/2025,27/ene/2030,VIGENTE
MASCULINO,VENADO TUERTO,RENOVACIÓN,E.1,27/ene/2025,27/ene/2025,27/ene/2027,VIGENTE
FEMENINO,VENADO TUERTO,RENOVACIÓN,B.2,27/ene/2025,27/ene/2025,27/ene/2030,VIGENTE
MASCULINO,VENADO TUERTO,RENOVACIÓN,"A.2.1, B.1",27/ene/2025,27/ene/2025,27/ene/2030,VIGENTE
MASCULINO,VENADO TUERTO,RENOVACIÓN,"A.2.1, B.2",27/ene/2025,27/ene/2025,27/ene/2030,VIGENTE
MASCULINO,VENADO TUERTO,RENOVACIÓN,"A.2.1, B.2, G.1",27/ene/2025,27/ene/2025,27/ene/2030,VIGENTE
MASCULINO,VENADO TUERTO,RENOVACIÓN,A.2.1,27/ene/2025,27/ene/2025,27/ene/2026,VIGENTE
MASCULINO,VENADO TUERTO,RENOVACIÓN,B.1,27/ene/2025,27/ene/2025,27/ene/2026,VIGENTE
MASCULINO,VENADO TUERTO,RENOVACIÓN,A.2.1,27/ene/2025,27/ene/2025,27/ene/2028,VIGENTE
FEMENINO,VENADO TUERTO,RENOVACIÓN,B.1,27/ene/2025,27/ene/2025,27/ene/2030,VIGENTE
MASCULINO,VENADO TUERTO,RENOVACIÓN,"A.2.1, B.2",27/ene/2025,27/ene/2025,27/ene/2030,VIGENTE
MASCULINO,VENADO TUERTO,RENOVACIÓN,B.2,27/ene/2025,27/ene/2025,27/ene/2030,VIGENTE
FEMENINO,VENADO TUERTO,RENOVACIÓN,"A.2.1, B.1",27/ene/2025,27/ene/2025,27/ene/2030,VIGENTE
MASCULINO,VENADO TUERTO,RENOVACIÓN,B.2,27/ene/2025,27/ene/2025,27/ene/2026,VIGENTE
MASCULINO,VENADO TUERTO,RENOVACIÓN,B.1,27/ene/2025,27/ene/2025,27/ene/2028,VIGENTE
FEMENINO,VENADO TUERTO,ORIGINAL,B.1,27/ene/2025,27/ene/2025,27/ene/2026,VIGENTE
MASCULINO,VENADO TUERTO,RENOVACIÓN,"A.2.1, B.1",27/ene/2025,27/ene/2025,27/ene/2030,VIGENTE
MASCULINO,VENADO TUERTO,RENOVACIÓN CON AMPLIACIÓN,"A.2.1, B.1",27/ene/2025,27/ene/2025,27/ene/2030,VIGENTE
MASCULINO,VENADO TUERTO,RENOVACIÓN,B.1,27/ene/2025,27/ene/2025,27/ene/2028,VIGENTE
FEMENINO,VENADO TUERTO,ORIGINAL,A.2.1,27/ene/2025,27/ene/2025,27/ene/2030,VIGENTE
MASCULINO,VENADO TUERTO,RENOVACIÓN,"A.2.1, B.2, D.3",27/ene/2025,27/ene/2025,27/ene/2027,VIGENTE
MASCULINO,VENADO TUERTO,RENOVACIÓN CON AMPLIACIÓN,"A.2.1, E.1",28/ene/2025,7/mar/2024,28/ene/2027,VIGENTE
MASCULINO,VENADO TUERTO,ORIGINAL,A.2.1,28/ene/2025,6/ene/2025,28/ene/2026,VIGENTE
FEMENINO,VENADO TUERTO,ORIGINAL,A.2.1,28/ene/2025,9/ene/2025,28/ene/2030,VIGENTE
MASCULINO,VENADO TUERTO,ORIGINAL,"A.3, B.1",28/ene/2025,24/ene/2025,28/ene/2030,VIGENTE
MASCULINO,VENADO TUERTO,RENOVACIÓN,"A.2.1, B.2",28/ene/2025,27/ene/2025,28/ene/2026,VIGENTE
MASCULINO,VENADO TUERTO,ORIGINAL,"A.2.1, B.1",28/ene/2025,27/ene/2025,28/ene/2026,VIGENTE
FEMENINO,VENADO TUERTO,RENOVACIÓN,B.1,28/ene/2025,28/ene/2025,28/ene/2028,VIGENTE
FEMENINO,VENADO TUERTO,RENOVACIÓN,"A.2.1, B.2",28/ene/2025,28/ene/2025,28/ene/2030,VIGENTE
MASCULINO,VENADO TUERTO,RENOVACIÓN,B.1,28/ene/2025,28/ene/2025,28/ene/2028,VIGENTE
MASCULINO,VENADO TUERTO,RENOVACIÓN,E.1,28/ene/2025,28/ene/2025,28/ene/2027,VIGENTE
FEMENINO,VENADO TUERTO,RENOVACIÓN,A.2.1,28/ene/2025,28/ene/2025,28/ene/2030,VIGENTE
MASCULINO,VENADO TUERTO,RENOVACIÓN,"A.2.1, B.2",28/ene/2025,28/ene/2025,28/ene/2030,VIGENTE
FEMENINO,VENADO TUERTO,RENOVACIÓN,B.2,28/ene/2025,28/ene/2025,28/ene/2026,VIGENTE
MASCULINO,VENADO TUERTO,RENOVACIÓN,"A.2.1, B.1",28/ene/2025,28/ene/2025,28/ene/2030,VIGENTE
MASCULINO,VENADO TUERTO,RENOVACIÓN,D.1,28/ene/2025,28/ene/2025,28/ene/2026,VIGENTE
FEMENINO,VENADO TUERTO,RENOVACIÓN,B.2,28/ene/2025,28/ene/2025,28/ene/2030,VIGENTE
MASCULINO,VENADO TUERTO,RENOVACIÓN,B.2,28/ene/2025,28/ene/2025,28/ene/2026,VIGENTE
MASCULINO,VENADO TUERTO,RENOVACIÓN,B.2,28/ene/2025,28/ene/2025,28/ene/2026,VIGENTE
FEMENINO,VENADO TUERTO,RENOVACIÓN,B.2,28/ene/2025,28/ene/2025,28/ene/2030,VIGENTE
MASCULINO,VENADO TUERTO,RENOVACIÓN,B.2,28/ene/2025,28/ene/2025,28/ene/2028,VIGENTE
MASCULINO,VENADO TUERTO,RENOVACIÓN,B.2,28/ene/2025,28/ene/2025,28/ene/2026,VIGENTE
MASCULINO,VENADO TUERTO,RENOVACIÓN CON AMPLIACIÓN,"A.3, B.2",28/ene/2025,28/ene/2025,28/ene/2030,VIGENTE
MASCULINO,SAN EDUARDO,RENOVACIÓN,E.1,28/ene/2025,28/ene/2025,28/ene/2027,VIGENTE
FEMENINO,VENADO TUERTO,RENOVACIÓN CON AMPLIACIÓN,"A.2.1, B.2",28/ene/2025,28/ene/2025,28/ene/2030,VIGENTE
MASCULINO,VENADO TUERTO,RENOVACIÓN,B.2,28/ene/2025,28/ene/2025,28/ene/2026,VIGENTE
FEMENINO,VENADO TUERTO,RENOVACIÓN CON AMPLIACIÓN,"A.2.1, B.1",28/ene/2025,28/ene/2025,28/ene/2030,VIGENTE
FEMENINO,VENADO TUERTO,ORIGINAL,A.2.1,28/ene/2025,28/ene/2025,28/ene/2030,VIGENTE
MASCULINO,VENADO TUERTO,RENOVACIÓN,B.1,28/ene/2025,28/ene/2025,28/ene/2028,VIGENTE
MASCULINO,VENADO TUERTO,RENOVACIÓN,"A.2.1, B.2",28/ene/2025,28/ene/2025,28/ene/2030,VIGENTE
MASCULINO,VENADO TUERTO,RENOVACIÓN,"A.2.1, B.1",28/ene/2025,28/ene/2025,28/ene/2028,VIGENTE
MASCULINO,VENADO TUERTO,RENOVACIÓN,E.1,28/ene/2025,28/ene/2025,28/ene/2026,VIGENTE
MASCULINO,VENADO TUERTO,RENOVACIÓN,"A.2.2, B.1",28/ene/2025,28/ene/2025,28/ene/2030,VIGENTE
FEMENINO,VENADO TUERTO,RENOVACIÓN,B.2,28/ene/2025,28/ene/2025,28/ene/2026,VIGENTE
MASCULINO,VENADO TUERTO,RENOVACIÓN,"A.2.1, E.1, E.2",28/ene/2025,28/ene/2025,28/ene/2026,VIGENTE
FEMENINO,VENADO TUERTO,RENOVACIÓN,B.2,28/ene/2025,28/ene/2025,28/ene/2026,VIGENTE
FEMENINO,VENADO TUERTO,ORIGINAL,A.2.1,28/ene/2025,28/ene/2025,28/ene/2030,VIGENTE
MASCULINO,VENADO TUERTO,ORIGINAL,"A.2.1, B.2",28/ene/2025,28/ene/2025,28/ene/2030,VIGENTE
FEMENINO,VENADO TUERTO,RENOVACIÓN,"A.2.1, B.1",28/ene/2025,28/ene/2025,28/ene/2030,VIGENTE
FEMENINO,VENADO TUERTO,RENOVACIÓN,A.2.1,28/ene/2025,28/ene/2025,28/ene/2028,VIGENTE
FEMENINO,VENADO TUERTO,RENOVACIÓN,"A.2.1, B.2",28/ene/2025,28/ene/2025,28/ene/2030,VIGENTE
MASCULINO,VENADO TUERTO,RENOVACIÓN CON AMPLIACIÓN,"A.2.1, B.2",28/ene/2025,28/ene/2025,28/ene/2030,VIGENTE
FEMENINO,VENADO TUERTO,ORIGINAL,A.2.1,28/ene/2025,28/ene/2025,28/ene/2030,VIGENTE
MASCULINO,VENADO TUERTO,RENOVACIÓN,B.1,28/ene/2025,28/ene/2025,28/ene/2026,VIGENTE
FEMENINO,VENADO TUERTO,RENOVACIÓN,"A.2.1, B.2",28/ene/2025,28/ene/2025,28/ene/2030,VIGENTE
MASCULINO,VENADO TUERTO,RENOVACIÓN,"A.2.2, B.2",28/ene/2025,28/ene/2025,28/ene/2030,VIGENTE
FEMENINO,VENADO TUERTO,RENOVACIÓN,"A.2.2, B.2",28/ene/2025,28/ene/2025,28/ene/2030,VIGENTE
MASCULINO,VENADO TUERTO,RENOVACIÓN,"A.2.1, E.1",28/ene/2025,28/ene/2025,28/ene/2026,VIGENTE
FEMENINO,VENADO TUERTO,RENOVACIÓN,A.2.1,28/ene/2025,28/ene/2025,28/ene/2030,VIGENTE
MASCULINO,VENADO TUERTO,RENOVACIÓN CON AMPLIACIÓN,"A.2.2, E.1",28/ene/2025,28/ene/2025,28/ene/2027,VIGENTE
MASCULINO,VENADO TUERTO,RENOVACIÓN,B.1,28/ene/2025,28/ene/2025,28/ene/2026,VIGENTE
FEMENINO,VENADO TUERTO,RENOVACIÓN,B.2,28/ene/2025,28/ene/2025,28/ene/2026,VIGENTE
MASCULINO,VENADO TUERTO,RENOVACIÓN,B.2,28/ene/2025,28/ene/2025,28/ene/2030,VIGENTE
FEMENINO,VENADO TUERTO,RENOVACIÓN,A.2.1,28/ene/2025,28/ene/2025,28/ene/2030,VIGENTE
FEMENINO,VENADO TUERTO,ORIGINAL,A.2.1,29/ene/2025,17/ene/2025,29/ene/2030,VIGENTE
FEMENINO,VENADO TUERTO,ORIGINAL,"A.2.1, B.1",29/ene/2025,17/ene/2025,29/ene/2030,VIGENTE
MASCULINO,VENADO TUERTO,ORIGINAL,"A.2.1, B.1",29/ene/2025,22/ene/2025,29/ene/2026,VIGENTE
FEMENINO,VENADO TUERTO,ORIGINAL,A.2.1,29/ene/2025,28/ene/2025,29/ene/2030,VIGENTE
FEMENINO,VENADO TUERTO,RENOVACIÓN,B.2,29/ene/2025,28/ene/2025,29/ene/2026,VIGENTE
MASCULINO,VENADO TUERTO,RENOVACIÓN,"A.2.1, B.2",29/ene/2025,29/ene/2025,29/ene/2026,VIGENTE
FEMENINO,VENADO TUERTO,RENOVACIÓN,B.2,29/ene/2025,29/ene/2025,29/ene/2026,VIGENTE
FEMENINO,VENADO TUERTO,RENOVACIÓN,"A.2.1, B.1",29/ene/2025,29/ene/2025,29/ene/2030,VIGENTE
MASCULINO,VENADO TUERTO,RENOVACIÓN,E.1,29/ene/2025,29/ene/2025,29/ene/2026,VIGENTE
FEMENINO,VENADO TUERTO,RENOVACIÓN,A.2.1,29/ene/2025,29/ene/2025,29/ene/2028,VIGENTE
MASCULINO,VENADO TUERTO,RENOVACIÓN,A.2.1,29/ene/2025,29/ene/2025,29/ene/2028,VIGENTE
MASCULINO,VENADO TUERTO,ORIGINAL,"A.2.1, B.1",29/ene/2025,29/ene/2025,29/ene/2030,VIGENTE
FEMENINO,VENADO TUERTO,RENOVACIÓN,B.2,29/ene/2025,29/ene/2025,29/ene/2026,VIGENTE
MASCULINO,VENADO TUERTO,RENOVACIÓN,A.2.2,29/ene/2025,29/ene/2025,29/ene/2030,VIGENTE
MASCULINO,VENADO TUERTO,RENOVACIÓN CON AMPLIACIÓN,"A.2.1, B.2",29/ene/2025,29/ene/2025,29/ene/2030,VIGENTE
FEMENINO,VENADO TUERTO,RENOVACIÓN CON AMPLIACIÓN,B.1,29/ene/2025,29/ene/2025,29/ene/2030,VIGENTE
MASCULINO,VENADO TUERTO,RENOVACIÓN CON AMPLIACIÓN,"A.2.2, B.1",29/ene/2025,29/ene/2025,29/ene/2030,VIGENTE
FEMENINO,VENADO TUERTO,ORIGINAL,"A.2.1, B.1",29/ene/2025,29/ene/2025,29/ene/2030,VIGENTE
FEMENINO,VENADO TUERTO,RENOVACIÓN,B.2,29/ene/2025,29/ene/2025,29/ene/2026,NO VIGENTE
MASCULINO,VENADO TUERTO,RENOVACIÓN,"A.2.2, E.1",29/ene/2025,29/ene/2025,29/ene/2026,VIGENTE
MASCULINO,VENADO TUERTO,RENOVACIÓN,B.2,29/ene/2025,29/ene/2025,29/ene/2030,VIGENTE
MASCULINO,VENADO TUERTO,RENOVACIÓN,B.2,29/ene/2025,29/ene/2025,29/ene/2026,VIGENTE
FEMENINO,VENADO TUERTO,RENOVACIÓN,B.2,29/ene/2025,29/ene/2025,29/ene/2030,VIGENTE
MASCULINO,VENADO TUERTO,RENOVACIÓN CON AMPLIACIÓN,"D.1, D.3, E.1",29/ene/2025,29/ene/2025,29/ene/2026,VIGENTE
FEMENINO,VENADO TUERTO,RENOVACIÓN CON AMPLIACIÓN,"A.2.1, B.2",29/ene/2025,29/ene/2025,29/ene/2030,VIGENTE
MASCULINO,VENADO TUERTO,RENOVACIÓN,B.1,29/ene/2025,29/ene/2025,29/ene/2030,VIGENTE
MASCULINO,VENADO TUERTO,RENOVACIÓN,B.2,29/ene/2025,29/ene/2025,29/ene/2030,NO VIGENTE
MASCULINO,VENADO TUERTO,RENOVACIÓN CON AMPLIACIÓN,"A.2.2, B.2",29/ene/2025,29/ene/2025,29/ene/2030,VIGENTE
FEMENINO,VENADO TUERTO,RENOVACIÓN,"A.2.1, B.2",29/ene/2025,29/ene/2025,29/ene/2030,VIGENTE
MASCULINO,VENADO TUERTO,RENOVACIÓN,"A.2.2, E.1",29/ene/2025,29/ene/2025,29/ene/2026,VIGENTE
MASCULINO,VENADO TUERTO,RENOVACIÓN,"A.2.2, B.2, G.1, G.2",29/ene/2025,29/ene/2025,29/ene/2030,VIGENTE
FEMENINO,VENADO TUERTO,RENOVACIÓN,B.1,29/ene/2025,29/ene/2025,29/ene/2030,VIGENTE
MASCULINO,VENADO TUERTO,ORIGINAL,"A.2.1, B.2",29/ene/2025,29/ene/2025,29/ene/2030,VIGENTE
MASCULINO,VENADO TUERTO,RENOVACIÓN,"A.2.1, B.2",29/ene/2025,29/ene/2025,29/ene/2026,VIGENTE
MASCULINO,VENADO TUERTO,RENOVACIÓN,E.1,29/ene/2025,29/ene/2025,29/ene/2026,VIGENTE
MASCULINO,VENADO TUERTO,RENOVACIÓN,B.2,29/ene/2025,29/ene/2025,29/ene/2028,VIGENTE
MASCULINO,VENADO TUERTO,RENOVACIÓN,B.2,29/ene/2025,29/ene/2025,29/ene/2026,VIGENTE
MASCULINO,VENADO TUERTO,RENOVACIÓN,"A.2.1, B.1",29/ene/2025,29/ene/2025,29/ene/2030,VIGENTE
FEMENINO,VENADO TUERTO,DUPLICADO POR CAMBIO DE DATOS,A.2.1,29/ene/2025,29/ene/2025,3/jul/2029,VIGENTE
MASCULINO,VENADO TUERTO,RENOVACIÓN,B.2,29/ene/2025,29/ene/2025,29/ene/2030,VIGENTE
FEMENINO,VENADO TUERTO,RENOVACIÓN,"A.2.1, B.2",29/ene/2025,29/ene/2025,29/ene/2030,VIGENTE
MASCULINO,VENADO TUERTO,RENOVACIÓN,"A.2.2, B.1",29/ene/2025,29/ene/2025,29/ene/2030,VIGENTE
FEMENINO,VENADO TUERTO,RENOVACIÓN,A.2.1,29/ene/2025,29/ene/2025,29/ene/2030,VIGENTE
MASCULINO,VENADO TUERTO,RENOVACIÓN,"A.2.2, E.1, E.2, G.1, G.2",29/ene/2025,29/ene/2025,29/ene/2026,VIGENTE
MASCULINO,VENADO TUERTO,RENOVACIÓN,"A.2.1, B.1",29/ene/2025,29/ene/2025,29/ene/2030,VIGENTE
MASCULINO,VENADO TUERTO,RENOVACIÓN,B.2,29/ene/2025,29/ene/2025,29/ene/2026,VIGENTE
FEMENINO,VENADO TUERTO,RENOVACIÓN,A.2.1,29/ene/2025,29/ene/2025,29/ene/2030,VIGENTE
FEMENINO,VENADO TUERTO,RENOVACIÓN,B.2,29/ene/2025,29/ene/2025,29/ene/2026,VIGENTE
FEMENINO,VENADO TUERTO,RENOVACIÓN,B.2,29/ene/2025,29/ene/2025,29/ene/2030,VIGENTE
MASCULINO,VENADO TUERTO,RENOVACIÓN,"A.2.1, B.2",29/ene/2025,29/ene/2025,29/ene/2030,VIGENTE
MASCULINO,VENADO TUERTO,RENOVACIÓN,B.2,29/ene/2025,29/ene/2025,29/ene/2026,VIGENTE
MASCULINO,VENADO TUERTO,RENOVACIÓN,"A.2.1, B.2",29/ene/2025,29/ene/2025,29/ene/2030,VIGENTE
MASCULINO,VENADO TUERTO,RENOVACIÓN,B.2,29/ene/2025,29/ene/2025,29/ene/2030,VIGENTE
FEMENINO,VENADO TUERTO,RENOVACIÓN,B.2,29/ene/2025,29/ene/2025,29/ene/2030,VIGENTE
MASCULINO,VENADO TUERTO,ORIGINAL,A.2.1,30/ene/2025,14/ene/2025,30/ene/2026,VIGENTE
FEMENINO,VENADO TUERTO,ORIGINAL,A.2.1,30/ene/2025,17/ene/2025,30/ene/2026,VIGENTE
MASCULINO,VENADO TUERTO,RENOVACIÓN,"A.2.1, B.2",30/ene/2025,21/ene/2025,30/ene/2030,VIGENTE
MASCULINO,VENADO TUERTO,RENOVACIÓN,B.1,30/ene/2025,24/ene/2025,30/ene/2026,VIGENTE
FEMENINO,VENADO TUERTO,ORIGINAL,A.2.1,30/ene/2025,30/ene/2025,30/ene/2030,VIGENTE
MASCULINO,VENADO TUERTO,RENOVACIÓN,B.2,30/ene/2025,30/ene/2025,30/ene/2030,VIGENTE
FEMENINO,VENADO TUERTO,RENOVACIÓN,B.1,30/ene/2025,30/ene/2025,30/ene/2030,VIGENTE
FEMENINO,VENADO TUERTO,ORIGINAL,A.2.1,30/ene/2025,30/ene/2025,30/ene/2026,VIGENTE
FEMENINO,VENADO TUERTO,RENOVACIÓN,B.1,30/ene/2025,30/ene/2025,30/ene/2030,VIGENTE
MASCULINO,VENADO TUERTO,RENOVACIÓN,"A.2.1, E.1",30/ene/2025,30/ene/2025,30/ene/2027,VIGENTE
MASCULINO,VENADO TUERTO,RENOVACIÓN,"A.2.1, D.1",30/ene/2025,30/ene/2025,30/ene/2026,VIGENTE
MASCULINO,VENADO TUERTO,RENOVACIÓN,"A.2.1, B.2",30/ene/2025,30/ene/2025,30/ene/2030,VIGENTE
FEMENINO,VENADO TUERTO,RENOVACIÓN,B.2,30/ene/2025,30/ene/2025,30/ene/2028,VIGENTE
MASCULINO,VENADO TUERTO,RENOVACIÓN,B.2,30/ene/2025,30/ene/2025,30/ene/2026,VIGENTE
FEMENINO,VENADO TUERTO,RENOVACIÓN,B.2,30/ene/2025,30/ene/2025,30/ene/2026,VIGENTE
MASCULINO,VENADO TUERTO,RENOVACIÓN,"A.2.2, E.1",30/ene/2025,30/ene/2025,30/ene/2026,VIGENTE
FEMENINO,VENADO TUERTO,RENOVACIÓN,"A.2.1, B.2",30/ene/2025,30/ene/2025,30/ene/2026,VIGENTE
MASCULINO,VENADO TUERTO,RENOVACIÓN,"D.1, D.3, E.1",30/ene/2025,30/ene/2025,30/ene/2026,VIGENTE
MASCULINO,VENADO TUERTO,RENOVACIÓN,B.2,30/ene/2025,30/ene/2025,30/ene/2030,VIGENTE
MASCULINO,VENADO TUERTO,DUPLICADO,"A.3, B.2",30/ene/2025,30/ene/2025,4/sept/2029,VIGENTE
MASCULINO,VENADO TUERTO,RENOVACIÓN,"A.2.2, B.2",30/ene/2025,30/ene/2025,30/ene/2026,VIGENTE
FEMENINO,VENADO TUERTO,RENOVACIÓN,"A.2.1, B.1",30/ene/2025,30/ene/2025,30/ene/2030,VIGENTE
FEMENINO,VENADO TUERTO,RENOVACIÓN,A.2.1,30/ene/2025,30/ene/2025,30/ene/2030,VIGENTE
MASCULINO,VENADO TUERTO,RENOVACIÓN,"A.2.1, E.1, E.2, G.1",30/ene/2025,30/ene/2025,30/ene/2026,VIGENTE
MASCULINO,VENADO TUERTO,RENOVACIÓN,"A.2.1, B.1",30/ene/2025,30/ene/2025,30/ene/2030,VIGENTE
MASCULINO,VENADO TUERTO,RENOVACIÓN,E.1,30/ene/2025,30/ene/2025,30/ene/2026,VIGENTE
MASCULINO,VENADO TUERTO,RENOVACIÓN,B.2,30/ene/2025,30/ene/2025,30/ene/2030,VIGENTE
FEMENINO,VENADO TUERTO,RENOVACIÓN,B.2,30/ene/2025,30/ene/2025,30/ene/2030,VIGENTE
MASCULINO,VENADO TUERTO,RENOVACIÓN,"A.3, E.1",30/ene/2025,30/ene/2025,30/ene/2026,VIGENTE
FEMENINO,VENADO TUERTO,ORIGINAL,A.2.1,30/ene/2025,30/ene/2025,30/ene/2030,VIGENTE
MASCULINO,VENADO TUERTO,RENOVACIÓN,E.1,30/ene/2025,30/ene/2025,30/ene/2026,VIGENTE
FEMENINO,VENADO TUERTO,RENOVACIÓN,B.1,30/ene/2025,30/ene/2025,30/ene/2028,VIGENTE
MASCULINO,VENADO TUERTO,RENOVACIÓN,B.2,30/ene/2025,30/ene/2025,30/ene/2030,VIGENTE
MASCULINO,VENADO TUERTO,RENOVACIÓN,"A.2.1, E.1",30/ene/2025,30/ene/2025,30/ene/2027,VIGENTE
MASCULINO,VENADO TUERTO,RENOVACIÓN,"A.3, B.2",30/ene/2025,30/ene/2025,30/ene/2030,VIGENTE
FEMENINO,VENADO TUERTO,RENOVACIÓN,"A.2.1, B.2",30/ene/2025,30/ene/2025,30/ene/2030,VIGENTE
FEMENINO,VENADO TUERTO,RENOVACIÓN,B.2,30/ene/2025,30/ene/2025,30/ene/2030,VIGENTE
FEMENINO,VENADO TUERTO,RENOVACIÓN,B.1,30/ene/2025,30/ene/2025,30/ene/2030,VIGENTE
FEMENINO,VENADO TUERTO,RENOVACIÓN,A.2.1,30/ene/2025,30/ene/2025,30/ene/2030,VIGENTE
FEMENINO,VENADO TUERTO,ORIGINAL,A.2.1,30/ene/2025,30/ene/2025,30/ene/2030,VIGENTE
MASCULINO,VENADO TUERTO,ORIGINAL,"A.2.1, B.1",31/ene/2025,30/dic/2024,31/ene/2026,VIGENTE
MASCULINO,VENADO TUERTO,RENOVACIÓN CON AMPLIACIÓN,"A.2.1, B.2",31/ene/2025,20/ene/2025,31/ene/2030,VIGENTE
MASCULINO,VENADO TUERTO,ORIGINAL,A.2.1,31/ene/2025,20/ene/2025,31/ene/2026,VIGENTE
FEMENINO,VENADO TUERTO,ORIGINAL,"A.2.1, B.1",31/ene/2025,21/ene/2025,31/ene/2030,VIGENTE
MASCULINO,VENADO TUERTO,ORIGINAL,B.1,31/ene/2025,30/ene/2025,31/ene/2030,VIGENTE
MASCULINO,VENADO TUERTO,RENOVACIÓN,B.2,31/ene/2025,31/ene/2025,31/ene/2026,VIGENTE
MASCULINO,VENADO TUERTO,RENOVACIÓN,"A.2.1, E.1, E.2, G.1, G.2",31/ene/2025,31/ene/2025,31/ene/2027,VIGENTE
FEMENINO,SAN EDUARDO,RENOVACIÓN,"A.2.1, B.1",31/ene/2025,31/ene/2025,31/ene/2030,VIGENTE
MASCULINO,VENADO TUERTO,ORIGINAL,A.2.1,31/ene/2025,31/ene/2025,31/ene/2026,VIGENTE
MASCULINO,VENADO TUERTO,RENOVACIÓN CON AMPLIACIÓN,A.2.2,31/ene/2025,31/ene/2025,31/ene/2030,VIGENTE
MASCULINO,VENADO TUERTO,RENOVACIÓN,E.1,31/ene/2025,31/ene/2025,31/ene/2026,VIGENTE
MASCULINO,VENADO TUERTO,RENOVACIÓN,"A.2.2, D.1, D.3",31/ene/2025,31/ene/2025,31/ene/2027,VIGENTE
MASCULINO,VENADO TUERTO,RENOVACIÓN,"A.2.2, B.2",31/ene/2025,31/ene/2025,31/ene/2030,VIGENTE
MASCULINO,VENADO TUERTO,RENOVACIÓN,"A.2.2, B.2",31/ene/2025,31/ene/2025,31/ene/2030,VIGENTE
FEMENINO,VENADO TUERTO,ORIGINAL,B.1,31/ene/2025,31/ene/2025,31/ene/2026,VIGENTE
FEMENINO,VENADO TUERTO,RENOVACIÓN,B.2,31/ene/2025,31/ene/2025,31/ene/2026,VIGENTE
MASCULINO,VENADO TUERTO,RENOVACIÓN,"A.2.1, E.1, E.2",31/ene/2025,31/ene/2025,31/ene/2027,VIGENTE
MASCULINO,VENADO TUERTO,RENOVACIÓN,B.1,31/ene/2025,31/ene/2025,31/ene/2030,VIGENTE
FEMENINO,VENADO TUERTO,RENOVACIÓN,A.2.1,31/ene/2025,31/ene/2025,31/ene/2030,VIGENTE
MASCULINO,VENADO TUERTO,RENOVACIÓN,D.1,31/ene/2025,31/ene/2025,31/ene/2026,VIGENTE
FEMENINO,VENADO TUERTO,RENOVACIÓN,B.1,31/ene/2025,31/ene/2025,31/ene/2030,VIGENTE
MASCULINO,VENADO TUERTO,RENOVACIÓN,"A.2.1, B.1",31/ene/2025,31/ene/2025,31/ene/2030,VIGENTE
FEMENINO,VENADO TUERTO,ORIGINAL,"A.2.2, B.2",31/ene/2025,31/ene/2025,31/ene/2030,VIGENTE
FEMENINO,VENADO TUERTO,RENOVACIÓN,A.2.1,31/ene/2025,31/ene/2025,31/ene/2030,VIGENTE
MASCULINO,VENADO TUERTO,RENOVACIÓN,"A.2.1, B.1",31/ene/2025,31/ene/2025,31/ene/2030,VIGENTE
FEMENINO,VENADO TUERTO,ORIGINAL,A.2.1,31/ene/2025,31/ene/2025,31/ene/2030,VIGENTE
MASCULINO,VENADO TUERTO,RENOVACIÓN,"A.2.1, B.2",31/ene/2025,31/ene/2025,31/ene/2030,VIGENTE
MASCULINO,VENADO TUERTO,RENOVACIÓN,B.2,31/ene/2025,31/ene/2025,31/ene/2026,VIGENTE
MASCULINO,VENADO TUERTO,RENOVACIÓN,"A.3, B.2",31/ene/2025,31/ene/2025,31/ene/2030,VIGENTE
MASCULINO,VENADO TUERTO,RENOVACIÓN,D.1,31/ene/2025,31/ene/2025,31/ene/2026,VIGENTE
MASCULINO,VENADO TUERTO,RENOVACIÓN,"A.2.1, B.2, G.1",31/ene/2025,31/ene/2025,31/ene/2030,VIGENTE
FEMENINO,VENADO TUERTO,RENOVACIÓN,D.1,31/ene/2025,31/ene/2025,31/ene/2026,VIGENTE
MASCULINO,VENADO TUERTO,RENOVACIÓN,"A.3, E.1",31/ene/2025,31/ene/2025,31/ene/2026,VIGENTE
FEMENINO,VENADO TUERTO,RENOVACIÓN,B.2,31/ene/2025,31/ene/2025,31/ene/2026,VIGENTE
MASCULINO,VENADO TUERTO,RENOVACIÓN,"A.2.1, B.1",31/ene/2025,31/ene/2025,31/ene/2028,VIGENTE
MASCULINO,VENADO TUERTO,RENOVACIÓN,E.1,31/ene/2025,31/ene/2025,31/ene/2026,VIGENTE
MASCULINO,VENADO TUERTO,RENOVACIÓN,A.2.1,31/ene/2025,31/ene/2025,31/ene/2028,VIGENTE
MASCULINO,VENADO TUERTO,RENOVACIÓN,E.1,31/ene/2025,31/ene/2025,31/ene/2026,VIGENTE
FEMENINO,VENADO TUERTO,RENOVACIÓN,B.2,31/ene/2025,31/ene/2025,31/ene/2026,VIGENTE
MASCULINO,VENADO TUERTO,RENOVACIÓN,"A.2.1, D.1",31/ene/2025,31/ene/2025,31/ene/2026,VIGENTE
FEMENINO,VENADO TUERTO,RENOVACIÓN,A.2.1,31/ene/2025,31/ene/2025,31/ene/2030,VIGENTE
MASCULINO,VENADO TUERTO,RENOVACIÓN,"A.2.2, B.2",31/ene/2025,31/ene/2025,31/ene/2030,VIGENTE
MASCULINO,VENADO TUERTO,RENOVACIÓN,B.1,31/ene/2025,31/ene/2025,31/ene/2026,VIGENTE
MASCULINO,VENADO TUERTO,RENOVACIÓN,"A.2.1, B.2",31/ene/2025,31/ene/2025,31/ene/2030,VIGENTE
MASCULINO,VENADO TUERTO,RENOVACIÓN,B.2,31/ene/2025,31/ene/2025,31/ene/2030,VIGENTE
FEMENINO,VENADO TUERTO,RENOVACIÓN,B.2,31/ene/2025,31/ene/2025,31/ene/2026,VIGENTE
MASCULINO,VENADO TUERTO,RENOVACIÓN,"A.2.1, B.2",31/ene/2025,31/ene/2025,31/ene/2030,VIGENTE
FEMENINO,VENADO TUERTO,RENOVACIÓN,B.1,31/ene/2025,31/ene/2025,31/ene/2030,VIGENTE
FEMENINO,VENADO TUERTO,RENOVACIÓN,B.2,31/ene/2025,31/ene/2025,31/ene/2030,VIGENTE
FEMENINO,VENADO TUERTO,RENOVACIÓN CON AMPLIACIÓN,"A.2.1, B.1",31/ene/2025,31/ene/2025,31/ene/2030,VIGENTE
MASCULINO,VENADO TUERTO,RENOVACIÓN,"A.2.1, B.1",31/ene/2025,31/ene/2025,31/ene/2030,VIGENTE
MASCULINO,VENADO TUERTO,ORIGINAL,A.2.1,3/feb/2025,20/ene/2025,3/feb/2026,VIGENTE
MASCULINO,VENADO TUERTO,RENOVACIÓN CON AMPLIACIÓN,"A.2.1, B.1",3/feb/2025,21/ene/2025,3/feb/2030,VIGENTE
MASCULINO,VENADO TUERTO,RENOVACIÓN CON AMPLIACIÓN,"A.2.1, E.1",3/feb/2025,22/ene/2025,3/feb/2027,VIGENTE
MASCULINO,VENADO TUERTO,RENOVACIÓN,B.2,3/feb/2025,27/ene/2025,3/feb/2026,VIGENTE
MASCULINO,VENADO TUERTO,RENOVACIÓN,"E.1, G.1, G.2",3/feb/2025,30/ene/2025,3/feb/2026,VIGENTE
MASCULINO,VENADO TUERTO,ORIGINAL,"A.2.1, B.1",3/feb/2025,30/ene/2025,3/feb/2026,VIGENTE
MASCULINO,VENADO TUERTO,ORIGINAL,"A.2.1, B.1",3/feb/2025,30/ene/2025,3/feb/2026,VIGENTE
FEMENINO,VENADO TUERTO,ORIGINAL,A.2.1,3/feb/2025,31/ene/2025,3/feb/2030,VIGENTE
FEMENINO,VENADO TUERTO,ORIGINAL,A.2.1,3/feb/2025,31/ene/2025,3/feb/2026,VIGENTE
FEMENINO,VENADO TUERTO,ORIGINAL,A.2.1,3/feb/2025,31/ene/2025,3/feb/2026,VIGENTE
FEMENINO,VENADO TUERTO,RENOVACIÓN,B.2,3/feb/2025,3/feb/2025,3/feb/2026,VIGENTE
FEMENINO,VENADO TUERTO,RENOVACIÓN,"A.2.1, B.2",3/feb/2025,3/feb/2025,3/feb/2030,VIGENTE
MASCULINO,VENADO TUERTO,RENOVACIÓN,"A.2.1, E.1",3/feb/2025,3/feb/2025,3/feb/2027,NO VIGENTE
FEMENINO,VENADO TUERTO,RENOVACIÓN,B.2,3/feb/2025,3/feb/2025,3/feb/2026,VIGENTE
FEMENINO,VENADO TUERTO,ORIGINAL,B.1,3/feb/2025,3/feb/2025,3/feb/2026,VIGENTE
FEMENINO,VENADO TUERTO,ORIGINAL,A.2.1,3/feb/2025,3/feb/2025,3/feb/2030,VIGENTE
MASCULINO,VENADO TUERTO,RENOVACIÓN,B.2,3/feb/2025,3/feb/2025,3/feb/2026,VIGENTE
FEMENINO,VENADO TUERTO,RENOVACIÓN,B.1,3/feb/2025,3/feb/2025,3/feb/2030,VIGENTE
MASCULINO,VENADO TUERTO,RENOVACIÓN,B.1,3/feb/2025,3/feb/2025,3/feb/2030,VIGENTE
FEMENINO,VENADO TUERTO,RENOVACIÓN,B.2,3/feb/2025,3/feb/2025,3/feb/2026,VIGENTE
MASCULINO,VENADO TUERTO,RENOVACIÓN,"A.2.2, B.2",3/feb/2025,3/feb/2025,3/feb/2030,VIGENTE
FEMENINO,VENADO TUERTO,RENOVACIÓN,"A.2.1, B.2",3/feb/2025,3/feb/2025,3/feb/2030,VIGENTE
MASCULINO,VENADO TUERTO,RENOVACIÓN,B.1,3/feb/2025,3/feb/2025,3/feb/2030,VIGENTE
MASCULINO,VENADO TUERTO,RENOVACIÓN,"A.2.1, B.2",3/feb/2025,3/feb/2025,3/feb/2030,VIGENTE
FEMENINO,VENADO TUERTO,RENOVACIÓN,"A.2.1, B.2",3/feb/2025,3/feb/2025,3/feb/2030,VIGENTE
MASCULINO,VENADO TUERTO,RENOVACIÓN CON AMPLIACIÓN,E.1,3/feb/2025,3/feb/2025,3/feb/2027,VIGENTE
FEMENINO,VENADO TUERTO,RENOVACIÓN,B.1,3/feb/2025,3/feb/2025,3/feb/2028,VIGENTE
FEMENINO,VENADO TUERTO,RENOVACIÓN,B.2,3/feb/2025,3/feb/2025,3/feb/2030,VIGENTE
FEMENINO,VENADO TUERTO,RENOVACIÓN,B.2,3/feb/2025,3/feb/2025,3/feb/2030,VIGENTE
MASCULINO,VENADO TUERTO,RENOVACIÓN,"A.2.1, B.2",3/feb/2025,3/feb/2025,3/feb/2030,VIGENTE
FEMENINO,VENADO TUERTO,RENOVACIÓN,"A.2.1, B.1",3/feb/2025,3/feb/2025,3/feb/2030,VIGENTE
MASCULINO,VENADO TUERTO,RENOVACIÓN,"A.2.1, B.2, G.1",3/feb/2025,3/feb/2025,3/feb/2030,VIGENTE
FEMENINO,VENADO TUERTO,RENOVACIÓN CON AMPLIACIÓN,"A.2.1, B.2",3/feb/2025,3/feb/2025,3/feb/2030,VIGENTE
MASCULINO,VENADO TUERTO,RENOVACIÓN,"A.2.1, E.1",3/feb/2025,3/feb/2025,3/feb/2026,VIGENTE
MASCULINO,VENADO TUERTO,RENOVACIÓN,"A.2.1, B.2",3/feb/2025,3/feb/2025,3/feb/2030,VIGENTE
MASCULINO,VENADO TUERTO,RENOVACIÓN,"A.2.1, B.2",3/feb/2025,3/feb/2025,3/feb/2030,VIGENTE
MASCULINO,VENADO TUERTO,RENOVACIÓN CON AMPLIACIÓN,"A.3, E.1",3/feb/2025,3/feb/2025,3/feb/2027,VIGENTE
MASCULINO,VENADO TUERTO,RENOVACIÓN,"A.2.1, E.1",3/feb/2025,3/feb/2025,3/feb/2027,VIGENTE
MASCULINO,VENADO TUERTO,RENOVACIÓN,"A.2.2, B.2",3/feb/2025,3/feb/2025,3/feb/2030,VIGENTE
MASCULINO,VENADO TUERTO,RENOVACIÓN,E.1,3/feb/2025,3/feb/2025,3/feb/2027,VIGENTE
MASCULINO,VENADO TUERTO,RENOVACIÓN,A.2.1,3/feb/2025,3/feb/2025,3/feb/2030,VIGENTE
FEMENINO,VENADO TUERTO,RENOVACIÓN,B.2,3/feb/2025,3/feb/2025,3/feb/2026,VIGENTE
MASCULINO,VENADO TUERTO,RENOVACIÓN,"A.2.2, E.1",3/feb/2025,3/feb/2025,3/feb/2026,VIGENTE
MASCULINO,VENADO TUERTO,RENOVACIÓN,"A.2.2, E.1, E.2",3/feb/2025,3/feb/2025,3/feb/2026,VIGENTE
MASCULINO,VENADO TUERTO,RENOVACIÓN,"A.3, B.2",3/feb/2025,3/feb/2025,3/feb/2030,VIGENTE
FEMENINO,VENADO TUERTO,RENOVACIÓN,B.2,3/feb/2025,3/feb/2025,3/feb/2030,VIGENTE
MASCULINO,VENADO TUERTO,RENOVACIÓN,"A.2.1, B.2",3/feb/2025,3/feb/2025,3/feb/2030,VIGENTE
FEMENINO,VENADO TUERTO,RENOVACIÓN,A.2.1,3/feb/2025,3/feb/2025,3/feb/2028,VIGENTE
FEMENINO,VENADO TUERTO,ORIGINAL,A.2.1,4/feb/2025,15/may/2024,4/feb/2030,VIGENTE
MASCULINO,VENADO TUERTO,ORIGINAL,"A.2.2, B.2",4/feb/2025,13/ene/2025,4/feb/2030,VIGENTE
MASCULINO,VENADO TUERTO,RENOVACIÓN CON AMPLIACIÓN,"A.3, B.2",4/feb/2025,14/ene/2025,4/feb/2030,VIGENTE
FEMENINO,VENADO TUERTO,RENOVACIÓN CON AMPLIACIÓN,"A.2.1, B.1",4/feb/2025,23/ene/2025,4/feb/2030,VIGENTE
MASCULINO,VENADO TUERTO,ORIGINAL,"A.2.1, B.2",4/feb/2025,27/ene/2025,4/feb/2030,VIGENTE
MASCULINO,SAN EDUARDO,RENOVACIÓN,E.1,4/feb/2025,27/ene/2025,4/feb/2026,VIGENTE
FEMENINO,VENADO TUERTO,ORIGINAL,"A.2.1, B.2",4/feb/2025,29/ene/2025,4/feb/2030,VIGENTE
MASCULINO,VENADO TUERTO,ORIGINAL,"A.2.1, B.1",4/feb/2025,31/ene/2025,4/feb/2026,VIGENTE
FEMENINO,VENADO TUERTO,ORIGINAL,B.1,4/feb/2025,31/ene/2025,4/feb/2030,VIGENTE
MASCULINO,VENADO TUERTO,ORIGINAL,B.1,4/feb/2025,3/feb/2025,4/feb/2026,VIGENTE
MASCULINO,VENADO TUERTO,RENOVACIÓN,B.2,4/feb/2025,3/feb/2025,4/feb/2026,VIGENTE
MASCULINO,VENADO TUERTO,RENOVACIÓN,"A.2.1, B.2",4/feb/2025,3/feb/2025,4/feb/2030,VIGENTE
FEMENINO,VENADO TUERTO,RENOVACIÓN,A.2.1,4/feb/2025,4/feb/2025,4/feb/2030,VIGENTE
FEMENINO,VENADO TUERTO,RENOVACIÓN,"A.2.1, B.2",4/feb/2025,4/feb/2025,4/feb/2030,VIGENTE
FEMENINO,VENADO TUERTO,RENOVACIÓN,B.2,4/feb/2025,4/feb/2025,4/feb/2030,VIGENTE
MASCULINO,VENADO TUERTO,RENOVACIÓN,"A.3, E.1",4/feb/2025,4/feb/2025,4/feb/2026,VIGENTE
MASCULINO,VENADO TUERTO,RENOVACIÓN,"A.2.1, E.1",4/feb/2025,4/feb/2025,4/feb/2026,VIGENTE
MASCULINO,VENADO TUERTO,RENOVACIÓN,"A.2.2, E.1",4/feb/2025,4/feb/2025,4/feb/2026,VIGENTE
FEMENINO,VENADO TUERTO,RENOVACIÓN CON AMPLIACIÓN,"A.2.1, B.1",4/feb/2025,4/feb/2025,4/feb/2030,VIGENTE
FEMENINO,VENADO TUERTO,RENOVACIÓN,"A.2.1, B.1",4/feb/2025,4/feb/2025,4/feb/2030,VIGENTE
FEMENINO,VENADO TUERTO,RENOVACIÓN,B.2,4/feb/2025,4/feb/2025,4/feb/2026,VIGENTE
MASCULINO,VENADO TUERTO,RENOVACIÓN CON AMPLIACIÓN,"A.2.1, E.1, E.2, G.1, G.2",4/feb/2025,4/feb/2025,4/feb/2027,VIGENTE
MASCULINO,VENADO TUERTO,RENOVACIÓN,"A.2.1, E.1",4/feb/2025,4/feb/2025,4/feb/2027,VIGENTE
FEMENINO,VENADO TUERTO,RENOVACIÓN,B.1,4/feb/2025,4/feb/2025,4/feb/2028,VIGENTE
MASCULINO,VENADO TUERTO,RENOVACIÓN,B.1,4/feb/2025,4/feb/2025,4/feb/2030,VIGENTE
MASCULINO,VENADO TUERTO,ORIGINAL,A.2.1,4/feb/2025,4/feb/2025,4/feb/2030,VIGENTE
MASCULINO,VENADO TUERTO,RENOVACIÓN,"A.2.2, B.2",4/feb/2025,4/feb/2025,4/feb/2030,VIGENTE
FEMENINO,VENADO TUERTO,RENOVACIÓN,B.1,4/feb/2025,4/feb/2025,4/feb/2030,VIGENTE
MASCULINO,VENADO TUERTO,RENOVACIÓN,"A.2.1, B.2",4/feb/2025,4/feb/2025,4/feb/2030,VIGENTE
FEMENINO,VENADO TUERTO,RENOVACIÓN,B.2,4/feb/2025,4/feb/2025,4/feb/2030,VIGENTE
MASCULINO,VENADO TUERTO,RENOVACIÓN,B.2,4/feb/2025,4/feb/2025,4/feb/2026,VIGENTE
FEMENINO,VENADO TUERTO,RENOVACIÓN,B.1,4/feb/2025,4/feb/2025,4/feb/2028,VIGENTE
FEMENINO,VENADO TUERTO,RENOVACIÓN,"A.2.1, B.1",4/feb/2025,4/feb/2025,4/feb/2030,VIGENTE
MASCULINO,VENADO TUERTO,RENOVACIÓN,"A.2.1, B.2",4/feb/2025,4/feb/2025,4/feb/2030,VIGENTE
FEMENINO,VENADO TUERTO,RENOVACIÓN,A.2.1,4/feb/2025,4/feb/2025,4/feb/2028,VIGENTE
MASCULINO,VENADO TUERTO,RENOVACIÓN,"A.2.1, B.2",4/feb/2025,4/feb/2025,4/feb/2028,VIGENTE
MASCULINO,VENADO TUERTO,RENOVACIÓN,"A.2.1, B.2",4/feb/2025,4/feb/2025,4/feb/2030,VIGENTE
MASCULINO,VENADO TUERTO,ORIGINAL,"A.2.1, B.1",4/feb/2025,4/feb/2025,4/feb/2030,VIGENTE
MASCULINO,VENADO TUERTO,RENOVACIÓN,"A.2.1, B.2",4/feb/2025,4/feb/2025,4/feb/2030,NO VIGENTE
MASCULINO,VENADO TUERTO,RENOVACIÓN,"A.2.1, B.2",4/feb/2025,4/feb/2025,4/feb/2028,VIGENTE
MASCULINO,VENADO TUERTO,RENOVACIÓN,E.1,4/feb/2025,4/feb/2025,4/feb/2026,VIGENTE
FEMENINO,VENADO TUERTO,RENOVACIÓN,B.1,4/feb/2025,4/feb/2025,4/feb/2030,VIGENTE
MASCULINO,VENADO TUERTO,ORIGINAL,"A.2.1, B.1",4/feb/2025,4/feb/2025,4/feb/2026,VIGENTE
MASCULINO,VENADO TUERTO,RENOVACIÓN,B.2,4/feb/2025,4/feb/2025,4/feb/2026,VIGENTE
MASCULINO,VENADO TUERTO,RENOVACIÓN,"A.2.2, B.1",4/feb/2025,4/feb/2025,4/feb/2030,VIGENTE
FEMENINO,VENADO TUERTO,RENOVACIÓN,B.2,4/feb/2025,4/feb/2025,4/feb/2030,VIGENTE
MASCULINO,VENADO TUERTO,RENOVACIÓN,B.2,4/feb/2025,4/feb/2025,4/feb/2030,VIGENTE
MASCULINO,VENADO TUERTO,RENOVACIÓN CON AMPLIACIÓN,"A.2.1, E.1",5/feb/2025,9/ene/2025,5/feb/2027,VIGENTE
FEMENINO,VENADO TUERTO,ORIGINAL,"A.2.1, B.1",5/feb/2025,23/ene/2025,5/feb/2030,VIGENTE
MASCULINO,VENADO TUERTO,RENOVACIÓN,"A.2.1, E.1",5/feb/2025,28/ene/2025,5/feb/2027,VIGENTE
MASCULINO,VENADO TUERTO,RENOVACIÓN CON AMPLIACIÓN,"A.2.2, B.2",5/feb/2025,4/feb/2025,5/feb/2030,VIGENTE
FEMENINO,VENADO TUERTO,RENOVACIÓN,B.2,5/feb/2025,5/feb/2025,5/feb/2030,VIGENTE
FEMENINO,VENADO TUERTO,RENOVACIÓN,"A.2.1, B.2",5/feb/2025,5/feb/2025,5/feb/2030,VIGENTE
FEMENINO,VENADO TUERTO,RENOVACIÓN,B.2,5/feb/2025,5/feb/2025,5/feb/2030,VIGENTE
MASCULINO,VENADO TUERTO,RENOVACIÓN,B.2,5/feb/2025,5/feb/2025,5/feb/2028,VIGENTE
FEMENINO,VENADO TUERTO,RENOVACIÓN,"A.2.1, B.2",5/feb/2025,5/feb/2025,5/feb/2030,VIGENTE
FEMENINO,VENADO TUERTO,RENOVACIÓN,"A.2.1, B.2",5/feb/2025,5/feb/2025,5/feb/2030,VIGENTE
MASCULINO,VENADO TUERTO,RENOVACIÓN,B.2,5/feb/2025,5/feb/2025,5/feb/2030,VIGENTE
MASCULINO,VENADO TUERTO,RENOVACIÓN,B.2,5/feb/2025,5/feb/2025,5/feb/2026,VIGENTE
FEMENINO,VENADO TUERTO,RENOVACIÓN,B.2,5/feb/2025,5/feb/2025,5/feb/2026,VIGENTE
MASCULINO,VENADO TUERTO,RENOVACIÓN,"A.3, B.2",5/feb/2025,5/feb/2025,5/feb/2030,VIGENTE
FEMENINO,VENADO TUERTO,RENOVACIÓN,"A.2.1, B.2",5/feb/2025,5/feb/2025,5/feb/2030,VIGENTE
MASCULINO,VENADO TUERTO,RENOVACIÓN,B.1,5/feb/2025,5/feb/2025,5/feb/2030,VIGENTE
MASCULINO,VENADO TUERTO,ORIGINAL,"A.2.1, B.1",5/feb/2025,5/feb/2025,5/feb/2026,VIGENTE
MASCULINO,VENADO TUERTO,RENOVACIÓN CON AMPLIACIÓN,B.1,5/feb/2025,5/feb/2025,5/feb/2028,VIGENTE
FEMENINO,VENADO TUERTO,RENOVACIÓN,B.2,5/feb/2025,5/feb/2025,5/feb/2030,VIGENTE
MASCULINO,VENADO TUERTO,RENOVACIÓN,"A.3, D.1, D.3, E.1",5/feb/2025,5/feb/2025,5/feb/2027,VIGENTE
FEMENINO,VENADO TUERTO,RENOVACIÓN,A.2.1,5/feb/2025,5/feb/2025,5/feb/2028,VIGENTE
MASCULINO,SAN EDUARDO,RENOVACIÓN,"E.1, G.1, G.2",5/feb/2025,5/feb/2025,5/feb/2027,VIGENTE
FEMENINO,VENADO TUERTO,RENOVACIÓN,B.1,5/feb/2025,5/feb/2025,5/feb/2030,VIGENTE
MASCULINO,VENADO TUERTO,RENOVACIÓN,B.1,5/feb/2025,5/feb/2025,5/feb/2030,VIGENTE
MASCULINO,VENADO TUERTO,RENOVACIÓN,"A.3, B.2",5/feb/2025,5/feb/2025,5/feb/2030,VIGENTE
MASCULINO,VENADO TUERTO,ORIGINAL,B.1,6/feb/2025,5/feb/2025,6/feb/2030,VIGENTE
MASCULINO,VENADO TUERTO,RENOVACIÓN,"A.2.2, B.2",6/feb/2025,5/feb/2025,6/feb/2030,VIGENTE
MASCULINO,VENADO TUERTO,RENOVACIÓN,E.1,6/feb/2025,5/feb/2025,6/feb/2027,VIGENTE
MASCULINO,VENADO TUERTO,RENOVACIÓN,"A.2.1, B.2",6/feb/2025,5/feb/2025,6/feb/2028,VIGENTE
FEMENINO,VENADO TUERTO,RENOVACIÓN,A.2.1,6/feb/2025,6/feb/2025,6/feb/2030,VIGENTE
MASCULINO,VENADO TUERTO,RENOVACIÓN,"A.2.1, B.2",6/feb/2025,6/feb/2025,6/feb/2030,VIGENTE
MASCULINO,VENADO TUERTO,RENOVACIÓN,B.2,6/feb/2025,6/feb/2025,6/feb/2026,VIGENTE
FEMENINO,VENADO TUERTO,DUPLICADO,A.2.1,6/feb/2025,6/feb/2025,12/abr/2029,VIGENTE
MASCULINO,VENADO TUERTO,RENOVACIÓN,"A.2.1, E.1",6/feb/2025,6/feb/2025,6/feb/2027,VIGENTE
FEMENINO,VENADO TUERTO,ORIGINAL,B.2,6/feb/2025,6/feb/2025,6/feb/2030,VIGENTE
MASCULINO,VENADO TUERTO,RENOVACIÓN,B.2,6/feb/2025,6/feb/2025,6/feb/2030,VIGENTE
MASCULINO,VENADO TUERTO,RENOVACIÓN,B.2,6/feb/2025,6/feb/2025,6/feb/2026,VIGENTE
MASCULINO,VENADO TUERTO,RENOVACIÓN,B.2,6/feb/2025,6/feb/2025,6/feb/2030,VIGENTE
MASCULINO,VENADO TUERTO,RENOVACIÓN,B.2,6/feb/2025,6/feb/2025,6/feb/2030,VIGENTE
MASCULINO,VENADO TUERTO,DUPLICADO,"A.2.1, E.1",6/feb/2025,6/feb/2025,7/mar/2026,VIGENTE
MASCULINO,VENADO TUERTO,RENOVACIÓN,B.1,6/feb/2025,6/feb/2025,6/feb/2030,VIGENTE
MASCULINO,VENADO TUERTO,RENOVACIÓN,E.1,6/feb/2025,6/feb/2025,6/feb/2027,VIGENTE
FEMENINO,VENADO TUERTO,RENOVACIÓN,B.2,6/feb/2025,6/feb/2025,6/feb/2030,VIGENTE
MASCULINO,VENADO TUERTO,RENOVACIÓN CON AMPLIACIÓN,"A.3, B.2",6/feb/2025,6/feb/2025,6/feb/2030,VIGENTE
FEMENINO,VENADO TUERTO,RENOVACIÓN,B.2,6/feb/2025,6/feb/2025,6/feb/2026,VIGENTE
MASCULINO,VENADO TUERTO,ORIGINAL,"A.2.1, B.1",6/feb/2025,6/feb/2025,6/feb/2030,VIGENTE
MASCULINO,VENADO TUERTO,RENOVACIÓN,"A.3, D.1",6/feb/2025,6/feb/2025,6/feb/2026,VIGENTE
FEMENINO,VENADO TUERTO,ORIGINAL,B.2,6/feb/2025,6/feb/2025,6/feb/2030,VIGENTE
MASCULINO,VENADO TUERTO,ORIGINAL,"A.2.1, B.1",6/feb/2025,6/feb/2025,6/feb/2026,VIGENTE
FEMENINO,VENADO TUERTO,RENOVACIÓN,"A.2.1, B.1",6/feb/2025,6/feb/2025,6/feb/2030,VIGENTE
MASCULINO,VENADO TUERTO,RENOVACIÓN,"A.2.1, B.2",6/feb/2025,6/feb/2025,6/feb/2026,VIGENTE
MASCULINO,VENADO TUERTO,RENOVACIÓN,B.2,6/feb/2025,6/feb/2025,6/feb/2026,VIGENTE
MASCULINO,VENADO TUERTO,ORIGINAL,A.2.1,6/feb/2025,6/feb/2025,6/feb/2030,VIGENTE
MASCULINO,VENADO TUERTO,ORIGINAL,A.2.1,6/feb/2025,6/feb/2025,6/feb/2026,VIGENTE
MASCULINO,VENADO TUERTO,RENOVACIÓN,"A.2.1, B.1",6/feb/2025,6/feb/2025,6/feb/2028,VIGENTE
MASCULINO,VENADO TUERTO,RENOVACIÓN,A.2.1,6/feb/2025,6/feb/2025,6/feb/2028,VIGENTE
FEMENINO,VENADO TUERTO,RENOVACIÓN CON AMPLIACIÓN,"A.3, B.2",6/feb/2025,6/feb/2025,6/feb/2030,VIGENTE
MASCULINO,VENADO TUERTO,ORIGINAL,B.1,6/feb/2025,6/feb/2025,6/feb/2026,VIGENTE
FEMENINO,VENADO TUERTO,ORIGINAL,B.1,6/feb/2025,6/feb/2025,6/feb/2026,VIGENTE
MASCULINO,VENADO TUERTO,RENOVACIÓN,B.2,6/feb/2025,6/feb/2025,6/feb/2030,VIGENTE
MASCULINO,VENADO TUERTO,RENOVACIÓN,"A.2.1, B.2",6/feb/2025,6/feb/2025,6/feb/2026,VIGENTE
MASCULINO,VENADO TUERTO,RENOVACIÓN,A.2.1,6/feb/2025,6/feb/2025,6/feb/2030,VIGENTE
MASCULINO,VENADO TUERTO,RENOVACIÓN CON AMPLIACIÓN,"A.2.1, B.1",6/feb/2025,6/feb/2025,6/feb/2030,VIGENTE
MASCULINO,VENADO TUERTO,RENOVACIÓN,B.2,6/feb/2025,6/feb/2025,6/feb/2030,VIGENTE
MASCULINO,VENADO TUERTO,ORIGINAL,"A.2.2, B.1",6/feb/2025,6/feb/2025,6/feb/2030,VIGENTE
FEMENINO,VENADO TUERTO,RENOVACIÓN,B.2,6/feb/2025,6/feb/2025,6/feb/2026,VIGENTE
MASCULINO,VENADO TUERTO,RENOVACIÓN,"A.2.1, B.2",6/feb/2025,6/feb/2025,6/feb/2030,VIGENTE
MASCULINO,VENADO TUERTO,RENOVACIÓN,"A.2.1, B.1",6/feb/2025,6/feb/2025,6/feb/2030,VIGENTE
FEMENINO,VENADO TUERTO,RENOVACIÓN CON AMPLIACIÓN,"A.2.1, B.2",6/feb/2025,6/feb/2025,6/feb/2030,VIGENTE
MASCULINO,VENADO TUERTO,RENOVACIÓN,E.1,6/feb/2025,6/feb/2025,6/feb/2027,VIGENTE
FEMENINO,VENADO TUERTO,ORIGINAL,A.2.1,6/feb/2025,6/feb/2025,6/feb/2026,VIGENTE
MASCULINO,VENADO TUERTO,RENOVACIÓN,"E.1, G.1",6/feb/2025,6/feb/2025,6/feb/2027,VIGENTE
FEMENINO,VENADO TUERTO,RENOVACIÓN,"A.2.1, B.2",6/feb/2025,6/feb/2025,6/feb/2026,VIGENTE
FEMENINO,VENADO TUERTO,ORIGINAL,"A.2.1, B.1",7/feb/2025,22/ene/2025,7/feb/2026,VIGENTE
MASCULINO,VENADO TUERTO,RENOVACIÓN CON AMPLIACIÓN,"A.2.2, E.1",7/feb/2025,28/ene/2025,7/feb/2027,VIGENTE
MASCULINO,VENADO TUERTO,RENOVACIÓN CON AMPLIACIÓN,"A.3, B.2",7/feb/2025,5/feb/2025,7/feb/2030,VIGENTE
MASCULINO,VENADO TUERTO,ORIGINAL,A.2.1,7/feb/2025,6/feb/2025,7/feb/2026,VIGENTE
MASCULINO,VENADO TUERTO,RENOVACIÓN CON AMPLIACIÓN,"A.2.1, B.1",7/feb/2025,6/feb/2025,7/feb/2028,VIGENTE
FEMENINO,VENADO TUERTO,ORIGINAL,A.2.1,7/feb/2025,6/feb/2025,7/feb/2030,VIGENTE
MASCULINO,VENADO TUERTO,RENOVACIÓN,"A.2.1, E.1",7/feb/2025,6/feb/2025,7/feb/2027,NO VIGENTE
FEMENINO,VENADO TUERTO,RENOVACIÓN,A.2.1,7/feb/2025,6/feb/2025,7/feb/2028,VIGENTE
MASCULINO,VENADO TUERTO,RENOVACIÓN,B.1,7/feb/2025,7/feb/2025,7/feb/2030,VIGENTE
MASCULINO,VENADO TUERTO,ORIGINAL,B.2,7/feb/2025,7/feb/2025,7/feb/2030,VIGENTE
MASCULINO,VENADO TUERTO,RENOVACIÓN,B.2,7/feb/2025,7/feb/2025,7/feb/2030,VIGENTE
MASCULINO,VENADO TUERTO,RENOVACIÓN,B.2,7/feb/2025,7/feb/2025,7/feb/2028,VIGENTE
MASCULINO,VENADO TUERTO,RENOVACIÓN CON AMPLIACIÓN,A.2.2,7/feb/2025,7/feb/2025,7/feb/2030,VIGENTE
MASCULINO,VENADO TUERTO,RENOVACIÓN,E.1,7/feb/2025,7/feb/2025,7/feb/2026,VIGENTE
FEMENINO,VENADO TUERTO,RENOVACIÓN,B.2,7/feb/2025,7/feb/2025,7/feb/2026,VIGENTE
FEMENINO,VENADO TUERTO,ORIGINAL,A.2.1,7/feb/2025,7/feb/2025,7/feb/2026,VIGENTE
MASCULINO,VENADO TUERTO,RENOVACIÓN,"A.2.1, B.2",7/feb/2025,7/feb/2025,7/feb/2026,VIGENTE
MASCULINO,VENADO TUERTO,RENOVACIÓN,"A.2.2, E.1",7/feb/2025,7/feb/2025,7/feb/2026,VIGENTE
FEMENINO,VENADO TUERTO,RENOVACIÓN,A.2.1,7/feb/2025,7/feb/2025,7/feb/2030,VIGENTE
FEMENINO,VENADO TUERTO,RENOVACIÓN,"A.2.1, B.2",7/feb/2025,7/feb/2025,7/feb/2030,VIGENTE
FEMENINO,VENADO TUERTO,RENOVACIÓN,B.2,7/feb/2025,7/feb/2025,7/feb/2030,VIGENTE
MASCULINO,VENADO TUERTO,RENOVACIÓN,"A.3, D.3, E.1",7/feb/2025,7/feb/2025,7/feb/2027,VIGENTE
MASCULINO,VENADO TUERTO,RENOVACIÓN,B.2,7/feb/2025,7/feb/2025,7/feb/2026,VIGENTE
MASCULINO,VENADO TUERTO,RENOVACIÓN,B.2,7/feb/2025,7/feb/2025,7/feb/2026,VIGENTE
FEMENINO,VENADO TUERTO,RENOVACIÓN,"A.2.1, B.2",7/feb/2025,7/feb/2025,7/feb/2030,VIGENTE
MASCULINO,VENADO TUERTO,RENOVACIÓN,"A.2.2, B.2",7/feb/2025,7/feb/2025,7/feb/2028,VIGENTE
MASCULINO,VENADO TUERTO,RENOVACIÓN,"A.2.1, B.2",7/feb/2025,7/feb/2025,7/feb/2030,VIGENTE
FEMENINO,VENADO TUERTO,ORIGINAL,"A.2.1, B.1",7/feb/2025,7/feb/2025,7/feb/2026,VIGENTE
FEMENINO,VENADO TUERTO,ORIGINAL,"A.2.1, B.1",7/feb/2025,7/feb/2025,7/feb/2026,VIGENTE
MASCULINO,VENADO TUERTO,RENOVACIÓN,A.2.1,7/feb/2025,7/feb/2025,7/feb/2030,VIGENTE
FEMENINO,VENADO TUERTO,RENOVACIÓN,D.1,7/feb/2025,7/feb/2025,7/feb/2026,VIGENTE
FEMENINO,VENADO TUERTO,RENOVACIÓN,D.1,7/feb/2025,7/feb/2025,7/feb/2026,VIGENTE
FEMENINO,VENADO TUERTO,RENOVACIÓN,A.2.1,7/feb/2025,7/feb/2025,7/feb/2030,VIGENTE
FEMENINO,VENADO TUERTO,RENOVACIÓN,B.2,7/feb/2025,7/feb/2025,7/feb/2026,VIGENTE
MASCULINO,VENADO TUERTO,RENOVACIÓN,"A.2.1, E.1",7/feb/2025,7/feb/2025,7/feb/2026,VIGENTE
MASCULINO,VENADO TUERTO,RENOVACIÓN,"A.2.1, B.2",7/feb/2025,7/feb/2025,7/feb/2030,VIGENTE
MASCULINO,VENADO TUERTO,RENOVACIÓN,"A.2.1, B.2",7/feb/2025,7/feb/2025,7/feb/2030,VIGENTE
FEMENINO,VENADO TUERTO,RENOVACIÓN,B.2,7/feb/2025,7/feb/2025,7/feb/2026,VIGENTE
MASCULINO,VENADO TUERTO,RENOVACIÓN,B.2,7/feb/2025,7/feb/2025,7/feb/2028,VIGENTE
FEMENINO,VENADO TUERTO,RENOVACIÓN,"A.2.2, B.2",7/feb/2025,7/feb/2025,7/feb/2030,VIGENTE
FEMENINO,VENADO TUERTO,RENOVACIÓN,B.2,7/feb/2025,7/feb/2025,7/feb/2026,VIGENTE
MASCULINO,VENADO TUERTO,RENOVACIÓN,B.2,7/feb/2025,7/feb/2025,7/feb/2028,VIGENTE
MASCULINO,VENADO TUERTO,RENOVACIÓN,"A.2.2, E.1",7/feb/2025,7/feb/2025,7/feb/2026,VIGENTE
MASCULINO,VENADO TUERTO,RENOVACIÓN,"A.2.1, B.1",7/feb/2025,7/feb/2025,7/feb/2028,VIGENTE
MASCULINO,VENADO TUERTO,RENOVACIÓN,"A.2.1, B.2",7/feb/2025,7/feb/2025,7/feb/2030,VIGENTE
MASCULINO,VENADO TUERTO,RENOVACIÓN,B.2,7/feb/2025,7/feb/2025,7/feb/2026,VIGENTE
FEMENINO,VENADO TUERTO,RENOVACIÓN,"A.2.1, B.2",7/feb/2025,7/feb/2025,7/feb/2030,VIGENTE
MASCULINO,VENADO TUERTO,RENOVACIÓN CON AMPLIACIÓN,E.1,7/feb/2025,7/feb/2025,7/feb/2027,VIGENTE
FEMENINO,VENADO TUERTO,ORIGINAL,B.1,7/feb/2025,7/feb/2025,7/feb/2030,VIGENTE
FEMENINO,VENADO TUERTO,RENOVACIÓN,B.1,7/feb/2025,7/feb/2025,7/feb/2030,VIGENTE
MASCULINO,VENADO TUERTO,RENOVACIÓN,"A.2.1, B.1",7/feb/2025,7/feb/2025,7/feb/2030,VIGENTE
MASCULINO,VENADO TUERTO,RENOVACIÓN CON AMPLIACIÓN,"A.2.1, B.1",7/feb/2025,7/feb/2025,7/feb/2030,VIGENTE
MASCULINO,VENADO TUERTO,RENOVACIÓN,"A.2.1, E.1",7/feb/2025,7/feb/2025,7/feb/2026,VIGENTE
MASCULINO,VENADO TUERTO,RENOVACIÓN,"A.2.1, B.2",7/feb/2025,7/feb/2025,7/feb/2030,VIGENTE
MASCULINO,VENADO TUERTO,RENOVACIÓN,"A.2.1, B.1",7/feb/2025,7/feb/2025,7/feb/2028,VIGENTE
MASCULINO,VENADO TUERTO,RENOVACIÓN,"A.3, B.2",7/feb/2025,7/feb/2025,7/feb/2026,VIGENTE
MASCULINO,VENADO TUERTO,RENOVACIÓN,"A.2.2, E.1, E.2",7/feb/2025,7/feb/2025,7/feb/2026,VIGENTE
FEMENINO,VENADO TUERTO,RENOVACIÓN,A.2.1,7/feb/2025,7/feb/2025,7/feb/2030,VIGENTE
MASCULINO,VENADO TUERTO,ORIGINAL,B.1,10/feb/2025,21/ene/2025,10/feb/2026,VIGENTE
MASCULINO,VENADO TUERTO,RENOVACIÓN,"A.2.1, B.1",10/feb/2025,28/ene/2025,10/feb/2030,VIGENTE
MASCULINO,VENADO TUERTO,RENOVACIÓN,B.2,10/feb/2025,28/ene/2025,10/feb/2026,VIGENTE
FEMENINO,VENADO TUERTO,ORIGINAL,"A.2.1, B.1",10/feb/2025,30/ene/2025,10/feb/2030,VIGENTE
FEMENINO,VENADO TUERTO,RENOVACIÓN,B.2,10/feb/2025,7/feb/2025,10/feb/2026,VIGENTE
MASCULINO,VENADO TUERTO,ORIGINAL,A.2.1,10/feb/2025,7/feb/2025,10/feb/2030,VIGENTE
FEMENINO,VENADO TUERTO,ORIGINAL,A.2.1,10/feb/2025,7/feb/2025,10/feb/2026,VIGENTE
FEMENINO,VENADO TUERTO,RENOVACIÓN,A.2.1,10/feb/2025,7/feb/2025,10/feb/2028,VIGENTE
MASCULINO,VENADO TUERTO,RENOVACIÓN,"A.2.1, B.2",10/feb/2025,10/feb/2025,10/feb/2030,VIGENTE
MASCULINO,VENADO TUERTO,RENOVACIÓN,"A.2.1, E.1",10/feb/2025,10/feb/2025,10/feb/2027,VIGENTE
MASCULINO,VENADO TUERTO,RENOVACIÓN,B.2,10/feb/2025,10/feb/2025,10/feb/2030,VIGENTE
MASCULINO,VENADO TUERTO,RENOVACIÓN CON AMPLIACIÓN,"A.2.1, E.1",10/feb/2025,10/feb/2025,10/feb/2026,VIGENTE
MASCULINO,VENADO TUERTO,RENOVACIÓN,B.2,10/feb/2025,10/feb/2025,10/feb/2028,VIGENTE
MASCULINO,VENADO TUERTO,RENOVACIÓN,"A.3, B.1",10/feb/2025,10/feb/2025,10/feb/2030,VIGENTE
FEMENINO,VENADO TUERTO,RENOVACIÓN,"A.3, B.2, G.2",10/feb/2025,10/feb/2025,10/feb/2030,VIGENTE
MASCULINO,VENADO TUERTO,RENOVACIÓN,B.2,10/feb/2025,10/feb/2025,10/feb/2030,VIGENTE
MASCULINO,VENADO TUERTO,DUPLICADO,E.1,10/feb/2025,10/feb/2025,26/mar/2026,VIGENTE
MASCULINO,VENADO TUERTO,RENOVACIÓN,"A.2.1, E.1",10/feb/2025,10/feb/2025,10/feb/2027,VIGENTE
MASCULINO,VENADO TUERTO,RENOVACIÓN,E.1,10/feb/2025,10/feb/2025,10/feb/2027,VIGENTE
MASCULINO,VENADO TUERTO,RENOVACIÓN,"A.2.1, B.2",10/feb/2025,10/feb/2025,10/feb/2030,VIGENTE
MASCULINO,VENADO TUERTO,RENOVACIÓN,B.2,10/feb/2025,10/feb/2025,10/feb/2026,VIGENTE
MASCULINO,VENADO TUERTO,RENOVACIÓN,"A.2.1, B.2",10/feb/2025,10/feb/2025,10/feb/2030,VIGENTE
FEMENINO,VENADO TUERTO,RENOVACIÓN,"A.3, B.2",10/feb/2025,10/feb/2025,10/feb/2030,VIGENTE
FEMENINO,VENADO TUERTO,RENOVACIÓN,B.2,10/feb/2025,10/feb/2025,10/feb/2028,VIGENTE
MASCULINO,VENADO TUERTO,RENOVACIÓN,"A.2.2, B.1",10/feb/2025,10/feb/2025,10/feb/2028,VIGENTE
FEMENINO,VENADO TUERTO,RENOVACIÓN,B.1,10/feb/2025,10/feb/2025,10/feb/2028,VIGENTE
FEMENINO,VENADO TUERTO,RENOVACIÓN,A.2.1,10/feb/2025,10/feb/2025,10/feb/2030,VIGENTE
MASCULINO,VENADO TUERTO,RENOVACIÓN,B.2,10/feb/2025,10/feb/2025,10/feb/2026,VIGENTE
MASCULINO,VENADO TUERTO,RENOVACIÓN,B.2,10/feb/2025,10/feb/2025,10/feb/2030,VIGENTE
MASCULINO,VENADO TUERTO,RENOVACIÓN,"A.2.1, E.1",10/feb/2025,10/feb/2025,10/feb/2027,VIGENTE
MASCULINO,VENADO TUERTO,RENOVACIÓN,B.1,10/feb/2025,10/feb/2025,10/feb/2030,VIGENTE
MASCULINO,VENADO TUERTO,ORIGINAL,A.2.1,10/feb/2025,10/feb/2025,10/feb/2026,VIGENTE
MASCULINO,VENADO TUERTO,ORIGINAL,"A.2.1, B.2",10/feb/2025,10/feb/2025,10/feb/2026,VIGENTE
FEMENINO,VENADO TUERTO,RENOVACIÓN,B.2,10/feb/2025,10/feb/2025,10/feb/2030,VIGENTE
FEMENINO,VENADO TUERTO,RENOVACIÓN,A.2.1,10/feb/2025,10/feb/2025,10/feb/2026,VIGENTE
FEMENINO,VENADO TUERTO,RENOVACIÓN,A.2.1,10/feb/2025,10/feb/2025,10/feb/2030,VIGENTE
MASCULINO,VENADO TUERTO,RENOVACIÓN,B.2,10/feb/2025,10/feb/2025,10/feb/2030,VIGENTE
MASCULINO,VENADO TUERTO,RENOVACIÓN,"A.2.2, B.1",10/feb/2025,10/feb/2025,10/feb/2030,VIGENTE
MASCULINO,VENADO TUERTO,ORIGINAL,"A.3, D.3, E.1",10/feb/2025,10/feb/2025,10/feb/2026,VIGENTE
MASCULINO,VENADO TUERTO,RENOVACIÓN,B.2,10/feb/2025,10/feb/2025,10/feb/2030,VIGENTE
FEMENINO,VENADO TUERTO,RENOVACIÓN,A.2.1,10/feb/2025,10/feb/2025,10/feb/2030,VIGENTE
MASCULINO,VENADO TUERTO,RENOVACIÓN,"A.2.2, B.2",10/feb/2025,10/feb/2025,10/feb/2030,VIGENTE
MASCULINO,VENADO TUERTO,RENOVACIÓN,"A.2.1, B.1",10/feb/2025,10/feb/2025,10/feb/2028,VIGENTE
FEMENINO,VENADO TUERTO,ORIGINAL,"A.2.1, B.1",10/feb/2025,10/feb/2025,10/feb/2030,VIGENTE
MASCULINO,VENADO TUERTO,RENOVACIÓN,"A.2.1, B.2",10/feb/2025,10/feb/2025,10/feb/2026,VIGENTE
FEMENINO,VENADO TUERTO,RENOVACIÓN,A.2.1,10/feb/2025,10/feb/2025,10/feb/2026,VIGENTE
FEMENINO,VENADO TUERTO,RENOVACIÓN,B.1,10/feb/2025,10/feb/2025,10/feb/2030,VIGENTE
MASCULINO,VENADO TUERTO,RENOVACIÓN,"A.2.1, B.1",10/feb/2025,10/feb/2025,10/feb/2030,VIGENTE
MASCULINO,VENADO TUERTO,RENOVACIÓN,"A.2.1, B.1",10/feb/2025,10/feb/2025,10/feb/2030,VIGENTE
FEMENINO,VENADO TUERTO,ORIGINAL,"A.2.1, B.1",10/feb/2025,10/feb/2025,10/feb/2026,VIGENTE
FEMENINO,VENADO TUERTO,RENOVACIÓN,B.2,10/feb/2025,10/feb/2025,10/feb/2030,VIGENTE
MASCULINO,VENADO TUERTO,RENOVACIÓN,"A.2.1, B.2",10/feb/2025,10/feb/2025,10/feb/2030,VIGENTE
MASCULINO,VENADO TUERTO,ORIGINAL,A.2.1,10/feb/2025,10/feb/2025,10/feb/2030,VIGENTE
MASCULINO,VENADO TUERTO,ORIGINAL,B.1,10/feb/2025,10/feb/2025,10/feb/2026,VIGENTE
MASCULINO,VENADO TUERTO,ORIGINAL,A.2.1,11/feb/2025,30/ene/2025,11/feb/2030,VIGENTE
FEMENINO,VENADO TUERTO,ORIGINAL,A.2.1,11/feb/2025,30/ene/2025,11/feb/2030,VIGENTE
MASCULINO,VENADO TUERTO,ORIGINAL,"A.2.1, B.1",11/feb/2025,4/feb/2025,11/feb/2026,VIGENTE
FEMENINO,VENADO TUERTO,ORIGINAL,A.2.1,11/feb/2025,11/feb/2025,11/nov/2025,VIGENTE
MASCULINO,VENADO TUERTO,RENOVACIÓN,"A.2.1, E.1",11/feb/2025,11/feb/2025,11/feb/2027,VIGENTE
FEMENINO,VENADO TUERTO,ORIGINAL,A.2.1,11/feb/2025,11/feb/2025,11/feb/2026,VIGENTE
MASCULINO,VENADO TUERTO,RENOVACIÓN,"A.2.1, E.1, G.1",11/feb/2025,11/feb/2025,11/feb/2027,VIGENTE
MASCULINO,VENADO TUERTO,ORIGINAL,B.1,11/feb/2025,11/feb/2025,11/feb/2026,VIGENTE
FEMENINO,VENADO TUERTO,ORIGINAL,B.2,11/feb/2025,11/feb/2025,11/feb/2030,VIGENTE
MASCULINO,VENADO TUERTO,RENOVACIÓN,B.2,11/feb/2025,11/feb/2025,11/feb/2030,VIGENTE
MASCULINO,VENADO TUERTO,RENOVACIÓN,"A.3, E.1",11/feb/2025,11/feb/2025,11/feb/2026,VIGENTE
MASCULINO,VENADO TUERTO,RENOVACIÓN CON AMPLIACIÓN,"A.3, B.2, D.3",11/feb/2025,11/feb/2025,11/feb/2027,VIGENTE
FEMENINO,VENADO TUERTO,RENOVACIÓN,"A.2.1, B.2",11/feb/2025,11/feb/2025,11/feb/2030,VIGENTE
FEMENINO,VENADO TUERTO,RENOVACIÓN,"A.3, B.2",11/feb/2025,11/feb/2025,11/feb/2030,VIGENTE
MASCULINO,VENADO TUERTO,ORIGINAL,A.2.1,11/feb/2025,11/feb/2025,11/feb/2030,VIGENTE
MASCULINO,VENADO TUERTO,ORIGINAL,"A.2.2, B.2",11/feb/2025,11/feb/2025,11/feb/2030,VIGENTE
MASCULINO,VENADO TUERTO,RENOVACIÓN,B.2,11/feb/2025,11/feb/2025,11/feb/2026,VIGENTE
FEMENINO,VENADO TUERTO,ORIGINAL,"A.2.1, B.1",11/feb/2025,11/feb/2025,11/feb/2030,VIGENTE
MASCULINO,VENADO TUERTO,RENOVACIÓN,"A.2.1, D.3, E.1",11/feb/2025,11/feb/2025,11/feb/2027,VIGENTE
MASCULINO,VENADO TUERTO,RENOVACIÓN,"A.2.1, B.2",11/feb/2025,11/feb/2025,11/feb/2030,VIGENTE
MASCULINO,VENADO TUERTO,RENOVACIÓN CON AMPLIACIÓN,"A.3, B.2",11/feb/2025,11/feb/2025,11/feb/2030,VIGENTE
MASCULINO,VENADO TUERTO,RENOVACIÓN,"A.2.1, B.2",11/feb/2025,11/feb/2025,11/feb/2030,VIGENTE
FEMENINO,VENADO TUERTO,RENOVACIÓN CON AMPLIACIÓN,"A.2.1, B.1",11/feb/2025,11/feb/2025,11/feb/2030,VIGENTE
MASCULINO,VENADO TUERTO,RENOVACIÓN,A.2.1,11/feb/2025,11/feb/2025,11/feb/2030,VIGENTE
MASCULINO,VENADO TUERTO,RENOVACIÓN,"A.2.2, B.1",11/feb/2025,11/feb/2025,11/feb/2030,VIGENTE
MASCULINO,VENADO TUERTO,RENOVACIÓN,"A.3, B.2",11/feb/2025,11/feb/2025,11/feb/2030,VIGENTE
FEMENINO,VENADO TUERTO,ORIGINAL,"A.2.1, B.2",11/feb/2025,11/feb/2025,11/feb/2030,VIGENTE
MASCULINO,VENADO TUERTO,RENOVACIÓN CON AMPLIACIÓN,"A.3, B.1",11/feb/2025,11/feb/2025,11/feb/2030,VIGENTE
FEMENINO,VENADO TUERTO,RENOVACIÓN,"A.2.1, B.2",11/feb/2025,11/feb/2025,11/feb/2030,VIGENTE
MASCULINO,VENADO TUERTO,ORIGINAL,"A.3, B.2",11/feb/2025,11/feb/2025,11/feb/2030,VIGENTE
MASCULINO,VENADO TUERTO,ORIGINAL,A.2.1,11/feb/2025,11/feb/2025,11/feb/2030,VIGENTE
FEMENINO,VENADO TUERTO,ORIGINAL,"A.2.1, B.2",11/feb/2025,11/feb/2025,11/feb/2030,VIGENTE
MASCULINO,VENADO TUERTO,RENOVACIÓN CON AMPLIACIÓN,"A.3, B.2",11/feb/2025,11/feb/2025,11/feb/2030,VIGENTE
MASCULINO,VENADO TUERTO,RENOVACIÓN,"A.2.2, B.2",11/feb/2025,11/feb/2025,11/feb/2030,VIGENTE
MASCULINO,VENADO TUERTO,RENOVACIÓN,"A.3, B.2",11/feb/2025,11/feb/2025,11/feb/2030,VIGENTE
MASCULINO,VENADO TUERTO,RENOVACIÓN,E.1,11/feb/2025,11/feb/2025,11/feb/2026,VIGENTE
MASCULINO,VENADO TUERTO,RENOVACIÓN,B.1,11/feb/2025,11/feb/2025,11/feb/2028,VIGENTE
MASCULINO,VENADO TUERTO,ORIGINAL,B.2,11/feb/2025,11/feb/2025,11/feb/2030,VIGENTE
MASCULINO,VENADO TUERTO,RENOVACIÓN,B.2,11/feb/2025,11/feb/2025,11/feb/2030,VIGENTE
MASCULINO,VENADO TUERTO,RENOVACIÓN,"A.2.1, E.1, E.2",11/feb/2025,11/feb/2025,11/feb/2026,VIGENTE
MASCULINO,VENADO TUERTO,RENOVACIÓN CON AMPLIACIÓN,A.2.1,12/feb/2025,5/sept/2024,12/feb/2030,VIGENTE
FEMENINO,VENADO TUERTO,ORIGINAL,A.2.1,12/feb/2025,28/ene/2025,12/feb/2030,VIGENTE
MASCULINO,VENADO TUERTO,ORIGINAL,B.1,12/feb/2025,10/feb/2025,12/feb/2026,VIGENTE
FEMENINO,VENADO TUERTO,ORIGINAL,"A.2.1, B.1",12/feb/2025,11/feb/2025,12/feb/2030,VIGENTE
MASCULINO,VENADO TUERTO,DUPLICADO,"A.2.1, B.1",12/feb/2025,12/feb/2025,23/jul/2027,VIGENTE
FEMENINO,VENADO TUERTO,RENOVACIÓN,"A.2.1, B.1",12/feb/2025,12/feb/2025,12/feb/2030,VIGENTE
FEMENINO,VENADO TUERTO,RENOVACIÓN CON AMPLIACIÓN,"A.2.1, B.1",12/feb/2025,12/feb/2025,12/feb/2028,VIGENTE
MASCULINO,VENADO TUERTO,RENOVACIÓN,"A.2.1, B.1",12/feb/2025,12/feb/2025,12/feb/2030,VIGENTE
MASCULINO,VENADO TUERTO,RENOVACIÓN,A.2.1,12/feb/2025,12/feb/2025,12/feb/2028,VIGENTE
FEMENINO,VENADO TUERTO,RENOVACIÓN,B.1,12/feb/2025,12/feb/2025,12/feb/2030,VIGENTE
MASCULINO,VENADO TUERTO,RENOVACIÓN,E.1,12/feb/2025,12/feb/2025,12/feb/2027,VIGENTE
FEMENINO,VENADO TUERTO,RENOVACIÓN CON AMPLIACIÓN,"A.2.1, B.1",12/feb/2025,12/feb/2025,12/feb/2030,VIGENTE
MASCULINO,VENADO TUERTO,DUPLICADO,E.1,12/feb/2025,12/feb/2025,13/dic/2025,VIGENTE
FEMENINO,VENADO TUERTO,RENOVACIÓN,A.2.1,12/feb/2025,12/feb/2025,12/feb/2030,VIGENTE
MASCULINO,VENADO TUERTO,ORIGINAL,"A.2.1, B.1",12/feb/2025,12/feb/2025,12/feb/2026,VIGENTE
MASCULINO,VENADO TUERTO,RENOVACIÓN,"A.2.1, B.2",12/feb/2025,12/feb/2025,12/feb/2030,VIGENTE
MASCULINO,VENADO TUERTO,RENOVACIÓN,E.1,12/feb/2025,12/feb/2025,12/feb/2026,VIGENTE
MASCULINO,VENADO TUERTO,RENOVACIÓN,"A.2.2, B.2",12/feb/2025,12/feb/2025,12/feb/2030,VIGENTE
FEMENINO,VENADO TUERTO,RENOVACIÓN,"A.2.1, B.1",12/feb/2025,12/feb/2025,12/feb/2030,VIGENTE
FEMENINO,VENADO TUERTO,RENOVACIÓN,B.2,12/feb/2025,12/feb/2025,12/feb/2030,VIGENTE
MASCULINO,VENADO TUERTO,RENOVACIÓN CON AMPLIACIÓN,"A.2.1, D.1, E.1",12/feb/2025,12/feb/2025,12/feb/2027,VIGENTE
FEMENINO,VENADO TUERTO,RENOVACIÓN,B.1,12/feb/2025,12/feb/2025,12/feb/2030,VIGENTE
MASCULINO,VENADO TUERTO,RENOVACIÓN,"A.2.1, B.1",12/feb/2025,12/feb/2025,12/feb/2026,VIGENTE
FEMENINO,VENADO TUERTO,ORIGINAL,A.2.1,12/feb/2025,12/feb/2025,12/feb/2030,VIGENTE
MASCULINO,VENADO TUERTO,ORIGINAL,B.1,12/feb/2025,12/feb/2025,12/feb/2026,VIGENTE
MASCULINO,VENADO TUERTO,ORIGINAL,"A.2.1, D.1",12/feb/2025,12/feb/2025,12/feb/2027,VIGENTE
MASCULINO,VENADO TUERTO,RENOVACIÓN,A.2.2,12/feb/2025,12/feb/2025,12/feb/2026,VIGENTE
MASCULINO,VENADO TUERTO,RENOVACIÓN,"A.2.2, E.1, G.1",12/feb/2025,12/feb/2025,12/feb/2027,VIGENTE
FEMENINO,VENADO TUERTO,RENOVACIÓN,B.2,12/feb/2025,12/feb/2025,12/feb/2026,VIGENTE
MASCULINO,VENADO TUERTO,RENOVACIÓN,"A.2.1, B.2, D.1, D.3",12/feb/2025,12/feb/2025,12/feb/2027,VIGENTE
MASCULINO,VENADO TUERTO,DUPLICADO,B.2,12/feb/2025,12/feb/2025,16/feb/2027,VIGENTE
FEMENINO,VENADO TUERTO,RENOVACIÓN,B.2,12/feb/2025,12/feb/2025,12/feb/2028,VIGENTE
FEMENINO,VENADO TUERTO,RENOVACIÓN,"A.2.1, B.1",12/feb/2025,12/feb/2025,12/feb/2030,VIGENTE
MASCULINO,VENADO TUERTO,RENOVACIÓN CON AMPLIACIÓN,"A.2.1, C, E.2",12/feb/2025,12/feb/2025,12/feb/2026,VIGENTE
MASCULINO,VENADO TUERTO,RENOVACIÓN,"A.3, B.2",12/feb/2025,12/feb/2025,12/feb/2030,VIGENTE
MASCULINO,VENADO TUERTO,RENOVACIÓN,"A.2.1, B.2",12/feb/2025,12/feb/2025,12/feb/2030,VIGENTE
MASCULINO,VENADO TUERTO,RENOVACIÓN CON AMPLIACIÓN,"A.2.1, B.2",12/feb/2025,12/feb/2025,12/feb/2030,VIGENTE
MASCULINO,VENADO TUERTO,RENOVACIÓN CON AMPLIACIÓN,"A.2.2, B.1",12/feb/2025,12/feb/2025,12/feb/2030,VIGENTE
MASCULINO,VENADO TUERTO,ORIGINAL,"A.2.1, B.2",12/feb/2025,12/feb/2025,12/feb/2030,VIGENTE
FEMENINO,VENADO TUERTO,RENOVACIÓN,"A.2.1, B.2",12/feb/2025,12/feb/2025,12/feb/2030,VIGENTE
MASCULINO,VENADO TUERTO,RENOVACIÓN,"A.3, E.1, E.2, G.1, G.2",12/feb/2025,12/feb/2025,12/feb/2027,VIGENTE
MASCULINO,VENADO TUERTO,RENOVACIÓN,"A.2.1, B.2, E.2",12/feb/2025,12/feb/2025,12/feb/2027,VIGENTE
MASCULINO,VENADO TUERTO,RENOVACIÓN,E.1,12/feb/2025,12/feb/2025,12/feb/2026,VIGENTE
FEMENINO,VENADO TUERTO,RENOVACIÓN,A.2.1,12/feb/2025,12/feb/2025,12/feb/2030,VIGENTE
FEMENINO,VENADO TUERTO,ORIGINAL,A.2.1,12/feb/2025,12/feb/2025,12/feb/2030,VIGENTE
MASCULINO,VENADO TUERTO,RENOVACIÓN,"A.2.1, E.1",12/feb/2025,12/feb/2025,12/feb/2026,VIGENTE
MASCULINO,VENADO TUERTO,RENOVACIÓN,"A.3, B.2",12/feb/2025,12/feb/2025,12/feb/2030,VIGENTE
FEMENINO,VENADO TUERTO,RENOVACIÓN,"A.2.1, B.1",12/feb/2025,12/feb/2025,12/feb/2030,VIGENTE
MASCULINO,VENADO TUERTO,RENOVACIÓN,E.1,12/feb/2025,12/feb/2025,12/feb/2026,VIGENTE
MASCULINO,VENADO TUERTO,RENOVACIÓN,"A.2.1, B.2",12/feb/2025,12/feb/2025,12/feb/2030,VIGENTE
MASCULINO,VENADO TUERTO,RENOVACIÓN,"A.2.1, D.1, E.1",12/feb/2025,12/feb/2025,12/feb/2027,VIGENTE
MASCULINO,VENADO TUERTO,RENOVACIÓN,E.1,12/feb/2025,12/feb/2025,12/feb/2027,VIGENTE
MASCULINO,VENADO TUERTO,RENOVACIÓN,B.2,12/feb/2025,12/feb/2025,12/feb/2030,VIGENTE
FEMENINO,VENADO TUERTO,ORIGINAL,"A.2.1, B.1",13/feb/2025,17/ene/2025,13/feb/2026,VIGENTE
FEMENINO,VENADO TUERTO,ORIGINAL,A.2.1,13/feb/2025,24/ene/2025,13/feb/2030,VIGENTE
MASCULINO,VENADO TUERTO,RENOVACIÓN CON AMPLIACIÓN,"A.2.1, B.1",13/feb/2025,31/ene/2025,13/feb/2028,VIGENTE
FEMENINO,VENADO TUERTO,ORIGINAL,A.2.1,13/feb/2025,3/feb/2025,13/feb/2030,VIGENTE
FEMENINO,VENADO TUERTO,ORIGINAL,A.2.1,13/feb/2025,6/feb/2025,13/feb/2030,VIGENTE
MASCULINO,VENADO TUERTO,RENOVACIÓN,"A.2.1, E.1, E.2, G.1",13/feb/2025,12/feb/2025,13/feb/2027,VIGENTE
MASCULINO,VENADO TUERTO,RENOVACIÓN,D.1,13/feb/2025,13/feb/2025,13/feb/2026,VIGENTE
MASCULINO,VENADO TUERTO,RENOVACIÓN,B.2,13/feb/2025,13/feb/2025,13/feb/2030,VIGENTE
MASCULINO,VENADO TUERTO,RENOVACIÓN CON AMPLIACIÓN,"A.2.1, B.2",13/feb/2025,13/feb/2025,13/feb/2030,VIGENTE
FEMENINO,VENADO TUERTO,ORIGINAL,A.2.1,13/feb/2025,13/feb/2025,13/feb/2026,VIGENTE
MASCULINO,VENADO TUERTO,RENOVACIÓN CON AMPLIACIÓN,"A.2.2, E.1",13/feb/2025,13/feb/2025,13/feb/2026,VIGENTE
MASCULINO,VENADO TUERTO,ORIGINAL,"A.2.1, B.2",13/feb/2025,13/feb/2025,13/feb/2030,VIGENTE
FEMENINO,VENADO TUERTO,ORIGINAL,"A.2.1, B.1",13/feb/2025,13/feb/2025,13/feb/2030,VIGENTE
MASCULINO,VENADO TUERTO,RENOVACIÓN,"A.2.2, B.2",13/feb/2025,13/feb/2025,13/feb/2030,VIGENTE
MASCULINO,VENADO TUERTO,RENOVACIÓN,B.2,13/feb/2025,13/feb/2025,13/feb/2030,NO VIGENTE
MASCULINO,VENADO TUERTO,RENOVACIÓN,B.2,13/feb/2025,13/feb/2025,13/feb/2030,VIGENTE
MASCULINO,VENADO TUERTO,RENOVACIÓN,"A.3, B.2",13/feb/2025,13/feb/2025,13/feb/2030,VIGENTE
MASCULINO,VENADO TUERTO,RENOVACIÓN,B.1,13/feb/2025,13/feb/2025,13/feb/2030,VIGENTE
FEMENINO,VENADO TUERTO,ORIGINAL,A.2.1,13/feb/2025,13/feb/2025,13/feb/2030,VIGENTE
MASCULINO,VENADO TUERTO,RENOVACIÓN,B.1,13/feb/2025,13/feb/2025,13/feb/2028,VIGENTE
MASCULINO,VENADO TUERTO,RENOVACIÓN,"A.2.2, B.2, D.1, D.3",13/feb/2025,13/feb/2025,13/feb/2026,VIGENTE
MASCULINO,VENADO TUERTO,RENOVACIÓN,B.2,13/feb/2025,13/feb/2025,13/feb/2026,VIGENTE
MASCULINO,VENADO TUERTO,RENOVACIÓN,"A.2.1, B.2",13/feb/2025,13/feb/2025,13/feb/2030,VIGENTE
MASCULINO,VENADO TUERTO,ORIGINAL,"A.2.1, B.1",13/feb/2025,13/feb/2025,13/feb/2030,VIGENTE
FEMENINO,VENADO TUERTO,RENOVACIÓN,B.1,13/feb/2025,13/feb/2025,13/feb/2030,VIGENTE
FEMENINO,VENADO TUERTO,RENOVACIÓN,B.2,13/feb/2025,13/feb/2025,13/feb/2026,VIGENTE
FEMENINO,VENADO TUERTO,RENOVACIÓN,A.2.1,13/feb/2025,13/feb/2025,13/feb/2028,VIGENTE
FEMENINO,VENADO TUERTO,RENOVACIÓN,"A.2.1, B.2",13/feb/2025,13/feb/2025,13/feb/2030,VIGENTE
MASCULINO,VENADO TUERTO,RENOVACIÓN,A.2.1,13/feb/2025,13/feb/2025,13/feb/2030,VIGENTE
MASCULINO,VENADO TUERTO,ORIGINAL,"A.2.1, B.1",13/feb/2025,13/feb/2025,13/feb/2030,VIGENTE
FEMENINO,VENADO TUERTO,RENOVACIÓN,"A.2.1, B.1",13/feb/2025,13/feb/2025,13/feb/2030,VIGENTE
MASCULINO,VENADO TUERTO,RENOVACIÓN CON AMPLIACIÓN,"A.2.1, B.2",13/feb/2025,13/feb/2025,13/feb/2030,VIGENTE
FEMENINO,VENADO TUERTO,RENOVACIÓN CON AMPLIACIÓN,B.2,13/feb/2025,13/feb/2025,13/feb/2030,VIGENTE
MASCULINO,VENADO TUERTO,RENOVACIÓN,E.1,13/feb/2025,13/feb/2025,13/feb/2027,VIGENTE
FEMENINO,VENADO TUERTO,RENOVACIÓN,A.2.1,13/feb/2025,13/feb/2025,13/feb/2030,VIGENTE
MASCULINO,VENADO TUERTO,RENOVACIÓN,"A.2.1, B.1",13/feb/2025,13/feb/2025,13/feb/2030,VIGENTE
MASCULINO,VENADO TUERTO,RENOVACIÓN,B.2,13/feb/2025,13/feb/2025,13/feb/2026,VIGENTE
MASCULINO,VENADO TUERTO,RENOVACIÓN,B.2,13/feb/2025,13/feb/2025,13/feb/2030,VIGENTE
MASCULINO,SAN EDUARDO,RENOVACIÓN,"A.2.1, E.1, G.1",13/feb/2025,13/feb/2025,13/feb/2027,VIGENTE
MASCULINO,VENADO TUERTO,RENOVACIÓN,"A.2.1, B.2",13/feb/2025,13/feb/2025,13/feb/2030,VIGENTE
FEMENINO,VENADO TUERTO,ORIGINAL,A.2.1,13/feb/2025,13/feb/2025,13/feb/2030,VIGENTE
MASCULINO,VENADO TUERTO,ORIGINAL,"A.2.1, B.2",13/feb/2025,13/feb/2025,13/feb/2030,VIGENTE
MASCULINO,VENADO TUERTO,RENOVACIÓN,B.2,13/feb/2025,13/feb/2025,13/feb/2030,VIGENTE
MASCULINO,VENADO TUERTO,RENOVACIÓN,E.1,13/feb/2025,13/feb/2025,13/feb/2026,VIGENTE
MASCULINO,VENADO TUERTO,RENOVACIÓN,B.2,13/feb/2025,13/feb/2025,13/feb/2030,VIGENTE
MASCULINO,VENADO TUERTO,RENOVACIÓN,B.2,13/feb/2025,13/feb/2025,13/feb/2026,VIGENTE
MASCULINO,VENADO TUERTO,RENOVACIÓN CON AMPLIACIÓN,"A.2.2, B.2, D.1",13/feb/2025,13/feb/2025,13/feb/2027,VIGENTE
MASCULINO,VENADO TUERTO,RENOVACIÓN,B.2,13/feb/2025,13/feb/2025,13/feb/2026,VIGENTE
MASCULINO,VENADO TUERTO,ORIGINAL,A.2.1,14/feb/2025,14/ene/2025,14/feb/2030,VIGENTE
FEMENINO,VENADO TUERTO,ORIGINAL,A.2.1,14/feb/2025,27/ene/2025,14/feb/2030,VIGENTE
FEMENINO,VENADO TUERTO,ORIGINAL,"A.2.1, B.1",14/feb/2025,31/ene/2025,14/feb/2026,VIGENTE
MASCULINO,VENADO TUERTO,RENOVACIÓN,A.2.1,14/feb/2025,7/feb/2025,14/feb/2028,VIGENTE
MASCULINO,VENADO TUERTO,RENOVACIÓN,D.1,14/feb/2025,12/feb/2025,14/feb/2026,VIGENTE
MASCULINO,VENADO TUERTO,RENOVACIÓN CON AMPLIACIÓN,"A.2.1, B.2",14/feb/2025,13/feb/2025,14/feb/2030,VIGENTE
MASCULINO,VENADO TUERTO,DUPLICADO,A.2.1,14/feb/2025,13/feb/2025,1/oct/2029,VIGENTE
MASCULINO,VENADO TUERTO,RENOVACIÓN CON AMPLIACIÓN,"A.2.1, D.1",14/feb/2025,13/feb/2025,14/feb/2027,VIGENTE
FEMENINO,VENADO TUERTO,ORIGINAL,A.2.1,14/feb/2025,13/feb/2025,14/feb/2026,VIGENTE
FEMENINO,VENADO TUERTO,ORIGINAL,A.2.1,14/feb/2025,13/feb/2025,14/feb/2030,VIGENTE
MASCULINO,VENADO TUERTO,RENOVACIÓN,"A.2.1, E.1",14/feb/2025,14/feb/2025,14/feb/2026,VIGENTE
MASCULINO,VENADO TUERTO,RENOVACIÓN,"A.2.2, E.1, E.2, G.1, G.2",14/feb/2025,14/feb/2025,14/feb/2026,VIGENTE
FEMENINO,VENADO TUERTO,RENOVACIÓN,A.2.1,14/feb/2025,14/feb/2025,14/feb/2028,VIGENTE
MASCULINO,VENADO TUERTO,RENOVACIÓN,"A.2.1, B.2, D.1, D.3",14/feb/2025,14/feb/2025,14/feb/2026,VIGENTE
MASCULINO,VENADO TUERTO,RENOVACIÓN CON AMPLIACIÓN,"A.2.2, B.1",14/feb/2025,14/feb/2025,14/feb/2030,VIGENTE
MASCULINO,VENADO TUERTO,RENOVACIÓN CON AMPLIACIÓN,"A.2.1, E.1",14/feb/2025,14/feb/2025,14/feb/2027,VIGENTE
MASCULINO,VENADO TUERTO,RENOVACIÓN,E.1,14/feb/2025,14/feb/2025,14/feb/2026,VIGENTE
FEMENINO,VENADO TUERTO,RENOVACIÓN,A.2.1,14/feb/2025,14/feb/2025,14/feb/2030,VIGENTE
MASCULINO,VENADO TUERTO,RENOVACIÓN,E.1,14/feb/2025,14/feb/2025,14/feb/2026,VIGENTE
MASCULINO,VENADO TUERTO,ORIGINAL,A.2.1,14/feb/2025,14/feb/2025,14/feb/2030,VIGENTE
MASCULINO,VENADO TUERTO,RENOVACIÓN,B.1,14/feb/2025,14/feb/2025,14/feb/2030,VIGENTE
FEMENINO,VENADO TUERTO,RENOVACIÓN,B.2,14/feb/2025,14/feb/2025,14/feb/2026,VIGENTE
FEMENINO,VENADO TUERTO,RENOVACIÓN,"A.2.1, B.2",14/feb/2025,14/feb/2025,14/feb/2030,VIGENTE
FEMENINO,VENADO TUERTO,ORIGINAL,B.1,14/feb/2025,14/feb/2025,14/feb/2030,VIGENTE
MASCULINO,VENADO TUERTO,RENOVACIÓN,"A.3, B.2",14/feb/2025,14/feb/2025,14/feb/2030,VIGENTE
MASCULINO,VENADO TUERTO,RENOVACIÓN,"A.3, B.2, D.1, D.3",14/feb/2025,14/feb/2025,14/feb/2027,VIGENTE
MASCULINO,VENADO TUERTO,RENOVACIÓN,"A.2.2, B.2",14/feb/2025,14/feb/2025,14/feb/2030,VIGENTE
FEMENINO,VENADO TUERTO,ORIGINAL,A.2.1,14/feb/2025,14/feb/2025,14/feb/2030,VIGENTE
FEMENINO,VENADO TUERTO,RENOVACIÓN,"A.2.1, B.2",14/feb/2025,14/feb/2025,14/feb/2030,VIGENTE
FEMENINO,VENADO TUERTO,RENOVACIÓN,B.2,14/feb/2025,14/feb/2025,14/feb/2026,VIGENTE
FEMENINO,VENADO TUERTO,RENOVACIÓN,B.2,14/feb/2025,14/feb/2025,14/feb/2026,VIGENTE
FEMENINO,VENADO TUERTO,ORIGINAL,B.1,14/feb/2025,14/feb/2025,14/feb/2026,VIGENTE
MASCULINO,VENADO TUERTO,RENOVACIÓN,B.2,14/feb/2025,14/feb/2025,14/feb/2026,VIGENTE
FEMENINO,VENADO TUERTO,RENOVACIÓN,B.2,14/feb/2025,14/feb/2025,14/feb/2026,VIGENTE
MASCULINO,VENADO TUERTO,RENOVACIÓN,"A.2.1, B.2",14/feb/2025,14/feb/2025,14/feb/2030,VIGENTE
MASCULINO,VENADO TUERTO,RENOVACIÓN,B.1,14/feb/2025,14/feb/2025,14/feb/2026,VIGENTE
MASCULINO,VENADO TUERTO,RENOVACIÓN,B.2,14/feb/2025,14/feb/2025,14/feb/2030,VIGENTE
FEMENINO,VENADO TUERTO,ORIGINAL,"A.2.1, B.1",14/feb/2025,14/feb/2025,14/feb/2030,VIGENTE
FEMENINO,VENADO TUERTO,RENOVACIÓN,B.1,14/feb/2025,14/feb/2025,14/feb/2030,VIGENTE
FEMENINO,VENADO TUERTO,RENOVACIÓN,B.2,14/feb/2025,14/feb/2025,14/feb/2030,VIGENTE
FEMENINO,VENADO TUERTO,RENOVACIÓN,B.1,14/feb/2025,14/feb/2025,14/feb/2026,VIGENTE
MASCULINO,VENADO TUERTO,ORIGINAL,A.2.1,14/feb/2025,14/feb/2025,14/feb/2030,VIGENTE
MASCULINO,VENADO TUERTO,RENOVACIÓN,B.2,14/feb/2025,14/feb/2025,14/feb/2030,VIGENTE
MASCULINO,VENADO TUERTO,RENOVACIÓN,"A.2.1, E.1, G.1",14/feb/2025,14/feb/2025,14/feb/2026,VIGENTE
MASCULINO,VENADO TUERTO,RENOVACIÓN,"A.2.1, B.1",14/feb/2025,14/feb/2025,14/feb/2030,VIGENTE
MASCULINO,VENADO TUERTO,RENOVACIÓN CON AMPLIACIÓN,"A.2.2, E.1",14/feb/2025,14/feb/2025,14/feb/2026,VIGENTE
MASCULINO,VENADO TUERTO,DUPLICADO,"A.2.1, B.2",14/feb/2025,14/feb/2025,23/dic/2029,VIGENTE
MASCULINO,VENADO TUERTO,RENOVACIÓN,B.1,14/feb/2025,14/feb/2025,14/feb/2028,VIGENTE
MASCULINO,VENADO TUERTO,ORIGINAL,A.2.1,14/feb/2025,14/feb/2025,14/feb/2030,VIGENTE
FEMENINO,VENADO TUERTO,RENOVACIÓN,B.2,14/feb/2025,14/feb/2025,14/feb/2030,VIGENTE
MASCULINO,VENADO TUERTO,RENOVACIÓN,"A.2.1, B.2",14/feb/2025,14/feb/2025,14/feb/2030,VIGENTE
FEMENINO,VENADO TUERTO,RENOVACIÓN,A.2.1,14/feb/2025,14/feb/2025,14/feb/2030,VIGENTE
MASCULINO,VENADO TUERTO,RENOVACIÓN,"A.2.1, B.2",14/feb/2025,14/feb/2025,14/feb/2026,VIGENTE
MASCULINO,VENADO TUERTO,RENOVACIÓN,"A.2.1, B.2",14/feb/2025,14/feb/2025,14/feb/2030,VIGENTE
FEMENINO,VENADO TUERTO,ORIGINAL,A.2.1,14/feb/2025,14/feb/2025,14/feb/2026,VIGENTE
MASCULINO,VENADO TUERTO,RENOVACIÓN,B.2,14/feb/2025,14/feb/2025,14/feb/2026,VIGENTE
FEMENINO,VENADO TUERTO,RENOVACIÓN,B.2,14/feb/2025,14/feb/2025,14/feb/2030,VIGENTE
MASCULINO,VENADO TUERTO,RENOVACIÓN,"A.2.1, E.1",14/feb/2025,14/feb/2025,14/feb/2027,VIGENTE
FEMENINO,VENADO TUERTO,ORIGINAL,A.2.1,14/feb/2025,14/feb/2025,14/feb/2026,VIGENTE
MASCULINO,VENADO TUERTO,RENOVACIÓN,"A.2.1, E.1, E.2, G.1, G.2",14/feb/2025,14/feb/2025,14/feb/2026,VIGENTE
MASCULINO,VENADO TUERTO,RENOVACIÓN,E.1,14/feb/2025,14/feb/2025,14/feb/2027,VIGENTE
MASCULINO,VENADO TUERTO,RENOVACIÓN,"A.3, B.2",14/feb/2025,14/feb/2025,14/feb/2030,VIGENTE
FEMENINO,VENADO TUERTO,RENOVACIÓN,"A.2.1, B.2",14/feb/2025,14/feb/2025,14/feb/2030,VIGENTE
MASCULINO,VENADO TUERTO,RENOVACIÓN,"A.2.1, E.1, E.2, G.1, G.2",14/feb/2025,14/feb/2025,14/feb/2027,VIGENTE
FEMENINO,VENADO TUERTO,RENOVACIÓN,"A.2.1, B.1",14/feb/2025,14/feb/2025,14/feb/2026,VIGENTE
FEMENINO,VENADO TUERTO,ORIGINAL,"A.2.1, B.1",14/feb/2025,14/feb/2025,14/feb/2030,VIGENTE
FEMENINO,VENADO TUERTO,RENOVACIÓN,B.2,14/feb/2025,14/feb/2025,14/feb/2026,VIGENTE
FEMENINO,VENADO TUERTO,ORIGINAL,"A.2.1, B.2",17/feb/2025,31/ene/2025,17/feb/2030,VIGENTE
MASCULINO,VENADO TUERTO,ORIGINAL,A.2.1,17/feb/2025,4/feb/2025,17/feb/2026,VIGENTE
MASCULINO,VENADO TUERTO,RENOVACIÓN CON AMPLIACIÓN,"A.2.2, B.2",17/feb/2025,5/feb/2025,17/feb/2030,VIGENTE
MASCULINO,VENADO TUERTO,ORIGINAL,A.2.1,17/feb/2025,6/feb/2025,17/feb/2030,VIGENTE
MASCULINO,VENADO TUERTO,ORIGINAL,"A.2.1, B.1",17/feb/2025,7/feb/2025,17/feb/2030,VIGENTE
MASCULINO,VENADO TUERTO,ORIGINAL,"A.2.1, B.1",17/feb/2025,14/feb/2025,17/feb/2030,VIGENTE
FEMENINO,VENADO TUERTO,ORIGINAL,A.2.1,17/feb/2025,14/feb/2025,17/feb/2030,VIGENTE
MASCULINO,VENADO TUERTO,RENOVACIÓN,B.2,17/feb/2025,14/feb/2025,17/feb/2030,VIGENTE
MASCULINO,VENADO TUERTO,ORIGINAL,"A.2.1, B.2",17/feb/2025,17/feb/2025,17/feb/2030,VIGENTE
MASCULINO,VENADO TUERTO,RENOVACIÓN,B.1,17/feb/2025,17/feb/2025,17/feb/2030,VIGENTE
FEMENINO,VENADO TUERTO,RENOVACIÓN,B.2,17/feb/2025,17/feb/2025,17/feb/2030,VIGENTE
MASCULINO,VENADO TUERTO,RENOVACIÓN,"A.2.1, B.2",17/feb/2025,17/feb/2025,17/feb/2028,VIGENTE
MASCULINO,VENADO TUERTO,RENOVACIÓN,E.1,17/feb/2025,17/feb/2025,17/feb/2027,VIGENTE
FEMENINO,VENADO TUERTO,ORIGINAL,B.1,17/feb/2025,17/feb/2025,17/feb/2026,VIGENTE
MASCULINO,VENADO TUERTO,RENOVACIÓN,"A.3, E.1",17/feb/2025,17/feb/2025,17/feb/2026,VIGENTE
MASCULINO,VENADO TUERTO,RENOVACIÓN,"A.2.1, B.2, G.1",17/feb/2025,17/feb/2025,17/feb/2026,VIGENTE
FEMENINO,VENADO TUERTO,RENOVACIÓN,A.2.1,17/feb/2025,17/feb/2025,17/feb/2030,VIGENTE
MASCULINO,VENADO TUERTO,RENOVACIÓN,B.1,17/feb/2025,17/feb/2025,17/feb/2028,VIGENTE
MASCULINO,VENADO TUERTO,RENOVACIÓN,"A.2.1, B.2",17/feb/2025,17/feb/2025,17/feb/2030,VIGENTE
MASCULINO,VENADO TUERTO,RENOVACIÓN,"A.2.1, B.2",17/feb/2025,17/feb/2025,17/feb/2030,VIGENTE
FEMENINO,VENADO TUERTO,RENOVACIÓN,"A.2.2, B.1",17/feb/2025,17/feb/2025,17/feb/2030,VIGENTE
MASCULINO,VENADO TUERTO,RENOVACIÓN,"A.2.1, B.1",17/feb/2025,17/feb/2025,17/feb/2028,VIGENTE
FEMENINO,VENADO TUERTO,RENOVACIÓN CON AMPLIACIÓN,"A.2.1, B.1",17/feb/2025,17/feb/2025,17/feb/2030,VIGENTE
FEMENINO,VENADO TUERTO,ORIGINAL,B.1,17/feb/2025,17/feb/2025,17/feb/2030,VIGENTE
FEMENINO,VENADO TUERTO,RENOVACIÓN,"A.2.1, B.1",17/feb/2025,17/feb/2025,17/feb/2030,VIGENTE
MASCULINO,VENADO TUERTO,RENOVACIÓN,"A.2.2, E.1",17/feb/2025,17/feb/2025,17/feb/2026,VIGENTE
MASCULINO,VENADO TUERTO,RENOVACIÓN,"A.3, B.2, D.3",17/feb/2025,17/feb/2025,17/feb/2027,VIGENTE
FEMENINO,VENADO TUERTO,RENOVACIÓN,B.1,17/feb/2025,17/feb/2025,17/feb/2030,VIGENTE
MASCULINO,VENADO TUERTO,RENOVACIÓN,"A.2.1, B.2",17/feb/2025,17/feb/2025,17/feb/2030,VIGENTE
MASCULINO,VENADO TUERTO,RENOVACIÓN,A.2.1,17/feb/2025,17/feb/2025,17/feb/2030,VIGENTE
MASCULINO,VENADO TUERTO,RENOVACIÓN,E.1,17/feb/2025,17/feb/2025,17/feb/2026,VIGENTE
FEMENINO,VENADO TUERTO,RENOVACIÓN,"A.2.1, D.1",17/feb/2025,17/feb/2025,17/feb/2026,VIGENTE
FEMENINO,VENADO TUERTO,RENOVACIÓN,B.2,17/feb/2025,17/feb/2025,17/feb/2026,VIGENTE
MASCULINO,VENADO TUERTO,DUPLICADO,A.3,17/feb/2025,17/feb/2025,7/may/2029,VIGENTE
MASCULINO,VENADO TUERTO,RENOVACIÓN,"A.3, B.2",17/feb/2025,17/feb/2025,17/feb/2030,VIGENTE
MASCULINO,VENADO TUERTO,RENOVACIÓN,"A.2.1, E.1",17/feb/2025,17/feb/2025,17/feb/2027,VIGENTE
FEMENINO,VENADO TUERTO,RENOVACIÓN,B.2,17/feb/2025,17/feb/2025,17/feb/2030,VIGENTE
MASCULINO,VENADO TUERTO,RENOVACIÓN,"A.3, B.1",17/feb/2025,17/feb/2025,17/feb/2030,VIGENTE
MASCULINO,VENADO TUERTO,RENOVACIÓN,"A.2.1, B.2",17/feb/2025,17/feb/2025,17/feb/2030,VIGENTE
MASCULINO,VENADO TUERTO,ORIGINAL,A.2.1,17/feb/2025,17/feb/2025,17/feb/2026,VIGENTE
FEMENINO,VENADO TUERTO,RENOVACIÓN,B.2,17/feb/2025,17/feb/2025,17/feb/2026,VIGENTE
MASCULINO,VENADO TUERTO,RENOVACIÓN,"A.2.1, B.2",17/feb/2025,17/feb/2025,17/feb/2030,VIGENTE
MASCULINO,VENADO TUERTO,ORIGINAL,A.2.1,17/feb/2025,17/feb/2025,17/feb/2030,VIGENTE
FEMENINO,VENADO TUERTO,ORIGINAL,"A.2.1, B.1",17/feb/2025,17/feb/2025,17/feb/2030,VIGENTE
MASCULINO,VENADO TUERTO,RENOVACIÓN,"A.2.2, B.1",17/feb/2025,17/feb/2025,17/feb/2030,VIGENTE
MASCULINO,VENADO TUERTO,RENOVACIÓN,B.2,17/feb/2025,17/feb/2025,17/feb/2026,VIGENTE
MASCULINO,VENADO TUERTO,RENOVACIÓN,"A.3, B.2",17/feb/2025,17/feb/2025,17/feb/2030,VIGENTE
FEMENINO,VENADO TUERTO,ORIGINAL,A.2.1,17/feb/2025,17/feb/2025,17/feb/2030,VIGENTE
FEMENINO,VENADO TUERTO,RENOVACIÓN,"A.2.1, B.1",17/feb/2025,17/feb/2025,17/feb/2030,VIGENTE
MASCULINO,VENADO TUERTO,RENOVACIÓN,"A.3, B.1",17/feb/2025,17/feb/2025,17/feb/2030,VIGENTE
FEMENINO,VENADO TUERTO,RENOVACIÓN,B.2,17/feb/2025,17/feb/2025,17/feb/2030,VIGENTE
MASCULINO,VENADO TUERTO,RENOVACIÓN,"A.2.2, B.2",17/feb/2025,17/feb/2025,17/feb/2030,VIGENTE
MASCULINO,SAN EDUARDO,RENOVACIÓN CON AMPLIACIÓN,"A.2.1, E.1",18/feb/2025,21/ene/2025,18/feb/2027,VIGENTE
FEMENINO,VENADO TUERTO,RENOVACIÓN,B.2,18/feb/2025,28/ene/2025,18/feb/2026,VIGENTE
MASCULINO,SAN EDUARDO,RENOVACIÓN CON AMPLIACIÓN,"B.2, G.1, G.2",18/feb/2025,7/feb/2025,18/feb/2030,VIGENTE
MASCULINO,VENADO TUERTO,RENOVACIÓN,B.1,18/feb/2025,17/feb/2025,18/feb/2028,VIGENTE
FEMENINO,VENADO TUERTO,ORIGINAL,A.2.1,18/feb/2025,17/feb/2025,18/feb/2030,VIGENTE
MASCULINO,VENADO TUERTO,RENOVACIÓN,E.1,18/feb/2025,18/feb/2025,18/feb/2026,VIGENTE
FEMENINO,VENADO TUERTO,ORIGINAL,A.2.1,18/feb/2025,18/feb/2025,18/feb/2030,VIGENTE
MASCULINO,VENADO TUERTO,RENOVACIÓN,"A.2.1, B.2",18/feb/2025,18/feb/2025,18/feb/2030,VIGENTE
MASCULINO,VENADO TUERTO,RENOVACIÓN CON AMPLIACIÓN,"A.2.1, E.1",18/feb/2025,18/feb/2025,18/feb/2027,VIGENTE
FEMENINO,VENADO TUERTO,RENOVACIÓN,A.2.1,18/feb/2025,18/feb/2025,18/feb/2030,VIGENTE
MASCULINO,VENADO TUERTO,RENOVACIÓN,"E.1, G.1, G.2",18/feb/2025,18/feb/2025,18/feb/2026,VIGENTE
MASCULINO,VENADO TUERTO,RENOVACIÓN CON AMPLIACIÓN,"A.3, E.1",18/feb/2025,18/feb/2025,18/feb/2027,VIGENTE
MASCULINO,VENADO TUERTO,RENOVACIÓN,"A.2.1, E.1",18/feb/2025,18/feb/2025,18/feb/2027,VIGENTE
MASCULINO,VENADO TUERTO,RENOVACIÓN,B.1,18/feb/2025,18/feb/2025,18/feb/2030,VIGENTE
MASCULINO,VENADO TUERTO,ORIGINAL,A.2.1,18/feb/2025,18/feb/2025,18/feb/2030,VIGENTE
MASCULINO,VENADO TUERTO,RENOVACIÓN,"A.3, B.2",18/feb/2025,18/feb/2025,18/feb/2030,VIGENTE
MASCULINO,VENADO TUERTO,RENOVACIÓN,"A.2.1, B.2, C",18/feb/2025,18/feb/2025,18/feb/2026,VIGENTE
MASCULINO,VENADO TUERTO,RENOVACIÓN,B.2,18/feb/2025,18/feb/2025,18/feb/2030,VIGENTE
MASCULINO,VENADO TUERTO,RENOVACIÓN,B.2,18/feb/2025,18/feb/2025,18/feb/2028,VIGENTE
MASCULINO,VENADO TUERTO,ORIGINAL,A.2.1,18/feb/2025,18/feb/2025,18/feb/2030,VIGENTE
FEMENINO,VENADO TUERTO,RENOVACIÓN,B.1,18/feb/2025,18/feb/2025,18/feb/2026,VIGENTE
FEMENINO,VENADO TUERTO,ORIGINAL,A.2.1,18/feb/2025,18/feb/2025,18/feb/2026,VIGENTE
FEMENINO,VENADO TUERTO,RENOVACIÓN,B.1,18/feb/2025,18/feb/2025,18/feb/2030,VIGENTE
FEMENINO,VENADO TUERTO,RENOVACIÓN,B.2,18/feb/2025,18/feb/2025,18/feb/2030,VIGENTE
MASCULINO,VENADO TUERTO,ORIGINAL,"A.2.1, B.2",18/feb/2025,18/feb/2025,18/feb/2030,VIGENTE
MASCULINO,VENADO TUERTO,RENOVACIÓN,"A.2.2, B.2",18/feb/2025,18/feb/2025,18/feb/2030,VIGENTE
MASCULINO,VENADO TUERTO,RENOVACIÓN CON AMPLIACIÓN,"A.2.2, B.1, G.1, G.2",18/feb/2025,18/feb/2025,18/feb/2030,VIGENTE
MASCULINO,VENADO TUERTO,RENOVACIÓN CON AMPLIACIÓN,"A.2.1, B.1",18/feb/2025,18/feb/2025,18/feb/2030,VIGENTE
MASCULINO,VENADO TUERTO,RENOVACIÓN,B.1,18/feb/2025,18/feb/2025,18/feb/2030,VIGENTE
MASCULINO,VENADO TUERTO,RENOVACIÓN,B.2,18/feb/2025,18/feb/2025,18/feb/2026,VIGENTE
FEMENINO,VENADO TUERTO,ORIGINAL,"A.2.1, B.1",18/feb/2025,18/feb/2025,18/feb/2026,VIGENTE
FEMENINO,VENADO TUERTO,RENOVACIÓN,B.2,18/feb/2025,18/feb/2025,18/feb/2026,VIGENTE
MASCULINO,VENADO TUERTO,DUPLICADO,B.2,18/feb/2025,18/feb/2025,23/jul/2029,VIGENTE
FEMENINO,VENADO TUERTO,ORIGINAL,A.2.1,18/feb/2025,18/feb/2025,18/feb/2030,VIGENTE
MASCULINO,SAN EDUARDO,RENOVACIÓN,"A.3, D.1, D.3, E.1",18/feb/2025,18/feb/2025,18/feb/2027,VIGENTE
FEMENINO,VENADO TUERTO,RENOVACIÓN,B.2,18/feb/2025,18/feb/2025,18/feb/2030,VIGENTE
MASCULINO,VENADO TUERTO,RENOVACIÓN,"B.2, G.1, G.2",18/feb/2025,18/feb/2025,18/feb/2030,VIGENTE
FEMENINO,VENADO TUERTO,RENOVACIÓN,B.2,18/feb/2025,18/feb/2025,18/feb/2030,VIGENTE
MASCULINO,VENADO TUERTO,RENOVACIÓN,"A.3, B.2",18/feb/2025,18/feb/2025,18/feb/2026,VIGENTE
FEMENINO,VENADO TUERTO,ORIGINAL,B.1,18/feb/2025,18/feb/2025,18/feb/2030,VIGENTE
FEMENINO,VENADO TUERTO,ORIGINAL,A.2.1,18/feb/2025,18/feb/2025,18/feb/2030,VIGENTE
MASCULINO,VENADO TUERTO,RENOVACIÓN,"A.2.1, B.2, D.3",18/feb/2025,18/feb/2025,18/feb/2026,VIGENTE
FEMENINO,VENADO TUERTO,ORIGINAL,A.2.1,18/feb/2025,18/feb/2025,18/feb/2030,VIGENTE
FEMENINO,VENADO TUERTO,RENOVACIÓN,B.2,18/feb/2025,18/feb/2025,18/feb/2028,VIGENTE
FEMENINO,VENADO TUERTO,ORIGINAL,B.1,18/feb/2025,18/feb/2025,18/feb/2026,VIGENTE
FEMENINO,VENADO TUERTO,RENOVACIÓN,"A.2.2, B.1",18/feb/2025,18/feb/2025,18/feb/2030,VIGENTE
MASCULINO,VENADO TUERTO,RENOVACIÓN,"A.2.1, B.2",18/feb/2025,18/feb/2025,18/feb/2030,VIGENTE
FEMENINO,VENADO TUERTO,RENOVACIÓN,B.2,18/feb/2025,18/feb/2025,18/feb/2030,VIGENTE
MASCULINO,VENADO TUERTO,RENOVACIÓN,"A.2.1, E.1, G.1",18/feb/2025,18/feb/2025,18/feb/2026,VIGENTE
MASCULINO,VENADO TUERTO,ORIGINAL,"A.2.1, B.1",19/feb/2025,6/feb/2025,19/feb/2026,VIGENTE
FEMENINO,VENADO TUERTO,ORIGINAL,A.2.1,19/feb/2025,11/feb/2025,19/feb/2026,VIGENTE
FEMENINO,VENADO TUERTO,ORIGINAL,A.2.1,19/feb/2025,12/feb/2025,19/feb/2026,VIGENTE
MASCULINO,VENADO TUERTO,RENOVACIÓN,"A.2.2, B.2, D.1",19/feb/2025,13/feb/2025,19/feb/2026,VIGENTE
FEMENINO,VENADO TUERTO,RENOVACIÓN CON AMPLIACIÓN,"A.2.1, B.1",19/feb/2025,18/feb/2025,19/feb/2030,VIGENTE
MASCULINO,VENADO TUERTO,RENOVACIÓN,A.2.1,19/feb/2025,18/feb/2025,19/feb/2030,VIGENTE
MASCULINO,VENADO TUERTO,RENOVACIÓN,"A.2.1, B.2",19/feb/2025,19/feb/2025,19/feb/2030,VIGENTE
MASCULINO,VENADO TUERTO,RENOVACIÓN,"A.3, E.1, E.2",19/feb/2025,19/feb/2025,19/feb/2026,VIGENTE
FEMENINO,VENADO TUERTO,RENOVACIÓN,A.2.1,19/feb/2025,19/feb/2025,19/feb/2030,VIGENTE
FEMENINO,VENADO TUERTO,RENOVACIÓN,B.2,19/feb/2025,19/feb/2025,19/feb/2026,VIGENTE
MASCULINO,VENADO TUERTO,RENOVACIÓN,B.2,19/feb/2025,19/feb/2025,19/feb/2026,VIGENTE
FEMENINO,VENADO TUERTO,RENOVACIÓN,A.2.1,19/feb/2025,19/feb/2025,19/feb/2030,VIGENTE
MASCULINO,VENADO TUERTO,RENOVACIÓN,E.1,19/feb/2025,19/feb/2025,19/feb/2026,VIGENTE
MASCULINO,VENADO TUERTO,ORIGINAL,"A.2.2, B.1",19/feb/2025,19/feb/2025,19/feb/2030,VIGENTE
MASCULINO,VENADO TUERTO,ORIGINAL,"A.2.1, B.2",19/feb/2025,19/feb/2025,19/feb/2030,VIGENTE
MASCULINO,VENADO TUERTO,RENOVACIÓN,B.2,19/feb/2025,19/feb/2025,19/feb/2030,VIGENTE
MASCULINO,VENADO TUERTO,ORIGINAL,B.1,19/feb/2025,19/feb/2025,19/feb/2030,VIGENTE
FEMENINO,VENADO TUERTO,RENOVACIÓN,B.2,19/feb/2025,19/feb/2025,19/feb/2026,VIGENTE
MASCULINO,VENADO TUERTO,RENOVACIÓN,"A.2.1, B.2",19/feb/2025,19/feb/2025,19/feb/2030,VIGENTE
MASCULINO,VENADO TUERTO,ORIGINAL,A.2.1,19/feb/2025,19/feb/2025,19/feb/2026,VIGENTE
FEMENINO,VENADO TUERTO,ORIGINAL,B.1,19/feb/2025,19/feb/2025,19/feb/2026,VIGENTE
FEMENINO,VENADO TUERTO,RENOVACIÓN,A.2.1,19/feb/2025,19/feb/2025,19/feb/2026,VIGENTE
FEMENINO,VENADO TUERTO,RENOVACIÓN,"A.2.1, B.1",19/feb/2025,19/feb/2025,19/feb/2030,VIGENTE
MASCULINO,VENADO TUERTO,ORIGINAL,"A.2.1, B.1",19/feb/2025,19/feb/2025,19/feb/2026,VIGENTE
MASCULINO,VENADO TUERTO,RENOVACIÓN,B.2,19/feb/2025,19/feb/2025,19/feb/2026,VIGENTE
MASCULINO,VENADO TUERTO,RENOVACIÓN CON AMPLIACIÓN,"A.2.1, E.1",19/feb/2025,19/feb/2025,19/feb/2027,VIGENTE
MASCULINO,VENADO TUERTO,RENOVACIÓN,B.2,19/feb/2025,19/feb/2025,19/feb/2026,VIGENTE
MASCULINO,VENADO TUERTO,RENOVACIÓN,B.2,19/feb/2025,19/feb/2025,19/feb/2030,VIGENTE
MASCULINO,VENADO TUERTO,RENOVACIÓN,"A.3, B.1",19/feb/2025,19/feb/2025,19/feb/2030,VIGENTE
MASCULINO,VENADO TUERTO,RENOVACIÓN,B.2,19/feb/2025,19/feb/2025,19/feb/2030,VIGENTE
FEMENINO,VENADO TUERTO,RENOVACIÓN,"A.3, B.2",19/feb/2025,19/feb/2025,19/feb/2030,VIGENTE
FEMENINO,VENADO TUERTO,RENOVACIÓN,"A.2.1, B.1",19/feb/2025,19/feb/2025,19/feb/2030,VIGENTE
MASCULINO,VENADO TUERTO,RENOVACIÓN,B.1,19/feb/2025,19/feb/2025,19/feb/2028,VIGENTE
MASCULINO,VENADO TUERTO,RENOVACIÓN,"A.2.1, B.2, G.1, G.2",19/feb/2025,19/feb/2025,19/feb/2030,VIGENTE
FEMENINO,VENADO TUERTO,RENOVACIÓN,B.2,19/feb/2025,19/feb/2025,19/feb/2026,VIGENTE
MASCULINO,VENADO TUERTO,RENOVACIÓN,"A.2.1, E.1",19/feb/2025,19/feb/2025,19/feb/2027,VIGENTE
MASCULINO,VENADO TUERTO,RENOVACIÓN CON AMPLIACIÓN,"A.2.1, B.2",19/feb/2025,19/feb/2025,19/feb/2030,VIGENTE
FEMENINO,VENADO TUERTO,RENOVACIÓN,A.2.1,19/feb/2025,19/feb/2025,19/feb/2030,VIGENTE
MASCULINO,VENADO TUERTO,RENOVACIÓN,"A.3, D.1, D.3, E.1, E.2",19/feb/2025,19/feb/2025,19/feb/2027,VIGENTE
MASCULINO,VENADO TUERTO,RENOVACIÓN,B.1,19/feb/2025,19/feb/2025,19/feb/2030,VIGENTE
MASCULINO,VENADO TUERTO,RENOVACIÓN,"A.2.1, B.1",19/feb/2025,19/feb/2025,19/feb/2030,VIGENTE
FEMENINO,VENADO TUERTO,RENOVACIÓN,"A.2.1, B.2",19/feb/2025,19/feb/2025,19/feb/2030,VIGENTE
MASCULINO,VENADO TUERTO,ORIGINAL,A.2.1,19/feb/2025,19/feb/2025,19/feb/2026,VIGENTE
MASCULINO,VENADO TUERTO,RENOVACIÓN,D.1,19/feb/2025,19/feb/2025,19/feb/2026,VIGENTE
FEMENINO,VENADO TUERTO,RENOVACIÓN,B.1,19/feb/2025,19/feb/2025,19/feb/2030,VIGENTE
FEMENINO,VENADO TUERTO,RENOVACIÓN CON AMPLIACIÓN,"A.2.1, B.2",19/feb/2025,19/feb/2025,19/feb/2030,VIGENTE
MASCULINO,VENADO TUERTO,ORIGINAL,A.2.1,19/feb/2025,19/feb/2025,19/feb/2026,VIGENTE
FEMENINO,VENADO TUERTO,RENOVACIÓN CON AMPLIACIÓN,"A.2.1, B.1",19/feb/2025,19/feb/2025,19/feb/2030,VIGENTE
FEMENINO,VENADO TUERTO,RENOVACIÓN,"A.2.1, E.1",19/feb/2025,19/feb/2025,19/feb/2026,VIGENTE
MASCULINO,VENADO TUERTO,ORIGINAL,A.2.1,19/feb/2025,19/feb/2025,19/feb/2026,VIGENTE
MASCULINO,VENADO TUERTO,RENOVACIÓN CON AMPLIACIÓN,A.2.2,20/feb/2025,31/ene/2025,20/feb/2030,VIGENTE
MASCULINO,VENADO TUERTO,ORIGINAL,A.2.1,20/feb/2025,7/feb/2025,20/feb/2030,VIGENTE
MASCULINO,VENADO TUERTO,RENOVACIÓN CON AMPLIACIÓN,"A.2.1, B.1",20/feb/2025,13/feb/2025,20/feb/2028,VIGENTE
MASCULINO,VENADO TUERTO,ORIGINAL,A.2.1,20/feb/2025,14/feb/2025,20/feb/2026,VIGENTE
FEMENINO,VENADO TUERTO,RENOVACIÓN,A.2.1,20/feb/2025,20/feb/2025,20/feb/2030,VIGENTE
MASCULINO,VENADO TUERTO,RENOVACIÓN,B.2,20/feb/2025,20/feb/2025,20/feb/2026,VIGENTE
MASCULINO,VENADO TUERTO,RENOVACIÓN,"A.2.1, E.1",20/feb/2025,20/feb/2025,20/feb/2027,VIGENTE
FEMENINO,VENADO TUERTO,RENOVACIÓN,A.2.1,20/feb/2025,20/feb/2025,20/feb/2030,VIGENTE
MASCULINO,VENADO TUERTO,RENOVACIÓN,A.2.1,20/feb/2025,20/feb/2025,20/feb/2030,VIGENTE
MASCULINO,VENADO TUERTO,RENOVACIÓN,"A.2.1, E.1",20/feb/2025,20/feb/2025,20/feb/2026,VIGENTE
FEMENINO,VENADO TUERTO,RENOVACIÓN,A.2.1,20/feb/2025,20/feb/2025,20/feb/2030,VIGENTE
MASCULINO,VENADO TUERTO,RENOVACIÓN,"A.2.2, D.1, E.1",20/feb/2025,20/feb/2025,20/feb/2026,VIGENTE
MASCULINO,VENADO TUERTO,RENOVACIÓN,"A.3, B.2",20/feb/2025,20/feb/2025,20/feb/2030,VIGENTE
MASCULINO,VENADO TUERTO,RENOVACIÓN,"A.2.1, B.1",20/feb/2025,20/feb/2025,20/feb/2026,VIGENTE
MASCULINO,VENADO TUERTO,RENOVACIÓN,"A.3, B.2, G.1, G.2",20/feb/2025,20/feb/2025,20/feb/2026,VIGENTE
MASCULINO,VENADO TUERTO,RENOVACIÓN,E.1,20/feb/2025,20/feb/2025,20/feb/2026,VIGENTE
FEMENINO,VENADO TUERTO,RENOVACIÓN,B.2,20/feb/2025,20/feb/2025,20/feb/2026,VIGENTE
FEMENINO,VENADO TUERTO,ORIGINAL,A.2.1,20/feb/2025,20/feb/2025,20/feb/2030,VIGENTE
MASCULINO,VENADO TUERTO,RENOVACIÓN,"A.3, B.2, D.1, D.3",20/feb/2025,20/feb/2025,20/feb/2027,VIGENTE
FEMENINO,VENADO TUERTO,RENOVACIÓN,B.2,20/feb/2025,20/feb/2025,20/feb/2026,VIGENTE
FEMENINO,VENADO TUERTO,RENOVACIÓN CON AMPLIACIÓN,"A.3, B.2",20/feb/2025,20/feb/2025,20/feb/2030,VIGENTE
MASCULINO,VENADO TUERTO,RENOVACIÓN,B.2,20/feb/2025,20/feb/2025,20/feb/2026,VIGENTE
MASCULINO,VENADO TUERTO,RENOVACIÓN,B.2,20/feb/2025,20/feb/2025,20/feb/2026,VIGENTE
FEMENINO,VENADO TUERTO,RENOVACIÓN CON AMPLIACIÓN,"A.2.1, B.1",20/feb/2025,20/feb/2025,20/feb/2030,VIGENTE
FEMENINO,VENADO TUERTO,RENOVACIÓN,B.2,20/feb/2025,20/feb/2025,20/feb/2026,VIGENTE
MASCULINO,VENADO TUERTO,ORIGINAL,A.2.1,20/feb/2025,20/feb/2025,20/feb/2030,VIGENTE
MASCULINO,VENADO TUERTO,RENOVACIÓN,"A.2.1, E.1",20/feb/2025,20/feb/2025,20/feb/2026,VIGENTE
MASCULINO,VENADO TUERTO,RENOVACIÓN,B.2,20/feb/2025,20/feb/2025,20/feb/2026,VIGENTE
MASCULINO,VENADO TUERTO,RENOVACIÓN,E.1,20/feb/2025,20/feb/2025,20/feb/2026,VIGENTE
MASCULINO,VENADO TUERTO,RENOVACIÓN,"A.2.2, B.2",20/feb/2025,20/feb/2025,20/feb/2030,VIGENTE
FEMENINO,VENADO TUERTO,ORIGINAL,A.2.1,20/feb/2025,20/feb/2025,20/feb/2030,VIGENTE
FEMENINO,VENADO TUERTO,ORIGINAL,A.2.1,20/feb/2025,20/feb/2025,20/feb/2030,VIGENTE
MASCULINO,VENADO TUERTO,RENOVACIÓN,"A.2.2, B.1",20/feb/2025,20/feb/2025,20/feb/2030,VIGENTE
FEMENINO,VENADO TUERTO,RENOVACIÓN,B.2,20/feb/2025,20/feb/2025,20/feb/2026,VIGENTE
MASCULINO,VENADO TUERTO,RENOVACIÓN,"E.1, G.1, G.2",20/feb/2025,20/feb/2025,20/feb/2026,VIGENTE
MASCULINO,VENADO TUERTO,RENOVACIÓN,"A.3, D.1, D.3",20/feb/2025,20/feb/2025,20/feb/2027,VIGENTE
MASCULINO,SAN EDUARDO,RENOVACIÓN,B.2,20/feb/2025,20/feb/2025,20/feb/2026,VIGENTE
FEMENINO,VENADO TUERTO,RENOVACIÓN,B.2,20/feb/2025,20/feb/2025,20/feb/2030,VIGENTE
FEMENINO,VENADO TUERTO,ORIGINAL,A.2.1,20/feb/2025,20/feb/2025,20/feb/2030,VIGENTE
FEMENINO,VENADO TUERTO,RENOVACIÓN,"A.2.1, B.2",20/feb/2025,20/feb/2025,20/feb/2030,VIGENTE
MASCULINO,VENADO TUERTO,ORIGINAL,B.1,21/feb/2025,16/ene/2025,21/feb/2026,VIGENTE
FEMENINO,VENADO TUERTO,ORIGINAL,B.1,21/feb/2025,28/ene/2025,21/feb/2026,VIGENTE
FEMENINO,VENADO TUERTO,RENOVACIÓN,B.2,21/feb/2025,11/feb/2025,21/feb/2030,VIGENTE
FEMENINO,VENADO TUERTO,ORIGINAL,B.1,21/feb/2025,20/feb/2025,21/feb/2026,VIGENTE
FEMENINO,VENADO TUERTO,ORIGINAL,A.2.1,21/feb/2025,20/feb/2025,21/feb/2030,VIGENTE
FEMENINO,VENADO TUERTO,ORIGINAL,A.2.1,21/feb/2025,20/feb/2025,21/feb/2030,VIGENTE
MASCULINO,VENADO TUERTO,ORIGINAL,"A.2.1, B.1",21/feb/2025,20/feb/2025,21/feb/2030,VIGENTE
MASCULINO,VENADO TUERTO,RENOVACIÓN,"A.2.1, B.1",21/feb/2025,21/feb/2025,21/feb/2030,VIGENTE
FEMENINO,VENADO TUERTO,RENOVACIÓN,"A.2.1, B.1",21/feb/2025,21/feb/2025,21/feb/2030,VIGENTE
FEMENINO,VENADO TUERTO,RENOVACIÓN,B.1,21/feb/2025,21/feb/2025,21/feb/2030,VIGENTE
MASCULINO,VENADO TUERTO,RENOVACIÓN,"A.3, E.1, E.2",21/feb/2025,21/feb/2025,21/feb/2026,VIGENTE
MASCULINO,VENADO TUERTO,RENOVACIÓN,B.2,21/feb/2025,21/feb/2025,21/feb/2026,VIGENTE
MASCULINO,VENADO TUERTO,RENOVACIÓN,"A.3, B.2",21/feb/2025,21/feb/2025,21/feb/2030,VIGENTE
MASCULINO,VENADO TUERTO,ORIGINAL,"A.2.1, B.2",21/feb/2025,21/feb/2025,21/feb/2030,VIGENTE
MASCULINO,VENADO TUERTO,RENOVACIÓN,B.2,21/feb/2025,21/feb/2025,21/feb/2026,VIGENTE
FEMENINO,VENADO TUERTO,RENOVACIÓN,"A.2.2, B.2",21/feb/2025,21/feb/2025,21/feb/2030,VIGENTE
MASCULINO,VENADO TUERTO,RENOVACIÓN,A.2.1,21/feb/2025,21/feb/2025,21/feb/2028,VIGENTE
MASCULINO,VENADO TUERTO,RENOVACIÓN,"A.2.1, B.1",21/feb/2025,21/feb/2025,21/feb/2028,VIGENTE
FEMENINO,VENADO TUERTO,RENOVACIÓN,"A.2.1, B.1",21/feb/2025,21/feb/2025,21/feb/2028,VIGENTE
FEMENINO,VENADO TUERTO,RENOVACIÓN,"A.2.1, B.1",21/feb/2025,21/feb/2025,21/feb/2030,VIGENTE
MASCULINO,VENADO TUERTO,RENOVACIÓN,"A.2.1, B.1",21/feb/2025,21/feb/2025,21/feb/2028,VIGENTE
FEMENINO,VENADO TUERTO,ORIGINAL,"A.2.1, B.1",21/feb/2025,21/feb/2025,21/feb/2030,VIGENTE
FEMENINO,VENADO TUERTO,RENOVACIÓN,A.2.1,21/feb/2025,21/feb/2025,21/feb/2030,VIGENTE
MASCULINO,VENADO TUERTO,RENOVACIÓN,B.2,21/feb/2025,21/feb/2025,21/feb/2030,VIGENTE
FEMENINO,VENADO TUERTO,DUPLICADO POR CAMBIO DE DATOS,A.2.2,21/feb/2025,21/feb/2025,6/ago/2027,VIGENTE
MASCULINO,VENADO TUERTO,RENOVACIÓN,B.2,21/feb/2025,21/feb/2025,21/feb/2026,VIGENTE
FEMENINO,VENADO TUERTO,RENOVACIÓN,"A.2.1, B.2",21/feb/2025,21/feb/2025,21/feb/2030,VIGENTE
MASCULINO,VENADO TUERTO,RENOVACIÓN,B.2,21/feb/2025,21/feb/2025,21/feb/2026,VIGENTE
FEMENINO,VENADO TUERTO,RENOVACIÓN,B.2,21/feb/2025,21/feb/2025,21/feb/2026,VIGENTE
MASCULINO,VENADO TUERTO,RENOVACIÓN,B.2,21/feb/2025,21/feb/2025,21/feb/2028,VIGENTE
FEMENINO,VENADO TUERTO,ORIGINAL,B.1,21/feb/2025,21/feb/2025,21/feb/2030,VIGENTE
FEMENINO,VENADO TUERTO,RENOVACIÓN,B.2,21/feb/2025,21/feb/2025,21/feb/2026,VIGENTE
FEMENINO,VENADO TUERTO,ORIGINAL,"A.2.1, B.1",21/feb/2025,21/feb/2025,21/feb/2030,VIGENTE
MASCULINO,VENADO TUERTO,RENOVACIÓN,"A.2.2, B.2",21/feb/2025,21/feb/2025,21/feb/2030,VIGENTE
MASCULINO,VENADO TUERTO,RENOVACIÓN,"A.2.1, B.1",21/feb/2025,21/feb/2025,21/feb/2026,VIGENTE
MASCULINO,VENADO TUERTO,RENOVACIÓN,B.2,21/feb/2025,21/feb/2025,21/feb/2030,VIGENTE
MASCULINO,VENADO TUERTO,RENOVACIÓN,A.2.1,21/feb/2025,21/feb/2025,21/feb/2030,VIGENTE
MASCULINO,VENADO TUERTO,RENOVACIÓN,E.1,21/feb/2025,21/feb/2025,21/feb/2026,VIGENTE
MASCULINO,VENADO TUERTO,ORIGINAL,"A.2.1, B.2",21/feb/2025,21/feb/2025,21/feb/2030,VIGENTE
FEMENINO,VENADO TUERTO,RENOVACIÓN,"A.2.1, B.1",21/feb/2025,21/feb/2025,21/feb/2030,VIGENTE
FEMENINO,VENADO TUERTO,RENOVACIÓN,"A.2.1, B.2, D.1",21/feb/2025,21/feb/2025,21/feb/2027,VIGENTE
MASCULINO,VENADO TUERTO,RENOVACIÓN,B.2,21/feb/2025,21/feb/2025,21/feb/2026,VIGENTE
FEMENINO,VENADO TUERTO,RENOVACIÓN,"A.2.1, B.1",21/feb/2025,21/feb/2025,21/feb/2030,VIGENTE
MASCULINO,VENADO TUERTO,RENOVACIÓN,B.2,21/feb/2025,21/feb/2025,21/feb/2026,VIGENTE
MASCULINO,VENADO TUERTO,RENOVACIÓN,B.2,21/feb/2025,21/feb/2025,21/feb/2026,VIGENTE
MASCULINO,VENADO TUERTO,RENOVACIÓN,"A.2.1, E.1",21/feb/2025,21/feb/2025,21/feb/2027,VIGENTE
FEMENINO,VENADO TUERTO,RENOVACIÓN,B.2,21/feb/2025,21/feb/2025,21/feb/2026,VIGENTE
FEMENINO,VENADO TUERTO,DUPLICADO,"A.2.1, B.1",21/feb/2025,21/feb/2025,2/sept/2025,VIGENTE
FEMENINO,SAN EDUARDO,RENOVACIÓN,B.2,21/feb/2025,21/feb/2025,21/feb/2030,VIGENTE
MASCULINO,VENADO TUERTO,RENOVACIÓN,"A.3, B.2",21/feb/2025,21/feb/2025,21/feb/2030,VIGENTE
MASCULINO,VENADO TUERTO,RENOVACIÓN,B.2,21/feb/2025,21/feb/2025,21/feb/2026,VIGENTE
MASCULINO,VENADO TUERTO,DUPLICADO,"A.2.1, B.2",21/feb/2025,21/feb/2025,27/ago/2029,VIGENTE
MASCULINO,VENADO TUERTO,RENOVACIÓN CON AMPLIACIÓN,"A.2.1, E.1",21/feb/2025,21/feb/2025,21/feb/2027,VIGENTE
MASCULINO,VENADO TUERTO,RENOVACIÓN,"A.2.1, B.1",21/feb/2025,21/feb/2025,21/feb/2030,VIGENTE
MASCULINO,VENADO TUERTO,RENOVACIÓN,"A.2.1, B.2",21/feb/2025,21/feb/2025,21/feb/2030,VIGENTE
FEMENINO,VENADO TUERTO,RENOVACIÓN,A.2.1,21/feb/2025,21/feb/2025,21/feb/2030,VIGENTE
MASCULINO,VENADO TUERTO,RENOVACIÓN,E.1,21/feb/2025,21/feb/2025,21/feb/2026,VIGENTE
MASCULINO,VENADO TUERTO,RENOVACIÓN,B.2,21/feb/2025,21/feb/2025,21/feb/2030,VIGENTE
MASCULINO,VENADO TUERTO,RENOVACIÓN CON AMPLIACIÓN,"A.2.2, B.1",24/feb/2025,7/feb/2025,24/feb/2030,VIGENTE
FEMENINO,VENADO TUERTO,RENOVACIÓN CON AMPLIACIÓN,"A.2.1, B.1",24/feb/2025,10/feb/2025,24/feb/2030,VIGENTE
MASCULINO,VENADO TUERTO,ORIGINAL,A.2.1,24/feb/2025,12/feb/2025,24/feb/2030,VIGENTE
MASCULINO,VENADO TUERTO,RENOVACIÓN,B.2,24/feb/2025,13/feb/2025,24/feb/2026,VIGENTE
MASCULINO,VENADO TUERTO,RENOVACIÓN,"A.2.1, B.1",24/feb/2025,24/feb/2025,24/feb/2030,VIGENTE
FEMENINO,VENADO TUERTO,DUPLICADO POR CAMBIO DE DATOS,B.2,24/feb/2025,24/feb/2025,4/abr/2029,VIGENTE
FEMENINO,VENADO TUERTO,RENOVACIÓN,B.2,24/feb/2025,24/feb/2025,24/feb/2030,VIGENTE
MASCULINO,VENADO TUERTO,RENOVACIÓN,"A.2.1, E.1",24/feb/2025,24/feb/2025,24/feb/2026,VIGENTE
MASCULINO,VENADO TUERTO,RENOVACIÓN,"A.3, E.1",24/feb/2025,24/feb/2025,24/feb/2027,VIGENTE
MASCULINO,VENADO TUERTO,RENOVACIÓN,"A.2.1, B.2, C",24/feb/2025,24/feb/2025,24/feb/2026,VIGENTE
FEMENINO,VENADO TUERTO,RENOVACIÓN,A.2.1,24/feb/2025,24/feb/2025,24/feb/2030,VIGENTE
FEMENINO,VENADO TUERTO,RENOVACIÓN,B.2,24/feb/2025,24/feb/2025,24/feb/2026,VIGENTE
MASCULINO,VENADO TUERTO,RENOVACIÓN,"A.2.1, D.1",24/feb/2025,24/feb/2025,24/feb/2026,VIGENTE
FEMENINO,VENADO TUERTO,RENOVACIÓN,B.2,24/feb/2025,24/feb/2025,24/feb/2026,VIGENTE
MASCULINO,VENADO TUERTO,RENOVACIÓN,"A.2.1, B.1",24/feb/2025,24/feb/2025,24/feb/2030,VIGENTE
FEMENINO,VENADO TUERTO,RENOVACIÓN,B.2,24/feb/2025,24/feb/2025,24/feb/2026,VIGENTE
FEMENINO,VENADO TUERTO,RENOVACIÓN,"A.2.1, B.1",24/feb/2025,24/feb/2025,24/feb/2030,VIGENTE
MASCULINO,VENADO TUERTO,RENOVACIÓN,B.2,24/feb/2025,24/feb/2025,24/feb/2026,VIGENTE
FEMENINO,VENADO TUERTO,RENOVACIÓN,B.1,24/feb/2025,24/feb/2025,24/feb/2030,VIGENTE
MASCULINO,VENADO TUERTO,RENOVACIÓN,"A.2.1, D.1, E.1",24/feb/2025,24/feb/2025,24/feb/2027,VIGENTE
MASCULINO,VENADO TUERTO,RENOVACIÓN,D.1,24/feb/2025,24/feb/2025,24/feb/2026,VIGENTE
MASCULINO,VENADO TUERTO,RENOVACIÓN,"A.2.1, B.2",24/feb/2025,24/feb/2025,24/feb/2030,VIGENTE
MASCULINO,VENADO TUERTO,ORIGINAL,"A.2.1, B.1",24/feb/2025,24/feb/2025,24/feb/2030,VIGENTE
MASCULINO,VENADO TUERTO,ORIGINAL,B.2,24/feb/2025,24/feb/2025,24/feb/2030,VIGENTE
MASCULINO,VENADO TUERTO,RENOVACIÓN,"A.3, E.1",24/feb/2025,24/feb/2025,24/feb/2026,VIGENTE
MASCULINO,VENADO TUERTO,RENOVACIÓN,A.2.1,24/feb/2025,24/feb/2025,24/feb/2030,VIGENTE
MASCULINO,VENADO TUERTO,RENOVACIÓN,"A.3, E.1, E.2",24/feb/2025,24/feb/2025,24/feb/2027,VIGENTE
MASCULINO,VENADO TUERTO,ORIGINAL,A.2.1,24/feb/2025,24/feb/2025,24/feb/2026,VIGENTE
MASCULINO,VENADO TUERTO,RENOVACIÓN,"A.2.1, E.1",24/feb/2025,24/feb/2025,24/feb/2026,VIGENTE
FEMENINO,VENADO TUERTO,ORIGINAL,B.1,24/feb/2025,24/feb/2025,24/feb/2026,VIGENTE
MASCULINO,VENADO TUERTO,RENOVACIÓN,A.2.1,24/feb/2025,24/feb/2025,24/feb/2026,VIGENTE
MASCULINO,VENADO TUERTO,RENOVACIÓN,"A.2.1, B.1",24/feb/2025,24/feb/2025,24/feb/2028,VIGENTE
MASCULINO,VENADO TUERTO,RENOVACIÓN,"A.2.1, B.2",24/feb/2025,24/feb/2025,24/feb/2030,VIGENTE
MASCULINO,VENADO TUERTO,RENOVACIÓN,"A.2.1, B.2",24/feb/2025,24/feb/2025,24/feb/2030,VIGENTE
MASCULINO,VENADO TUERTO,RENOVACIÓN,"A.3, E.1",24/feb/2025,24/feb/2025,24/feb/2027,VIGENTE
MASCULINO,VENADO TUERTO,RENOVACIÓN CON AMPLIACIÓN,"A.3, E.1, E.2",24/feb/2025,24/feb/2025,24/feb/2027,VIGENTE
MASCULINO,VENADO TUERTO,RENOVACIÓN,B.1,24/feb/2025,24/feb/2025,24/feb/2030,VIGENTE
MASCULINO,SAN EDUARDO,RENOVACIÓN,B.2,24/feb/2025,24/feb/2025,24/feb/2026,VIGENTE
MASCULINO,VENADO TUERTO,RENOVACIÓN,"A.3, E.1, G.1, G.2",24/feb/2025,24/feb/2025,24/feb/2026,VIGENTE
FEMENINO,VENADO TUERTO,RENOVACIÓN,B.2,24/feb/2025,24/feb/2025,24/feb/2026,VIGENTE
MASCULINO,VENADO TUERTO,RENOVACIÓN,"A.2.1, B.1",24/feb/2025,24/feb/2025,24/feb/2026,VIGENTE
FEMENINO,VENADO TUERTO,RENOVACIÓN,B.2,24/feb/2025,24/feb/2025,24/feb/2030,VIGENTE
MASCULINO,VENADO TUERTO,ORIGINAL,A.2.1,25/feb/2025,29/ene/2025,25/feb/2026,VIGENTE
MASCULINO,VENADO TUERTO,RENOVACIÓN,E.1,25/feb/2025,10/feb/2025,25/feb/2026,VIGENTE
FEMENINO,VENADO TUERTO,RENOVACIÓN CON AMPLIACIÓN,"A.2.2, B.1",25/feb/2025,10/feb/2025,25/feb/2030,VIGENTE
MASCULINO,VENADO TUERTO,RENOVACIÓN CON AMPLIACIÓN,E.1,25/feb/2025,12/feb/2025,25/feb/2027,VIGENTE
FEMENINO,VENADO TUERTO,ORIGINAL,A.2.1,25/feb/2025,14/feb/2025,25/feb/2030,VIGENTE
FEMENINO,VENADO TUERTO,RENOVACIÓN,A.2.1,25/feb/2025,19/feb/2025,25/feb/2030,VIGENTE
MASCULINO,VENADO TUERTO,RENOVACIÓN CON AMPLIACIÓN,"A.3, B.2",25/feb/2025,21/feb/2025,25/feb/2030,VIGENTE
FEMENINO,VENADO TUERTO,RENOVACIÓN,B.2,25/feb/2025,21/feb/2025,25/feb/2030,VIGENTE
FEMENINO,VENADO TUERTO,ORIGINAL,A.2.1,25/feb/2025,21/feb/2025,25/feb/2030,VIGENTE
MASCULINO,VENADO TUERTO,RENOVACIÓN,"A.2.1, D.1",25/feb/2025,21/feb/2025,25/feb/2027,VIGENTE
FEMENINO,VENADO TUERTO,RENOVACIÓN CON AMPLIACIÓN,"A.2.1, B.1",25/feb/2025,21/feb/2025,25/feb/2028,VIGENTE
FEMENINO,VENADO TUERTO,ORIGINAL,A.2.1,25/feb/2025,21/feb/2025,25/feb/2026,VIGENTE
FEMENINO,VENADO TUERTO,ORIGINAL,A.2.1,25/feb/2025,24/feb/2025,25/feb/2030,VIGENTE
MASCULINO,VENADO TUERTO,RENOVACIÓN CON AMPLIACIÓN,"A.3, B.2",25/feb/2025,24/feb/2025,25/feb/2030,VIGENTE
MASCULINO,VENADO TUERTO,RENOVACIÓN CON AMPLIACIÓN,"A.2.1, B.2",25/feb/2025,25/feb/2025,25/feb/2030,VIGENTE
MASCULINO,VENADO TUERTO,RENOVACIÓN,"A.2.2, B.1, D.3",25/feb/2025,25/feb/2025,25/feb/2026,VIGENTE
MASCULINO,VENADO TUERTO,RENOVACIÓN,"A.3, B.2, G.1, G.2",25/feb/2025,25/feb/2025,25/feb/2030,VIGENTE
FEMENINO,VENADO TUERTO,ORIGINAL,B.1,25/feb/2025,25/feb/2025,25/feb/2030,VIGENTE
FEMENINO,VENADO TUERTO,ORIGINAL,B.1,25/feb/2025,25/feb/2025,25/feb/2026,VIGENTE
FEMENINO,VENADO TUERTO,RENOVACIÓN,"A.2.1, B.1",25/feb/2025,25/feb/2025,25/feb/2030,VIGENTE
FEMENINO,VENADO TUERTO,ORIGINAL,"A.2.1, B.1",25/feb/2025,25/feb/2025,25/feb/2030,VIGENTE
FEMENINO,VENADO TUERTO,RENOVACIÓN,B.2,25/feb/2025,25/feb/2025,25/feb/2030,VIGENTE
FEMENINO,VENADO TUERTO,RENOVACIÓN,B.2,25/feb/2025,25/feb/2025,25/feb/2030,VIGENTE
FEMENINO,VENADO TUERTO,RENOVACIÓN,A.2.1,25/feb/2025,25/feb/2025,25/feb/2030,VIGENTE
FEMENINO,VENADO TUERTO,RENOVACIÓN,B.2,25/feb/2025,25/feb/2025,25/feb/2026,VIGENTE
MASCULINO,VENADO TUERTO,RENOVACIÓN,"A.2.1, E.1",25/feb/2025,25/feb/2025,25/feb/2027,VIGENTE
MASCULINO,VENADO TUERTO,RENOVACIÓN,"A.2.2, E.1",25/feb/2025,25/feb/2025,25/feb/2027,VIGENTE
FEMENINO,VENADO TUERTO,ORIGINAL,B.1,25/feb/2025,25/feb/2025,25/feb/2026,VIGENTE
FEMENINO,VENADO TUERTO,RENOVACIÓN CON AMPLIACIÓN,"A.2.1, B.2",25/feb/2025,25/feb/2025,25/feb/2030,VIGENTE
MASCULINO,VENADO TUERTO,RENOVACIÓN,"A.2.1, B.1",25/feb/2025,25/feb/2025,25/feb/2030,VIGENTE
MASCULINO,VENADO TUERTO,RENOVACIÓN,"A.2.1, B.1, E.2",25/feb/2025,25/feb/2025,25/feb/2027,VIGENTE
FEMENINO,VENADO TUERTO,ORIGINAL,A.2.1,25/feb/2025,25/feb/2025,25/feb/2030,VIGENTE
MASCULINO,VENADO TUERTO,RENOVACIÓN,E.1,25/feb/2025,25/feb/2025,25/feb/2027,VIGENTE
MASCULINO,VENADO TUERTO,RENOVACIÓN,B.2,25/feb/2025,25/feb/2025,25/feb/2030,VIGENTE
MASCULINO,VENADO TUERTO,RENOVACIÓN,"A.2.1, B.2",25/feb/2025,25/feb/2025,25/feb/2030,VIGENTE
MASCULINO,VENADO TUERTO,RENOVACIÓN,"A.2.1, E.1, G.1, G.2",25/feb/2025,25/feb/2025,25/feb/2026,VIGENTE
MASCULINO,VENADO TUERTO,RENOVACIÓN,E.1,25/feb/2025,25/feb/2025,25/feb/2026,VIGENTE
FEMENINO,VENADO TUERTO,RENOVACIÓN,"A.2.1, B.2",25/feb/2025,25/feb/2025,25/feb/2026,VIGENTE
MASCULINO,VENADO TUERTO,RENOVACIÓN,B.2,25/feb/2025,25/feb/2025,25/feb/2026,VIGENTE
MASCULINO,VENADO TUERTO,RENOVACIÓN CON AMPLIACIÓN,"A.2.2, E.1",25/feb/2025,25/feb/2025,25/feb/2026,VIGENTE
MASCULINO,VENADO TUERTO,RENOVACIÓN,B.2,25/feb/2025,25/feb/2025,25/feb/2030,VIGENTE
FEMENINO,VENADO TUERTO,ORIGINAL,B.1,25/feb/2025,25/feb/2025,25/feb/2028,VIGENTE
FEMENINO,SAN EDUARDO,ORIGINAL,A.2.1,25/feb/2025,25/feb/2025,25/feb/2030,VIGENTE
FEMENINO,VENADO TUERTO,RENOVACIÓN CON AMPLIACIÓN,"A.2.1, B.2",25/feb/2025,25/feb/2025,25/feb/2030,VIGENTE
FEMENINO,VENADO TUERTO,RENOVACIÓN,B.1,25/feb/2025,25/feb/2025,25/feb/2028,VIGENTE
MASCULINO,VENADO TUERTO,ORIGINAL,"A.2.1, B.1",26/feb/2025,12/feb/2025,26/feb/2030,VIGENTE
MASCULINO,VENADO TUERTO,ORIGINAL,A.2.1,26/feb/2025,12/feb/2025,26/feb/2030,VIGENTE
MASCULINO,SAN EDUARDO,RENOVACIÓN CON AMPLIACIÓN,"A.2.1, B.2, G.1, G.2",26/feb/2025,14/feb/2025,26/feb/2030,VIGENTE
MASCULINO,VENADO TUERTO,ORIGINAL,"A.2.1, B.2, G.1, G.2",26/feb/2025,14/feb/2025,26/feb/2026,VIGENTE
MASCULINO,VENADO TUERTO,ORIGINAL,"A.2.1, B.1",26/feb/2025,24/feb/2025,26/feb/2030,VIGENTE
FEMENINO,VENADO TUERTO,RENOVACIÓN,"A.2.1, B.2",26/feb/2025,26/feb/2025,26/feb/2030,VIGENTE
MASCULINO,VENADO TUERTO,RENOVACIÓN,E.1,26/feb/2025,26/feb/2025,26/feb/2027,VIGENTE
FEMENINO,SAN EDUARDO,RENOVACIÓN,B.2,26/feb/2025,26/feb/2025,26/feb/2026,VIGENTE
FEMENINO,VENADO TUERTO,RENOVACIÓN,B.2,26/feb/2025,26/feb/2025,26/feb/2026,VIGENTE
MASCULINO,VENADO TUERTO,RENOVACIÓN,"A.3, D.1, D.3, E.1",26/feb/2025,26/feb/2025,26/feb/2027,VIGENTE
MASCULINO,VENADO TUERTO,RENOVACIÓN,"A.2.1, E.1",26/feb/2025,26/feb/2025,26/feb/2026,VIGENTE
MASCULINO,VENADO TUERTO,RENOVACIÓN,E.1,26/feb/2025,26/feb/2025,26/feb/2026,VIGENTE
MASCULINO,VENADO TUERTO,RENOVACIÓN,"A.2.2, E.1",26/feb/2025,26/feb/2025,26/feb/2027,VIGENTE
FEMENINO,VENADO TUERTO,RENOVACIÓN,B.1,26/feb/2025,26/feb/2025,26/feb/2030,VIGENTE
FEMENINO,VENADO TUERTO,ORIGINAL,A.2.1,26/feb/2025,26/feb/2025,26/feb/2030,VIGENTE
FEMENINO,VENADO TUERTO,RENOVACIÓN,A.2.1,26/feb/2025,26/feb/2025,26/feb/2030,VIGENTE
MASCULINO,VENADO TUERTO,RENOVACIÓN CON AMPLIACIÓN,"A.2.2, B.2",26/feb/2025,26/feb/2025,26/feb/2030,VIGENTE
FEMENINO,VENADO TUERTO,RENOVACIÓN,B.2,26/feb/2025,26/feb/2025,26/feb/2030,VIGENTE
MASCULINO,VENADO TUERTO,RENOVACIÓN,B.2,26/feb/2025,26/feb/2025,26/feb/2030,VIGENTE
MASCULINO,VENADO TUERTO,ORIGINAL,B.2,26/feb/2025,26/feb/2025,26/feb/2030,VIGENTE
MASCULINO,VENADO TUERTO,RENOVACIÓN,B.2,26/feb/2025,26/feb/2025,26/feb/2026,VIGENTE
MASCULINO,VENADO TUERTO,RENOVACIÓN,"A.3, B.2",26/feb/2025,26/feb/2025,26/feb/2026,VIGENTE
MASCULINO,VENADO TUERTO,RENOVACIÓN,E.1,26/feb/2025,26/feb/2025,26/feb/2027,VIGENTE
FEMENINO,VENADO TUERTO,RENOVACIÓN,B.2,26/feb/2025,26/feb/2025,26/feb/2026,VIGENTE
MASCULINO,VENADO TUERTO,RENOVACIÓN,B.2,26/feb/2025,26/feb/2025,26/feb/2026,VIGENTE
FEMENINO,VENADO TUERTO,RENOVACIÓN CON AMPLIACIÓN,"A.2.2, B.2",26/feb/2025,26/feb/2025,26/feb/2030,VIGENTE
MASCULINO,VENADO TUERTO,ORIGINAL,"A.2.1, B.1",26/feb/2025,26/feb/2025,26/feb/2030,VIGENTE
MASCULINO,VENADO TUERTO,ORIGINAL,B.1,26/feb/2025,26/feb/2025,26/feb/2030,VIGENTE
FEMENINO,VENADO TUERTO,RENOVACIÓN,A.2.1,26/feb/2025,26/feb/2025,26/feb/2030,VIGENTE
MASCULINO,VENADO TUERTO,RENOVACIÓN,"A.2.1, B.1",26/feb/2025,26/feb/2025,26/feb/2030,VIGENTE
MASCULINO,VENADO TUERTO,RENOVACIÓN,"A.2.1, D.1",26/feb/2025,26/feb/2025,26/feb/2026,VIGENTE
MASCULINO,SAN EDUARDO,RENOVACIÓN,"A.3, B.1, D.3",26/feb/2025,26/feb/2025,26/feb/2026,VIGENTE
FEMENINO,VENADO TUERTO,ORIGINAL,A.2.1,26/feb/2025,26/feb/2025,26/feb/2026,VIGENTE
MASCULINO,VENADO TUERTO,RENOVACIÓN CON AMPLIACIÓN,"A.2.1, B.1, D.3",26/feb/2025,26/feb/2025,26/feb/2027,VIGENTE
MASCULINO,VENADO TUERTO,RENOVACIÓN,D.1,26/feb/2025,26/feb/2025,26/feb/2026,VIGENTE
FEMENINO,VENADO TUERTO,RENOVACIÓN,"A.2.1, B.2",26/feb/2025,26/feb/2025,26/feb/2030,VIGENTE
MASCULINO,VENADO TUERTO,RENOVACIÓN CON AMPLIACIÓN,"A.3, E.1, E.2, G.1, G.2",26/feb/2025,26/feb/2025,26/feb/2027,VIGENTE
MASCULINO,VENADO TUERTO,RENOVACIÓN CON AMPLIACIÓN,"A.3, E.1",26/feb/2025,26/feb/2025,26/feb/2026,VIGENTE
MASCULINO,VENADO TUERTO,RENOVACIÓN,"A.2.1, E.1",26/feb/2025,26/feb/2025,26/feb/2026,VIGENTE
FEMENINO,VENADO TUERTO,ORIGINAL,"A.2.1, B.1",26/feb/2025,26/feb/2025,26/feb/2030,VIGENTE
FEMENINO,VENADO TUERTO,RENOVACIÓN,B.1,26/feb/2025,26/feb/2025,26/feb/2030,VIGENTE
MASCULINO,VENADO TUERTO,RENOVACIÓN CON AMPLIACIÓN,"A.3, B.1",26/feb/2025,26/feb/2025,26/feb/2030,VIGENTE
MASCULINO,VENADO TUERTO,ORIGINAL,A.2.1,27/feb/2025,13/feb/2025,27/feb/2026,VIGENTE
FEMENINO,VENADO TUERTO,ORIGINAL,A.2.1,27/feb/2025,14/feb/2025,27/feb/2030,VIGENTE
MASCULINO,VENADO TUERTO,RENOVACIÓN,E.1,27/feb/2025,18/feb/2025,27/feb/2026,VIGENTE
FEMENINO,VENADO TUERTO,RENOVACIÓN CON AMPLIACIÓN,"A.2.1, B.1",27/feb/2025,24/feb/2025,27/feb/2030,VIGENTE
MASCULINO,VENADO TUERTO,ORIGINAL,A.2.1,27/feb/2025,24/feb/2025,27/feb/2026,VIGENTE
MASCULINO,VENADO TUERTO,ORIGINAL,"A.2.2, B.1",27/feb/2025,26/feb/2025,27/feb/2030,VIGENTE
MASCULINO,VENADO TUERTO,RENOVACIÓN CON AMPLIACIÓN,"A.3, B.2",27/feb/2025,26/feb/2025,27/feb/2030,VIGENTE
MASCULINO,VENADO TUERTO,RENOVACIÓN CON AMPLIACIÓN,"A.2.1, B.1",27/feb/2025,26/feb/2025,27/feb/2030,VIGENTE
MASCULINO,VENADO TUERTO,RENOVACIÓN CON AMPLIACIÓN,"A.3, B.2",27/feb/2025,26/feb/2025,27/feb/2030,VIGENTE
MASCULINO,VENADO TUERTO,RENOVACIÓN,"A.2.1, E.1",27/feb/2025,27/feb/2025,27/feb/2027,VIGENTE
MASCULINO,VENADO TUERTO,RENOVACIÓN,B.2,27/feb/2025,27/feb/2025,27/feb/2026,VIGENTE
MASCULINO,VENADO TUERTO,RENOVACIÓN,B.2,27/feb/2025,27/feb/2025,27/feb/2030,VIGENTE
FEMENINO,VENADO TUERTO,RENOVACIÓN CON AMPLIACIÓN,"A.2.1, D.1",27/feb/2025,27/feb/2025,27/feb/2027,VIGENTE
FEMENINO,VENADO TUERTO,ORIGINAL,A.2.1,27/feb/2025,27/feb/2025,27/feb/2026,VIGENTE
FEMENINO,VENADO TUERTO,RENOVACIÓN,A.2.1,27/feb/2025,27/feb/2025,27/feb/2028,VIGENTE
FEMENINO,VENADO TUERTO,RENOVACIÓN,B.2,27/feb/2025,27/feb/2025,27/feb/2026,VIGENTE
FEMENINO,VENADO TUERTO,RENOVACIÓN,B.2,27/feb/2025,27/feb/2025,27/feb/2030,VIGENTE
FEMENINO,VENADO TUERTO,RENOVACIÓN,A.2.1,27/feb/2025,27/feb/2025,27/feb/2030,VIGENTE
FEMENINO,SAN EDUARDO,ORIGINAL,A.2.1,27/feb/2025,27/feb/2025,27/feb/2026,VIGENTE
MASCULINO,VENADO TUERTO,RENOVACIÓN CON AMPLIACIÓN,"A.2.1, B.1, E.2",27/feb/2025,27/feb/2025,27/feb/2027,VIGENTE
MASCULINO,VENADO TUERTO,RENOVACIÓN,"A.2.2, E.1",27/feb/2025,27/feb/2025,27/feb/2027,VIGENTE
FEMENINO,VENADO TUERTO,RENOVACIÓN,B.1,27/feb/2025,27/feb/2025,27/feb/2030,VIGENTE
MASCULINO,VENADO TUERTO,ORIGINAL,"A.2.1, B.2",27/feb/2025,27/feb/2025,27/feb/2026,VIGENTE
MASCULINO,SAN EDUARDO,RENOVACIÓN,"A.2.2, B.2, E.2, G.1, G.2",27/feb/2025,27/feb/2025,27/feb/2027,VIGENTE
MASCULINO,VENADO TUERTO,RENOVACIÓN,"A.2.1, B.1",27/feb/2025,27/feb/2025,27/feb/2030,VIGENTE
MASCULINO,VENADO TUERTO,RENOVACIÓN,"B.2, E.2",27/feb/2025,27/feb/2025,27/feb/2027,VIGENTE
FEMENINO,VENADO TUERTO,RENOVACIÓN,B.2,27/feb/2025,27/feb/2025,27/feb/2026,VIGENTE
FEMENINO,VENADO TUERTO,RENOVACIÓN,B.2,27/feb/2025,27/feb/2025,27/feb/2026,VIGENTE
MASCULINO,VENADO TUERTO,RENOVACIÓN,"A.2.2, E.1",27/feb/2025,27/feb/2025,27/feb/2027,VIGENTE
FEMENINO,SAN EDUARDO,RENOVACIÓN,"A.2.1, B.1",27/feb/2025,27/feb/2025,27/feb/2030,VIGENTE
FEMENINO,VENADO TUERTO,ORIGINAL,"A.2.1, B.1",27/feb/2025,27/feb/2025,27/feb/2030,VIGENTE
MASCULINO,VENADO TUERTO,RENOVACIÓN,"A.2.1, B.2",27/feb/2025,27/feb/2025,27/feb/2026,VIGENTE
MASCULINO,VENADO TUERTO,RENOVACIÓN,"A.3, B.2",27/feb/2025,27/feb/2025,27/feb/2030,VIGENTE
FEMENINO,VENADO TUERTO,RENOVACIÓN,B.2,27/feb/2025,27/feb/2025,27/feb/2030,VIGENTE
MASCULINO,VENADO TUERTO,RENOVACIÓN,B.2,27/feb/2025,27/feb/2025,27/feb/2026,VIGENTE
MASCULINO,VENADO TUERTO,RENOVACIÓN,"A.2.1, D.1",27/feb/2025,27/feb/2025,27/feb/2026,VIGENTE
MASCULINO,VENADO TUERTO,RENOVACIÓN,A.2.1,27/feb/2025,27/feb/2025,27/feb/2030,VIGENTE
FEMENINO,VENADO TUERTO,ORIGINAL,B.1,27/feb/2025,27/feb/2025,27/feb/2026,VIGENTE
MASCULINO,VENADO TUERTO,RENOVACIÓN CON AMPLIACIÓN,"A.2.2, B.1",27/feb/2025,27/feb/2025,27/feb/2028,VIGENTE
MASCULINO,VENADO TUERTO,RENOVACIÓN CON AMPLIACIÓN,"A.2.1, B.1, D.3",27/feb/2025,27/feb/2025,27/feb/2027,VIGENTE
MASCULINO,VENADO TUERTO,RENOVACIÓN,E.1,27/feb/2025,27/feb/2025,27/feb/2026,VIGENTE
FEMENINO,VENADO TUERTO,RENOVACIÓN,"A.2.1, B.1",27/feb/2025,27/feb/2025,27/feb/2030,VIGENTE
MASCULINO,VENADO TUERTO,RENOVACIÓN,"A.2.1, B.2",27/feb/2025,27/feb/2025,27/feb/2030,VIGENTE
MASCULINO,VENADO TUERTO,RENOVACIÓN,B.1,27/feb/2025,27/feb/2025,27/feb/2028,VIGENTE
MASCULINO,VENADO TUERTO,RENOVACIÓN CON AMPLIACIÓN,"A.2.1, B.1",27/feb/2025,27/feb/2025,27/feb/2030,VIGENTE
FEMENINO,VENADO TUERTO,RENOVACIÓN,A.2.1,27/feb/2025,27/feb/2025,27/feb/2028,VIGENTE
FEMENINO,VENADO TUERTO,RENOVACIÓN CON AMPLIACIÓN,"A.2.1, B.2",27/feb/2025,27/feb/2025,27/feb/2030,VIGENTE
MASCULINO,VENADO TUERTO,RENOVACIÓN,"A.2.1, B.2, D.1",27/feb/2025,27/feb/2025,27/feb/2026,VIGENTE
MASCULINO,VENADO TUERTO,RENOVACIÓN,"A.2.1, E.1",27/feb/2025,27/feb/2025,27/feb/2026,VIGENTE
MASCULINO,VENADO TUERTO,RENOVACIÓN,"A.3, B.2, G.1, G.2",27/feb/2025,27/feb/2025,27/feb/2030,VIGENTE
FEMENINO,SAN EDUARDO,ORIGINAL,A.2.1,27/feb/2025,27/feb/2025,27/feb/2030,VIGENTE
MASCULINO,VENADO TUERTO,RENOVACIÓN,"A.2.2, E.1",27/feb/2025,27/feb/2025,27/feb/2026,VIGENTE
MASCULINO,VENADO TUERTO,ORIGINAL,A.2.2,27/feb/2025,27/feb/2025,27/feb/2030,VIGENTE
MASCULINO,VENADO TUERTO,ORIGINAL,"A.2.1, B.2",27/feb/2025,27/feb/2025,27/feb/2026,VIGENTE
MASCULINO,VENADO TUERTO,RENOVACIÓN,B.2,27/feb/2025,27/feb/2025,27/feb/2026,VIGENTE
FEMENINO,VENADO TUERTO,RENOVACIÓN CON AMPLIACIÓN,"A.2.1, B.2",27/feb/2025,27/feb/2025,27/feb/2030,VIGENTE
FEMENINO,VENADO TUERTO,RENOVACIÓN,"A.2.1, D.1",27/feb/2025,27/feb/2025,27/feb/2027,VIGENTE
MASCULINO,VENADO TUERTO,RENOVACIÓN,"A.2.2, E.1, G.1",27/feb/2025,27/feb/2025,27/feb/2027,VIGENTE
MASCULINO,VENADO TUERTO,RENOVACIÓN,"A.2.1, E.1",27/feb/2025,27/feb/2025,27/feb/2027,VIGENTE
FEMENINO,VENADO TUERTO,ORIGINAL,B.1,27/feb/2025,27/feb/2025,27/feb/2026,VIGENTE
FEMENINO,VENADO TUERTO,ORIGINAL,"A.2.1, B.1",28/feb/2025,14/feb/2025,28/feb/2026,VIGENTE
FEMENINO,VENADO TUERTO,ORIGINAL,B.1,28/feb/2025,17/feb/2025,28/feb/2030,VIGENTE
MASCULINO,VENADO TUERTO,ORIGINAL,A.2.1,28/feb/2025,17/feb/2025,28/feb/2030,VIGENTE
MASCULINO,VENADO TUERTO,RENOVACIÓN CON AMPLIACIÓN,"A.2.1, D.1",28/feb/2025,17/feb/2025,28/feb/2026,VIGENTE
MASCULINO,VENADO TUERTO,ORIGINAL,A.2.1,28/feb/2025,24/feb/2025,28/feb/2030,VIGENTE
MASCULINO,VENADO TUERTO,ORIGINAL,A.2.1,28/feb/2025,26/feb/2025,28/feb/2026,VIGENTE
MASCULINO,VENADO TUERTO,RENOVACIÓN CON AMPLIACIÓN,"A.2.1, B.2",28/feb/2025,27/feb/2025,28/feb/2030,VIGENTE
FEMENINO,SAN EDUARDO,ORIGINAL,A.2.1,28/feb/2025,27/feb/2025,28/feb/2026,VIGENTE
MASCULINO,VENADO TUERTO,RENOVACIÓN,B.1,28/feb/2025,28/feb/2025,28/feb/2028,VIGENTE
MASCULINO,VENADO TUERTO,RENOVACIÓN,"D.3, E.1",28/feb/2025,28/feb/2025,28/feb/2027,VIGENTE
FEMENINO,VENADO TUERTO,RENOVACIÓN,B.2,28/feb/2025,28/feb/2025,28/feb/2026,VIGENTE
MASCULINO,VENADO TUERTO,RENOVACIÓN,B.2,28/feb/2025,28/feb/2025,28/feb/2026,VIGENTE
MASCULINO,VENADO TUERTO,RENOVACIÓN,"A.2.1, B.1",28/feb/2025,28/feb/2025,28/feb/2030,VIGENTE
FEMENINO,VENADO TUERTO,RENOVACIÓN CON AMPLIACIÓN,"A.2.2, B.1",28/feb/2025,28/feb/2025,28/feb/2030,VIGENTE
MASCULINO,VENADO TUERTO,RENOVACIÓN,"A.3, E.1",28/feb/2025,28/feb/2025,28/feb/2026,VIGENTE
MASCULINO,VENADO TUERTO,RENOVACIÓN CON AMPLIACIÓN,"A.2.1, D.3, E.1",28/feb/2025,28/feb/2025,28/feb/2027,VIGENTE
FEMENINO,VENADO TUERTO,RENOVACIÓN,"A.2.2, B.1",28/feb/2025,28/feb/2025,28/feb/2030,VIGENTE
MASCULINO,VENADO TUERTO,RENOVACIÓN,"A.2.1, B.1",28/feb/2025,28/feb/2025,28/feb/2030,VIGENTE
MASCULINO,VENADO TUERTO,RENOVACIÓN,"A.2.2, B.2",28/feb/2025,28/feb/2025,28/feb/2030,VIGENTE
MASCULINO,VENADO TUERTO,RENOVACIÓN,B.1,28/feb/2025,28/feb/2025,28/feb/2026,VIGENTE
FEMENINO,VENADO TUERTO,RENOVACIÓN,"A.2.1, B.2",28/feb/2025,28/feb/2025,28/feb/2030,VIGENTE
FEMENINO,VENADO TUERTO,RENOVACIÓN,"A.3, B.1",28/feb/2025,28/feb/2025,28/feb/2030,VIGENTE
MASCULINO,VENADO TUERTO,RENOVACIÓN,E.1,28/feb/2025,28/feb/2025,28/feb/2026,VIGENTE
FEMENINO,VENADO TUERTO,RENOVACIÓN,B.2,28/feb/2025,28/feb/2025,28/feb/2030,VIGENTE
MASCULINO,VENADO TUERTO,RENOVACIÓN,"A.2.1, B.1",28/feb/2025,28/feb/2025,28/feb/2030,VIGENTE
MASCULINO,VENADO TUERTO,RENOVACIÓN CON AMPLIACIÓN,"A.2.1, B.1, D.3, E.2",28/feb/2025,28/feb/2025,28/feb/2027,VIGENTE
MASCULINO,VENADO TUERTO,RENOVACIÓN,"A.3, B.2",28/feb/2025,28/feb/2025,28/feb/2030,VIGENTE
MASCULINO,VENADO TUERTO,RENOVACIÓN,"A.3, E.1",28/feb/2025,28/feb/2025,28/feb/2027,VIGENTE
MASCULINO,VENADO TUERTO,ORIGINAL,"A.2.1, B.2",28/feb/2025,28/feb/2025,28/feb/2026,VIGENTE
MASCULINO,VENADO TUERTO,RENOVACIÓN,B.2,28/feb/2025,28/feb/2025,28/feb/2030,VIGENTE
MASCULINO,VENADO TUERTO,RENOVACIÓN CON AMPLIACIÓN,"A.2.1, B.1",28/feb/2025,28/feb/2025,28/feb/2030,VIGENTE
MASCULINO,VENADO TUERTO,RENOVACIÓN,E.1,28/feb/2025,28/feb/2025,28/feb/2026,VIGENTE
MASCULINO,VENADO TUERTO,RENOVACIÓN,"E.1, E.2",28/feb/2025,28/feb/2025,28/feb/2026,VIGENTE
MASCULINO,VENADO TUERTO,RENOVACIÓN,"A.2.1, B.2",28/feb/2025,28/feb/2025,28/feb/2030,VIGENTE
FEMENINO,VENADO TUERTO,RENOVACIÓN,B.2,28/feb/2025,28/feb/2025,28/feb/2026,VIGENTE
FEMENINO,VENADO TUERTO,RENOVACIÓN,B.1,28/feb/2025,28/feb/2025,28/feb/2030,VIGENTE
MASCULINO,VENADO TUERTO,RENOVACIÓN,"A.2.1, B.2",28/feb/2025,28/feb/2025,28/feb/2030,VIGENTE
MASCULINO,VENADO TUERTO,ORIGINAL,"A.2.1, B.1",28/feb/2025,28/feb/2025,28/feb/2026,VIGENTE
FEMENINO,VENADO TUERTO,RENOVACIÓN,B.2,28/feb/2025,28/feb/2025,28/feb/2026,VIGENTE
MASCULINO,VENADO TUERTO,RENOVACIÓN CON AMPLIACIÓN,"A.2.2, B.1",28/feb/2025,28/feb/2025,28/feb/2030,VIGENTE
MASCULINO,VENADO TUERTO,RENOVACIÓN CON AMPLIACIÓN,"A.3, D.1, D.3",28/feb/2025,28/feb/2025,28/feb/2027,VIGENTE
MASCULINO,VENADO TUERTO,RENOVACIÓN,E.1,28/feb/2025,28/feb/2025,28/feb/2026,VIGENTE
MASCULINO,VENADO TUERTO,RENOVACIÓN,B.2,28/feb/2025,28/feb/2025,28/feb/2026,VIGENTE
MASCULINO,VENADO TUERTO,RENOVACIÓN,"A.2.1, B.1",28/feb/2025,28/feb/2025,28/feb/2028,VIGENTE
FEMENINO,VENADO TUERTO,RENOVACIÓN,D.1,28/feb/2025,28/feb/2025,28/feb/2026,VIGENTE
MASCULINO,VENADO TUERTO,RENOVACIÓN,B.2,28/feb/2025,28/feb/2025,28/feb/2030,VIGENTE
MASCULINO,VENADO TUERTO,RENOVACIÓN,"A.2.1, E.1, E.2",28/feb/2025,28/feb/2025,28/feb/2027,VIGENTE
FEMENINO,VENADO TUERTO,ORIGINAL,A.2.1,28/feb/2025,28/feb/2025,28/feb/2026,VIGENTE
FEMENINO,VENADO TUERTO,RENOVACIÓN,"A.2.1, B.2",28/feb/2025,28/feb/2025,28/feb/2030,VIGENTE
MASCULINO,VENADO TUERTO,RENOVACIÓN,"A.2.1, B.2",28/feb/2025,28/feb/2025,28/feb/2028,VIGENTE
FEMENINO,VENADO TUERTO,RENOVACIÓN,B.2,28/feb/2025,28/feb/2025,28/feb/2026,VIGENTE
FEMENINO,VENADO TUERTO,RENOVACIÓN,"A.2.1, B.1",28/feb/2025,28/feb/2025,28/feb/2030,VIGENTE
MASCULINO,VENADO TUERTO,RENOVACIÓN,B.2,28/feb/2025,28/feb/2025,28/feb/2026,VIGENTE
MASCULINO,VENADO TUERTO,RENOVACIÓN CON AMPLIACIÓN,"A.2.1, B.2, D.3",28/feb/2025,28/feb/2025,28/feb/2027,VIGENTE
FEMENINO,VENADO TUERTO,RENOVACIÓN,B.1,28/feb/2025,28/feb/2025,28/feb/2030,VIGENTE
MASCULINO,VENADO TUERTO,RENOVACIÓN,"A.2.2, B.2",28/feb/2025,28/feb/2025,28/feb/2030,VIGENTE
FEMENINO,VENADO TUERTO,RENOVACIÓN,"A.3, B.2",28/feb/2025,28/feb/2025,28/feb/2030,VIGENTE
MASCULINO,VENADO TUERTO,ORIGINAL,"A.2.1, B.2",28/feb/2025,28/feb/2025,28/feb/2030,VIGENTE
FEMENINO,VENADO TUERTO,ORIGINAL,A.2.1,28/feb/2025,28/feb/2025,28/feb/2026,VIGENTE
FEMENINO,VENADO TUERTO,ORIGINAL,"A.2.1, B.1",28/feb/2025,28/feb/2025,28/feb/2030,VIGENTE
MASCULINO,VENADO TUERTO,RENOVACIÓN,B.2,28/feb/2025,28/feb/2025,28/feb/2026,VIGENTE
FEMENINO,VENADO TUERTO,RENOVACIÓN,A.2.1,28/feb/2025,28/feb/2025,28/feb/2030,VIGENTE
MASCULINO,VENADO TUERTO,RENOVACIÓN,"A.2.2, B.2",28/feb/2025,28/feb/2025,28/feb/2030,VIGENTE
MASCULINO,VENADO TUERTO,RENOVACIÓN,"A.2.1, E.1, E.2",28/feb/2025,28/feb/2025,28/feb/2027,VIGENTE
FEMENINO,VENADO TUERTO,RENOVACIÓN,B.1,28/feb/2025,28/feb/2025,28/feb/2030,VIGENTE
FEMENINO,VENADO TUERTO,RENOVACIÓN,"A.2.1, B.2",28/feb/2025,28/feb/2025,28/feb/2026,VIGENTE
MASCULINO,VENADO TUERTO,RENOVACIÓN,A.2.1,28/feb/2025,28/feb/2025,28/feb/2028,VIGENTE
MASCULINO,VENADO TUERTO,RENOVACIÓN,B.1,28/feb/2025,28/feb/2025,28/feb/2026,VIGENTE
MASCULINO,VENADO TUERTO,RENOVACIÓN,"A.2.1, B.2",28/feb/2025,28/feb/2025,28/feb/2030,VIGENTE
MASCULINO,VENADO TUERTO,RENOVACIÓN CON AMPLIACIÓN,"A.3, B.2",28/feb/2025,28/feb/2025,28/feb/2030,VIGENTE
MASCULINO,VENADO TUERTO,RENOVACIÓN,B.2,28/feb/2025,28/feb/2025,28/feb/2026,VIGENTE
MASCULINO,VENADO TUERTO,RENOVACIÓN,B.2,28/feb/2025,28/feb/2025,28/feb/2030,VIGENTE
FEMENINO,VENADO TUERTO,RENOVACIÓN,B.2,28/feb/2025,28/feb/2025,28/feb/2026,VIGENTE
FEMENINO,VENADO TUERTO,RENOVACIÓN,B.2,28/feb/2025,28/feb/2025,28/feb/2026,VIGENTE
MASCULINO,VENADO TUERTO,ORIGINAL,"A.2.2, B.2",5/mar/2025,13/feb/2025,5/mar/2030,VIGENTE
FEMENINO,VENADO TUERTO,ORIGINAL,B.1,5/mar/2025,19/feb/2025,5/mar/2026,VIGENTE
MASCULINO,VENADO TUERTO,ORIGINAL,A.2.1,5/mar/2025,20/feb/2025,5/mar/2026,VIGENTE
MASCULINO,VENADO TUERTO,RENOVACIÓN,"A.2.1, B.2, D.1",5/mar/2025,28/feb/2025,5/mar/2026,VIGENTE
MASCULINO,VENADO TUERTO,RENOVACIÓN,"A.2.1, D.1",5/mar/2025,28/feb/2025,5/mar/2026,VIGENTE
MASCULINO,VENADO TUERTO,RENOVACIÓN CON AMPLIACIÓN,"A.3, B.1",5/mar/2025,28/feb/2025,5/mar/2030,VIGENTE
FEMENINO,VENADO TUERTO,RENOVACIÓN,B.2,5/mar/2025,28/feb/2025,5/mar/2026,VIGENTE
FEMENINO,VENADO TUERTO,RENOVACIÓN,B.2,5/mar/2025,5/mar/2025,5/mar/2026,VIGENTE
MASCULINO,VENADO TUERTO,RENOVACIÓN,"A.2.1, E.1, G.1, G.2",5/mar/2025,5/mar/2025,5/mar/2027,VIGENTE
MASCULINO,VENADO TUERTO,RENOVACIÓN,B.1,5/mar/2025,5/mar/2025,5/mar/2030,VIGENTE
FEMENINO,VENADO TUERTO,RENOVACIÓN,B.2,5/mar/2025,5/mar/2025,5/mar/2030,VIGENTE
MASCULINO,VENADO TUERTO,RENOVACIÓN CON AMPLIACIÓN,"A.2.1, E.1, G.1, G.2",5/mar/2025,5/mar/2025,5/mar/2027,VIGENTE
MASCULINO,VENADO TUERTO,RENOVACIÓN,B.1,5/mar/2025,5/mar/2025,5/mar/2028,VIGENTE
MASCULINO,VENADO TUERTO,RENOVACIÓN,B.1,5/mar/2025,5/mar/2025,5/mar/2030,VIGENTE
MASCULINO,VENADO TUERTO,RENOVACIÓN,B.2,5/mar/2025,5/mar/2025,5/mar/2026,VIGENTE
MASCULINO,VENADO TUERTO,RENOVACIÓN,B.2,5/mar/2025,5/mar/2025,5/mar/2030,VIGENTE
MASCULINO,VENADO TUERTO,RENOVACIÓN,"A.2.1, B.1",5/mar/2025,5/mar/2025,5/mar/2030,VIGENTE
MASCULINO,VENADO TUERTO,RENOVACIÓN,E.1,5/mar/2025,5/mar/2025,5/mar/2026,VIGENTE
MASCULINO,VENADO TUERTO,ORIGINAL,A.2.1,5/mar/2025,5/mar/2025,5/mar/2026,VIGENTE
MASCULINO,VENADO TUERTO,RENOVACIÓN,B.2,5/mar/2025,5/mar/2025,5/mar/2026,VIGENTE
MASCULINO,VENADO TUERTO,RENOVACIÓN,E.1,5/mar/2025,5/mar/2025,5/mar/2026,VIGENTE
MASCULINO,VENADO TUERTO,RENOVACIÓN,"A.2.1, B.1",5/mar/2025,5/mar/2025,5/mar/2030,VIGENTE
MASCULINO,VENADO TUERTO,RENOVACIÓN,"A.2.1, B.1",5/mar/2025,5/mar/2025,5/mar/2028,VIGENTE
MASCULINO,VENADO TUERTO,RENOVACIÓN,B.1,5/mar/2025,5/mar/2025,5/mar/2030,VIGENTE
FEMENINO,VENADO TUERTO,RENOVACIÓN,B.2,5/mar/2025,5/mar/2025,5/mar/2030,VIGENTE
MASCULINO,VENADO TUERTO,RENOVACIÓN,B.2,5/mar/2025,5/mar/2025,5/mar/2030,VIGENTE
MASCULINO,VENADO TUERTO,RENOVACIÓN,B.2,5/mar/2025,5/mar/2025,5/mar/2030,VIGENTE
FEMENINO,VENADO TUERTO,RENOVACIÓN,B.1,5/mar/2025,5/mar/2025,5/mar/2028,VIGENTE
MASCULINO,VENADO TUERTO,RENOVACIÓN,D.1,5/mar/2025,5/mar/2025,5/mar/2026,VIGENTE
MASCULINO,SAN EDUARDO,RENOVACIÓN,E.1,5/mar/2025,5/mar/2025,5/mar/2026,VIGENTE
MASCULINO,VENADO TUERTO,RENOVACIÓN,"A.2.1, B.1",5/mar/2025,5/mar/2025,5/mar/2030,VIGENTE
MASCULINO,VENADO TUERTO,RENOVACIÓN,B.2,5/mar/2025,5/mar/2025,5/mar/2026,VIGENTE
MASCULINO,VENADO TUERTO,ORIGINAL,A.2.1,5/mar/2025,5/mar/2025,5/mar/2030,VIGENTE
MASCULINO,VENADO TUERTO,DUPLICADO,"A.2.1, B.1",5/mar/2025,5/mar/2025,8/may/2029,VIGENTE
MASCULINO,VENADO TUERTO,RENOVACIÓN,"A.2.2, B.1",5/mar/2025,5/mar/2025,5/mar/2030,VIGENTE
MASCULINO,VENADO TUERTO,ORIGINAL,A.2.1,5/mar/2025,5/mar/2025,5/mar/2026,VIGENTE
FEMENINO,VENADO TUERTO,ORIGINAL,A.2.1,5/mar/2025,5/mar/2025,5/mar/2026,VIGENTE
MASCULINO,VENADO TUERTO,RENOVACIÓN,A.2.1,5/mar/2025,5/mar/2025,5/mar/2030,VIGENTE
MASCULINO,VENADO TUERTO,RENOVACIÓN,"A.2.1, B.1",5/mar/2025,5/mar/2025,5/mar/2028,VIGENTE
MASCULINO,VENADO TUERTO,RENOVACIÓN,B.2,5/mar/2025,5/mar/2025,5/mar/2026,VIGENTE
MASCULINO,VENADO TUERTO,RENOVACIÓN,"A.2.1, E.1",5/mar/2025,5/mar/2025,5/mar/2027,VIGENTE
MASCULINO,VENADO TUERTO,ORIGINAL,B.2,5/mar/2025,5/mar/2025,5/mar/2028,VIGENTE
FEMENINO,VENADO TUERTO,RENOVACIÓN,B.2,5/mar/2025,5/mar/2025,5/mar/2030,VIGENTE
MASCULINO,VENADO TUERTO,RENOVACIÓN CON AMPLIACIÓN,"A.2.1, B.1",6/mar/2025,19/feb/2025,6/mar/2030,VIGENTE
FEMENINO,VENADO TUERTO,ORIGINAL,B.1,6/mar/2025,26/feb/2025,6/mar/2030,VIGENTE
MASCULINO,VENADO TUERTO,ORIGINAL,A.2.1,6/mar/2025,27/feb/2025,6/mar/2030,VIGENTE
MASCULINO,VENADO TUERTO,RENOVACIÓN CON AMPLIACIÓN,"A.2.2, B.2",6/mar/2025,27/feb/2025,6/mar/2030,VIGENTE
MASCULINO,VENADO TUERTO,ORIGINAL,"A.2.1, B.1",6/mar/2025,28/feb/2025,6/mar/2030,VIGENTE
MASCULINO,VENADO TUERTO,ORIGINAL,"A.2.2, B.1",6/mar/2025,5/mar/2025,6/mar/2030,VIGENTE
FEMENINO,VENADO TUERTO,ORIGINAL,B.1,6/mar/2025,5/mar/2025,6/mar/2026,VIGENTE
FEMENINO,VENADO TUERTO,RENOVACIÓN,B.2,6/mar/2025,6/mar/2025,6/mar/2026,VIGENTE
MASCULINO,VENADO TUERTO,RENOVACIÓN,"E.1, E.2",6/mar/2025,6/mar/2025,6/mar/2026,VIGENTE
MASCULINO,VENADO TUERTO,RENOVACIÓN,"A.2.1, B.1",6/mar/2025,6/mar/2025,6/mar/2028,VIGENTE
MASCULINO,VENADO TUERTO,RENOVACIÓN,B.2,6/mar/2025,6/mar/2025,6/mar/2028,VIGENTE
FEMENINO,VENADO TUERTO,RENOVACIÓN,B.2,6/mar/2025,6/mar/2025,6/mar/2026,VIGENTE
MASCULINO,VENADO TUERTO,RENOVACIÓN,B.2,6/mar/2025,6/mar/2025,6/mar/2030,VIGENTE
MASCULINO,VENADO TUERTO,RENOVACIÓN,"A.2.1, E.1",6/mar/2025,6/mar/2025,6/mar/2027,VIGENTE
FEMENINO,VENADO TUERTO,RENOVACIÓN,A.2.1,6/mar/2025,6/mar/2025,6/mar/2030,VIGENTE
FEMENINO,VENADO TUERTO,ORIGINAL,A.2.1,6/mar/2025,6/mar/2025,6/mar/2030,VIGENTE
MASCULINO,VENADO TUERTO,RENOVACIÓN,"A.2.2, E.1",6/mar/2025,6/mar/2025,6/mar/2027,VIGENTE
MASCULINO,VENADO TUERTO,RENOVACIÓN,E.1,6/mar/2025,6/mar/2025,6/mar/2027,VIGENTE
MASCULINO,VENADO TUERTO,RENOVACIÓN,"A.3, E.1",6/mar/2025,6/mar/2025,6/mar/2026,VIGENTE
FEMENINO,VENADO TUERTO,RENOVACIÓN,B.2,6/mar/2025,6/mar/2025,6/mar/2030,VIGENTE
MASCULINO,VENADO TUERTO,RENOVACIÓN,B.2,6/mar/2025,6/mar/2025,6/mar/2030,VIGENTE
MASCULINO,SAN EDUARDO,RENOVACIÓN,E.1,6/mar/2025,6/mar/2025,6/mar/2026,VIGENTE
MASCULINO,VENADO TUERTO,ORIGINAL,A.2.2,6/mar/2025,6/mar/2025,6/mar/2030,VIGENTE
MASCULINO,VENADO TUERTO,RENOVACIÓN,"A.2.1, B.2",6/mar/2025,6/mar/2025,6/mar/2030,VIGENTE
MASCULINO,VENADO TUERTO,RENOVACIÓN CON AMPLIACIÓN,"A.2.1, E.1",6/mar/2025,6/mar/2025,6/mar/2026,VIGENTE
MASCULINO,VENADO TUERTO,RENOVACIÓN,"A.2.2, E.1, E.2, G.1",6/mar/2025,6/mar/2025,6/mar/2027,VIGENTE
MASCULINO,VENADO TUERTO,RENOVACIÓN,"A.3, C",6/mar/2025,6/mar/2025,6/mar/2026,VIGENTE
MASCULINO,VENADO TUERTO,RENOVACIÓN,"A.2.1, E.1",6/mar/2025,6/mar/2025,6/mar/2027,VIGENTE
MASCULINO,VENADO TUERTO,RENOVACIÓN,B.1,6/mar/2025,6/mar/2025,6/mar/2026,VIGENTE
FEMENINO,VENADO TUERTO,RENOVACIÓN,B.2,6/mar/2025,6/mar/2025,6/mar/2026,VIGENTE
MASCULINO,VENADO TUERTO,RENOVACIÓN,B.2,6/mar/2025,6/mar/2025,6/mar/2026,VIGENTE
FEMENINO,VENADO TUERTO,RENOVACIÓN,"A.2.1, B.2",6/mar/2025,6/mar/2025,6/mar/2030,VIGENTE
MASCULINO,VENADO TUERTO,RENOVACIÓN,"A.3, B.2",6/mar/2025,6/mar/2025,6/mar/2030,VIGENTE
FEMENINO,VENADO TUERTO,RENOVACIÓN,B.2,6/mar/2025,6/mar/2025,6/mar/2030,VIGENTE
MASCULINO,VENADO TUERTO,RENOVACIÓN,"A.2.1, B.2",6/mar/2025,6/mar/2025,6/mar/2030,VIGENTE
FEMENINO,VENADO TUERTO,RENOVACIÓN,B.1,6/mar/2025,6/mar/2025,6/mar/2028,VIGENTE
FEMENINO,VENADO TUERTO,RENOVACIÓN,B.2,6/mar/2025,6/mar/2025,6/mar/2030,VIGENTE
MASCULINO,VENADO TUERTO,ORIGINAL,B.2,6/mar/2025,6/mar/2025,6/mar/2030,VIGENTE
MASCULINO,VENADO TUERTO,RENOVACIÓN,B.1,6/mar/2025,6/mar/2025,6/mar/2030,VIGENTE
FEMENINO,VENADO TUERTO,RENOVACIÓN CON AMPLIACIÓN,"A.2.1, B.1",6/mar/2025,6/mar/2025,6/mar/2028,VIGENTE
MASCULINO,VENADO TUERTO,RENOVACIÓN,B.2,6/mar/2025,6/mar/2025,6/mar/2026,VIGENTE
MASCULINO,SAN EDUARDO,ORIGINAL,"A.2.1, B.2, G.1",6/mar/2025,6/mar/2025,6/mar/2030,VIGENTE
MASCULINO,VENADO TUERTO,RENOVACIÓN,"A.2.2, B.2",6/mar/2025,6/mar/2025,6/mar/2030,VIGENTE
MASCULINO,VENADO TUERTO,RENOVACIÓN CON AMPLIACIÓN,"A.2.1, B.2",6/mar/2025,6/mar/2025,6/mar/2030,VIGENTE
MASCULINO,VENADO TUERTO,ORIGINAL,B.1,6/mar/2025,6/mar/2025,6/mar/2030,VIGENTE
MASCULINO,VENADO TUERTO,RENOVACIÓN,"A.2.1, E.1",6/mar/2025,6/mar/2025,6/mar/2027,VIGENTE
MASCULINO,VENADO TUERTO,RENOVACIÓN,B.1,6/mar/2025,6/mar/2025,6/mar/2026,VIGENTE
FEMENINO,VENADO TUERTO,RENOVACIÓN,B.2,6/mar/2025,6/mar/2025,6/mar/2030,VIGENTE
FEMENINO,VENADO TUERTO,ORIGINAL,A.2.1,7/mar/2025,24/feb/2025,7/mar/2030,NO VIGENTE
MASCULINO,VENADO TUERTO,RENOVACIÓN,E.1,7/mar/2025,28/feb/2025,7/mar/2026,VIGENTE
FEMENINO,VENADO TUERTO,ORIGINAL,A.2.1,7/mar/2025,28/feb/2025,7/mar/2030,VIGENTE
MASCULINO,VENADO TUERTO,ORIGINAL,A.2.1,7/mar/2025,6/mar/2025,7/mar/2030,VIGENTE
FEMENINO,VENADO TUERTO,ORIGINAL,B.1,7/mar/2025,7/mar/2025,7/mar/2026,VIGENTE
FEMENINO,VENADO TUERTO,RENOVACIÓN,B.2,7/mar/2025,7/mar/2025,7/mar/2026,VIGENTE
FEMENINO,VENADO TUERTO,ORIGINAL,A.2.1,7/mar/2025,7/mar/2025,7/mar/2030,VIGENTE
MASCULINO,VENADO TUERTO,ORIGINAL,"A.2.1, B.2",7/mar/2025,7/mar/2025,7/mar/2030,VIGENTE
MASCULINO,VENADO TUERTO,RENOVACIÓN,"A.2.1, B.1",7/mar/2025,7/mar/2025,7/mar/2028,VIGENTE
MASCULINO,VENADO TUERTO,RENOVACIÓN,A.2.1,7/mar/2025,7/mar/2025,7/mar/2030,VIGENTE
MASCULINO,VENADO TUERTO,RENOVACIÓN,B.2,7/mar/2025,7/mar/2025,7/mar/2026,VIGENTE
FEMENINO,VENADO TUERTO,RENOVACIÓN,B.2,7/mar/2025,7/mar/2025,7/mar/2030,VIGENTE
MASCULINO,VENADO TUERTO,RENOVACIÓN,"A.2.1, D.1, D.3",7/mar/2025,7/mar/2025,7/mar/2026,VIGENTE
FEMENINO,VENADO TUERTO,RENOVACIÓN,B.1,7/mar/2025,7/mar/2025,7/mar/2030,VIGENTE
MASCULINO,VENADO TUERTO,RENOVACIÓN,E.1,7/mar/2025,7/mar/2025,7/mar/2026,VIGENTE
FEMENINO,VENADO TUERTO,RENOVACIÓN,B.2,7/mar/2025,7/mar/2025,7/mar/2030,VIGENTE
MASCULINO,VENADO TUERTO,DUPLICADO,"B.2, D.1",7/mar/2025,7/mar/2025,30/ago/2025,VIGENTE
FEMENINO,VENADO TUERTO,ORIGINAL,B.1,7/mar/2025,7/mar/2025,7/mar/2026,VIGENTE
FEMENINO,VENADO TUERTO,ORIGINAL,A.2.1,7/mar/2025,7/mar/2025,7/mar/2030,VIGENTE
MASCULINO,VENADO TUERTO,RENOVACIÓN,"A.2.1, B.1",7/mar/2025,7/mar/2025,7/mar/2028,VIGENTE
FEMENINO,VENADO TUERTO,DUPLICADO POR CAMBIO DE DATOS,"A.2.1, B.1",7/mar/2025,7/mar/2025,6/ene/2030,VIGENTE
FEMENINO,VENADO TUERTO,RENOVACIÓN,B.2,7/mar/2025,7/mar/2025,7/mar/2030,VIGENTE
MASCULINO,VENADO TUERTO,RENOVACIÓN,"A.2.1, E.1",7/mar/2025,7/mar/2025,7/mar/2026,VIGENTE
MASCULINO,VENADO TUERTO,RENOVACIÓN,"A.2.2, B.2",7/mar/2025,7/mar/2025,7/mar/2026,VIGENTE
FEMENINO,VENADO TUERTO,RENOVACIÓN,"A.2.1, B.1",7/mar/2025,7/mar/2025,7/mar/2030,VIGENTE
MASCULINO,VENADO TUERTO,RENOVACIÓN,"A.2.1, B.1",7/mar/2025,7/mar/2025,7/mar/2028,VIGENTE
MASCULINO,VENADO TUERTO,RENOVACIÓN,"A.3, E.1",7/mar/2025,7/mar/2025,7/mar/2027,VIGENTE
FEMENINO,VENADO TUERTO,RENOVACIÓN,B.2,7/mar/2025,7/mar/2025,7/mar/2026,VIGENTE
MASCULINO,VENADO TUERTO,RENOVACIÓN,C,7/mar/2025,7/mar/2025,7/mar/2026,VIGENTE
MASCULINO,VENADO TUERTO,RENOVACIÓN,B.2,7/mar/2025,7/mar/2025,7/mar/2030,VIGENTE
MASCULINO,VENADO TUERTO,RENOVACIÓN,"A.2.1, B.2, D.1",7/mar/2025,7/mar/2025,7/mar/2026,VIGENTE
MASCULINO,VENADO TUERTO,RENOVACIÓN,B.2,7/mar/2025,7/mar/2025,7/mar/2026,VIGENTE
MASCULINO,VENADO TUERTO,RENOVACIÓN,"A.3, B.2, D.1, D.3",7/mar/2025,7/mar/2025,7/mar/2027,VIGENTE
FEMENINO,VENADO TUERTO,RENOVACIÓN,"A.2.1, B.2",7/mar/2025,7/mar/2025,7/mar/2030,VIGENTE
MASCULINO,VENADO TUERTO,RENOVACIÓN,E.1,7/mar/2025,7/mar/2025,7/mar/2027,VIGENTE
MASCULINO,VENADO TUERTO,RENOVACIÓN,B.1,7/mar/2025,7/mar/2025,7/mar/2030,VIGENTE
MASCULINO,VENADO TUERTO,RENOVACIÓN,"A.2.1, B.1",7/mar/2025,7/mar/2025,7/mar/2028,VIGENTE
MASCULINO,VENADO TUERTO,DUPLICADO,"A.2.1, B.2",7/mar/2025,7/mar/2025,20/mar/2027,VIGENTE
MASCULINO,VENADO TUERTO,RENOVACIÓN,"B.2, D.1, D.3",7/mar/2025,7/mar/2025,7/mar/2027,VIGENTE
MASCULINO,VENADO TUERTO,RENOVACIÓN,B.2,7/mar/2025,7/mar/2025,7/mar/2026,VIGENTE
MASCULINO,VENADO TUERTO,RENOVACIÓN,"A.2.2, E.1",7/mar/2025,7/mar/2025,7/mar/2027,VIGENTE
MASCULINO,VENADO TUERTO,RENOVACIÓN,E.1,7/mar/2025,7/mar/2025,7/mar/2027,VIGENTE
MASCULINO,VENADO TUERTO,RENOVACIÓN,B.2,7/mar/2025,7/mar/2025,7/mar/2026,VIGENTE
MASCULINO,VENADO TUERTO,RENOVACIÓN,B.2,7/mar/2025,7/mar/2025,7/mar/2026,VIGENTE
MASCULINO,VENADO TUERTO,RENOVACIÓN,"B.2, D.1",7/mar/2025,7/mar/2025,7/mar/2026,VIGENTE
MASCULINO,VENADO TUERTO,RENOVACIÓN CON AMPLIACIÓN,"A.2.2, B.2",7/mar/2025,7/mar/2025,7/mar/2030,VIGENTE
FEMENINO,VENADO TUERTO,RENOVACIÓN CON AMPLIACIÓN,"A.2.1, B.1",7/mar/2025,7/mar/2025,7/mar/2030,VIGENTE
MASCULINO,VENADO TUERTO,ORIGINAL,A.2.1,7/mar/2025,7/mar/2025,7/mar/2030,VIGENTE
MASCULINO,VENADO TUERTO,RENOVACIÓN,"A.2.2, B.2",7/mar/2025,7/mar/2025,7/mar/2030,VIGENTE
MASCULINO,VENADO TUERTO,RENOVACIÓN,B.2,7/mar/2025,7/mar/2025,7/mar/2028,VIGENTE
MASCULINO,VENADO TUERTO,RENOVACIÓN,B.2,7/mar/2025,7/mar/2025,7/mar/2026,VIGENTE
FEMENINO,VENADO TUERTO,RENOVACIÓN,B.1,7/mar/2025,7/mar/2025,7/mar/2030,VIGENTE
FEMENINO,VENADO TUERTO,RENOVACIÓN,"A.2.1, B.2",7/mar/2025,7/mar/2025,7/mar/2030,VIGENTE
FEMENINO,VENADO TUERTO,ORIGINAL,A.2.1,10/mar/2025,21/ene/2025,10/mar/2030,VIGENTE
MASCULINO,VENADO TUERTO,ORIGINAL,"A.2.1, B.2",10/mar/2025,29/ene/2025,10/mar/2030,VIGENTE
MASCULINO,VENADO TUERTO,ORIGINAL,A.2.1,10/mar/2025,5/feb/2025,10/mar/2026,VIGENTE
FEMENINO,VENADO TUERTO,RENOVACIÓN,"A.2.1, B.2",10/mar/2025,13/feb/2025,10/mar/2030,VIGENTE
MASCULINO,VENADO TUERTO,RENOVACIÓN,A.2.1,10/mar/2025,19/feb/2025,10/mar/2028,VIGENTE
MASCULINO,VENADO TUERTO,RENOVACIÓN CON AMPLIACIÓN,"A.2.1, B.1",10/mar/2025,26/feb/2025,10/mar/2030,VIGENTE
MASCULINO,VENADO TUERTO,ORIGINAL,"A.2.1, B.1",10/mar/2025,28/feb/2025,10/mar/2026,VIGENTE
FEMENINO,VENADO TUERTO,ORIGINAL,A.2.1,10/mar/2025,6/mar/2025,10/mar/2026,VIGENTE
FEMENINO,VENADO TUERTO,ORIGINAL,A.2.1,10/mar/2025,7/mar/2025,10/mar/2030,VIGENTE
FEMENINO,VENADO TUERTO,ORIGINAL,"A.2.1, B.1",10/mar/2025,10/mar/2025,10/mar/2030,VIGENTE
FEMENINO,VENADO TUERTO,RENOVACIÓN CON AMPLIACIÓN,"A.3, B.2",10/mar/2025,10/mar/2025,10/mar/2030,VIGENTE
FEMENINO,VENADO TUERTO,RENOVACIÓN,B.2,10/mar/2025,10/mar/2025,10/mar/2026,VIGENTE
FEMENINO,VENADO TUERTO,RENOVACIÓN,B.2,10/mar/2025,10/mar/2025,10/mar/2026,VIGENTE
MASCULINO,VENADO TUERTO,RENOVACIÓN,"D.1, D.3",10/mar/2025,10/mar/2025,10/mar/2027,VIGENTE
MASCULINO,VENADO TUERTO,RENOVACIÓN,B.2,10/mar/2025,10/mar/2025,10/mar/2030,VIGENTE
FEMENINO,VENADO TUERTO,RENOVACIÓN,"A.2.1, B.2",10/mar/2025,10/mar/2025,10/mar/2030,VIGENTE
MASCULINO,SAN EDUARDO,RENOVACIÓN,"B.2, G.1, G.2",10/mar/2025,10/mar/2025,10/mar/2030,VIGENTE
MASCULINO,VENADO TUERTO,RENOVACIÓN,"A.2.1, B.1",10/mar/2025,10/mar/2025,10/mar/2030,VIGENTE
MASCULINO,VENADO TUERTO,RENOVACIÓN CON AMPLIACIÓN,B.2,10/mar/2025,10/mar/2025,10/mar/2030,VIGENTE
MASCULINO,VENADO TUERTO,DUPLICADO,B.2,10/mar/2025,10/mar/2025,30/sept/2025,VIGENTE
MASCULINO,VENADO TUERTO,RENOVACIÓN,B.2,10/mar/2025,10/mar/2025,10/mar/2030,VIGENTE
MASCULINO,VENADO TUERTO,RENOVACIÓN,"A.2.1, E.1",10/mar/2025,10/mar/2025,10/mar/2026,VIGENTE
FEMENINO,VENADO TUERTO,RENOVACIÓN,"B.2, C",10/mar/2025,10/mar/2025,10/mar/2027,VIGENTE
FEMENINO,VENADO TUERTO,RENOVACIÓN CON AMPLIACIÓN,"A.2.1, B.2",10/mar/2025,10/mar/2025,10/mar/2030,VIGENTE
MASCULINO,VENADO TUERTO,RENOVACIÓN,B.2,10/mar/2025,10/mar/2025,10/mar/2030,VIGENTE
FEMENINO,VENADO TUERTO,RENOVACIÓN,"A.2.1, B.1",10/mar/2025,10/mar/2025,10/mar/2030,VIGENTE
FEMENINO,VENADO TUERTO,ORIGINAL,A.2.1,10/mar/2025,10/mar/2025,10/mar/2030,VIGENTE
MASCULINO,VENADO TUERTO,RENOVACIÓN CON AMPLIACIÓN,"A.2.1, B.1",10/mar/2025,10/mar/2025,10/mar/2030,VIGENTE
FEMENINO,VENADO TUERTO,RENOVACIÓN,"A.2.1, B.2",10/mar/2025,10/mar/2025,10/mar/2030,VIGENTE
MASCULINO,VENADO TUERTO,RENOVACIÓN,"A.2.1, B.2, E.2",10/mar/2025,10/mar/2025,10/mar/2027,VIGENTE
MASCULINO,VENADO TUERTO,RENOVACIÓN,E.1,10/mar/2025,10/mar/2025,10/mar/2026,VIGENTE
FEMENINO,VENADO TUERTO,RENOVACIÓN,B.2,10/mar/2025,10/mar/2025,10/mar/2030,VIGENTE
MASCULINO,VENADO TUERTO,RENOVACIÓN,"A.2.1, B.2",10/mar/2025,10/mar/2025,10/mar/2030,VIGENTE
FEMENINO,VENADO TUERTO,ORIGINAL,A.2.1,10/mar/2025,10/mar/2025,10/mar/2030,VIGENTE
FEMENINO,VENADO TUERTO,RENOVACIÓN,D.1,10/mar/2025,10/mar/2025,10/mar/2026,VIGENTE
MASCULINO,VENADO TUERTO,ORIGINAL,A.2.1,10/mar/2025,10/mar/2025,10/mar/2030,VIGENTE
MASCULINO,SAN EDUARDO,RENOVACIÓN,"A.2.2, B.2, G.1",10/mar/2025,10/mar/2025,10/mar/2030,VIGENTE
MASCULINO,VENADO TUERTO,RENOVACIÓN,"A.2.1, E.1",10/mar/2025,10/mar/2025,10/mar/2027,VIGENTE
FEMENINO,VENADO TUERTO,RENOVACIÓN,A.2.1,10/mar/2025,10/mar/2025,10/mar/2030,VIGENTE
FEMENINO,VENADO TUERTO,ORIGINAL,A.2.1,10/mar/2025,10/mar/2025,10/mar/2030,VIGENTE
MASCULINO,VENADO TUERTO,RENOVACIÓN,"A.2.1, B.1",10/mar/2025,10/mar/2025,10/mar/2030,VIGENTE
MASCULINO,VENADO TUERTO,RENOVACIÓN,E.1,10/mar/2025,10/mar/2025,10/mar/2026,VIGENTE
FEMENINO,VENADO TUERTO,RENOVACIÓN,"A.2.1, B.1",10/mar/2025,10/mar/2025,10/mar/2030,VIGENTE
FEMENINO,VENADO TUERTO,RENOVACIÓN,B.2,10/mar/2025,10/mar/2025,10/mar/2026,VIGENTE
FEMENINO,VENADO TUERTO,RENOVACIÓN,B.2,10/mar/2025,10/mar/2025,10/mar/2028,VIGENTE
MASCULINO,VENADO TUERTO,RENOVACIÓN,D.1,10/mar/2025,10/mar/2025,10/mar/2026,VIGENTE
MASCULINO,VENADO TUERTO,RENOVACIÓN,"B.2, G.1",10/mar/2025,10/mar/2025,10/mar/2028,VIGENTE
FEMENINO,VENADO TUERTO,RENOVACIÓN,B.2,10/mar/2025,10/mar/2025,10/mar/2028,VIGENTE
FEMENINO,VENADO TUERTO,RENOVACIÓN,A.2.1,10/mar/2025,10/mar/2025,10/mar/2030,VIGENTE
MASCULINO,VENADO TUERTO,RENOVACIÓN CON AMPLIACIÓN,"A.2.2, E.1, G.1",10/mar/2025,10/mar/2025,10/mar/2026,VIGENTE
MASCULINO,VENADO TUERTO,DUPLICADO,"A.2.2, E.1",10/mar/2025,10/mar/2025,24/jun/2025,VIGENTE
FEMENINO,VENADO TUERTO,RENOVACIÓN,B.2,10/mar/2025,10/mar/2025,10/mar/2030,VIGENTE
MASCULINO,VENADO TUERTO,ORIGINAL,A.2.1,11/mar/2025,25/nov/2024,11/mar/2026,VIGENTE
MASCULINO,VENADO TUERTO,ORIGINAL,A.2.1,11/mar/2025,11/feb/2025,11/mar/2026,VIGENTE
MASCULINO,VENADO TUERTO,RENOVACIÓN CON AMPLIACIÓN,"A.2.1, E.1",11/mar/2025,27/feb/2025,11/mar/2027,VIGENTE
MASCULINO,VENADO TUERTO,RENOVACIÓN,"A.2.1, B.2",11/mar/2025,10/mar/2025,11/mar/2026,VIGENTE
MASCULINO,VENADO TUERTO,RENOVACIÓN CON AMPLIACIÓN,"A.2.1, B.1",11/mar/2025,10/mar/2025,11/mar/2028,VIGENTE
FEMENINO,VENADO TUERTO,RENOVACIÓN CON AMPLIACIÓN,"A.2.1, B.1",11/mar/2025,10/mar/2025,11/mar/2030,VIGENTE
FEMENINO,VENADO TUERTO,ORIGINAL,A.2.1,11/mar/2025,10/mar/2025,11/mar/2030,VIGENTE
MASCULINO,VENADO TUERTO,RENOVACIÓN,B.1,11/mar/2025,11/mar/2025,11/mar/2026,VIGENTE
MASCULINO,VENADO TUERTO,RENOVACIÓN,"A.2.1, B.2",11/mar/2025,11/mar/2025,11/mar/2028,VIGENTE
FEMENINO,SAN EDUARDO,RENOVACIÓN,"A.2.1, B.1",11/mar/2025,11/mar/2025,11/mar/2030,VIGENTE
MASCULINO,VENADO TUERTO,RENOVACIÓN CON AMPLIACIÓN,"A.2.1, D.1, E.1",11/mar/2025,11/mar/2025,11/mar/2027,NO VIGENTE
FEMENINO,VENADO TUERTO,RENOVACIÓN,B.2,11/mar/2025,11/mar/2025,11/mar/2030,VIGENTE
MASCULINO,VENADO TUERTO,RENOVACIÓN,E.1,11/mar/2025,11/mar/2025,11/mar/2026,VIGENTE
MASCULINO,VENADO TUERTO,RENOVACIÓN,B.1,11/mar/2025,11/mar/2025,11/mar/2028,VIGENTE
MASCULINO,VENADO TUERTO,ORIGINAL,A.2.1,11/mar/2025,11/mar/2025,11/mar/2030,VIGENTE
FEMENINO,VENADO TUERTO,ORIGINAL,"A.2.1, B.1",11/mar/2025,11/mar/2025,11/mar/2030,VIGENTE
MASCULINO,VENADO TUERTO,RENOVACIÓN,"A.2.2, B.1",11/mar/2025,11/mar/2025,11/mar/2030,VIGENTE
FEMENINO,VENADO TUERTO,RENOVACIÓN,B.2,11/mar/2025,11/mar/2025,11/mar/2026,VIGENTE
MASCULINO,VENADO TUERTO,RENOVACIÓN,E.1,11/mar/2025,11/mar/2025,11/mar/2027,VIGENTE
FEMENINO,VENADO TUERTO,RENOVACIÓN,"A.2.2, B.2",11/mar/2025,11/mar/2025,11/mar/2030,VIGENTE
FEMENINO,VENADO TUERTO,RENOVACIÓN,A.2.1,11/mar/2025,11/mar/2025,11/mar/2030,VIGENTE
FEMENINO,VENADO TUERTO,ORIGINAL,A.2.1,11/mar/2025,11/mar/2025,11/mar/2026,VIGENTE
MASCULINO,VENADO TUERTO,RENOVACIÓN,"A.2.1, B.2",11/mar/2025,11/mar/2025,11/mar/2030,VIGENTE
MASCULINO,VENADO TUERTO,RENOVACIÓN,"A.2.1, B.1",11/mar/2025,11/mar/2025,11/mar/2030,VIGENTE
FEMENINO,VENADO TUERTO,ORIGINAL,A.2.1,11/mar/2025,11/mar/2025,11/mar/2030,VIGENTE
MASCULINO,VENADO TUERTO,RENOVACIÓN,"B.2, G.1",11/mar/2025,11/mar/2025,11/mar/2030,VIGENTE
MASCULINO,VENADO TUERTO,RENOVACIÓN,A.2.1,11/mar/2025,11/mar/2025,11/mar/2028,VIGENTE
MASCULINO,VENADO TUERTO,RENOVACIÓN,B.2,11/mar/2025,11/mar/2025,11/mar/2028,VIGENTE
FEMENINO,VENADO TUERTO,ORIGINAL,A.2.1,11/mar/2025,11/mar/2025,11/mar/2030,VIGENTE
FEMENINO,VENADO TUERTO,RENOVACIÓN,A.2.1,11/mar/2025,11/mar/2025,11/mar/2026,VIGENTE
MASCULINO,VENADO TUERTO,RENOVACIÓN,"A.3, B.2",11/mar/2025,11/mar/2025,11/mar/2026,VIGENTE
MASCULINO,VENADO TUERTO,ORIGINAL,B.2,11/mar/2025,11/mar/2025,11/mar/2030,VIGENTE
MASCULINO,SAN EDUARDO,RENOVACIÓN,B.2,11/mar/2025,11/mar/2025,11/mar/2026,VIGENTE
MASCULINO,VENADO TUERTO,RENOVACIÓN,"A.2.1, B.2",11/mar/2025,11/mar/2025,11/mar/2030,VIGENTE
MASCULINO,VENADO TUERTO,RENOVACIÓN,"A.3, B.2",11/mar/2025,11/mar/2025,11/mar/2026,VIGENTE
FEMENINO,SAN EDUARDO,RENOVACIÓN,B.1,11/mar/2025,11/mar/2025,11/mar/2030,VIGENTE
MASCULINO,VENADO TUERTO,RENOVACIÓN,"A.2.2, E.1, E.2, G.1, G.2",11/mar/2025,11/mar/2025,11/mar/2027,VIGENTE
MASCULINO,VENADO TUERTO,RENOVACIÓN,B.2,11/mar/2025,11/mar/2025,11/mar/2030,VIGENTE
MASCULINO,VENADO TUERTO,RENOVACIÓN,A.2.1,11/mar/2025,11/mar/2025,11/mar/2030,VIGENTE
MASCULINO,VENADO TUERTO,RENOVACIÓN,B.2,11/mar/2025,11/mar/2025,11/mar/2026,VIGENTE
MASCULINO,VENADO TUERTO,ORIGINAL,"A.2.1, B.1",11/mar/2025,11/mar/2025,11/mar/2026,VIGENTE
MASCULINO,VENADO TUERTO,RENOVACIÓN,A.2.1,12/mar/2025,5/dic/2024,12/mar/2030,VIGENTE
MASCULINO,VENADO TUERTO,ORIGINAL,A.2.1,12/mar/2025,9/ene/2025,12/mar/2026,VIGENTE
MASCULINO,VENADO TUERTO,RENOVACIÓN,"A.3, B.2",12/mar/2025,6/mar/2025,12/mar/2030,VIGENTE
FEMENINO,VENADO TUERTO,RENOVACIÓN,B.1,12/mar/2025,6/mar/2025,12/mar/2026,VIGENTE
MASCULINO,VENADO TUERTO,RENOVACIÓN,"A.2.1, B.1",12/mar/2025,7/mar/2025,12/mar/2030,VIGENTE
FEMENINO,VENADO TUERTO,RENOVACIÓN CON AMPLIACIÓN,A.2.2,12/mar/2025,11/mar/2025,12/mar/2030,VIGENTE
FEMENINO,VENADO TUERTO,ORIGINAL,"A.2.1, B.1",12/mar/2025,11/mar/2025,12/mar/2030,VIGENTE
MASCULINO,VENADO TUERTO,RENOVACIÓN,"E.1, G.1, G.2",12/mar/2025,11/mar/2025,12/mar/2026,VIGENTE
MASCULINO,VENADO TUERTO,RENOVACIÓN CON AMPLIACIÓN,"A.2.1, B.2",12/mar/2025,11/mar/2025,12/mar/2030,VIGENTE
FEMENINO,VENADO TUERTO,ORIGINAL,A.2.1,12/mar/2025,11/mar/2025,12/mar/2026,VIGENTE
MASCULINO,VENADO TUERTO,RENOVACIÓN,B.2,12/mar/2025,12/mar/2025,12/mar/2030,VIGENTE
MASCULINO,VENADO TUERTO,RENOVACIÓN,"A.2.1, B.2",12/mar/2025,12/mar/2025,12/mar/2030,VIGENTE
MASCULINO,VENADO TUERTO,ORIGINAL,"A.2.1, B.2",12/mar/2025,12/mar/2025,12/mar/2030,VIGENTE
MASCULINO,VENADO TUERTO,RENOVACIÓN,E.1,12/mar/2025,12/mar/2025,12/mar/2026,VIGENTE
MASCULINO,VENADO TUERTO,RENOVACIÓN,"A.3, B.2",12/mar/2025,12/mar/2025,12/mar/2026,VIGENTE
MASCULINO,VENADO TUERTO,ORIGINAL,A.2.1,12/mar/2025,12/mar/2025,12/mar/2026,VIGENTE
MASCULINO,VENADO TUERTO,RENOVACIÓN,B.1,12/mar/2025,12/mar/2025,12/mar/2030,VIGENTE
FEMENINO,VENADO TUERTO,RENOVACIÓN,A.2.1,12/mar/2025,12/mar/2025,12/mar/2030,VIGENTE
MASCULINO,VENADO TUERTO,RENOVACIÓN,"A.3, E.1, G.1, G.2",12/mar/2025,12/mar/2025,12/mar/2027,VIGENTE
MASCULINO,VENADO TUERTO,ORIGINAL,"A.2.1, B.1",12/mar/2025,12/mar/2025,12/mar/2030,VIGENTE
MASCULINO,VENADO TUERTO,RENOVACIÓN,"A.2.1, B.2",12/mar/2025,12/mar/2025,12/mar/2030,VIGENTE
MASCULINO,VENADO TUERTO,RENOVACIÓN,"A.2.1, E.1",12/mar/2025,12/mar/2025,12/mar/2026,VIGENTE
FEMENINO,VENADO TUERTO,RENOVACIÓN,A.2.1,12/mar/2025,12/mar/2025,12/mar/2030,VIGENTE
MASCULINO,VENADO TUERTO,RENOVACIÓN,B.2,12/mar/2025,12/mar/2025,12/mar/2026,VIGENTE
FEMENINO,VENADO TUERTO,RENOVACIÓN CON AMPLIACIÓN,A.2.2,12/mar/2025,12/mar/2025,12/mar/2030,VIGENTE
MASCULINO,VENADO TUERTO,RENOVACIÓN,"A.2.1, B.2",12/mar/2025,12/mar/2025,12/mar/2030,VIGENTE
FEMENINO,VENADO TUERTO,ORIGINAL,A.2.1,12/mar/2025,12/mar/2025,12/mar/2030,VIGENTE
MASCULINO,VENADO TUERTO,RENOVACIÓN,B.2,12/mar/2025,12/mar/2025,12/mar/2030,VIGENTE
MASCULINO,VENADO TUERTO,RENOVACIÓN,"A.2.1, E.1, E.2",12/mar/2025,12/mar/2025,12/mar/2026,VIGENTE
MASCULINO,VENADO TUERTO,RENOVACIÓN,B.2,12/mar/2025,12/mar/2025,12/mar/2026,VIGENTE
MASCULINO,VENADO TUERTO,RENOVACIÓN,B.1,12/mar/2025,12/mar/2025,12/mar/2028,VIGENTE
MASCULINO,VENADO TUERTO,ORIGINAL,"A.2.1, B.2",12/mar/2025,12/mar/2025,12/mar/2030,VIGENTE
MASCULINO,VENADO TUERTO,RENOVACIÓN,B.2,12/mar/2025,12/mar/2025,12/mar/2026,VIGENTE
FEMENINO,VENADO TUERTO,RENOVACIÓN CON AMPLIACIÓN,"A.3, B.2",12/mar/2025,12/mar/2025,12/mar/2030,VIGENTE
MASCULINO,VENADO TUERTO,RENOVACIÓN,"A.2.2, B.1",12/mar/2025,12/mar/2025,12/mar/2026,VIGENTE
MASCULINO,VENADO TUERTO,RENOVACIÓN,E.1,12/mar/2025,12/mar/2025,12/mar/2026,VIGENTE
MASCULINO,VENADO TUERTO,RENOVACIÓN,B.2,12/mar/2025,12/mar/2025,12/mar/2028,VIGENTE
MASCULINO,VENADO TUERTO,RENOVACIÓN,"A.2.1, B.1",12/mar/2025,12/mar/2025,12/mar/2030,VIGENTE
FEMENINO,VENADO TUERTO,RENOVACIÓN,B.2,12/mar/2025,12/mar/2025,12/mar/2026,VIGENTE
FEMENINO,VENADO TUERTO,RENOVACIÓN,B.2,12/mar/2025,12/mar/2025,12/mar/2028,VIGENTE
FEMENINO,VENADO TUERTO,RENOVACIÓN,"A.2.1, B.2",12/mar/2025,12/mar/2025,12/mar/2030,VIGENTE
FEMENINO,VENADO TUERTO,RENOVACIÓN,"A.2.1, B.1",12/mar/2025,12/mar/2025,12/mar/2030,VIGENTE
MASCULINO,VENADO TUERTO,RENOVACIÓN,E.1,12/mar/2025,12/mar/2025,12/mar/2026,VIGENTE
MASCULINO,VENADO TUERTO,RENOVACIÓN,B.2,12/mar/2025,12/mar/2025,12/mar/2030,VIGENTE
FEMENINO,VENADO TUERTO,RENOVACIÓN CON AMPLIACIÓN,"A.2.1, B.1",12/mar/2025,12/mar/2025,12/mar/2030,VIGENTE
FEMENINO,VENADO TUERTO,RENOVACIÓN,B.1,12/mar/2025,12/mar/2025,12/mar/2030,VIGENTE
MASCULINO,VENADO TUERTO,RENOVACIÓN,"A.2.2, E.1",12/mar/2025,12/mar/2025,12/mar/2026,VIGENTE
FEMENINO,VENADO TUERTO,ORIGINAL,B.1,12/mar/2025,12/mar/2025,12/mar/2026,VIGENTE
FEMENINO,VENADO TUERTO,RENOVACIÓN,B.1,12/mar/2025,12/mar/2025,12/mar/2028,VIGENTE
FEMENINO,VENADO TUERTO,RENOVACIÓN,B.1,12/mar/2025,12/mar/2025,12/mar/2030,VIGENTE
FEMENINO,VENADO TUERTO,RENOVACIÓN,B.2,12/mar/2025,12/mar/2025,12/mar/2026,VIGENTE
MASCULINO,VENADO TUERTO,RENOVACIÓN,"A.2.1, B.2",12/mar/2025,12/mar/2025,12/mar/2030,VIGENTE
MASCULINO,VENADO TUERTO,RENOVACIÓN,E.1,12/mar/2025,12/mar/2025,12/mar/2026,VIGENTE
FEMENINO,VENADO TUERTO,RENOVACIÓN,B.2,12/mar/2025,12/mar/2025,12/mar/2026,VIGENTE
MASCULINO,VENADO TUERTO,RENOVACIÓN,B.1,13/mar/2025,27/sept/2024,13/mar/2026,VIGENTE
MASCULINO,VENADO TUERTO,RENOVACIÓN,"A.2.2, B.2",13/mar/2025,21/ene/2025,13/mar/2030,VIGENTE
MASCULINO,VENADO TUERTO,RENOVACIÓN,"A.3, E.1",13/mar/2025,7/mar/2025,13/mar/2026,VIGENTE
MASCULINO,VENADO TUERTO,ORIGINAL,B.1,13/mar/2025,12/mar/2025,13/mar/2026,VIGENTE
MASCULINO,VENADO TUERTO,ORIGINAL,A.2.1,13/mar/2025,12/mar/2025,13/mar/2026,VIGENTE
FEMENINO,VENADO TUERTO,ORIGINAL,B.1,13/mar/2025,12/mar/2025,13/mar/2026,VIGENTE
FEMENINO,VENADO TUERTO,ORIGINAL,A.2.1,13/mar/2025,12/mar/2025,13/mar/2030,VIGENTE
MASCULINO,VENADO TUERTO,RENOVACIÓN CON AMPLIACIÓN,"A.2.1, B.2, G.1, G.2",13/mar/2025,13/mar/2025,13/mar/2030,VIGENTE
FEMENINO,VENADO TUERTO,RENOVACIÓN CON AMPLIACIÓN,"A.2.1, B.1",13/mar/2025,13/mar/2025,13/mar/2030,VIGENTE
MASCULINO,VENADO TUERTO,RENOVACIÓN,"A.2.2, B.2",13/mar/2025,13/mar/2025,13/mar/2030,VIGENTE
FEMENINO,VENADO TUERTO,ORIGINAL,B.1,13/mar/2025,13/mar/2025,13/mar/2030,VIGENTE
MASCULINO,VENADO TUERTO,RENOVACIÓN,B.2,13/mar/2025,13/mar/2025,13/mar/2026,VIGENTE
MASCULINO,VENADO TUERTO,RENOVACIÓN,"A.3, E.1",13/mar/2025,13/mar/2025,13/mar/2026,VIGENTE
MASCULINO,VENADO TUERTO,RENOVACIÓN,E.1,13/mar/2025,13/mar/2025,13/mar/2026,VIGENTE
MASCULINO,VENADO TUERTO,RENOVACIÓN CON AMPLIACIÓN,"A.2.1, D.1, D.3, E.1",13/mar/2025,13/mar/2025,13/mar/2027,VIGENTE
MASCULINO,VENADO TUERTO,RENOVACIÓN,B.1,13/mar/2025,13/mar/2025,13/mar/2026,VIGENTE
FEMENINO,VENADO TUERTO,ORIGINAL,"A.2.1, B.2",13/mar/2025,13/mar/2025,13/mar/2030,VIGENTE
FEMENINO,VENADO TUERTO,RENOVACIÓN,"A.2.1, B.2, D.1, D.3",13/mar/2025,13/mar/2025,13/mar/2026,VIGENTE
MASCULINO,VENADO TUERTO,RENOVACIÓN,E.1,13/mar/2025,13/mar/2025,13/mar/2026,VIGENTE
MASCULINO,VENADO TUERTO,RENOVACIÓN,D.1,13/mar/2025,13/mar/2025,13/mar/2026,VIGENTE
MASCULINO,VENADO TUERTO,RENOVACIÓN,"A.2.1, B.2",13/mar/2025,13/mar/2025,13/mar/2030,VIGENTE
MASCULINO,VENADO TUERTO,RENOVACIÓN,"A.2.2, E.1",13/mar/2025,13/mar/2025,13/mar/2026,VIGENTE
FEMENINO,VENADO TUERTO,RENOVACIÓN CON AMPLIACIÓN,"A.2.1, B.1",13/mar/2025,13/mar/2025,13/mar/2028,VIGENTE
MASCULINO,VENADO TUERTO,RENOVACIÓN,"A.2.1, E.1",13/mar/2025,13/mar/2025,13/mar/2027,VIGENTE
MASCULINO,VENADO TUERTO,RENOVACIÓN,B.2,13/mar/2025,13/mar/2025,13/mar/2026,VIGENTE
FEMENINO,VENADO TUERTO,RENOVACIÓN,A.2.1,13/mar/2025,13/mar/2025,13/mar/2030,VIGENTE
MASCULINO,VENADO TUERTO,RENOVACIÓN CON AMPLIACIÓN,"A.2.2, B.1",13/mar/2025,13/mar/2025,13/mar/2030,VIGENTE
MASCULINO,VENADO TUERTO,RENOVACIÓN,"A.2.1, B.1",13/mar/2025,13/mar/2025,13/mar/2028,VIGENTE
FEMENINO,VENADO TUERTO,RENOVACIÓN,B.1,13/mar/2025,13/mar/2025,13/mar/2030,VIGENTE
FEMENINO,VENADO TUERTO,RENOVACIÓN,B.1,13/mar/2025,13/mar/2025,13/mar/2028,VIGENTE
FEMENINO,VENADO TUERTO,ORIGINAL,B.1,13/mar/2025,13/mar/2025,13/mar/2030,VIGENTE
FEMENINO,VENADO TUERTO,RENOVACIÓN,B.2,13/mar/2025,13/mar/2025,13/mar/2026,VIGENTE
MASCULINO,VENADO TUERTO,RENOVACIÓN,"A.2.2, B.2, D.1, D.3",13/mar/2025,13/mar/2025,13/mar/2026,VIGENTE
MASCULINO,VENADO TUERTO,RENOVACIÓN CON AMPLIACIÓN,"A.2.1, E.1",13/mar/2025,13/mar/2025,13/mar/2027,VIGENTE
MASCULINO,VENADO TUERTO,RENOVACIÓN,"A.2.1, B.1",13/mar/2025,13/mar/2025,13/mar/2030,VIGENTE
FEMENINO,VENADO TUERTO,RENOVACIÓN,"A.2.1, B.1, D.3",13/mar/2025,13/mar/2025,13/mar/2027,VIGENTE
MASCULINO,VENADO TUERTO,RENOVACIÓN,"A.2.2, B.2",13/mar/2025,13/mar/2025,13/mar/2030,VIGENTE
MASCULINO,VENADO TUERTO,RENOVACIÓN,B.1,13/mar/2025,13/mar/2025,13/mar/2030,VIGENTE
FEMENINO,VENADO TUERTO,ORIGINAL,A.2.1,13/mar/2025,13/mar/2025,13/mar/2026,VIGENTE
MASCULINO,VENADO TUERTO,RENOVACIÓN,B.2,13/mar/2025,13/mar/2025,13/mar/2026,VIGENTE
MASCULINO,VENADO TUERTO,RENOVACIÓN,"A.2.1, B.1",13/mar/2025,13/mar/2025,13/mar/2028,VIGENTE
MASCULINO,VENADO TUERTO,RENOVACIÓN,B.2,13/mar/2025,13/mar/2025,13/mar/2026,VIGENTE
FEMENINO,VENADO TUERTO,RENOVACIÓN,B.1,13/mar/2025,13/mar/2025,13/mar/2028,VIGENTE
MASCULINO,VENADO TUERTO,RENOVACIÓN,A.2.1,13/mar/2025,13/mar/2025,13/mar/2028,VIGENTE
MASCULINO,VENADO TUERTO,RENOVACIÓN,"A.2.1, B.1",13/mar/2025,13/mar/2025,13/mar/2028,VIGENTE
FEMENINO,VENADO TUERTO,ORIGINAL,B.2,13/mar/2025,13/mar/2025,13/mar/2030,VIGENTE
MASCULINO,VENADO TUERTO,RENOVACIÓN,"A.3, B.2",13/mar/2025,13/mar/2025,13/mar/2030,VIGENTE
FEMENINO,VENADO TUERTO,RENOVACIÓN,B.2,13/mar/2025,13/mar/2025,13/mar/2026,VIGENTE
FEMENINO,VENADO TUERTO,RENOVACIÓN,B.2,13/mar/2025,13/mar/2025,13/mar/2026,VIGENTE
MASCULINO,VENADO TUERTO,ORIGINAL,A.2.1,14/mar/2025,28/feb/2025,14/mar/2030,VIGENTE
MASCULINO,VENADO TUERTO,RENOVACIÓN CON AMPLIACIÓN,B.2,14/mar/2025,13/mar/2025,14/mar/2030,VIGENTE
MASCULINO,VENADO TUERTO,RENOVACIÓN CON AMPLIACIÓN,"A.3, B.2",14/mar/2025,13/mar/2025,14/mar/2030,VIGENTE
MASCULINO,VENADO TUERTO,RENOVACIÓN,E.1,14/mar/2025,14/mar/2025,14/mar/2026,VIGENTE
FEMENINO,VENADO TUERTO,ORIGINAL,"A.2.1, B.1",14/mar/2025,14/mar/2025,14/mar/2026,VIGENTE
MASCULINO,VENADO TUERTO,RENOVACIÓN,B.2,14/mar/2025,14/mar/2025,14/mar/2030,VIGENTE
FEMENINO,VENADO TUERTO,RENOVACIÓN,B.2,14/mar/2025,14/mar/2025,14/mar/2028,VIGENTE
MASCULINO,VENADO TUERTO,ORIGINAL,A.2.1,14/mar/2025,14/mar/2025,14/mar/2026,VIGENTE
FEMENINO,VENADO TUERTO,ORIGINAL,"A.3, B.2, D.3",14/mar/2025,14/mar/2025,14/mar/2027,VIGENTE
MASCULINO,VENADO TUERTO,RENOVACIÓN,B.1,14/mar/2025,14/mar/2025,14/mar/2030,VIGENTE
MASCULINO,VENADO TUERTO,RENOVACIÓN,B.2,14/mar/2025,14/mar/2025,14/mar/2028,VIGENTE
FEMENINO,VENADO TUERTO,ORIGINAL,B.1,14/mar/2025,14/mar/2025,14/mar/2030,VIGENTE
FEMENINO,VENADO TUERTO,RENOVACIÓN CON AMPLIACIÓN,"A.2.1, B.1",14/mar/2025,14/mar/2025,14/mar/2030,VIGENTE
FEMENINO,VENADO TUERTO,ORIGINAL,A.2.1,14/mar/2025,14/mar/2025,14/mar/2030,VIGENTE
FEMENINO,VENADO TUERTO,RENOVACIÓN,B.1,14/mar/2025,14/mar/2025,14/mar/2030,VIGENTE
MASCULINO,VENADO TUERTO,RENOVACIÓN,B.2,14/mar/2025,14/mar/2025,14/mar/2026,VIGENTE
FEMENINO,VENADO TUERTO,RENOVACIÓN,A.2.1,14/mar/2025,14/mar/2025,14/mar/2028,VIGENTE
MASCULINO,VENADO TUERTO,RENOVACIÓN,B.2,14/mar/2025,14/mar/2025,14/mar/2026,VIGENTE
MASCULINO,VENADO TUERTO,RENOVACIÓN,"A.2.1, D.1, E.1",14/mar/2025,14/mar/2025,14/mar/2027,VIGENTE
FEMENINO,VENADO TUERTO,RENOVACIÓN,B.2,14/mar/2025,14/mar/2025,14/mar/2030,VIGENTE
MASCULINO,VENADO TUERTO,RENOVACIÓN,B.2,14/mar/2025,14/mar/2025,14/mar/2030,VIGENTE
FEMENINO,VENADO TUERTO,RENOVACIÓN,B.2,14/mar/2025,14/mar/2025,14/mar/2026,VIGENTE
MASCULINO,VENADO TUERTO,RENOVACIÓN,A.2.1,14/mar/2025,14/mar/2025,14/mar/2028,VIGENTE
MASCULINO,VENADO TUERTO,RENOVACIÓN,"A.2.1, B.2",14/mar/2025,14/mar/2025,14/mar/2030,VIGENTE
FEMENINO,VENADO TUERTO,ORIGINAL,A.2.1,14/mar/2025,14/mar/2025,14/mar/2030,VIGENTE
MASCULINO,VENADO TUERTO,RENOVACIÓN,D.1,14/mar/2025,14/mar/2025,14/mar/2027,VIGENTE
FEMENINO,VENADO TUERTO,RENOVACIÓN,A.2.1,14/mar/2025,14/mar/2025,14/mar/2028,VIGENTE
FEMENINO,VENADO TUERTO,ORIGINAL,A.2.1,14/mar/2025,14/mar/2025,14/mar/2030,VIGENTE
FEMENINO,VENADO TUERTO,ORIGINAL,A.2.1,14/mar/2025,14/mar/2025,14/mar/2030,VIGENTE
MASCULINO,VENADO TUERTO,RENOVACIÓN,"D.1, E.1",14/mar/2025,14/mar/2025,14/mar/2026,VIGENTE
FEMENINO,VENADO TUERTO,RENOVACIÓN,B.2,14/mar/2025,14/mar/2025,14/mar/2026,VIGENTE
MASCULINO,VENADO TUERTO,ORIGINAL,A.2.1,14/mar/2025,14/mar/2025,14/mar/2030,VIGENTE
MASCULINO,VENADO TUERTO,RENOVACIÓN,"A.2.1, E.1",14/mar/2025,14/mar/2025,14/mar/2026,VIGENTE
MASCULINO,VENADO TUERTO,RENOVACIÓN,"A.2.1, B.2",14/mar/2025,14/mar/2025,14/mar/2030,VIGENTE
MASCULINO,VENADO TUERTO,RENOVACIÓN CON AMPLIACIÓN,"A.3, E.1",14/mar/2025,14/mar/2025,14/mar/2026,VIGENTE
FEMENINO,VENADO TUERTO,RENOVACIÓN,B.2,14/mar/2025,14/mar/2025,14/mar/2026,VIGENTE
MASCULINO,VENADO TUERTO,RENOVACIÓN,"A.2.1, E.1",14/mar/2025,14/mar/2025,14/mar/2027,VIGENTE
MASCULINO,VENADO TUERTO,RENOVACIÓN,E.1,14/mar/2025,14/mar/2025,14/mar/2026,VIGENTE
MASCULINO,VENADO TUERTO,RENOVACIÓN,"A.3, E.1, E.2",14/mar/2025,14/mar/2025,14/mar/2026,VIGENTE
MASCULINO,VENADO TUERTO,RENOVACIÓN CON AMPLIACIÓN,"A.2.1, B.2",14/mar/2025,14/mar/2025,14/mar/2026,VIGENTE
MASCULINO,VENADO TUERTO,RENOVACIÓN,"D.1, E.1",14/mar/2025,14/mar/2025,14/mar/2026,VIGENTE
FEMENINO,VENADO TUERTO,ORIGINAL,B.1,14/mar/2025,14/mar/2025,14/mar/2026,VIGENTE
MASCULINO,VENADO TUERTO,RENOVACIÓN,B.2,14/mar/2025,14/mar/2025,14/mar/2026,VIGENTE
MASCULINO,VENADO TUERTO,RENOVACIÓN,"A.3, D.3, E.1, E.2",14/mar/2025,14/mar/2025,14/mar/2026,VIGENTE
MASCULINO,VENADO TUERTO,RENOVACIÓN,"A.2.1, B.1",14/mar/2025,14/mar/2025,14/mar/2030,VIGENTE
FEMENINO,VENADO TUERTO,RENOVACIÓN,B.2,17/mar/2025,15/may/2024,17/mar/2026,VIGENTE
MASCULINO,VENADO TUERTO,RENOVACIÓN CON AMPLIACIÓN,"A.2.1, B.1",17/mar/2025,11/feb/2025,17/mar/2030,VIGENTE
FEMENINO,VENADO TUERTO,RENOVACIÓN,B.1,17/mar/2025,27/feb/2025,17/mar/2030,VIGENTE
FEMENINO,VENADO TUERTO,RENOVACIÓN CON AMPLIACIÓN,"A.2.1, B.1",17/mar/2025,5/mar/2025,17/mar/2030,VIGENTE
FEMENINO,VENADO TUERTO,RENOVACIÓN CON AMPLIACIÓN,"A.2.1, B.1",17/mar/2025,5/mar/2025,17/mar/2030,VIGENTE
MASCULINO,VENADO TUERTO,RENOVACIÓN CON AMPLIACIÓN,"A.3, B.2",17/mar/2025,7/mar/2025,17/mar/2030,VIGENTE
MASCULINO,VENADO TUERTO,RENOVACIÓN,"A.2.1, E.1",17/mar/2025,14/mar/2025,17/mar/2027,VIGENTE
FEMENINO,VENADO TUERTO,DUPLICADO,A.2.1,17/mar/2025,17/mar/2025,22/mar/2029,VIGENTE
FEMENINO,VENADO TUERTO,RENOVACIÓN,A.2.1,17/mar/2025,17/mar/2025,17/mar/2030,VIGENTE
MASCULINO,VENADO TUERTO,RENOVACIÓN,"A.3, E.1",17/mar/2025,17/mar/2025,17/mar/2026,VIGENTE
MASCULINO,VENADO TUERTO,RENOVACIÓN,B.2,17/mar/2025,17/mar/2025,17/mar/2026,VIGENTE
MASCULINO,VENADO TUERTO,RENOVACIÓN,B.2,17/mar/2025,17/mar/2025,17/mar/2026,VIGENTE
FEMENINO,VENADO TUERTO,RENOVACIÓN,B.2,17/mar/2025,17/mar/2025,17/mar/2026,VIGENTE
MASCULINO,VENADO TUERTO,RENOVACIÓN,B.2,17/mar/2025,17/mar/2025,17/mar/2026,VIGENTE
MASCULINO,VENADO TUERTO,ORIGINAL,B.1,17/mar/2025,17/mar/2025,17/mar/2026,VIGENTE
MASCULINO,VENADO TUERTO,RENOVACIÓN,B.1,17/mar/2025,17/mar/2025,17/mar/2030,VIGENTE
MASCULINO,VENADO TUERTO,ORIGINAL,"A.2.2, E.1",17/mar/2025,17/mar/2025,17/mar/2027,VIGENTE
MASCULINO,VENADO TUERTO,RENOVACIÓN,A.2.1,17/mar/2025,17/mar/2025,17/mar/2030,VIGENTE
FEMENINO,VENADO TUERTO,RENOVACIÓN,"A.2.1, B.2",17/mar/2025,17/mar/2025,17/mar/2030,VIGENTE
FEMENINO,VENADO TUERTO,ORIGINAL,"A.2.1, B.1",17/mar/2025,17/mar/2025,17/mar/2030,VIGENTE
MASCULINO,VENADO TUERTO,RENOVACIÓN,"A.2.2, E.1",17/mar/2025,17/mar/2025,17/mar/2027,VIGENTE
MASCULINO,SAN EDUARDO,RENOVACIÓN,E.1,17/mar/2025,17/mar/2025,17/mar/2026,VIGENTE
MASCULINO,VENADO TUERTO,RENOVACIÓN,"A.3, B.2",17/mar/2025,17/mar/2025,17/mar/2030,VIGENTE
FEMENINO,VENADO TUERTO,RENOVACIÓN,B.2,17/mar/2025,17/mar/2025,17/mar/2030,VIGENTE
MASCULINO,VENADO TUERTO,RENOVACIÓN,"A.2.1, B.2",17/mar/2025,17/mar/2025,17/mar/2030,VIGENTE
MASCULINO,VENADO TUERTO,RENOVACIÓN,"A.2.2, E.1",17/mar/2025,17/mar/2025,17/mar/2027,VIGENTE
MASCULINO,VENADO TUERTO,RENOVACIÓN,B.2,17/mar/2025,17/mar/2025,17/mar/2030,VIGENTE
MASCULINO,VENADO TUERTO,RENOVACIÓN,B.1,17/mar/2025,17/mar/2025,17/mar/2030,VIGENTE
MASCULINO,VENADO TUERTO,RENOVACIÓN CON AMPLIACIÓN,"A.2.1, B.1",17/mar/2025,17/mar/2025,17/mar/2030,VIGENTE
MASCULINO,VENADO TUERTO,RENOVACIÓN,"A.2.1, B.1",17/mar/2025,17/mar/2025,17/mar/2028,VIGENTE
MASCULINO,SAN EDUARDO,ORIGINAL,B.1,17/mar/2025,17/mar/2025,17/mar/2030,VIGENTE
FEMENINO,VENADO TUERTO,RENOVACIÓN,B.2,17/mar/2025,17/mar/2025,17/mar/2030,VIGENTE
MASCULINO,VENADO TUERTO,RENOVACIÓN,"A.2.1, B.2",17/mar/2025,17/mar/2025,17/mar/2030,VIGENTE
MASCULINO,VENADO TUERTO,RENOVACIÓN,E.1,17/mar/2025,17/mar/2025,17/mar/2026,VIGENTE
MASCULINO,VENADO TUERTO,RENOVACIÓN,B.2,17/mar/2025,17/mar/2025,17/mar/2026,VIGENTE
FEMENINO,VENADO TUERTO,RENOVACIÓN,"A.3, B.2",17/mar/2025,17/mar/2025,17/mar/2030,VIGENTE
FEMENINO,VENADO TUERTO,RENOVACIÓN,B.2,17/mar/2025,17/mar/2025,17/mar/2026,VIGENTE
MASCULINO,VENADO TUERTO,RENOVACIÓN,"A.2.1, B.2",17/mar/2025,17/mar/2025,17/mar/2030,VIGENTE
MASCULINO,VENADO TUERTO,RENOVACIÓN,B.1,17/mar/2025,17/mar/2025,17/mar/2026,VIGENTE
FEMENINO,VENADO TUERTO,RENOVACIÓN,B.2,17/mar/2025,17/mar/2025,17/mar/2030,VIGENTE
MASCULINO,VENADO TUERTO,RENOVACIÓN,"E.1, G.1, G.2",17/mar/2025,17/mar/2025,17/mar/2027,VIGENTE
MASCULINO,VENADO TUERTO,RENOVACIÓN,"A.2.1, B.2",17/mar/2025,17/mar/2025,17/mar/2030,VIGENTE
MASCULINO,VENADO TUERTO,RENOVACIÓN,"A.2.1, B.2",17/mar/2025,17/mar/2025,17/mar/2028,VIGENTE
FEMENINO,VENADO TUERTO,ORIGINAL,"A.2.1, B.1",17/mar/2025,17/mar/2025,17/mar/2030,VIGENTE
MASCULINO,VENADO TUERTO,RENOVACIÓN,B.2,17/mar/2025,17/mar/2025,17/mar/2026,VIGENTE
FEMENINO,VENADO TUERTO,RENOVACIÓN,B.2,17/mar/2025,17/mar/2025,17/mar/2026,VIGENTE
MASCULINO,VENADO TUERTO,RENOVACIÓN,B.2,18/mar/2025,28/ene/2025,18/mar/2026,VIGENTE
MASCULINO,VENADO TUERTO,ORIGINAL,"A.2.1, B.2",18/mar/2025,5/mar/2025,18/mar/2030,VIGENTE
MASCULINO,VENADO TUERTO,RENOVACIÓN CON AMPLIACIÓN,"A.3, B.2",18/mar/2025,5/mar/2025,18/mar/2030,VIGENTE
FEMENINO,VENADO TUERTO,RENOVACIÓN CON AMPLIACIÓN,"A.3, D.1",18/mar/2025,7/mar/2025,18/mar/2027,VIGENTE
FEMENINO,VENADO TUERTO,RENOVACIÓN CON AMPLIACIÓN,"A.3, B.1, D.3",18/mar/2025,12/mar/2025,18/mar/2027,VIGENTE
MASCULINO,VENADO TUERTO,ORIGINAL,A.2.1,18/mar/2025,17/mar/2025,18/mar/2026,VIGENTE
MASCULINO,VENADO TUERTO,ORIGINAL,A.2.1,18/mar/2025,17/mar/2025,18/mar/2026,VIGENTE
MASCULINO,VENADO TUERTO,RENOVACIÓN,E.1,18/mar/2025,18/mar/2025,18/mar/2026,VIGENTE
MASCULINO,VENADO TUERTO,RENOVACIÓN,"A.2.1, B.1",18/mar/2025,18/mar/2025,18/mar/2028,VIGENTE
FEMENINO,VENADO TUERTO,RENOVACIÓN,B.1,18/mar/2025,18/mar/2025,18/mar/2026,VIGENTE
MASCULINO,VENADO TUERTO,RENOVACIÓN,"A.3, E.1",18/mar/2025,18/mar/2025,18/mar/2027,VIGENTE
MASCULINO,VENADO TUERTO,RENOVACIÓN,"A.2.1, D.1, E.1",18/mar/2025,18/mar/2025,18/mar/2027,VIGENTE
FEMENINO,VENADO TUERTO,RENOVACIÓN CON AMPLIACIÓN,"A.2.1, B.2",18/mar/2025,18/mar/2025,18/mar/2030,VIGENTE
MASCULINO,VENADO TUERTO,RENOVACIÓN,B.1,18/mar/2025,18/mar/2025,18/mar/2028,VIGENTE
MASCULINO,VENADO TUERTO,RENOVACIÓN,"A.3, E.1",18/mar/2025,18/mar/2025,18/mar/2026,VIGENTE
MASCULINO,VENADO TUERTO,RENOVACIÓN,A.2.1,18/mar/2025,18/mar/2025,18/mar/2030,VIGENTE
MASCULINO,VENADO TUERTO,RENOVACIÓN,B.1,18/mar/2025,18/mar/2025,18/mar/2030,VIGENTE
MASCULINO,VENADO TUERTO,RENOVACIÓN,B.1,18/mar/2025,18/mar/2025,18/mar/2030,VIGENTE
MASCULINO,VENADO TUERTO,ORIGINAL,"A.2.1, E.1",18/mar/2025,18/mar/2025,18/mar/2027,VIGENTE
MASCULINO,VENADO TUERTO,RENOVACIÓN,"A.2.2, E.1",18/mar/2025,18/mar/2025,18/mar/2027,VIGENTE
FEMENINO,VENADO TUERTO,RENOVACIÓN,B.2,18/mar/2025,18/mar/2025,18/mar/2030,VIGENTE
MASCULINO,VENADO TUERTO,RENOVACIÓN,"A.2.2, B.1",18/mar/2025,18/mar/2025,18/mar/2030,VIGENTE
MASCULINO,VENADO TUERTO,RENOVACIÓN,"A.2.1, E.1, E.2, G.1",18/mar/2025,18/mar/2025,18/mar/2027,VIGENTE
MASCULINO,VENADO TUERTO,RENOVACIÓN CON AMPLIACIÓN,"A.3, B.1",18/mar/2025,18/mar/2025,18/mar/2030,VIGENTE
FEMENINO,VENADO TUERTO,ORIGINAL,A.2.1,18/mar/2025,18/mar/2025,18/mar/2026,VIGENTE
MASCULINO,VENADO TUERTO,RENOVACIÓN,B.2,18/mar/2025,18/mar/2025,18/mar/2026,VIGENTE
FEMENINO,VENADO TUERTO,RENOVACIÓN,"A.2.1, B.1",18/mar/2025,18/mar/2025,18/mar/2030,VIGENTE
MASCULINO,VENADO TUERTO,RENOVACIÓN,B.2,18/mar/2025,18/mar/2025,18/mar/2028,VIGENTE
MASCULINO,VENADO TUERTO,RENOVACIÓN,"A.2.1, B.1",18/mar/2025,18/mar/2025,18/mar/2028,VIGENTE
FEMENINO,VENADO TUERTO,ORIGINAL,A.2.1,18/mar/2025,18/mar/2025,18/mar/2030,VIGENTE
MASCULINO,VENADO TUERTO,RENOVACIÓN,A.2.1,18/mar/2025,18/mar/2025,18/mar/2028,VIGENTE
MASCULINO,VENADO TUERTO,RENOVACIÓN,B.2,18/mar/2025,18/mar/2025,18/mar/2026,VIGENTE
MASCULINO,VENADO TUERTO,RENOVACIÓN,"A.2.2, B.2, D.1",18/mar/2025,18/mar/2025,18/mar/2026,VIGENTE
FEMENINO,VENADO TUERTO,RENOVACIÓN,"A.2.1, B.1",18/mar/2025,18/mar/2025,18/mar/2030,VIGENTE
FEMENINO,VENADO TUERTO,RENOVACIÓN,A.2.1,18/mar/2025,18/mar/2025,18/mar/2030,VIGENTE
MASCULINO,VENADO TUERTO,RENOVACIÓN,B.2,18/mar/2025,18/mar/2025,18/mar/2030,VIGENTE
MASCULINO,VENADO TUERTO,RENOVACIÓN,E.1,18/mar/2025,18/mar/2025,18/mar/2026,VIGENTE
MASCULINO,VENADO TUERTO,RENOVACIÓN,B.2,18/mar/2025,18/mar/2025,18/mar/2026,VIGENTE
MASCULINO,VENADO TUERTO,RENOVACIÓN,"A.3, B.2",18/mar/2025,18/mar/2025,18/mar/2030,VIGENTE
FEMENINO,VENADO TUERTO,RENOVACIÓN,B.1,18/mar/2025,18/mar/2025,18/mar/2028,VIGENTE
FEMENINO,VENADO TUERTO,ORIGINAL,A.2.1,18/mar/2025,18/mar/2025,18/mar/2030,VIGENTE
MASCULINO,VENADO TUERTO,RENOVACIÓN CON AMPLIACIÓN,"A.3, B.2",18/mar/2025,18/mar/2025,18/mar/2030,VIGENTE
FEMENINO,VENADO TUERTO,ORIGINAL,B.1,18/mar/2025,18/mar/2025,18/mar/2026,VIGENTE
FEMENINO,VENADO TUERTO,RENOVACIÓN,"A.2.1, B.1",18/mar/2025,18/mar/2025,18/mar/2030,VIGENTE
MASCULINO,VENADO TUERTO,RENOVACIÓN,E.1,19/mar/2025,25/feb/2025,19/mar/2026,VIGENTE
MASCULINO,VENADO TUERTO,ORIGINAL,A.2.1,19/mar/2025,28/feb/2025,19/mar/2026,VIGENTE
MASCULINO,VENADO TUERTO,ORIGINAL,"A.2.1, B.1",19/mar/2025,5/mar/2025,19/mar/2026,VIGENTE
MASCULINO,VENADO TUERTO,ORIGINAL,"A.2.1, B.1",19/mar/2025,17/mar/2025,19/mar/2026,VIGENTE
FEMENINO,VENADO TUERTO,ORIGINAL,A.2.1,19/mar/2025,18/mar/2025,19/mar/2030,VIGENTE
MASCULINO,VENADO TUERTO,RENOVACIÓN CON AMPLIACIÓN,"A.2.1, B.2",19/mar/2025,18/mar/2025,19/mar/2030,VIGENTE
FEMENINO,VENADO TUERTO,ORIGINAL,A.2.1,19/mar/2025,18/mar/2025,19/mar/2030,VIGENTE
MASCULINO,VENADO TUERTO,RENOVACIÓN,"A.2.1, E.1",19/mar/2025,19/mar/2025,19/mar/2027,VIGENTE
MASCULINO,VENADO TUERTO,ORIGINAL,"A.2.1, B.1",19/mar/2025,19/mar/2025,19/mar/2030,VIGENTE
MASCULINO,VENADO TUERTO,RENOVACIÓN,"A.2.2, E.1",19/mar/2025,19/mar/2025,19/mar/2026,VIGENTE
MASCULINO,VENADO TUERTO,RENOVACIÓN,"A.2.1, B.2",19/mar/2025,19/mar/2025,19/mar/2030,VIGENTE
MASCULINO,VENADO TUERTO,RENOVACIÓN,B.1,19/mar/2025,19/mar/2025,19/mar/2026,VIGENTE
MASCULINO,VENADO TUERTO,RENOVACIÓN,B.2,19/mar/2025,19/mar/2025,19/mar/2026,VIGENTE
MASCULINO,VENADO TUERTO,RENOVACIÓN,"A.2.1, B.2",19/mar/2025,19/mar/2025,19/mar/2030,VIGENTE
MASCULINO,VENADO TUERTO,RENOVACIÓN,"A.2.1, D.1, D.3, E.1",19/mar/2025,19/mar/2025,19/mar/2027,VIGENTE
MASCULINO,VENADO TUERTO,RENOVACIÓN,"A.3, E.1",19/mar/2025,19/mar/2025,19/mar/2026,VIGENTE
MASCULINO,VENADO TUERTO,RENOVACIÓN,"B.2, E.2, G.1",19/mar/2025,19/mar/2025,19/mar/2026,VIGENTE
MASCULINO,VENADO TUERTO,RENOVACIÓN,A.2.1,19/mar/2025,19/mar/2025,19/mar/2028,VIGENTE
MASCULINO,VENADO TUERTO,RENOVACIÓN,C,19/mar/2025,19/mar/2025,19/mar/2026,VIGENTE
FEMENINO,VENADO TUERTO,RENOVACIÓN,"A.2.1, B.2",19/mar/2025,19/mar/2025,19/mar/2030,VIGENTE
MASCULINO,VENADO TUERTO,RENOVACIÓN,"A.2.2, E.1, E.2, G.1",19/mar/2025,19/mar/2025,19/mar/2026,VIGENTE
MASCULINO,VENADO TUERTO,RENOVACIÓN,"A.2.1, E.1",19/mar/2025,19/mar/2025,19/mar/2026,VIGENTE
MASCULINO,VENADO TUERTO,RENOVACIÓN,"A.2.2, B.2",19/mar/2025,19/mar/2025,19/mar/2030,VIGENTE
MASCULINO,VENADO TUERTO,ORIGINAL,A.2.1,19/mar/2025,19/mar/2025,19/mar/2030,VIGENTE
FEMENINO,VENADO TUERTO,RENOVACIÓN,B.2,19/mar/2025,19/mar/2025,19/mar/2026,VIGENTE
MASCULINO,VENADO TUERTO,RENOVACIÓN,"A.2.1, B.2",19/mar/2025,19/mar/2025,19/mar/2028,VIGENTE
MASCULINO,VENADO TUERTO,RENOVACIÓN,"A.2.1, E.1",19/mar/2025,19/mar/2025,19/mar/2027,VIGENTE
FEMENINO,VENADO TUERTO,ORIGINAL,"A.2.1, B.1",19/mar/2025,19/mar/2025,19/mar/2030,VIGENTE
MASCULINO,VENADO TUERTO,RENOVACIÓN,E.1,19/mar/2025,19/mar/2025,19/mar/2026,VIGENTE
MASCULINO,VENADO TUERTO,ORIGINAL,A.2.1,19/mar/2025,19/mar/2025,19/mar/2030,VIGENTE
MASCULINO,VENADO TUERTO,RENOVACIÓN,B.2,19/mar/2025,19/mar/2025,19/mar/2026,VIGENTE
FEMENINO,VENADO TUERTO,RENOVACIÓN,B.2,19/mar/2025,19/mar/2025,19/mar/2026,VIGENTE
MASCULINO,VENADO TUERTO,RENOVACIÓN,B.2,19/mar/2025,19/mar/2025,19/mar/2026,VIGENTE
FEMENINO,VENADO TUERTO,RENOVACIÓN,B.1,19/mar/2025,19/mar/2025,19/mar/2028,VIGENTE
FEMENINO,VENADO TUERTO,RENOVACIÓN,"A.2.1, B.1",19/mar/2025,19/mar/2025,19/mar/2030,VIGENTE
MASCULINO,VENADO TUERTO,RENOVACIÓN,"A.2.2, B.1",19/mar/2025,19/mar/2025,19/mar/2030,VIGENTE
MASCULINO,VENADO TUERTO,RENOVACIÓN,B.2,19/mar/2025,19/mar/2025,19/mar/2026,VIGENTE
FEMENINO,VENADO TUERTO,ORIGINAL,A.2.1,19/mar/2025,19/mar/2025,19/mar/2026,VIGENTE
FEMENINO,VENADO TUERTO,RENOVACIÓN,B.2,19/mar/2025,19/mar/2025,19/mar/2030,VIGENTE
MASCULINO,VENADO TUERTO,RENOVACIÓN,B.1,19/mar/2025,19/mar/2025,19/mar/2028,VIGENTE
MASCULINO,VENADO TUERTO,RENOVACIÓN,B.1,19/mar/2025,19/mar/2025,19/mar/2026,VIGENTE
MASCULINO,VENADO TUERTO,RENOVACIÓN,"A.2.2, E.1",19/mar/2025,19/mar/2025,19/mar/2026,VIGENTE
MASCULINO,VENADO TUERTO,RENOVACIÓN,B.1,19/mar/2025,19/mar/2025,19/mar/2026,VIGENTE
MASCULINO,VENADO TUERTO,RENOVACIÓN,A.2.1,19/mar/2025,19/mar/2025,19/mar/2028,VIGENTE
FEMENINO,VENADO TUERTO,RENOVACIÓN,A.2.1,19/mar/2025,19/mar/2025,19/mar/2030,VIGENTE
FEMENINO,VENADO TUERTO,ORIGINAL,B.1,19/mar/2025,19/mar/2025,19/mar/2030,VIGENTE
FEMENINO,VENADO TUERTO,ORIGINAL,"A.2.1, B.1",19/mar/2025,19/mar/2025,19/mar/2030,VIGENTE
MASCULINO,VENADO TUERTO,RENOVACIÓN,B.2,19/mar/2025,19/mar/2025,19/mar/2030,VIGENTE
FEMENINO,VENADO TUERTO,ORIGINAL,A.2.1,19/mar/2025,19/mar/2025,19/mar/2030,VIGENTE
MASCULINO,VENADO TUERTO,RENOVACIÓN,"A.2.1, E.1",19/mar/2025,19/mar/2025,19/mar/2026,VIGENTE
MASCULINO,VENADO TUERTO,ORIGINAL,A.2.1,19/mar/2025,19/mar/2025,19/mar/2030,VIGENTE
MASCULINO,VENADO TUERTO,RENOVACIÓN,"A.2.1, B.1",19/mar/2025,19/mar/2025,19/mar/2030,VIGENTE
MASCULINO,VENADO TUERTO,ORIGINAL,A.2.1,20/mar/2025,7/mar/2025,20/mar/2030,VIGENTE
MASCULINO,VENADO TUERTO,RENOVACIÓN CON AMPLIACIÓN,"A.2.2, D.1, E.1, G.1, G.2",20/mar/2025,13/mar/2025,20/mar/2027,VIGENTE
FEMENINO,VENADO TUERTO,RENOVACIÓN,B.2,20/mar/2025,17/mar/2025,20/mar/2028,VIGENTE
MASCULINO,VENADO TUERTO,RENOVACIÓN CON AMPLIACIÓN,"A.3, B.2",20/mar/2025,19/mar/2025,20/mar/2030,VIGENTE
MASCULINO,VENADO TUERTO,RENOVACIÓN CON AMPLIACIÓN,"A.2.1, B.2",20/mar/2025,19/mar/2025,20/mar/2026,VIGENTE
MASCULINO,VENADO TUERTO,RENOVACIÓN,"A.3, B.2, C, G.2",20/mar/2025,20/mar/2025,20/mar/2027,VIGENTE
FEMENINO,VENADO TUERTO,RENOVACIÓN,B.1,20/mar/2025,20/mar/2025,20/mar/2030,VIGENTE
MASCULINO,VENADO TUERTO,RENOVACIÓN,B.1,20/mar/2025,20/mar/2025,20/mar/2028,VIGENTE
MASCULINO,VENADO TUERTO,RENOVACIÓN,"A.2.2, B.2",20/mar/2025,20/mar/2025,20/mar/2030,VIGENTE
MASCULINO,VENADO TUERTO,RENOVACIÓN,"A.2.1, B.2",20/mar/2025,20/mar/2025,20/mar/2030,VIGENTE
FEMENINO,VENADO TUERTO,RENOVACIÓN,B.2,20/mar/2025,20/mar/2025,20/mar/2026,VIGENTE
MASCULINO,VENADO TUERTO,RENOVACIÓN,B.2,20/mar/2025,20/mar/2025,20/mar/2026,VIGENTE
MASCULINO,VENADO TUERTO,RENOVACIÓN CON AMPLIACIÓN,"A.2.1, E.1",20/mar/2025,20/mar/2025,20/mar/2027,VIGENTE
FEMENINO,VENADO TUERTO,RENOVACIÓN,B.1,20/mar/2025,20/mar/2025,20/mar/2028,VIGENTE
MASCULINO,VENADO TUERTO,RENOVACIÓN,A.2.1,20/mar/2025,20/mar/2025,20/mar/2028,VIGENTE
MASCULINO,VENADO TUERTO,RENOVACIÓN,B.1,20/mar/2025,20/mar/2025,20/mar/2028,VIGENTE
FEMENINO,VENADO TUERTO,RENOVACIÓN CON AMPLIACIÓN,"A.2.1, B.1",20/mar/2025,20/mar/2025,20/mar/2030,VIGENTE
FEMENINO,VENADO TUERTO,RENOVACIÓN,B.2,20/mar/2025,20/mar/2025,20/mar/2030,VIGENTE
FEMENINO,VENADO TUERTO,RENOVACIÓN,A.2.1,20/mar/2025,20/mar/2025,20/mar/2028,VIGENTE
FEMENINO,VENADO TUERTO,RENOVACIÓN,B.1,20/mar/2025,20/mar/2025,20/mar/2030,VIGENTE
MASCULINO,VENADO TUERTO,RENOVACIÓN,B.2,20/mar/2025,20/mar/2025,20/mar/2028,VIGENTE
FEMENINO,VENADO TUERTO,ORIGINAL,A.2.1,20/mar/2025,20/mar/2025,20/mar/2030,VIGENTE
FEMENINO,VENADO TUERTO,RENOVACIÓN,B.2,20/mar/2025,20/mar/2025,20/mar/2026,VIGENTE
MASCULINO,VENADO TUERTO,RENOVACIÓN,"A.2.1, E.1",20/mar/2025,20/mar/2025,20/mar/2027,VIGENTE
MASCULINO,VENADO TUERTO,RENOVACIÓN,"A.2.2, B.2",20/mar/2025,20/mar/2025,20/mar/2030,VIGENTE
FEMENINO,VENADO TUERTO,DUPLICADO,A.2.1,20/mar/2025,20/mar/2025,6/ago/2029,VIGENTE
FEMENINO,VENADO TUERTO,RENOVACIÓN,B.1,20/mar/2025,20/mar/2025,20/mar/2030,VIGENTE
MASCULINO,VENADO TUERTO,RENOVACIÓN,E.1,20/mar/2025,20/mar/2025,20/mar/2027,VIGENTE
MASCULINO,VENADO TUERTO,RENOVACIÓN,"A.2.1, B.2",20/mar/2025,20/mar/2025,20/mar/2030,VIGENTE
MASCULINO,VENADO TUERTO,RENOVACIÓN,B.2,20/mar/2025,20/mar/2025,20/mar/2026,VIGENTE
MASCULINO,VENADO TUERTO,RENOVACIÓN,A.2.1,20/mar/2025,20/mar/2025,20/mar/2030,VIGENTE
MASCULINO,VENADO TUERTO,RENOVACIÓN CON AMPLIACIÓN,"A.3, B.2",20/mar/2025,20/mar/2025,20/mar/2030,VIGENTE
MASCULINO,VENADO TUERTO,ORIGINAL,B.1,20/mar/2025,20/mar/2025,20/mar/2026,VIGENTE
FEMENINO,VENADO TUERTO,RENOVACIÓN,"A.2.1, B.2, C",20/mar/2025,20/mar/2025,20/mar/2026,VIGENTE
FEMENINO,VENADO TUERTO,RENOVACIÓN,"A.2.1, B.2",20/mar/2025,20/mar/2025,20/mar/2026,VIGENTE
MASCULINO,VENADO TUERTO,RENOVACIÓN CON AMPLIACIÓN,"A.2.1, E.1",20/mar/2025,20/mar/2025,20/mar/2027,VIGENTE
MASCULINO,VENADO TUERTO,RENOVACIÓN CON AMPLIACIÓN,"A.3, E.1",20/mar/2025,20/mar/2025,20/mar/2027,VIGENTE
FEMENINO,VENADO TUERTO,ORIGINAL,B.1,21/mar/2025,22/ene/2025,21/mar/2026,VIGENTE
FEMENINO,VENADO TUERTO,ORIGINAL,A.2.1,21/mar/2025,21/feb/2025,21/mar/2030,VIGENTE
MASCULINO,VENADO TUERTO,ORIGINAL,A.2.1,21/mar/2025,12/mar/2025,21/mar/2030,VIGENTE
MASCULINO,VENADO TUERTO,RENOVACIÓN,"A.2.1, B.1",21/mar/2025,17/mar/2025,21/mar/2030,VIGENTE
MASCULINO,VENADO TUERTO,RENOVACIÓN CON AMPLIACIÓN,"A.2.1, B.2",21/mar/2025,19/mar/2025,21/mar/2030,VIGENTE
FEMENINO,VENADO TUERTO,RENOVACIÓN CON AMPLIACIÓN,"A.2.1, B.2",21/mar/2025,19/mar/2025,21/mar/2030,VIGENTE
FEMENINO,VENADO TUERTO,ORIGINAL,A.2.1,21/mar/2025,19/mar/2025,21/mar/2026,VIGENTE
FEMENINO,VENADO TUERTO,RENOVACIÓN CON AMPLIACIÓN,"A.2.1, B.2",21/mar/2025,19/mar/2025,21/mar/2030,VIGENTE
MASCULINO,VENADO TUERTO,ORIGINAL,B.1,21/mar/2025,20/mar/2025,21/mar/2026,VIGENTE
MASCULINO,VENADO TUERTO,RENOVACIÓN,"A.2.1, B.2",21/mar/2025,20/mar/2025,21/mar/2030,VIGENTE
MASCULINO,VENADO TUERTO,ORIGINAL,A.2.1,21/mar/2025,20/mar/2025,21/mar/2026,VIGENTE
FEMENINO,VENADO TUERTO,RENOVACIÓN,"A.2.1, B.2",21/mar/2025,21/mar/2025,21/mar/2030,VIGENTE
MASCULINO,VENADO TUERTO,RENOVACIÓN,"A.2.1, E.1",21/mar/2025,21/mar/2025,21/mar/2026,VIGENTE
FEMENINO,VENADO TUERTO,RENOVACIÓN,B.2,21/mar/2025,21/mar/2025,21/mar/2030,VIGENTE
MASCULINO,VENADO TUERTO,ORIGINAL,A.2.1,21/mar/2025,21/mar/2025,21/mar/2026,VIGENTE
MASCULINO,VENADO TUERTO,RENOVACIÓN,B.2,21/mar/2025,21/mar/2025,21/mar/2026,VIGENTE
FEMENINO,VENADO TUERTO,RENOVACIÓN,"A.2.1, B.1",21/mar/2025,21/mar/2025,21/mar/2030,VIGENTE
MASCULINO,VENADO TUERTO,RENOVACIÓN,"A.2.1, E.1",21/mar/2025,21/mar/2025,21/mar/2026,VIGENTE
MASCULINO,VENADO TUERTO,RENOVACIÓN,B.2,21/mar/2025,21/mar/2025,21/mar/2026,VIGENTE
MASCULINO,VENADO TUERTO,ORIGINAL,B.2,21/mar/2025,21/mar/2025,21/mar/2028,VIGENTE
MASCULINO,VENADO TUERTO,RENOVACIÓN,"A.2.1, B.1",21/mar/2025,21/mar/2025,21/mar/2030,VIGENTE
MASCULINO,VENADO TUERTO,RENOVACIÓN,B.2,21/mar/2025,21/mar/2025,21/mar/2030,VIGENTE
MASCULINO,VENADO TUERTO,RENOVACIÓN CON AMPLIACIÓN,E.1,21/mar/2025,21/mar/2025,21/mar/2026,VIGENTE
FEMENINO,VENADO TUERTO,RENOVACIÓN,"A.2.1, B.1",21/mar/2025,21/mar/2025,21/mar/2030,VIGENTE
MASCULINO,VENADO TUERTO,RENOVACIÓN,B.1,21/mar/2025,21/mar/2025,21/mar/2028,VIGENTE
MASCULINO,VENADO TUERTO,RENOVACIÓN,E.1,21/mar/2025,21/mar/2025,21/mar/2026,VIGENTE
MASCULINO,VENADO TUERTO,RENOVACIÓN,B.2,21/mar/2025,21/mar/2025,21/mar/2026,VIGENTE
FEMENINO,VENADO TUERTO,RENOVACIÓN,B.2,21/mar/2025,21/mar/2025,21/mar/2026,VIGENTE
FEMENINO,VENADO TUERTO,RENOVACIÓN,A.2.1,21/mar/2025,21/mar/2025,21/mar/2028,VIGENTE
MASCULINO,VENADO TUERTO,RENOVACIÓN CON AMPLIACIÓN,"A.3, B.2, D.1, D.3",21/mar/2025,21/mar/2025,21/mar/2027,VIGENTE
MASCULINO,VENADO TUERTO,RENOVACIÓN,B.1,21/mar/2025,21/mar/2025,21/mar/2028,VIGENTE
FEMENINO,VENADO TUERTO,RENOVACIÓN,A.2.1,21/mar/2025,21/mar/2025,21/mar/2030,VIGENTE
MASCULINO,VENADO TUERTO,RENOVACIÓN CON AMPLIACIÓN,"A.3, B.2",21/mar/2025,21/mar/2025,21/mar/2030,VIGENTE
MASCULINO,VENADO TUERTO,ORIGINAL,"A.2.1, B.1",21/mar/2025,21/mar/2025,21/mar/2026,VIGENTE
MASCULINO,VENADO TUERTO,ORIGINAL,"A.2.1, B.1",21/mar/2025,21/mar/2025,21/mar/2030,VIGENTE
MASCULINO,VENADO TUERTO,RENOVACIÓN,"A.3, B.2",21/mar/2025,21/mar/2025,21/mar/2030,VIGENTE
MASCULINO,VENADO TUERTO,RENOVACIÓN,B.1,21/mar/2025,21/mar/2025,21/mar/2030,VIGENTE
FEMENINO,VENADO TUERTO,RENOVACIÓN CON AMPLIACIÓN,"A.2.1, B.1",21/mar/2025,21/mar/2025,21/mar/2030,VIGENTE
MASCULINO,VENADO TUERTO,RENOVACIÓN,"A.2.1, B.1",21/mar/2025,21/mar/2025,21/mar/2030,VIGENTE
MASCULINO,VENADO TUERTO,RENOVACIÓN,B.2,21/mar/2025,21/mar/2025,21/mar/2026,VIGENTE
MASCULINO,VENADO TUERTO,RENOVACIÓN,"A.2.2, B.2, D.1, D.3",21/mar/2025,21/mar/2025,21/mar/2027,VIGENTE
MASCULINO,VENADO TUERTO,RENOVACIÓN,"A.3, E.1, E.2",21/mar/2025,21/mar/2025,21/mar/2026,VIGENTE
FEMENINO,VENADO TUERTO,RENOVACIÓN,B.2,21/mar/2025,21/mar/2025,21/mar/2028,VIGENTE
MASCULINO,VENADO TUERTO,RENOVACIÓN,B.1,21/mar/2025,21/mar/2025,21/mar/2030,VIGENTE
FEMENINO,VENADO TUERTO,ORIGINAL,A.2.1,21/mar/2025,21/mar/2025,21/mar/2030,VIGENTE
MASCULINO,VENADO TUERTO,RENOVACIÓN,"A.2.1, B.2",21/mar/2025,21/mar/2025,21/mar/2030,VIGENTE
FEMENINO,VENADO TUERTO,ORIGINAL,"A.2.1, B.1",21/mar/2025,21/mar/2025,21/mar/2030,VIGENTE
FEMENINO,VENADO TUERTO,RENOVACIÓN,B.2,21/mar/2025,21/mar/2025,21/mar/2030,VIGENTE
MASCULINO,VENADO TUERTO,RENOVACIÓN CON AMPLIACIÓN,"A.2.1, D.3, E.1, E.2",21/mar/2025,21/mar/2025,21/mar/2027,VIGENTE
MASCULINO,VENADO TUERTO,RENOVACIÓN,"A.2.1, B.2",21/mar/2025,21/mar/2025,21/mar/2030,VIGENTE
MASCULINO,VENADO TUERTO,ORIGINAL,A.2.1,21/mar/2025,21/mar/2025,21/mar/2026,VIGENTE
MASCULINO,VENADO TUERTO,RENOVACIÓN CON AMPLIACIÓN,"A.2.1, B.1",21/mar/2025,21/mar/2025,21/mar/2028,VIGENTE
MASCULINO,VENADO TUERTO,RENOVACIÓN,B.2,21/mar/2025,21/mar/2025,21/mar/2026,VIGENTE
MASCULINO,VENADO TUERTO,RENOVACIÓN,B.1,21/mar/2025,21/mar/2025,21/mar/2030,VIGENTE
FEMENINO,VENADO TUERTO,RENOVACIÓN,A.2.1,21/mar/2025,21/mar/2025,21/mar/2030,VIGENTE
MASCULINO,VENADO TUERTO,RENOVACIÓN,"A.2.1, B.2",21/mar/2025,21/mar/2025,21/mar/2028,VIGENTE
MASCULINO,VENADO TUERTO,RENOVACIÓN,D.1,21/mar/2025,21/mar/2025,21/mar/2026,VIGENTE
FEMENINO,VENADO TUERTO,ORIGINAL,A.2.1,21/mar/2025,21/mar/2025,21/mar/2028,VIGENTE
FEMENINO,VENADO TUERTO,ORIGINAL,"A.2.1, B.2",25/mar/2025,7/mar/2025,25/mar/2030,VIGENTE
FEMENINO,VENADO TUERTO,ORIGINAL,"A.2.1, B.1",25/mar/2025,12/mar/2025,25/mar/2026,VIGENTE
FEMENINO,VENADO TUERTO,ORIGINAL,B.1,25/mar/2025,13/mar/2025,25/mar/2030,VIGENTE
MASCULINO,VENADO TUERTO,ORIGINAL,A.2.1,25/mar/2025,21/mar/2025,25/mar/2030,VIGENTE
MASCULINO,VENADO TUERTO,RENOVACIÓN CON AMPLIACIÓN,"A.2.1, B.2",25/mar/2025,21/mar/2025,25/mar/2030,VIGENTE
FEMENINO,VENADO TUERTO,RENOVACIÓN,"A.2.1, B.2",25/mar/2025,25/mar/2025,25/mar/2028,VIGENTE
MASCULINO,VENADO TUERTO,RENOVACIÓN,B.2,25/mar/2025,25/mar/2025,25/mar/2026,VIGENTE
MASCULINO,VENADO TUERTO,RENOVACIÓN,B.2,25/mar/2025,25/mar/2025,25/mar/2026,VIGENTE
FEMENINO,VENADO TUERTO,RENOVACIÓN,B.2,25/mar/2025,25/mar/2025,25/mar/2026,VIGENTE
MASCULINO,VENADO TUERTO,RENOVACIÓN,"A.2.1, B.2",25/mar/2025,25/mar/2025,25/mar/2030,VIGENTE
MASCULINO,VENADO TUERTO,RENOVACIÓN,B.2,25/mar/2025,25/mar/2025,25/mar/2026,VIGENTE
FEMENINO,VENADO TUERTO,RENOVACIÓN CON AMPLIACIÓN,"A.2.1, B.2",25/mar/2025,25/mar/2025,25/mar/2030,VIGENTE
MASCULINO,VENADO TUERTO,RENOVACIÓN CON AMPLIACIÓN,"A.2.1, B.2",25/mar/2025,25/mar/2025,25/mar/2030,VIGENTE
MASCULINO,VENADO TUERTO,ORIGINAL,B.1,25/mar/2025,25/mar/2025,25/mar/2030,VIGENTE
MASCULINO,VENADO TUERTO,RENOVACIÓN,B.2,25/mar/2025,25/mar/2025,25/mar/2026,VIGENTE
MASCULINO,VENADO TUERTO,RENOVACIÓN,B.2,25/mar/2025,25/mar/2025,25/mar/2026,VIGENTE
MASCULINO,VENADO TUERTO,RENOVACIÓN,E.1,25/mar/2025,25/mar/2025,25/mar/2026,VIGENTE
MASCULINO,VENADO TUERTO,RENOVACIÓN,"A.3, E.1, G.1",25/mar/2025,25/mar/2025,25/mar/2026,VIGENTE
MASCULINO,VENADO TUERTO,RENOVACIÓN,"A.2.1, B.1",25/mar/2025,25/mar/2025,25/mar/2028,VIGENTE
MASCULINO,VENADO TUERTO,RENOVACIÓN,B.2,25/mar/2025,25/mar/2025,25/mar/2026,VIGENTE
MASCULINO,VENADO TUERTO,RENOVACIÓN,B.1,25/mar/2025,25/mar/2025,25/mar/2030,VIGENTE
FEMENINO,VENADO TUERTO,RENOVACIÓN,B.2,25/mar/2025,25/mar/2025,25/mar/2026,VIGENTE
MASCULINO,VENADO TUERTO,RENOVACIÓN,"A.2.1, E.1",25/mar/2025,25/mar/2025,25/mar/2027,VIGENTE
FEMENINO,VENADO TUERTO,RENOVACIÓN,B.2,25/mar/2025,25/mar/2025,25/mar/2026,VIGENTE
MASCULINO,VENADO TUERTO,RENOVACIÓN,B.2,25/mar/2025,25/mar/2025,25/mar/2026,VIGENTE
FEMENINO,VENADO TUERTO,RENOVACIÓN,B.1,25/mar/2025,25/mar/2025,25/mar/2030,VIGENTE
FEMENINO,VENADO TUERTO,RENOVACIÓN,"A.2.1, B.1",25/mar/2025,25/mar/2025,25/mar/2030,VIGENTE
MASCULINO,VENADO TUERTO,RENOVACIÓN,"A.2.1, E.1",25/mar/2025,25/mar/2025,25/mar/2027,NO VIGENTE
FEMENINO,VENADO TUERTO,ORIGINAL,B.1,25/mar/2025,25/mar/2025,25/mar/2030,VIGENTE
FEMENINO,VENADO TUERTO,RENOVACIÓN,B.1,25/mar/2025,25/mar/2025,25/mar/2030,VIGENTE
FEMENINO,VENADO TUERTO,RENOVACIÓN,B.1,25/mar/2025,25/mar/2025,25/mar/2030,VIGENTE
MASCULINO,VENADO TUERTO,RENOVACIÓN,B.2,25/mar/2025,25/mar/2025,25/mar/2026,VIGENTE
MASCULINO,VENADO TUERTO,ORIGINAL,A.2.2,25/mar/2025,25/mar/2025,25/mar/2030,VIGENTE
MASCULINO,VENADO TUERTO,RENOVACIÓN,"A.2.1, B.1",25/mar/2025,25/mar/2025,25/mar/2030,VIGENTE
FEMENINO,VENADO TUERTO,ORIGINAL,A.2.1,25/mar/2025,25/mar/2025,25/mar/2030,VIGENTE
FEMENINO,VENADO TUERTO,RENOVACIÓN,A.2.1,26/mar/2025,29/ago/2024,26/mar/2030,VIGENTE
MASCULINO,VENADO TUERTO,ORIGINAL,A.2.1,26/mar/2025,13/mar/2025,26/mar/2030,VIGENTE
MASCULINO,VENADO TUERTO,RENOVACIÓN CON AMPLIACIÓN,"A.2.1, D.1",26/mar/2025,13/mar/2025,26/mar/2027,VIGENTE
FEMENINO,VENADO TUERTO,ORIGINAL,A.2.1,26/mar/2025,21/mar/2025,26/mar/2026,VIGENTE
MASCULINO,VENADO TUERTO,RENOVACIÓN,"A.2.1, B.1",26/mar/2025,25/mar/2025,26/mar/2030,VIGENTE
MASCULINO,VENADO TUERTO,RENOVACIÓN,B.2,26/mar/2025,26/mar/2025,26/mar/2026,VIGENTE
FEMENINO,VENADO TUERTO,ORIGINAL,"A.2.1, B.2",26/mar/2025,26/mar/2025,26/mar/2030,VIGENTE
FEMENINO,VENADO TUERTO,RENOVACIÓN CON AMPLIACIÓN,"A.2.1, B.1",26/mar/2025,26/mar/2025,26/mar/2030,VIGENTE
MASCULINO,VENADO TUERTO,RENOVACIÓN,E.1,26/mar/2025,26/mar/2025,26/mar/2026,VIGENTE
MASCULINO,VENADO TUERTO,RENOVACIÓN,B.2,26/mar/2025,26/mar/2025,26/mar/2030,VIGENTE
MASCULINO,VENADO TUERTO,RENOVACIÓN,E.1,26/mar/2025,26/mar/2025,26/mar/2026,VIGENTE
FEMENINO,VENADO TUERTO,ORIGINAL,B.1,26/mar/2025,26/mar/2025,26/mar/2030,VIGENTE
MASCULINO,VENADO TUERTO,RENOVACIÓN,"A.2.1, B.1",26/mar/2025,26/mar/2025,26/mar/2030,VIGENTE
MASCULINO,VENADO TUERTO,RENOVACIÓN CON AMPLIACIÓN,A.2.2,26/mar/2025,26/mar/2025,26/mar/2030,VIGENTE
MASCULINO,VENADO TUERTO,RENOVACIÓN CON AMPLIACIÓN,A.2.2,26/mar/2025,26/mar/2025,26/mar/2030,VIGENTE
MASCULINO,VENADO TUERTO,RENOVACIÓN,B.1,26/mar/2025,26/mar/2025,26/mar/2030,VIGENTE
FEMENINO,VENADO TUERTO,RENOVACIÓN,B.2,26/mar/2025,26/mar/2025,26/mar/2026,VIGENTE
MASCULINO,VENADO TUERTO,RENOVACIÓN,"A.3, B.2, D.3",26/mar/2025,26/mar/2025,26/mar/2027,VIGENTE
MASCULINO,VENADO TUERTO,RENOVACIÓN,"A.2.1, E.1",26/mar/2025,26/mar/2025,26/mar/2026,VIGENTE
MASCULINO,VENADO TUERTO,RENOVACIÓN,"A.2.1, B.2",26/mar/2025,26/mar/2025,26/mar/2026,VIGENTE
MASCULINO,VENADO TUERTO,RENOVACIÓN,E.1,26/mar/2025,26/mar/2025,26/mar/2027,VIGENTE
FEMENINO,VENADO TUERTO,RENOVACIÓN,B.2,26/mar/2025,26/mar/2025,26/mar/2028,VIGENTE
MASCULINO,VENADO TUERTO,ORIGINAL,A.2.1,26/mar/2025,26/mar/2025,26/mar/2026,VIGENTE
MASCULINO,VENADO TUERTO,RENOVACIÓN,B.2,26/mar/2025,26/mar/2025,26/mar/2026,VIGENTE
MASCULINO,VENADO TUERTO,ORIGINAL,B.1,26/mar/2025,26/mar/2025,26/mar/2026,VIGENTE
MASCULINO,VENADO TUERTO,RENOVACIÓN,"A.3, E.1",26/mar/2025,26/mar/2025,26/mar/2026,VIGENTE
MASCULINO,VENADO TUERTO,RENOVACIÓN,B.1,26/mar/2025,26/mar/2025,26/mar/2030,VIGENTE
MASCULINO,VENADO TUERTO,RENOVACIÓN,"A.2.2, E.1",26/mar/2025,26/mar/2025,26/mar/2027,VIGENTE
MASCULINO,VENADO TUERTO,RENOVACIÓN,"A.2.1, B.1",26/mar/2025,26/mar/2025,26/mar/2028,VIGENTE
MASCULINO,VENADO TUERTO,ORIGINAL,A.2.1,27/mar/2025,13/mar/2025,27/mar/2030,VIGENTE
MASCULINO,VENADO TUERTO,RENOVACIÓN CON AMPLIACIÓN,"A.2.1, B.1",27/mar/2025,13/mar/2025,27/mar/2030,VIGENTE
MASCULINO,VENADO TUERTO,RENOVACIÓN CON AMPLIACIÓN,"A.2.2, B.1",27/mar/2025,13/mar/2025,27/mar/2030,VIGENTE
FEMENINO,VENADO TUERTO,RENOVACIÓN CON AMPLIACIÓN,"A.2.1, B.1",27/mar/2025,17/mar/2025,27/mar/2030,VIGENTE
MASCULINO,VENADO TUERTO,RENOVACIÓN CON AMPLIACIÓN,"A.2.1, E.1",27/mar/2025,26/mar/2025,27/mar/2027,VIGENTE
MASCULINO,VENADO TUERTO,RENOVACIÓN,B.2,27/mar/2025,27/mar/2025,27/mar/2026,VIGENTE
FEMENINO,VENADO TUERTO,RENOVACIÓN,"A.2.1, B.2",27/mar/2025,27/mar/2025,27/mar/2030,VIGENTE
MASCULINO,VENADO TUERTO,RENOVACIÓN CON AMPLIACIÓN,"A.3, B.2",27/mar/2025,27/mar/2025,27/mar/2030,VIGENTE
FEMENINO,VENADO TUERTO,RENOVACIÓN,A.2.1,27/mar/2025,27/mar/2025,27/mar/2028,VIGENTE
MASCULINO,VENADO TUERTO,RENOVACIÓN,"A.3, B.2",27/mar/2025,27/mar/2025,27/mar/2030,VIGENTE
FEMENINO,VENADO TUERTO,ORIGINAL,B.2,27/mar/2025,27/mar/2025,27/mar/2028,VIGENTE
FEMENINO,VENADO TUERTO,RENOVACIÓN,B.2,27/mar/2025,27/mar/2025,27/mar/2026,VIGENTE
MASCULINO,VENADO TUERTO,RENOVACIÓN,B.2,27/mar/2025,27/mar/2025,27/mar/2030,VIGENTE
MASCULINO,VENADO TUERTO,RENOVACIÓN,"A.2.2, B.2",27/mar/2025,27/mar/2025,27/mar/2028,VIGENTE
FEMENINO,VENADO TUERTO,ORIGINAL,A.2.1,27/mar/2025,27/mar/2025,27/mar/2026,VIGENTE
MASCULINO,VENADO TUERTO,RENOVACIÓN,B.1,27/mar/2025,27/mar/2025,27/mar/2026,VIGENTE
MASCULINO,VENADO TUERTO,RENOVACIÓN,B.2,27/mar/2025,27/mar/2025,27/mar/2030,VIGENTE
FEMENINO,VENADO TUERTO,RENOVACIÓN,B.2,27/mar/2025,27/mar/2025,27/mar/2026,VIGENTE
MASCULINO,VENADO TUERTO,RENOVACIÓN CON AMPLIACIÓN,"A.3, E.1",27/mar/2025,27/mar/2025,27/mar/2027,VIGENTE
MASCULINO,VENADO TUERTO,ORIGINAL,"A.2.1, B.2",27/mar/2025,27/mar/2025,27/mar/2030,VIGENTE
MASCULINO,VENADO TUERTO,RENOVACIÓN,"A.2.2, B.1",27/mar/2025,27/mar/2025,27/mar/2030,VIGENTE
MASCULINO,VENADO TUERTO,RENOVACIÓN,"A.2.1, B.2",27/mar/2025,27/mar/2025,27/mar/2030,VIGENTE
FEMENINO,VENADO TUERTO,RENOVACIÓN,B.1,27/mar/2025,27/mar/2025,27/mar/2026,VIGENTE
MASCULINO,VENADO TUERTO,RENOVACIÓN,"A.2.1, E.1",27/mar/2025,27/mar/2025,27/mar/2026,VIGENTE
FEMENINO,VENADO TUERTO,RENOVACIÓN,B.2,27/mar/2025,27/mar/2025,27/mar/2026,VIGENTE
FEMENINO,VENADO TUERTO,RENOVACIÓN,A.2.1,27/mar/2025,27/mar/2025,27/mar/2028,VIGENTE
MASCULINO,VENADO TUERTO,RENOVACIÓN CON AMPLIACIÓN,"A.2.1, E.1",27/mar/2025,27/mar/2025,27/mar/2026,VIGENTE
MASCULINO,VENADO TUERTO,RENOVACIÓN CON AMPLIACIÓN,"A.2.1, B.1",27/mar/2025,27/mar/2025,27/mar/2030,VIGENTE
FEMENINO,VENADO TUERTO,RENOVACIÓN,"A.2.1, B.2",27/mar/2025,27/mar/2025,27/mar/2026,VIGENTE
MASCULINO,VENADO TUERTO,RENOVACIÓN CON AMPLIACIÓN,"A.2.1, E.1",27/mar/2025,27/mar/2025,27/mar/2026,VIGENTE
FEMENINO,VENADO TUERTO,ORIGINAL,A.2.1,27/mar/2025,27/mar/2025,27/mar/2030,VIGENTE
MASCULINO,VENADO TUERTO,ORIGINAL,A.2.1,27/mar/2025,27/mar/2025,27/mar/2026,VIGENTE
FEMENINO,VENADO TUERTO,RENOVACIÓN,A.2.1,27/mar/2025,27/mar/2025,27/mar/2030,VIGENTE
MASCULINO,VENADO TUERTO,RENOVACIÓN,E.1,27/mar/2025,27/mar/2025,27/mar/2027,VIGENTE
MASCULINO,VENADO TUERTO,RENOVACIÓN,B.1,27/mar/2025,27/mar/2025,27/mar/2030,VIGENTE
FEMENINO,VENADO TUERTO,RENOVACIÓN,D.1,27/mar/2025,27/mar/2025,27/mar/2026,VIGENTE
FEMENINO,VENADO TUERTO,RENOVACIÓN CON AMPLIACIÓN,"A.2.1, B.1",27/mar/2025,27/mar/2025,27/mar/2030,VIGENTE
MASCULINO,VENADO TUERTO,RENOVACIÓN,B.2,28/mar/2025,6/ene/2025,28/mar/2026,VIGENTE
MASCULINO,VENADO TUERTO,ORIGINAL,A.2.1,28/mar/2025,10/feb/2025,28/mar/2030,VIGENTE
FEMENINO,VENADO TUERTO,ORIGINAL,A.2.1,28/mar/2025,27/feb/2025,28/mar/2030,VIGENTE
FEMENINO,VENADO TUERTO,ORIGINAL,"A.2.1, B.1",28/mar/2025,17/mar/2025,28/mar/2030,VIGENTE
MASCULINO,VENADO TUERTO,ORIGINAL,B.2,28/mar/2025,18/mar/2025,28/mar/2030,VIGENTE
FEMENINO,VENADO TUERTO,RENOVACIÓN CON AMPLIACIÓN,"A.2.1, B.1",28/mar/2025,26/mar/2025,28/mar/2028,VIGENTE
MASCULINO,VENADO TUERTO,RENOVACIÓN,B.2,28/mar/2025,27/mar/2025,28/mar/2026,VIGENTE
MASCULINO,VENADO TUERTO,ORIGINAL,A.2.1,28/mar/2025,27/mar/2025,28/mar/2026,VIGENTE
MASCULINO,VENADO TUERTO,RENOVACIÓN CON AMPLIACIÓN,"A.2.1, B.1",28/mar/2025,27/mar/2025,28/mar/2030,VIGENTE
FEMENINO,VENADO TUERTO,ORIGINAL,"A.2.1, B.1",28/mar/2025,27/mar/2025,28/mar/2030,VIGENTE
FEMENINO,VENADO TUERTO,ORIGINAL,"A.2.1, B.1",28/mar/2025,27/mar/2025,28/mar/2030,VIGENTE
MASCULINO,VENADO TUERTO,RENOVACIÓN,"A.2.2, E.1",28/mar/2025,28/mar/2025,28/mar/2027,VIGENTE
MASCULINO,VENADO TUERTO,RENOVACIÓN,"A.3, D.1, D.3, E.1",28/mar/2025,28/mar/2025,28/mar/2026,VIGENTE
MASCULINO,VENADO TUERTO,RENOVACIÓN,"A.3, E.1",28/mar/2025,28/mar/2025,28/mar/2026,VIGENTE
MASCULINO,VENADO TUERTO,RENOVACIÓN,"A.2.1, E.1",28/mar/2025,28/mar/2025,28/mar/2026,VIGENTE
MASCULINO,VENADO TUERTO,ORIGINAL,"A.3, B.2",28/mar/2025,28/mar/2025,28/mar/2030,VIGENTE
MASCULINO,VENADO TUERTO,ORIGINAL,A.2.2,28/mar/2025,28/mar/2025,28/mar/2030,VIGENTE
MASCULINO,VENADO TUERTO,ORIGINAL,"A.2.2, B.2",28/mar/2025,28/mar/2025,28/mar/2030,VIGENTE
MASCULINO,VENADO TUERTO,RENOVACIÓN,B.2,28/mar/2025,28/mar/2025,28/mar/2026,VIGENTE
MASCULINO,VENADO TUERTO,ORIGINAL,A.2.1,28/mar/2025,28/mar/2025,28/mar/2026,VIGENTE
FEMENINO,VENADO TUERTO,RENOVACIÓN,B.1,28/mar/2025,28/mar/2025,28/mar/2030,VIGENTE
MASCULINO,VENADO TUERTO,ORIGINAL,B.1,28/mar/2025,28/mar/2025,28/mar/2030,VIGENTE
MASCULINO,VENADO TUERTO,RENOVACIÓN,E.1,28/mar/2025,28/mar/2025,28/mar/2026,VIGENTE
FEMENINO,VENADO TUERTO,ORIGINAL,"A.2.1, B.1",28/mar/2025,28/mar/2025,28/mar/2030,VIGENTE
MASCULINO,VENADO TUERTO,RENOVACIÓN,A.2.1,28/mar/2025,28/mar/2025,28/mar/2030,VIGENTE
FEMENINO,VENADO TUERTO,ORIGINAL,B.1,28/mar/2025,28/mar/2025,28/mar/2026,VIGENTE
MASCULINO,VENADO TUERTO,RENOVACIÓN CON AMPLIACIÓN,"A.2.2, B.1",28/mar/2025,28/mar/2025,28/mar/2030,VIGENTE
FEMENINO,VENADO TUERTO,RENOVACIÓN,A.2.1,28/mar/2025,28/mar/2025,28/mar/2030,VIGENTE
FEMENINO,VENADO TUERTO,ORIGINAL,A.2.1,28/mar/2025,28/mar/2025,28/mar/2026,VIGENTE
FEMENINO,VENADO TUERTO,RENOVACIÓN,B.1,28/mar/2025,28/mar/2025,28/mar/2030,VIGENTE
FEMENINO,VENADO TUERTO,RENOVACIÓN,A.2.1,28/mar/2025,28/mar/2025,28/mar/2030,VIGENTE
MASCULINO,VENADO TUERTO,RENOVACIÓN CON AMPLIACIÓN,"A.3, B.2",28/mar/2025,28/mar/2025,28/mar/2030,VIGENTE
FEMENINO,VENADO TUERTO,RENOVACIÓN,"A.2.1, B.2",28/mar/2025,28/mar/2025,28/mar/2030,VIGENTE
MASCULINO,VENADO TUERTO,RENOVACIÓN,"B.2, E.2",28/mar/2025,28/mar/2025,28/mar/2027,VIGENTE
MASCULINO,VENADO TUERTO,ORIGINAL,A.2.1,28/mar/2025,28/mar/2025,28/mar/2026,VIGENTE
FEMENINO,VENADO TUERTO,RENOVACIÓN,B.1,28/mar/2025,28/mar/2025,28/mar/2030,VIGENTE
MASCULINO,VENADO TUERTO,RENOVACIÓN,"A.3, E.1",28/mar/2025,28/mar/2025,28/mar/2027,VIGENTE
MASCULINO,VENADO TUERTO,RENOVACIÓN,"A.2.1, B.1",28/mar/2025,28/mar/2025,28/mar/2028,VIGENTE
MASCULINO,VENADO TUERTO,ORIGINAL,"A.3, B.2",28/mar/2025,28/mar/2025,28/mar/2030,VIGENTE
FEMENINO,VENADO TUERTO,ORIGINAL,A.2.1,31/mar/2025,10/feb/2025,31/mar/2030,VIGENTE
MASCULINO,VENADO TUERTO,ORIGINAL,A.2.1,31/mar/2025,24/feb/2025,31/mar/2026,VIGENTE
MASCULINO,VENADO TUERTO,ORIGINAL,A.2.1,31/mar/2025,17/mar/2025,31/mar/2026,VIGENTE
MASCULINO,VENADO TUERTO,RENOVACIÓN CON AMPLIACIÓN,"A.2.1, B.1",31/mar/2025,18/mar/2025,31/mar/2030,VIGENTE
FEMENINO,VENADO TUERTO,ORIGINAL,A.2.1,31/mar/2025,19/mar/2025,31/mar/2030,VIGENTE
FEMENINO,VENADO TUERTO,ORIGINAL,A.2.1,31/mar/2025,20/mar/2025,31/mar/2030,VIGENTE
FEMENINO,VENADO TUERTO,ORIGINAL,A.2.1,31/mar/2025,20/mar/2025,31/mar/2030,VIGENTE
FEMENINO,VENADO TUERTO,ORIGINAL,A.2.1,31/mar/2025,20/mar/2025,31/mar/2030,VIGENTE
FEMENINO,VENADO TUERTO,RENOVACIÓN CON AMPLIACIÓN,"A.2.1, B.1",31/mar/2025,20/mar/2025,31/mar/2030,VIGENTE
MASCULINO,VENADO TUERTO,RENOVACIÓN CON AMPLIACIÓN,"A.2.1, B.1",31/mar/2025,20/mar/2025,31/mar/2030,VIGENTE
MASCULINO,VENADO TUERTO,ORIGINAL,A.2.1,31/mar/2025,27/mar/2025,31/mar/2026,VIGENTE
MASCULINO,VENADO TUERTO,ORIGINAL,"A.2.1, B.2",31/mar/2025,27/mar/2025,31/mar/2030,VIGENTE
FEMENINO,VENADO TUERTO,ORIGINAL,A.2.1,31/mar/2025,31/mar/2025,31/mar/2030,VIGENTE
FEMENINO,VENADO TUERTO,RENOVACIÓN,B.2,31/mar/2025,31/mar/2025,31/mar/2028,VIGENTE
MASCULINO,VENADO TUERTO,RENOVACIÓN CON AMPLIACIÓN,"A.2.1, B.2, G.1, G.2",31/mar/2025,31/mar/2025,31/mar/2030,VIGENTE
FEMENINO,VENADO TUERTO,RENOVACIÓN,"A.2.1, B.1",31/mar/2025,31/mar/2025,31/mar/2030,VIGENTE
MASCULINO,VENADO TUERTO,RENOVACIÓN CON AMPLIACIÓN,"A.2.1, B.1",31/mar/2025,31/mar/2025,31/mar/2028,VIGENTE
FEMENINO,VENADO TUERTO,RENOVACIÓN,"A.2.1, B.2, G.2",31/mar/2025,31/mar/2025,31/mar/2030,VIGENTE
FEMENINO,VENADO TUERTO,RENOVACIÓN,"A.2.1, B.1",31/mar/2025,31/mar/2025,31/mar/2030,VIGENTE
MASCULINO,VENADO TUERTO,RENOVACIÓN,"A.2.1, E.1",31/mar/2025,31/mar/2025,31/mar/2027,VIGENTE
FEMENINO,VENADO TUERTO,RENOVACIÓN,"A.3, B.2",31/mar/2025,31/mar/2025,31/mar/2030,VIGENTE
MASCULINO,VENADO TUERTO,RENOVACIÓN,A.2.1,31/mar/2025,31/mar/2025,31/mar/2026,VIGENTE
MASCULINO,VENADO TUERTO,RENOVACIÓN,B.1,31/mar/2025,31/mar/2025,31/mar/2026,VIGENTE
MASCULINO,VENADO TUERTO,RENOVACIÓN CON AMPLIACIÓN,E.1,31/mar/2025,31/mar/2025,31/mar/2026,VIGENTE
MASCULINO,VENADO TUERTO,ORIGINAL,B.1,31/mar/2025,31/mar/2025,31/mar/2026,NO VIGENTE
FEMENINO,VENADO TUERTO,RENOVACIÓN,"A.2.1, B.1",31/mar/2025,31/mar/2025,31/mar/2028,VIGENTE
FEMENINO,VENADO TUERTO,RENOVACIÓN,"A.2.1, B.2",31/mar/2025,31/mar/2025,31/mar/2026,VIGENTE
FEMENINO,VENADO TUERTO,RENOVACIÓN CON AMPLIACIÓN,"A.2.1, B.1",31/mar/2025,31/mar/2025,31/mar/2030,VIGENTE
FEMENINO,VENADO TUERTO,RENOVACIÓN,A.2.1,31/mar/2025,31/mar/2025,31/mar/2030,VIGENTE
MASCULINO,VENADO TUERTO,RENOVACIÓN,A.2.1,31/mar/2025,31/mar/2025,31/mar/2028,VIGENTE
FEMENINO,VENADO TUERTO,RENOVACIÓN,B.2,31/mar/2025,31/mar/2025,31/mar/2030,VIGENTE
MASCULINO,VENADO TUERTO,RENOVACIÓN,"A.2.1, E.1, G.1",31/mar/2025,31/mar/2025,31/mar/2027,VIGENTE
MASCULINO,VENADO TUERTO,ORIGINAL,"A.2.1, B.1",31/mar/2025,31/mar/2025,31/mar/2026,VIGENTE
MASCULINO,VENADO TUERTO,RENOVACIÓN CON AMPLIACIÓN,"A.2.2, E.1",31/mar/2025,31/mar/2025,31/mar/2027,VIGENTE
FEMENINO,VENADO TUERTO,ORIGINAL,"A.2.1, B.1",31/mar/2025,31/mar/2025,31/mar/2030,VIGENTE
FEMENINO,VENADO TUERTO,RENOVACIÓN,B.2,31/mar/2025,31/mar/2025,31/mar/2030,VIGENTE
MASCULINO,VENADO TUERTO,RENOVACIÓN,"E.1, G.1, G.2",31/mar/2025,31/mar/2025,31/mar/2027,VIGENTE
FEMENINO,VENADO TUERTO,ORIGINAL,A.2.1,31/mar/2025,31/mar/2025,31/mar/2030,VIGENTE
FEMENINO,VENADO TUERTO,RENOVACIÓN,A.2.1,31/mar/2025,31/mar/2025,31/mar/2030,VIGENTE
MASCULINO,VENADO TUERTO,RENOVACIÓN CON AMPLIACIÓN,"A.2.2, B.1",31/mar/2025,31/mar/2025,31/mar/2030,VIGENTE
FEMENINO,VENADO TUERTO,RENOVACIÓN,D.1,31/mar/2025,31/mar/2025,31/mar/2026,VIGENTE
FEMENINO,VENADO TUERTO,ORIGINAL,"A.2.1, B.1",1/abr/2025,18/feb/2025,1/abr/2030,VIGENTE
FEMENINO,VENADO TUERTO,RENOVACIÓN,B.2,1/abr/2025,18/mar/2025,1/abr/2026,VIGENTE
MASCULINO,VENADO TUERTO,ORIGINAL,A.2.1,1/abr/2025,19/mar/2025,1/abr/2030,VIGENTE
MASCULINO,VENADO TUERTO,RENOVACIÓN CON AMPLIACIÓN,E.1,1/abr/2025,19/mar/2025,1/abr/2027,VIGENTE
FEMENINO,VENADO TUERTO,ORIGINAL,A.2.1,1/abr/2025,20/mar/2025,1/abr/2030,VIGENTE
FEMENINO,VENADO TUERTO,ORIGINAL,A.2.1,1/abr/2025,20/mar/2025,1/abr/2026,VIGENTE
FEMENINO,VENADO TUERTO,ORIGINAL,A.2.1,1/abr/2025,20/mar/2025,1/abr/2030,VIGENTE
MASCULINO,VENADO TUERTO,RENOVACIÓN CON AMPLIACIÓN,"A.2.2, B.1",1/abr/2025,31/mar/2025,1/abr/2028,VIGENTE
FEMENINO,VENADO TUERTO,RENOVACIÓN,A.2.1,1/abr/2025,1/abr/2025,1/abr/2028,VIGENTE
FEMENINO,VENADO TUERTO,RENOVACIÓN,D.1,1/abr/2025,1/abr/2025,1/abr/2026,VIGENTE
MASCULINO,VENADO TUERTO,RENOVACIÓN,B.2,1/abr/2025,1/abr/2025,1/abr/2026,VIGENTE
MASCULINO,VENADO TUERTO,RENOVACIÓN,"A.2.1, B.1",1/abr/2025,1/abr/2025,1/abr/2030,VIGENTE
FEMENINO,VENADO TUERTO,RENOVACIÓN,B.2,1/abr/2025,1/abr/2025,1/abr/2030,VIGENTE
MASCULINO,VENADO TUERTO,RENOVACIÓN,B.2,1/abr/2025,1/abr/2025,1/abr/2028,VIGENTE
MASCULINO,SAN EDUARDO,ORIGINAL,B.2,1/abr/2025,1/abr/2025,1/abr/2030,VIGENTE
MASCULINO,VENADO TUERTO,RENOVACIÓN,B.2,1/abr/2025,1/abr/2025,1/abr/2026,VIGENTE
FEMENINO,VENADO TUERTO,ORIGINAL,A.2.1,1/abr/2025,1/abr/2025,1/abr/2026,VIGENTE
MASCULINO,VENADO TUERTO,ORIGINAL,"A.2.1, B.2",1/abr/2025,1/abr/2025,1/abr/2030,VIGENTE
FEMENINO,VENADO TUERTO,ORIGINAL,A.2.1,1/abr/2025,1/abr/2025,1/abr/2030,VIGENTE
FEMENINO,VENADO TUERTO,RENOVACIÓN,"A.2.1, B.1",1/abr/2025,1/abr/2025,1/abr/2030,VIGENTE
MASCULINO,VENADO TUERTO,RENOVACIÓN,B.2,1/abr/2025,1/abr/2025,1/abr/2026,VIGENTE
MASCULINO,VENADO TUERTO,RENOVACIÓN,"A.2.1, E.1",1/abr/2025,1/abr/2025,1/abr/2026,VIGENTE
MASCULINO,VENADO TUERTO,ORIGINAL,A.2.1,1/abr/2025,1/abr/2025,1/abr/2026,VIGENTE
MASCULINO,VENADO TUERTO,RENOVACIÓN,B.2,1/abr/2025,1/abr/2025,1/abr/2028,VIGENTE
MASCULINO,VENADO TUERTO,ORIGINAL,B.1,1/abr/2025,1/abr/2025,1/abr/2026,VIGENTE
MASCULINO,VENADO TUERTO,DUPLICADO,"A.2.2, B.2",1/abr/2025,1/abr/2025,25/oct/2029,VIGENTE
MASCULINO,SAN EDUARDO,RENOVACIÓN CON AMPLIACIÓN,"A.2.1, E.1, G.1, G.2",1/abr/2025,1/abr/2025,1/abr/2027,VIGENTE
MASCULINO,SAN EDUARDO,RENOVACIÓN CON AMPLIACIÓN,"A.2.2, E.1, G.1, G.2",1/abr/2025,1/abr/2025,1/abr/2027,VIGENTE
MASCULINO,VENADO TUERTO,RENOVACIÓN,B.2,1/abr/2025,1/abr/2025,1/abr/2026,VIGENTE
MASCULINO,VENADO TUERTO,RENOVACIÓN,"A.2.1, B.1",1/abr/2025,1/abr/2025,1/abr/2030,VIGENTE
MASCULINO,VENADO TUERTO,RENOVACIÓN,B.2,1/abr/2025,1/abr/2025,1/abr/2030,VIGENTE
MASCULINO,VENADO TUERTO,RENOVACIÓN,"A.3, B.2",1/abr/2025,1/abr/2025,1/abr/2030,VIGENTE
FEMENINO,VENADO TUERTO,RENOVACIÓN CON AMPLIACIÓN,"A.2.1, B.2",1/abr/2025,1/abr/2025,1/abr/2030,VIGENTE
FEMENINO,VENADO TUERTO,RENOVACIÓN CON AMPLIACIÓN,"A.2.1, B.1",1/abr/2025,1/abr/2025,1/abr/2030,VIGENTE
FEMENINO,VENADO TUERTO,RENOVACIÓN,"A.2.1, B.2",1/abr/2025,1/abr/2025,1/abr/2030,VIGENTE
MASCULINO,VENADO TUERTO,RENOVACIÓN,B.1,1/abr/2025,1/abr/2025,1/abr/2026,VIGENTE
MASCULINO,VENADO TUERTO,RENOVACIÓN,"A.2.1, E.1",1/abr/2025,1/abr/2025,1/abr/2026,VIGENTE
MASCULINO,VENADO TUERTO,RENOVACIÓN,E.1,1/abr/2025,1/abr/2025,1/abr/2026,VIGENTE
FEMENINO,VENADO TUERTO,RENOVACIÓN,B.2,1/abr/2025,1/abr/2025,1/abr/2026,VIGENTE
MASCULINO,VENADO TUERTO,RENOVACIÓN,A.2.1,1/abr/2025,1/abr/2025,1/abr/2030,VIGENTE
MASCULINO,VENADO TUERTO,RENOVACIÓN,B.1,1/abr/2025,1/abr/2025,1/abr/2026,VIGENTE
FEMENINO,VENADO TUERTO,ORIGINAL,A.2.1,1/abr/2025,1/abr/2025,1/abr/2026,VIGENTE
MASCULINO,VENADO TUERTO,RENOVACIÓN,E.1,1/abr/2025,1/abr/2025,1/abr/2027,VIGENTE
MASCULINO,VENADO TUERTO,RENOVACIÓN,B.2,1/abr/2025,1/abr/2025,1/abr/2026,VIGENTE
MASCULINO,VENADO TUERTO,RENOVACIÓN,"A.2.1, B.2",1/abr/2025,1/abr/2025,1/abr/2030,VIGENTE
MASCULINO,VENADO TUERTO,RENOVACIÓN,B.2,1/abr/2025,1/abr/2025,1/abr/2028,VIGENTE
MASCULINO,VENADO TUERTO,RENOVACIÓN,B.2,1/abr/2025,1/abr/2025,1/abr/2026,VIGENTE
MASCULINO,VENADO TUERTO,RENOVACIÓN,"A.2.1, E.1, E.2",1/abr/2025,1/abr/2025,1/abr/2027,VIGENTE
MASCULINO,VENADO TUERTO,ORIGINAL,"A.2.2, B.2",3/abr/2025,17/mar/2025,3/abr/2030,VIGENTE
MASCULINO,VENADO TUERTO,RENOVACIÓN CON AMPLIACIÓN,"A.2.1, B.1",3/abr/2025,19/mar/2025,3/abr/2028,VIGENTE
FEMENINO,VENADO TUERTO,ORIGINAL,A.2.1,3/abr/2025,21/mar/2025,3/abr/2026,VIGENTE
MASCULINO,VENADO TUERTO,ORIGINAL,"A.2.1, B.1",3/abr/2025,1/abr/2025,3/abr/2026,VIGENTE
MASCULINO,VENADO TUERTO,RENOVACIÓN CON AMPLIACIÓN,"A.2.2, C, D.3, G.1, G.2",3/abr/2025,1/abr/2025,3/abr/2027,VIGENTE
MASCULINO,VENADO TUERTO,ORIGINAL,A.2.1,3/abr/2025,3/abr/2025,3/abr/2030,VIGENTE
FEMENINO,VENADO TUERTO,ORIGINAL,A.2.1,3/abr/2025,3/abr/2025,3/abr/2030,VIGENTE
FEMENINO,VENADO TUERTO,ORIGINAL,A.2.1,3/abr/2025,3/abr/2025,3/abr/2026,VIGENTE
MASCULINO,VENADO TUERTO,RENOVACIÓN,B.2,3/abr/2025,3/abr/2025,3/abr/2026,VIGENTE
MASCULINO,VENADO TUERTO,RENOVACIÓN,B.2,3/abr/2025,3/abr/2025,3/abr/2026,VIGENTE
MASCULINO,VENADO TUERTO,RENOVACIÓN,"A.2.1, E.1, E.2, G.1, G.2",3/abr/2025,3/abr/2025,3/abr/2026,VIGENTE
MASCULINO,VENADO TUERTO,RENOVACIÓN,"A.3, E.1",3/abr/2025,3/abr/2025,3/abr/2027,VIGENTE
FEMENINO,VENADO TUERTO,RENOVACIÓN,"A.2.1, B.2",3/abr/2025,3/abr/2025,3/abr/2030,VIGENTE
FEMENINO,VENADO TUERTO,RENOVACIÓN,B.2,3/abr/2025,3/abr/2025,3/abr/2026,VIGENTE
MASCULINO,VENADO TUERTO,RENOVACIÓN,"A.2.1, B.2, G.1, G.2",3/abr/2025,3/abr/2025,3/abr/2026,VIGENTE
MASCULINO,VENADO TUERTO,RENOVACIÓN,"A.2.1, E.1",3/abr/2025,3/abr/2025,3/abr/2027,VIGENTE
FEMENINO,VENADO TUERTO,RENOVACIÓN,B.2,3/abr/2025,3/abr/2025,3/abr/2026,VIGENTE
MASCULINO,VENADO TUERTO,RENOVACIÓN,B.2,3/abr/2025,3/abr/2025,3/abr/2026,VIGENTE
MASCULINO,VENADO TUERTO,RENOVACIÓN,"B.2, G.1, G.2",3/abr/2025,3/abr/2025,3/abr/2028,VIGENTE
FEMENINO,SAN EDUARDO,RENOVACIÓN,B.2,3/abr/2025,3/abr/2025,3/abr/2026,VIGENTE
MASCULINO,VENADO TUERTO,RENOVACIÓN,"A.2.1, B.2",3/abr/2025,3/abr/2025,3/abr/2030,VIGENTE
FEMENINO,VENADO TUERTO,RENOVACIÓN,A.2.1,3/abr/2025,3/abr/2025,3/abr/2030,VIGENTE
MASCULINO,VENADO TUERTO,RENOVACIÓN,"A.2.1, B.2",3/abr/2025,3/abr/2025,3/abr/2026,VIGENTE
FEMENINO,VENADO TUERTO,RENOVACIÓN,"A.2.1, B.2",3/abr/2025,3/abr/2025,3/abr/2030,VIGENTE
FEMENINO,VENADO TUERTO,RENOVACIÓN,"A.2.1, B.2",3/abr/2025,3/abr/2025,3/abr/2028,VIGENTE
MASCULINO,VENADO TUERTO,RENOVACIÓN,B.2,3/abr/2025,3/abr/2025,3/abr/2026,VIGENTE
FEMENINO,VENADO TUERTO,RENOVACIÓN,B.2,3/abr/2025,3/abr/2025,3/abr/2026,VIGENTE
MASCULINO,VENADO TUERTO,RENOVACIÓN CON AMPLIACIÓN,"A.2.1, B.2",3/abr/2025,3/abr/2025,3/abr/2028,VIGENTE
MASCULINO,VENADO TUERTO,RENOVACIÓN,E.1,3/abr/2025,3/abr/2025,3/abr/2026,VIGENTE
MASCULINO,VENADO TUERTO,RENOVACIÓN,"A.3, E.1",3/abr/2025,3/abr/2025,3/abr/2027,VIGENTE
FEMENINO,VENADO TUERTO,RENOVACIÓN CON AMPLIACIÓN,"A.2.1, B.1",3/abr/2025,3/abr/2025,3/abr/2030,VIGENTE
MASCULINO,VENADO TUERTO,RENOVACIÓN,A.2.2,3/abr/2025,3/abr/2025,3/abr/2026,VIGENTE
MASCULINO,VENADO TUERTO,RENOVACIÓN CON AMPLIACIÓN,"A.3, B.2, D.3",3/abr/2025,3/abr/2025,3/abr/2027,VIGENTE
MASCULINO,VENADO TUERTO,RENOVACIÓN,B.2,3/abr/2025,3/abr/2025,3/abr/2026,VIGENTE
FEMENINO,VENADO TUERTO,RENOVACIÓN,B.2,3/abr/2025,3/abr/2025,3/abr/2026,VIGENTE
FEMENINO,VENADO TUERTO,RENOVACIÓN,B.2,3/abr/2025,3/abr/2025,3/abr/2026,VIGENTE
MASCULINO,VENADO TUERTO,RENOVACIÓN,D.1,3/abr/2025,3/abr/2025,3/abr/2026,VIGENTE
FEMENINO,VENADO TUERTO,RENOVACIÓN CON AMPLIACIÓN,"A.2.1, B.1",3/abr/2025,3/abr/2025,3/abr/2030,VIGENTE
MASCULINO,VENADO TUERTO,RENOVACIÓN,B.2,3/abr/2025,3/abr/2025,3/abr/2026,VIGENTE
FEMENINO,VENADO TUERTO,RENOVACIÓN CON AMPLIACIÓN,"A.2.1, B.1",3/abr/2025,3/abr/2025,3/abr/2030,VIGENTE
MASCULINO,VENADO TUERTO,RENOVACIÓN,A.2.1,3/abr/2025,3/abr/2025,3/abr/2026,VIGENTE
MASCULINO,VENADO TUERTO,ORIGINAL,"B.1, G.1, G.2",3/abr/2025,3/abr/2025,3/abr/2026,VIGENTE
MASCULINO,VENADO TUERTO,RENOVACIÓN,"A.3, B.1",3/abr/2025,3/abr/2025,3/abr/2030,VIGENTE
MASCULINO,VENADO TUERTO,RENOVACIÓN,B.1,3/abr/2025,3/abr/2025,3/abr/2030,VIGENTE
MASCULINO,VENADO TUERTO,ORIGINAL,A.2.1,4/abr/2025,8/may/2024,4/abr/2030,VIGENTE
MASCULINO,VENADO TUERTO,ORIGINAL,A.2.1,4/abr/2025,14/nov/2024,4/abr/2026,VIGENTE
FEMENINO,VENADO TUERTO,ORIGINAL,B.1,4/abr/2025,17/ene/2025,4/abr/2030,VIGENTE
MASCULINO,VENADO TUERTO,ORIGINAL,B.1,4/abr/2025,25/feb/2025,4/abr/2026,VIGENTE
MASCULINO,VENADO TUERTO,ORIGINAL,A.2.1,4/abr/2025,7/mar/2025,4/abr/2026,VIGENTE
MASCULINO,VENADO TUERTO,ORIGINAL,"A.2.1, B.1",4/abr/2025,19/mar/2025,4/abr/2026,VIGENTE
FEMENINO,VENADO TUERTO,ORIGINAL,"A.2.1, B.1",4/abr/2025,21/mar/2025,4/abr/2030,VIGENTE
MASCULINO,VENADO TUERTO,ORIGINAL,B.2,4/abr/2025,25/mar/2025,4/abr/2030,VIGENTE
MASCULINO,VENADO TUERTO,RENOVACIÓN CON AMPLIACIÓN,"E.1, E.2",4/abr/2025,31/mar/2025,4/abr/2027,VIGENTE
MASCULINO,VENADO TUERTO,ORIGINAL,"A.2.1, B.1",4/abr/2025,1/abr/2025,4/abr/2026,VIGENTE
MASCULINO,VENADO TUERTO,RENOVACIÓN,"A.2.1, B.2",4/abr/2025,1/abr/2025,4/abr/2028,VIGENTE
MASCULINO,VENADO TUERTO,ORIGINAL,A.2.1,4/abr/2025,3/abr/2025,4/abr/2026,VIGENTE
MASCULINO,VENADO TUERTO,ORIGINAL,"A.2.1, B.1",4/abr/2025,3/abr/2025,4/abr/2030,VIGENTE
MASCULINO,VENADO TUERTO,ORIGINAL,"A.2.1, B.1",4/abr/2025,3/abr/2025,4/abr/2026,VIGENTE
FEMENINO,VENADO TUERTO,ORIGINAL,"A.2.1, A.4",4/abr/2025,3/abr/2025,4/abr/2027,VIGENTE
FEMENINO,VENADO TUERTO,ORIGINAL,A.2.1,4/abr/2025,4/abr/2025,4/abr/2026,VIGENTE
FEMENINO,VENADO TUERTO,RENOVACIÓN,B.2,4/abr/2025,4/abr/2025,4/abr/2028,VIGENTE
FEMENINO,VENADO TUERTO,RENOVACIÓN,B.2,4/abr/2025,4/abr/2025,4/abr/2028,VIGENTE
MASCULINO,VENADO TUERTO,RENOVACIÓN,E.1,4/abr/2025,4/abr/2025,4/abr/2026,VIGENTE
MASCULINO,VENADO TUERTO,RENOVACIÓN,E.1,4/abr/2025,4/abr/2025,4/abr/2027,VIGENTE
FEMENINO,VENADO TUERTO,DUPLICADO,"A.2.1, B.1",4/abr/2025,4/abr/2025,5/dic/2029,VIGENTE
MASCULINO,VENADO TUERTO,RENOVACIÓN,"A.2.1, B.2",4/abr/2025,4/abr/2025,4/abr/2030,VIGENTE
MASCULINO,VENADO TUERTO,ORIGINAL,B.2,4/abr/2025,4/abr/2025,4/abr/2026,VIGENTE
MASCULINO,VENADO TUERTO,RENOVACIÓN,"A.2.1, B.2",4/abr/2025,4/abr/2025,4/abr/2030,VIGENTE
MASCULINO,VENADO TUERTO,RENOVACIÓN,"A.2.1, B.1",4/abr/2025,4/abr/2025,4/abr/2030,VIGENTE
MASCULINO,VENADO TUERTO,RENOVACIÓN,B.2,4/abr/2025,4/abr/2025,4/abr/2028,VIGENTE
MASCULINO,VENADO TUERTO,RENOVACIÓN,"A.2.2, E.1",4/abr/2025,4/abr/2025,4/abr/2027,VIGENTE
FEMENINO,VENADO TUERTO,ORIGINAL,B.1,4/abr/2025,4/abr/2025,4/abr/2030,VIGENTE
MASCULINO,VENADO TUERTO,RENOVACIÓN,B.2,4/abr/2025,4/abr/2025,4/abr/2028,VIGENTE
FEMENINO,VENADO TUERTO,RENOVACIÓN,B.2,4/abr/2025,4/abr/2025,4/abr/2026,VIGENTE
MASCULINO,VENADO TUERTO,RENOVACIÓN,E.1,4/abr/2025,4/abr/2025,4/abr/2026,VIGENTE
MASCULINO,VENADO TUERTO,RENOVACIÓN,"A.2.1, B.2",4/abr/2025,4/abr/2025,4/abr/2028,VIGENTE
FEMENINO,VENADO TUERTO,RENOVACIÓN CON AMPLIACIÓN,"A.3, B.2",4/abr/2025,4/abr/2025,4/abr/2030,VIGENTE
FEMENINO,VENADO TUERTO,RENOVACIÓN,B.2,4/abr/2025,4/abr/2025,4/abr/2030,VIGENTE
FEMENINO,VENADO TUERTO,RENOVACIÓN CON AMPLIACIÓN,"A.2.1, B.1",4/abr/2025,4/abr/2025,4/abr/2030,VIGENTE
MASCULINO,VENADO TUERTO,RENOVACIÓN,B.2,4/abr/2025,4/abr/2025,4/abr/2026,VIGENTE
MASCULINO,VENADO TUERTO,RENOVACIÓN,B.2,4/abr/2025,4/abr/2025,4/abr/2026,VIGENTE
FEMENINO,VENADO TUERTO,RENOVACIÓN,"A.2.1, B.1",4/abr/2025,4/abr/2025,4/abr/2028,VIGENTE
MASCULINO,VENADO TUERTO,RENOVACIÓN,B.1,4/abr/2025,4/abr/2025,4/abr/2030,VIGENTE
MASCULINO,VENADO TUERTO,RENOVACIÓN,"A.2.2, D.1, D.3, E.1",4/abr/2025,4/abr/2025,4/abr/2027,VIGENTE
FEMENINO,VENADO TUERTO,RENOVACIÓN,B.2,4/abr/2025,4/abr/2025,4/abr/2026,VIGENTE
MASCULINO,VENADO TUERTO,RENOVACIÓN,B.2,4/abr/2025,4/abr/2025,4/abr/2026,VIGENTE
FEMENINO,VENADO TUERTO,RENOVACIÓN CON AMPLIACIÓN,A.2.2,4/abr/2025,4/abr/2025,4/abr/2030,VIGENTE
FEMENINO,VENADO TUERTO,RENOVACIÓN,B.1,4/abr/2025,4/abr/2025,4/abr/2030,VIGENTE
MASCULINO,VENADO TUERTO,RENOVACIÓN,B.2,4/abr/2025,4/abr/2025,4/abr/2026,VIGENTE
MASCULINO,VENADO TUERTO,RENOVACIÓN,B.2,4/abr/2025,4/abr/2025,4/abr/2026,VIGENTE
FEMENINO,VENADO TUERTO,RENOVACIÓN,B.1,4/abr/2025,4/abr/2025,4/abr/2030,VIGENTE
MASCULINO,VENADO TUERTO,RENOVACIÓN CON AMPLIACIÓN,"A.2.1, E.1",4/abr/2025,4/abr/2025,4/abr/2027,VIGENTE
MASCULINO,VENADO TUERTO,RENOVACIÓN,B.2,4/abr/2025,4/abr/2025,4/abr/2026,VIGENTE
MASCULINO,VENADO TUERTO,DUPLICADO,B.2,4/abr/2025,4/abr/2025,9/dic/2025,VIGENTE
FEMENINO,VENADO TUERTO,RENOVACIÓN,A.2.1,4/abr/2025,4/abr/2025,4/abr/2030,VIGENTE
MASCULINO,VENADO TUERTO,RENOVACIÓN,"A.3, E.1",4/abr/2025,4/abr/2025,4/abr/2026,VIGENTE
FEMENINO,VENADO TUERTO,RENOVACIÓN,B.1,4/abr/2025,4/abr/2025,4/abr/2028,VIGENTE
FEMENINO,VENADO TUERTO,RENOVACIÓN CON AMPLIACIÓN,"A.2.1, B.1",4/abr/2025,4/abr/2025,4/abr/2030,VIGENTE
MASCULINO,VENADO TUERTO,RENOVACIÓN,D.1,4/abr/2025,4/abr/2025,4/abr/2026,VIGENTE
FEMENINO,VENADO TUERTO,RENOVACIÓN,B.1,4/abr/2025,4/abr/2025,4/abr/2030,VIGENTE
FEMENINO,VENADO TUERTO,RENOVACIÓN,B.2,4/abr/2025,4/abr/2025,4/abr/2028,VIGENTE
FEMENINO,VENADO TUERTO,RENOVACIÓN,B.2,4/abr/2025,4/abr/2025,4/abr/2026,VIGENTE
MASCULINO,VENADO TUERTO,RENOVACIÓN,"A.3, E.1, E.2, G.1, G.2",4/abr/2025,4/abr/2025,4/abr/2027,VIGENTE
MASCULINO,VENADO TUERTO,RENOVACIÓN,"A.3, D.1, D.3, E.1, G.2",4/abr/2025,4/abr/2025,4/abr/2026,VIGENTE
MASCULINO,VENADO TUERTO,RENOVACIÓN,B.2,4/abr/2025,4/abr/2025,4/abr/2028,VIGENTE
MASCULINO,VENADO TUERTO,RENOVACIÓN,B.2,4/abr/2025,4/abr/2025,4/abr/2026,VIGENTE
FEMENINO,VENADO TUERTO,RENOVACIÓN,A.2.1,4/abr/2025,4/abr/2025,4/abr/2028,VIGENTE
FEMENINO,VENADO TUERTO,RENOVACIÓN,B.2,4/abr/2025,4/abr/2025,4/abr/2026,VIGENTE
FEMENINO,VENADO TUERTO,RENOVACIÓN,"A.2.1, B.1",4/abr/2025,4/abr/2025,4/abr/2030,VIGENTE
MASCULINO,VENADO TUERTO,RENOVACIÓN CON AMPLIACIÓN,"A.2.1, B.1",7/abr/2025,21/mar/2025,7/abr/2028,VIGENTE
FEMENINO,VENADO TUERTO,ORIGINAL,A.2.1,7/abr/2025,25/mar/2025,7/abr/2026,VIGENTE
FEMENINO,VENADO TUERTO,ORIGINAL,"A.2.1, B.1",7/abr/2025,26/mar/2025,7/abr/2026,VIGENTE
FEMENINO,VENADO TUERTO,RENOVACIÓN CON AMPLIACIÓN,"A.2.1, B.1",7/abr/2025,26/mar/2025,7/abr/2030,VIGENTE
FEMENINO,VENADO TUERTO,ORIGINAL,"A.2.1, B.1",7/abr/2025,27/mar/2025,7/abr/2030,VIGENTE
MASCULINO,VENADO TUERTO,RENOVACIÓN CON AMPLIACIÓN,E.1,7/abr/2025,28/mar/2025,7/abr/2027,VIGENTE
MASCULINO,VENADO TUERTO,RENOVACIÓN CON AMPLIACIÓN,"A.2.1, E.1",7/abr/2025,3/abr/2025,7/abr/2027,VIGENTE
FEMENINO,VENADO TUERTO,RENOVACIÓN CON AMPLIACIÓN,"A.2.1, E.1",7/abr/2025,4/abr/2025,7/abr/2027,VIGENTE
MASCULINO,VENADO TUERTO,ORIGINAL,A.2.1,7/abr/2025,4/abr/2025,7/abr/2026,VIGENTE
MASCULINO,VENADO TUERTO,RENOVACIÓN,B.2,7/abr/2025,7/abr/2025,7/abr/2026,VIGENTE
MASCULINO,VENADO TUERTO,ORIGINAL,B.1,7/abr/2025,7/abr/2025,7/abr/2026,VIGENTE
MASCULINO,VENADO TUERTO,RENOVACIÓN,A.2.1,7/abr/2025,7/abr/2025,7/abr/2026,VIGENTE
MASCULINO,VENADO TUERTO,RENOVACIÓN,B.2,7/abr/2025,7/abr/2025,7/abr/2026,VIGENTE
MASCULINO,VENADO TUERTO,RENOVACIÓN,B.1,7/abr/2025,7/abr/2025,7/abr/2028,VIGENTE
MASCULINO,VENADO TUERTO,ORIGINAL,"A.2.1, B.1",7/abr/2025,7/abr/2025,7/abr/2030,VIGENTE
MASCULINO,VENADO TUERTO,RENOVACIÓN,B.2,7/abr/2025,7/abr/2025,7/abr/2026,VIGENTE
MASCULINO,VENADO TUERTO,RENOVACIÓN CON AMPLIACIÓN,"A.2.1, E.1, G.1, G.2",7/abr/2025,7/abr/2025,7/abr/2027,VIGENTE
MASCULINO,VENADO TUERTO,RENOVACIÓN,"A.2.1, B.1",7/abr/2025,7/abr/2025,7/abr/2030,VIGENTE
MASCULINO,VENADO TUERTO,RENOVACIÓN,B.2,7/abr/2025,7/abr/2025,7/abr/2028,VIGENTE
MASCULINO,VENADO TUERTO,RENOVACIÓN,B.2,7/abr/2025,7/abr/2025,7/abr/2026,VIGENTE
MASCULINO,VENADO TUERTO,RENOVACIÓN,A.2.2,7/abr/2025,7/abr/2025,7/abr/2030,VIGENTE
MASCULINO,VENADO TUERTO,RENOVACIÓN,B.1,7/abr/2025,7/abr/2025,7/abr/2028,VIGENTE
MASCULINO,VENADO TUERTO,RENOVACIÓN,"A.2.1, B.2",7/abr/2025,7/abr/2025,7/abr/2030,VIGENTE
FEMENINO,VENADO TUERTO,RENOVACIÓN,B.1,7/abr/2025,7/abr/2025,7/abr/2030,VIGENTE
MASCULINO,VENADO TUERTO,RENOVACIÓN,B.2,7/abr/2025,7/abr/2025,7/abr/2026,VIGENTE
MASCULINO,VENADO TUERTO,RENOVACIÓN CON AMPLIACIÓN,"A.2.1, B.1",7/abr/2025,7/abr/2025,7/abr/2028,VIGENTE
MASCULINO,VENADO TUERTO,RENOVACIÓN,"A.2.2, E.1",7/abr/2025,7/abr/2025,7/abr/2027,VIGENTE
FEMENINO,VENADO TUERTO,RENOVACIÓN,B.2,7/abr/2025,7/abr/2025,7/abr/2028,VIGENTE
MASCULINO,VENADO TUERTO,RENOVACIÓN,"A.2.1, B.2",7/abr/2025,7/abr/2025,7/abr/2030,VIGENTE
MASCULINO,VENADO TUERTO,RENOVACIÓN,B.2,7/abr/2025,7/abr/2025,7/abr/2026,VIGENTE
MASCULINO,VENADO TUERTO,RENOVACIÓN,B.1,7/abr/2025,7/abr/2025,7/abr/2030,VIGENTE
MASCULINO,VENADO TUERTO,RENOVACIÓN,"A.2.1, E.1, E.2",7/abr/2025,7/abr/2025,7/abr/2027,VIGENTE
MASCULINO,VENADO TUERTO,RENOVACIÓN,"A.2.1, E.1",7/abr/2025,7/abr/2025,7/abr/2026,VIGENTE
MASCULINO,VENADO TUERTO,RENOVACIÓN CON AMPLIACIÓN,"A.2.2, D.1, D.3",7/abr/2025,7/abr/2025,7/abr/2026,VIGENTE
MASCULINO,VENADO TUERTO,RENOVACIÓN,"A.2.1, E.1, E.2, G.1",7/abr/2025,7/abr/2025,7/abr/2026,VIGENTE
MASCULINO,VENADO TUERTO,DUPLICADO,"A.3, E.1",7/abr/2025,7/abr/2025,27/may/2026,VIGENTE
MASCULINO,VENADO TUERTO,RENOVACIÓN,"A.2.1, E.1",7/abr/2025,7/abr/2025,7/abr/2026,VIGENTE
FEMENINO,VENADO TUERTO,RENOVACIÓN,B.2,7/abr/2025,7/abr/2025,7/abr/2026,VIGENTE
MASCULINO,VENADO TUERTO,ORIGINAL,"A.2.2, B.2",7/abr/2025,7/abr/2025,7/abr/2030,VIGENTE
MASCULINO,VENADO TUERTO,ORIGINAL,A.2.1,8/abr/2025,10/feb/2025,8/abr/2030,VIGENTE
MASCULINO,VENADO TUERTO,ORIGINAL,B.2,8/abr/2025,26/mar/2025,8/abr/2030,VIGENTE
MASCULINO,VENADO TUERTO,ORIGINAL,A.2.1,8/abr/2025,26/mar/2025,8/abr/2030,VIGENTE
FEMENINO,VENADO TUERTO,ORIGINAL,"A.2.1, B.1",8/abr/2025,26/mar/2025,8/abr/2026,VIGENTE
FEMENINO,VENADO TUERTO,ORIGINAL,B.2,8/abr/2025,27/mar/2025,8/abr/2030,VIGENTE
MASCULINO,VENADO TUERTO,ORIGINAL,"A.2.1, B.1",8/abr/2025,3/abr/2025,8/abr/2026,VIGENTE
MASCULINO,VENADO TUERTO,ORIGINAL,"A.2.1, B.2",8/abr/2025,4/abr/2025,8/abr/2030,VIGENTE
FEMENINO,VENADO TUERTO,ORIGINAL,A.2.1,8/abr/2025,7/abr/2025,8/abr/2030,VIGENTE
FEMENINO,VENADO TUERTO,ORIGINAL,A.2.1,8/abr/2025,7/abr/2025,8/abr/2030,VIGENTE
MASCULINO,VENADO TUERTO,RENOVACIÓN,E.1,8/abr/2025,8/abr/2025,8/abr/2026,VIGENTE
MASCULINO,VENADO TUERTO,RENOVACIÓN,A.2.1,8/abr/2025,8/abr/2025,8/abr/2030,VIGENTE
MASCULINO,VENADO TUERTO,RENOVACIÓN,B.1,8/abr/2025,8/abr/2025,8/abr/2026,VIGENTE
MASCULINO,VENADO TUERTO,ORIGINAL,A.2.1,8/abr/2025,8/abr/2025,8/abr/2026,VIGENTE
MASCULINO,VENADO TUERTO,RENOVACIÓN,C,8/abr/2025,8/abr/2025,8/abr/2026,VIGENTE
FEMENINO,VENADO TUERTO,ORIGINAL,A.2.1,8/abr/2025,8/abr/2025,8/abr/2030,VIGENTE
FEMENINO,VENADO TUERTO,ORIGINAL,A.2.1,8/abr/2025,8/abr/2025,8/abr/2030,VIGENTE
MASCULINO,VENADO TUERTO,RENOVACIÓN,B.2,8/abr/2025,8/abr/2025,8/abr/2030,VIGENTE
MASCULINO,VENADO TUERTO,ORIGINAL,"A.2.1, B.1",8/abr/2025,8/abr/2025,8/abr/2026,VIGENTE
FEMENINO,VENADO TUERTO,RENOVACIÓN,B.2,8/abr/2025,8/abr/2025,8/abr/2026,VIGENTE
FEMENINO,VENADO TUERTO,ORIGINAL,A.2.1,8/abr/2025,8/abr/2025,8/abr/2026,VIGENTE
FEMENINO,VENADO TUERTO,ORIGINAL,A.2.1,8/abr/2025,8/abr/2025,8/abr/2028,VIGENTE
MASCULINO,VENADO TUERTO,RENOVACIÓN,B.2,8/abr/2025,8/abr/2025,8/abr/2026,VIGENTE
FEMENINO,VENADO TUERTO,RENOVACIÓN,B.2,8/abr/2025,8/abr/2025,8/abr/2026,VIGENTE
MASCULINO,VENADO TUERTO,RENOVACIÓN,B.2,8/abr/2025,8/abr/2025,8/abr/2026,VIGENTE
MASCULINO,VENADO TUERTO,ORIGINAL,A.2.1,8/abr/2025,8/abr/2025,8/abr/2030,VIGENTE
FEMENINO,VENADO TUERTO,RENOVACIÓN,B.2,8/abr/2025,8/abr/2025,8/abr/2030,VIGENTE
MASCULINO,VENADO TUERTO,RENOVACIÓN,"A.3, E.1",8/abr/2025,8/abr/2025,8/abr/2027,VIGENTE
MASCULINO,VENADO TUERTO,RENOVACIÓN,A.2.1,8/abr/2025,8/abr/2025,8/abr/2026,VIGENTE
MASCULINO,VENADO TUERTO,RENOVACIÓN,"D.1, E.1",8/abr/2025,8/abr/2025,8/abr/2026,VIGENTE
MASCULINO,VENADO TUERTO,RENOVACIÓN,B.2,8/abr/2025,8/abr/2025,8/abr/2026,VIGENTE
FEMENINO,VENADO TUERTO,RENOVACIÓN,B.1,8/abr/2025,8/abr/2025,8/abr/2026,VIGENTE
MASCULINO,VENADO TUERTO,RENOVACIÓN,B.2,8/abr/2025,8/abr/2025,8/abr/2026,VIGENTE
MASCULINO,VENADO TUERTO,RENOVACIÓN,"A.2.1, E.1, E.2, G.1",8/abr/2025,8/abr/2025,8/abr/2026,VIGENTE
MASCULINO,VENADO TUERTO,ORIGINAL,B.1,8/abr/2025,8/abr/2025,8/abr/2030,VIGENTE
MASCULINO,SAN EDUARDO,RENOVACIÓN,B.1,8/abr/2025,8/abr/2025,8/abr/2030,VIGENTE
MASCULINO,VENADO TUERTO,RENOVACIÓN,"A.3, B.2, G.1, G.2",8/abr/2025,8/abr/2025,8/abr/2030,VIGENTE
MASCULINO,VENADO TUERTO,RENOVACIÓN,B.2,8/abr/2025,8/abr/2025,8/abr/2028,VIGENTE
FEMENINO,VENADO TUERTO,ORIGINAL,B.2,8/abr/2025,8/abr/2025,8/abr/2030,VIGENTE
FEMENINO,VENADO TUERTO,ORIGINAL,"A.2.1, B.1",8/abr/2025,8/abr/2025,8/abr/2030,VIGENTE
MASCULINO,VENADO TUERTO,RENOVACIÓN,"A.3, E.1",8/abr/2025,8/abr/2025,8/abr/2027,VIGENTE
FEMENINO,VENADO TUERTO,ORIGINAL,A.2.1,8/abr/2025,8/abr/2025,8/abr/2026,VIGENTE
MASCULINO,VENADO TUERTO,RENOVACIÓN,"D.1, D.3, E.1",8/abr/2025,8/abr/2025,8/abr/2026,VIGENTE
MASCULINO,VENADO TUERTO,RENOVACIÓN CON AMPLIACIÓN,"A.3, B.2",8/abr/2025,8/abr/2025,8/abr/2030,VIGENTE
FEMENINO,VENADO TUERTO,RENOVACIÓN CON AMPLIACIÓN,"A.2.1, B.1",8/abr/2025,8/abr/2025,8/abr/2030,VIGENTE
MASCULINO,VENADO TUERTO,RENOVACIÓN,"A.2.1, B.1",8/abr/2025,8/abr/2025,8/abr/2030,VIGENTE
MASCULINO,VENADO TUERTO,RENOVACIÓN,B.2,8/abr/2025,8/abr/2025,8/abr/2026,VIGENTE
FEMENINO,VENADO TUERTO,RENOVACIÓN,"A.2.2, B.2",8/abr/2025,8/abr/2025,8/abr/2030,VIGENTE
MASCULINO,VENADO TUERTO,ORIGINAL,A.2.1,9/abr/2025,26/feb/2025,9/abr/2026,VIGENTE
MASCULINO,VENADO TUERTO,RENOVACIÓN CON AMPLIACIÓN,"A.2.1, E.1",9/abr/2025,21/mar/2025,9/abr/2027,VIGENTE
FEMENINO,VENADO TUERTO,ORIGINAL,A.2.1,9/abr/2025,26/mar/2025,9/abr/2030,VIGENTE
FEMENINO,VENADO TUERTO,ORIGINAL,A.2.1,9/abr/2025,26/mar/2025,9/abr/2030,VIGENTE
MASCULINO,VENADO TUERTO,ORIGINAL,"A.2.1, B.2",9/abr/2025,27/mar/2025,9/abr/2030,VIGENTE
FEMENINO,VENADO TUERTO,ORIGINAL,A.2.1,9/abr/2025,27/mar/2025,9/abr/2026,VIGENTE
MASCULINO,VENADO TUERTO,ORIGINAL,A.2.1,9/abr/2025,27/mar/2025,9/abr/2030,VIGENTE
FEMENINO,VENADO TUERTO,ORIGINAL,"A.2.1, B.1",9/abr/2025,8/abr/2025,9/abr/2030,VIGENTE
MASCULINO,VENADO TUERTO,RENOVACIÓN,"A.3, E.1",9/abr/2025,8/abr/2025,9/abr/2027,VIGENTE
FEMENINO,VENADO TUERTO,ORIGINAL,A.2.1,9/abr/2025,9/abr/2025,9/abr/2030,VIGENTE
MASCULINO,VENADO TUERTO,RENOVACIÓN CON AMPLIACIÓN,"A.2.2, B.2",9/abr/2025,9/abr/2025,9/abr/2030,VIGENTE
MASCULINO,VENADO TUERTO,ORIGINAL,B.1,9/abr/2025,9/abr/2025,9/abr/2030,VIGENTE
FEMENINO,VENADO TUERTO,RENOVACIÓN,B.2,9/abr/2025,9/abr/2025,9/abr/2030,VIGENTE
MASCULINO,VENADO TUERTO,RENOVACIÓN,B.2,9/abr/2025,9/abr/2025,9/abr/2026,VIGENTE
FEMENINO,VENADO TUERTO,RENOVACIÓN,A.2.1,9/abr/2025,9/abr/2025,9/abr/2030,VIGENTE
MASCULINO,VENADO TUERTO,RENOVACIÓN,"A.2.1, E.1",9/abr/2025,9/abr/2025,9/abr/2027,VIGENTE
FEMENINO,VENADO TUERTO,RENOVACIÓN,"A.2.1, B.1",9/abr/2025,9/abr/2025,9/abr/2030,VIGENTE
FEMENINO,VENADO TUERTO,RENOVACIÓN,B.2,9/abr/2025,9/abr/2025,9/abr/2026,VIGENTE
MASCULINO,VENADO TUERTO,RENOVACIÓN CON AMPLIACIÓN,"A.3, B.2",9/abr/2025,9/abr/2025,9/abr/2030,VIGENTE
MASCULINO,VENADO TUERTO,RENOVACIÓN,B.2,9/abr/2025,9/abr/2025,9/abr/2026,VIGENTE
MASCULINO,VENADO TUERTO,RENOVACIÓN,E.1,9/abr/2025,9/abr/2025,9/abr/2026,VIGENTE
MASCULINO,VENADO TUERTO,RENOVACIÓN,B.2,9/abr/2025,9/abr/2025,9/abr/2026,VIGENTE
MASCULINO,VENADO TUERTO,RENOVACIÓN,B.1,9/abr/2025,9/abr/2025,9/abr/2026,VIGENTE
MASCULINO,VENADO TUERTO,RENOVACIÓN,"A.3, E.1",9/abr/2025,9/abr/2025,9/abr/2026,VIGENTE
FEMENINO,VENADO TUERTO,RENOVACIÓN,"A.2.1, B.2",9/abr/2025,9/abr/2025,9/abr/2030,VIGENTE
MASCULINO,VENADO TUERTO,RENOVACIÓN CON AMPLIACIÓN,"A.3, B.2",9/abr/2025,9/abr/2025,9/abr/2030,VIGENTE
FEMENINO,VENADO TUERTO,ORIGINAL,A.2.1,9/abr/2025,9/abr/2025,9/abr/2030,VIGENTE
FEMENINO,VENADO TUERTO,ORIGINAL,A.2.1,9/abr/2025,9/abr/2025,9/abr/2026,VIGENTE
MASCULINO,VENADO TUERTO,RENOVACIÓN,E.1,9/abr/2025,9/abr/2025,9/abr/2026,VIGENTE
MASCULINO,VENADO TUERTO,RENOVACIÓN,B.2,9/abr/2025,9/abr/2025,9/abr/2026,VIGENTE
MASCULINO,VENADO TUERTO,RENOVACIÓN,"A.2.1, B.2",9/abr/2025,9/abr/2025,9/abr/2030,VIGENTE
MASCULINO,VENADO TUERTO,RENOVACIÓN CON AMPLIACIÓN,"A.2.1, B.1",9/abr/2025,9/abr/2025,9/abr/2030,VIGENTE
FEMENINO,VENADO TUERTO,RENOVACIÓN,B.2,9/abr/2025,9/abr/2025,9/abr/2026,VIGENTE
MASCULINO,VENADO TUERTO,DUPLICADO POR CAMBIO DE DATOS,"A.2.1, B.1",9/abr/2025,9/abr/2025,6/ago/2029,VIGENTE
FEMENINO,VENADO TUERTO,RENOVACIÓN,"A.2.1, B.2",9/abr/2025,9/abr/2025,9/abr/2030,VIGENTE
MASCULINO,VENADO TUERTO,RENOVACIÓN CON AMPLIACIÓN,"A.3, B.2",9/abr/2025,9/abr/2025,9/abr/2030,VIGENTE
MASCULINO,VENADO TUERTO,RENOVACIÓN CON AMPLIACIÓN,"A.2.1, B.2",9/abr/2025,9/abr/2025,9/abr/2028,VIGENTE
MASCULINO,VENADO TUERTO,RENOVACIÓN CON AMPLIACIÓN,"A.2.2, B.2",9/abr/2025,9/abr/2025,9/abr/2030,VIGENTE
MASCULINO,VENADO TUERTO,RENOVACIÓN,"A.2.1, B.2",9/abr/2025,9/abr/2025,9/abr/2028,VIGENTE
FEMENINO,VENADO TUERTO,RENOVACIÓN,B.1,9/abr/2025,9/abr/2025,9/abr/2030,VIGENTE
MASCULINO,VENADO TUERTO,RENOVACIÓN,"A.3, E.1",9/abr/2025,9/abr/2025,9/abr/2027,VIGENTE
MASCULINO,VENADO TUERTO,RENOVACIÓN,B.2,9/abr/2025,9/abr/2025,9/abr/2026,VIGENTE
MASCULINO,VENADO TUERTO,RENOVACIÓN CON AMPLIACIÓN,"A.3, B.2",9/abr/2025,9/abr/2025,9/abr/2030,VIGENTE
MASCULINO,VENADO TUERTO,RENOVACIÓN,"A.2.1, D.1, E.1",9/abr/2025,9/abr/2025,9/abr/2027,VIGENTE
MASCULINO,VENADO TUERTO,RENOVACIÓN,E.1,9/abr/2025,9/abr/2025,9/abr/2027,VIGENTE
FEMENINO,VENADO TUERTO,RENOVACIÓN,B.2,9/abr/2025,9/abr/2025,9/abr/2026,VIGENTE
FEMENINO,VENADO TUERTO,RENOVACIÓN,B.2,9/abr/2025,9/abr/2025,9/abr/2026,VIGENTE
MASCULINO,VENADO TUERTO,RENOVACIÓN,"A.2.2, B.2",9/abr/2025,9/abr/2025,9/abr/2026,VIGENTE
MASCULINO,VENADO TUERTO,RENOVACIÓN CON AMPLIACIÓN,"A.2.2, B.1",9/abr/2025,9/abr/2025,9/abr/2030,VIGENTE
MASCULINO,VENADO TUERTO,RENOVACIÓN CON AMPLIACIÓN,"A.3, B.2",9/abr/2025,9/abr/2025,9/abr/2030,VIGENTE
MASCULINO,VENADO TUERTO,RENOVACIÓN,B.2,9/abr/2025,9/abr/2025,9/abr/2026,VIGENTE
MASCULINO,VENADO TUERTO,RENOVACIÓN,B.2,9/abr/2025,9/abr/2025,9/abr/2026,VIGENTE
MASCULINO,VENADO TUERTO,RENOVACIÓN,"A.2.2, B.1, E.2",9/abr/2025,9/abr/2025,9/abr/2027,VIGENTE
MASCULINO,VENADO TUERTO,ORIGINAL,"A.2.1, B.2",9/abr/2025,9/abr/2025,9/abr/2030,VIGENTE
FEMENINO,VENADO TUERTO,RENOVACIÓN,"A.2.2, B.2",9/abr/2025,9/abr/2025,9/abr/2030,VIGENTE
FEMENINO,VENADO TUERTO,RENOVACIÓN,"A.2.1, B.1",9/abr/2025,9/abr/2025,9/abr/2030,VIGENTE
MASCULINO,VENADO TUERTO,RENOVACIÓN,"A.2.1, B.1",9/abr/2025,9/abr/2025,9/abr/2028,VIGENTE
MASCULINO,SAN EDUARDO,RENOVACIÓN CON AMPLIACIÓN,"E.1, G.1, G.2",9/abr/2025,9/abr/2025,9/abr/2027,VIGENTE
MASCULINO,VENADO TUERTO,RENOVACIÓN,"A.2.1, B.2",9/abr/2025,9/abr/2025,9/abr/2026,VIGENTE
FEMENINO,VENADO TUERTO,RENOVACIÓN,B.1,9/abr/2025,9/abr/2025,9/abr/2028,VIGENTE
FEMENINO,VENADO TUERTO,RENOVACIÓN CON AMPLIACIÓN,"A.2.2, B.2",9/abr/2025,9/abr/2025,9/abr/2028,VIGENTE
MASCULINO,VENADO TUERTO,RENOVACIÓN,"A.2.2, D.1",9/abr/2025,9/abr/2025,9/abr/2027,VIGENTE
MASCULINO,VENADO TUERTO,ORIGINAL,"A.2.1, B.1",11/abr/2025,17/mar/2025,11/abr/2030,VIGENTE
MASCULINO,VENADO TUERTO,RENOVACIÓN CON AMPLIACIÓN,"A.2.1, B.1",11/abr/2025,28/mar/2025,11/abr/2030,VIGENTE
FEMENINO,VENADO TUERTO,RENOVACIÓN CON AMPLIACIÓN,"A.2.1, B.1",11/abr/2025,31/mar/2025,11/abr/2030,VIGENTE
FEMENINO,VENADO TUERTO,RENOVACIÓN CON AMPLIACIÓN,"A.2.1, B.1",11/abr/2025,1/abr/2025,11/abr/2030,VIGENTE
FEMENINO,VENADO TUERTO,ORIGINAL,A.2.1,11/abr/2025,1/abr/2025,11/abr/2030,VIGENTE
FEMENINO,VENADO TUERTO,ORIGINAL,A.2.1,11/abr/2025,9/abr/2025,11/abr/2030,VIGENTE
FEMENINO,VENADO TUERTO,RENOVACIÓN,B.2,11/abr/2025,11/abr/2025,11/abr/2030,VIGENTE
MASCULINO,VENADO TUERTO,RENOVACIÓN,B.1,11/abr/2025,11/abr/2025,11/abr/2030,VIGENTE
FEMENINO,VENADO TUERTO,RENOVACIÓN,B.2,11/abr/2025,11/abr/2025,11/abr/2028,VIGENTE
MASCULINO,VENADO TUERTO,RENOVACIÓN,"A.2.1, B.1",11/abr/2025,11/abr/2025,11/abr/2028,VIGENTE
MASCULINO,SAN EDUARDO,RENOVACIÓN,B.2,11/abr/2025,11/abr/2025,11/abr/2026,VIGENTE
FEMENINO,VENADO TUERTO,ORIGINAL,A.2.1,11/abr/2025,11/abr/2025,11/abr/2030,VIGENTE
MASCULINO,VENADO TUERTO,RENOVACIÓN,"A.2.2, E.1, E.2, G.1",11/abr/2025,11/abr/2025,11/abr/2027,VIGENTE
MASCULINO,VENADO TUERTO,RENOVACIÓN,B.2,11/abr/2025,11/abr/2025,11/abr/2026,VIGENTE
MASCULINO,VENADO TUERTO,ORIGINAL,"A.2.1, B.1",11/abr/2025,11/abr/2025,11/abr/2026,VIGENTE
MASCULINO,VENADO TUERTO,ORIGINAL,B.2,11/abr/2025,11/abr/2025,11/abr/2026,VIGENTE
FEMENINO,SAN EDUARDO,RENOVACIÓN,B.1,11/abr/2025,11/abr/2025,11/abr/2026,VIGENTE
MASCULINO,VENADO TUERTO,RENOVACIÓN,"A.2.1, B.2",11/abr/2025,11/abr/2025,11/abr/2026,VIGENTE
FEMENINO,VENADO TUERTO,RENOVACIÓN,"A.2.1, B.1",11/abr/2025,11/abr/2025,11/abr/2030,VIGENTE
MASCULINO,VENADO TUERTO,RENOVACIÓN,"A.2.1, B.1",11/abr/2025,11/abr/2025,11/abr/2028,VIGENTE
MASCULINO,VENADO TUERTO,RENOVACIÓN,"A.2.1, E.1",11/abr/2025,11/abr/2025,11/abr/2027,VIGENTE
MASCULINO,VENADO TUERTO,RENOVACIÓN,"A.2.2, E.1",11/abr/2025,11/abr/2025,11/abr/2027,VIGENTE
MASCULINO,VENADO TUERTO,RENOVACIÓN,B.1,11/abr/2025,11/abr/2025,11/abr/2026,VIGENTE
MASCULINO,VENADO TUERTO,RENOVACIÓN,B.2,11/abr/2025,11/abr/2025,11/abr/2026,VIGENTE
MASCULINO,VENADO TUERTO,RENOVACIÓN,E.1,11/abr/2025,11/abr/2025,11/abr/2026,VIGENTE
MASCULINO,VENADO TUERTO,RENOVACIÓN CON AMPLIACIÓN,"A.2.1, E.1",11/abr/2025,11/abr/2025,11/abr/2027,VIGENTE
MASCULINO,VENADO TUERTO,RENOVACIÓN,B.2,11/abr/2025,11/abr/2025,11/abr/2026,VIGENTE
MASCULINO,VENADO TUERTO,RENOVACIÓN,B.2,11/abr/2025,11/abr/2025,11/abr/2026,VIGENTE
FEMENINO,VENADO TUERTO,RENOVACIÓN,"A.2.2, B.2",11/abr/2025,11/abr/2025,11/abr/2030,VIGENTE
FEMENINO,VENADO TUERTO,RENOVACIÓN,A.2.1,11/abr/2025,11/abr/2025,11/abr/2028,VIGENTE
MASCULINO,SAN EDUARDO,RENOVACIÓN,"A.2.2, E.1, G.1",11/abr/2025,11/abr/2025,11/abr/2027,VIGENTE
MASCULINO,VENADO TUERTO,RENOVACIÓN CON AMPLIACIÓN,"A.2.1, B.1",11/abr/2025,11/abr/2025,11/abr/2030,VIGENTE
MASCULINO,SAN EDUARDO,RENOVACIÓN,B.1,11/abr/2025,11/abr/2025,11/abr/2026,VIGENTE
MASCULINO,VENADO TUERTO,ORIGINAL,B.1,11/abr/2025,11/abr/2025,11/abr/2026,VIGENTE
MASCULINO,VENADO TUERTO,RENOVACIÓN CON AMPLIACIÓN,"A.3, E.1, E.2, G.1",11/abr/2025,11/abr/2025,11/abr/2027,VIGENTE
FEMENINO,VENADO TUERTO,RENOVACIÓN,A.2.1,11/abr/2025,11/abr/2025,11/abr/2030,VIGENTE
MASCULINO,VENADO TUERTO,RENOVACIÓN,"A.2.2, B.1",11/abr/2025,11/abr/2025,11/abr/2030,VIGENTE
FEMENINO,VENADO TUERTO,ORIGINAL,B.1,11/abr/2025,11/abr/2025,11/abr/2026,VIGENTE
MASCULINO,VENADO TUERTO,RENOVACIÓN,B.2,11/abr/2025,11/abr/2025,11/abr/2030,VIGENTE
FEMENINO,VENADO TUERTO,RENOVACIÓN,A.2.1,11/abr/2025,11/abr/2025,11/abr/2028,VIGENTE
FEMENINO,VENADO TUERTO,RENOVACIÓN,A.2.1,11/abr/2025,11/abr/2025,11/abr/2028,VIGENTE
FEMENINO,VENADO TUERTO,ORIGINAL,B.1,11/abr/2025,11/abr/2025,11/abr/2026,VIGENTE
MASCULINO,VENADO TUERTO,RENOVACIÓN CON AMPLIACIÓN,"A.2.2, D.3, E.1",11/abr/2025,11/abr/2025,11/abr/2027,VIGENTE
MASCULINO,VENADO TUERTO,RENOVACIÓN,"A.2.1, B.1",11/abr/2025,11/abr/2025,11/abr/2030,VIGENTE
FEMENINO,VENADO TUERTO,RENOVACIÓN,B.2,11/abr/2025,11/abr/2025,11/abr/2026,VIGENTE
MASCULINO,VENADO TUERTO,ORIGINAL,A.2.1,11/abr/2025,11/abr/2025,11/abr/2030,VIGENTE
FEMENINO,VENADO TUERTO,RENOVACIÓN,B.1,11/abr/2025,11/abr/2025,11/abr/2028,VIGENTE
MASCULINO,VENADO TUERTO,ORIGINAL,"A.3, B.2",11/abr/2025,11/abr/2025,11/abr/2030,VIGENTE
MASCULINO,VENADO TUERTO,RENOVACIÓN,B.2,11/abr/2025,11/abr/2025,11/abr/2028,VIGENTE
FEMENINO,VENADO TUERTO,RENOVACIÓN,B.2,11/abr/2025,11/abr/2025,11/abr/2026,VIGENTE
MASCULINO,VENADO TUERTO,RENOVACIÓN,A.2.1,11/abr/2025,11/abr/2025,11/abr/2026,VIGENTE
MASCULINO,VENADO TUERTO,RENOVACIÓN,A.2.1,11/abr/2025,11/abr/2025,11/abr/2030,VIGENTE
MASCULINO,SAN EDUARDO,ORIGINAL,B.2,11/abr/2025,11/abr/2025,11/abr/2026,VIGENTE
MASCULINO,VENADO TUERTO,ORIGINAL,"A.2.1, B.1",11/abr/2025,11/abr/2025,11/abr/2026,VIGENTE
FEMENINO,VENADO TUERTO,RENOVACIÓN,B.1,11/abr/2025,11/abr/2025,11/abr/2028,VIGENTE
MASCULINO,VENADO TUERTO,RENOVACIÓN,"A.2.1, B.1",11/abr/2025,11/abr/2025,11/abr/2030,VIGENTE
MASCULINO,VENADO TUERTO,RENOVACIÓN,"A.2.1, B.1",11/abr/2025,11/abr/2025,11/abr/2028,VIGENTE
MASCULINO,VENADO TUERTO,RENOVACIÓN,B.2,11/abr/2025,11/abr/2025,11/abr/2026,VIGENTE
FEMENINO,VENADO TUERTO,ORIGINAL,"A.2.1, B.1",11/abr/2025,11/abr/2025,11/abr/2030,VIGENTE
MASCULINO,VENADO TUERTO,RENOVACIÓN CON AMPLIACIÓN,"A.3, B.2, G.2",11/abr/2025,11/abr/2025,11/abr/2030,VIGENTE
FEMENINO,VENADO TUERTO,RENOVACIÓN CON AMPLIACIÓN,"A.2.2, B.2",11/abr/2025,11/abr/2025,11/abr/2030,VIGENTE
MASCULINO,VENADO TUERTO,ORIGINAL,B.1,11/abr/2025,11/abr/2025,11/abr/2026,VIGENTE
FEMENINO,VENADO TUERTO,ORIGINAL,B.1,11/abr/2025,11/abr/2025,11/abr/2030,VIGENTE
MASCULINO,VENADO TUERTO,RENOVACIÓN,B.2,11/abr/2025,11/abr/2025,11/abr/2026,VIGENTE
MASCULINO,VENADO TUERTO,RENOVACIÓN,B.2,11/abr/2025,11/abr/2025,11/abr/2026,VIGENTE
FEMENINO,VENADO TUERTO,RENOVACIÓN,B.1,11/abr/2025,11/abr/2025,11/abr/2028,VIGENTE
MASCULINO,VENADO TUERTO,RENOVACIÓN,"A.2.1, B.2",14/abr/2025,16/abr/2024,14/abr/2028,VIGENTE
MASCULINO,VENADO TUERTO,RENOVACIÓN,"A.2.1, B.1",14/abr/2025,12/nov/2024,14/abr/2026,VIGENTE
MASCULINO,VENADO TUERTO,RENOVACIÓN CON AMPLIACIÓN,"A.2.2, B.2",14/abr/2025,24/ene/2025,14/abr/2026,VIGENTE
FEMENINO,VENADO TUERTO,ORIGINAL,A.2.1,14/abr/2025,1/abr/2025,14/abr/2026,VIGENTE
MASCULINO,VENADO TUERTO,RENOVACIÓN CON AMPLIACIÓN,"A.2.2, B.1",14/abr/2025,4/abr/2025,14/abr/2030,VIGENTE
FEMENINO,VENADO TUERTO,RENOVACIÓN CON AMPLIACIÓN,"A.2.1, B.1",14/abr/2025,7/abr/2025,14/abr/2030,VIGENTE
MASCULINO,VENADO TUERTO,RENOVACIÓN,D.1,14/abr/2025,11/abr/2025,14/abr/2026,VIGENTE
FEMENINO,VENADO TUERTO,RENOVACIÓN,B.2,14/abr/2025,11/abr/2025,14/abr/2026,VIGENTE
FEMENINO,VENADO TUERTO,ORIGINAL,A.2.1,14/abr/2025,14/abr/2025,14/abr/2030,VIGENTE
FEMENINO,VENADO TUERTO,RENOVACIÓN,B.1,14/abr/2025,14/abr/2025,14/abr/2026,VIGENTE
FEMENINO,VENADO TUERTO,ORIGINAL,A.2.1,14/abr/2025,14/abr/2025,14/abr/2030,VIGENTE
MASCULINO,VENADO TUERTO,ORIGINAL,B.2,14/abr/2025,14/abr/2025,14/abr/2030,VIGENTE
MASCULINO,VENADO TUERTO,RENOVACIÓN,E.1,14/abr/2025,14/abr/2025,14/abr/2026,VIGENTE
MASCULINO,VENADO TUERTO,RENOVACIÓN,B.2,14/abr/2025,14/abr/2025,14/abr/2026,VIGENTE
MASCULINO,VENADO TUERTO,RENOVACIÓN,B.2,14/abr/2025,14/abr/2025,14/abr/2028,VIGENTE
MASCULINO,VENADO TUERTO,ORIGINAL,A.2.1,14/abr/2025,14/abr/2025,14/abr/2026,VIGENTE
MASCULINO,SAN EDUARDO,RENOVACIÓN,"E.1, G.1, G.2",14/abr/2025,14/abr/2025,14/abr/2026,VIGENTE
MASCULINO,VENADO TUERTO,ORIGINAL,A.2.1,14/abr/2025,14/abr/2025,14/abr/2026,VIGENTE
MASCULINO,VENADO TUERTO,RENOVACIÓN CON AMPLIACIÓN,"A.2.1, E.1",14/abr/2025,14/abr/2025,14/abr/2027,VIGENTE
MASCULINO,VENADO TUERTO,RENOVACIÓN,"A.2.1, B.1",14/abr/2025,14/abr/2025,14/abr/2030,VIGENTE
MASCULINO,VENADO TUERTO,RENOVACIÓN,"A.2.1, B.2",14/abr/2025,14/abr/2025,14/abr/2026,VIGENTE
FEMENINO,VENADO TUERTO,RENOVACIÓN,B.2,14/abr/2025,14/abr/2025,14/abr/2030,VIGENTE
MASCULINO,VENADO TUERTO,ORIGINAL,"A.2.1, B.2",14/abr/2025,14/abr/2025,14/abr/2026,VIGENTE
MASCULINO,VENADO TUERTO,RENOVACIÓN,B.1,14/abr/2025,14/abr/2025,14/abr/2026,VIGENTE
MASCULINO,VENADO TUERTO,RENOVACIÓN,"A.2.1, E.1",14/abr/2025,14/abr/2025,14/abr/2026,VIGENTE
FEMENINO,VENADO TUERTO,DUPLICADO POR CAMBIO DE DATOS,B.2,14/abr/2025,14/abr/2025,17/may/2029,VIGENTE
FEMENINO,VENADO TUERTO,ORIGINAL,"A.2.1, B.1",14/abr/2025,14/abr/2025,14/abr/2030,VIGENTE
FEMENINO,VENADO TUERTO,RENOVACIÓN,B.1,14/abr/2025,14/abr/2025,14/abr/2030,VIGENTE
MASCULINO,VENADO TUERTO,RENOVACIÓN,"A.2.1, B.2",14/abr/2025,14/abr/2025,14/abr/2026,VIGENTE
FEMENINO,VENADO TUERTO,ORIGINAL,A.2.1,14/abr/2025,14/abr/2025,14/abr/2030,VIGENTE
MASCULINO,VENADO TUERTO,ORIGINAL,"A.2.1, B.1",14/abr/2025,14/abr/2025,14/abr/2026,VIGENTE
MASCULINO,VENADO TUERTO,RENOVACIÓN,A.2.1,14/abr/2025,14/abr/2025,14/abr/2028,VIGENTE
MASCULINO,VENADO TUERTO,RENOVACIÓN,B.2,14/abr/2025,14/abr/2025,14/abr/2026,VIGENTE
MASCULINO,VENADO TUERTO,RENOVACIÓN,B.2,14/abr/2025,14/abr/2025,14/abr/2026,VIGENTE
MASCULINO,VENADO TUERTO,ORIGINAL,"A.2.1, B.1",14/abr/2025,14/abr/2025,14/abr/2030,VIGENTE
MASCULINO,VENADO TUERTO,RENOVACIÓN,"A.2.2, E.1",14/abr/2025,14/abr/2025,14/abr/2027,VIGENTE
MASCULINO,VENADO TUERTO,RENOVACIÓN,E.1,14/abr/2025,14/abr/2025,14/abr/2026,VIGENTE
MASCULINO,VENADO TUERTO,RENOVACIÓN,"A.3, B.2",14/abr/2025,14/abr/2025,14/abr/2030,VIGENTE
MASCULINO,VENADO TUERTO,RENOVACIÓN,B.2,14/abr/2025,14/abr/2025,14/abr/2026,VIGENTE
MASCULINO,VENADO TUERTO,RENOVACIÓN,"E.1, E.2",14/abr/2025,14/abr/2025,14/abr/2027,VIGENTE
MASCULINO,VENADO TUERTO,RENOVACIÓN,"A.2.1, B.2",14/abr/2025,14/abr/2025,14/abr/2030,VIGENTE
MASCULINO,VENADO TUERTO,RENOVACIÓN,"A.2.2, B.2",14/abr/2025,14/abr/2025,14/abr/2028,VIGENTE
MASCULINO,VENADO TUERTO,RENOVACIÓN,B.1,14/abr/2025,14/abr/2025,14/abr/2026,VIGENTE
FEMENINO,VENADO TUERTO,RENOVACIÓN,"A.2.2, E.1, E.2",14/abr/2025,14/abr/2025,14/abr/2026,VIGENTE
FEMENINO,VENADO TUERTO,RENOVACIÓN,B.2,14/abr/2025,14/abr/2025,14/abr/2030,VIGENTE
MASCULINO,VENADO TUERTO,RENOVACIÓN,A.2.1,14/abr/2025,14/abr/2025,14/abr/2028,VIGENTE
FEMENINO,VENADO TUERTO,RENOVACIÓN,B.1,15/abr/2025,28/mar/2025,15/abr/2030,VIGENTE
FEMENINO,VENADO TUERTO,ORIGINAL,A.2.1,15/abr/2025,31/mar/2025,15/abr/2026,VIGENTE
MASCULINO,VENADO TUERTO,RENOVACIÓN,"A.2.1, B.2, G.1, G.2",15/abr/2025,1/abr/2025,15/abr/2030,VIGENTE
FEMENINO,VENADO TUERTO,ORIGINAL,A.2.1,15/abr/2025,3/abr/2025,15/abr/2026,VIGENTE
FEMENINO,VENADO TUERTO,RENOVACIÓN CON AMPLIACIÓN,"A.2.1, B.1",15/abr/2025,4/abr/2025,15/abr/2030,VIGENTE
FEMENINO,VENADO TUERTO,RENOVACIÓN CON AMPLIACIÓN,"A.2.1, B.2",15/abr/2025,14/abr/2025,15/abr/2030,VIGENTE
FEMENINO,VENADO TUERTO,ORIGINAL,A.2.1,15/abr/2025,15/abr/2025,15/abr/2030,VIGENTE
MASCULINO,VENADO TUERTO,RENOVACIÓN,"A.2.2, B.2",15/abr/2025,15/abr/2025,15/abr/2030,VIGENTE
MASCULINO,VENADO TUERTO,RENOVACIÓN,"A.2.1, B.1",15/abr/2025,15/abr/2025,15/abr/2030,VIGENTE
FEMENINO,VENADO TUERTO,RENOVACIÓN,B.1,15/abr/2025,15/abr/2025,15/abr/2026,VIGENTE
MASCULINO,VENADO TUERTO,RENOVACIÓN,B.1,15/abr/2025,15/abr/2025,15/abr/2030,VIGENTE
FEMENINO,VENADO TUERTO,RENOVACIÓN,B.2,15/abr/2025,15/abr/2025,15/abr/2026,VIGENTE
MASCULINO,VENADO TUERTO,RENOVACIÓN,B.2,15/abr/2025,15/abr/2025,15/abr/2026,VIGENTE
MASCULINO,VENADO TUERTO,RENOVACIÓN CON AMPLIACIÓN,"A.2.1, B.2",15/abr/2025,15/abr/2025,15/abr/2030,VIGENTE
MASCULINO,VENADO TUERTO,DUPLICADO,E.1,15/abr/2025,15/abr/2025,9/dic/2025,VIGENTE
MASCULINO,VENADO TUERTO,RENOVACIÓN CON AMPLIACIÓN,"A.2.2, E.1, G.1",15/abr/2025,15/abr/2025,15/abr/2027,VIGENTE
MASCULINO,VENADO TUERTO,RENOVACIÓN,B.2,15/abr/2025,15/abr/2025,15/abr/2026,VIGENTE
FEMENINO,VENADO TUERTO,ORIGINAL,B.1,15/abr/2025,15/abr/2025,15/abr/2030,VIGENTE
MASCULINO,VENADO TUERTO,RENOVACIÓN,"E.1, G.1, G.2",15/abr/2025,15/abr/2025,15/abr/2026,VIGENTE
MASCULINO,VENADO TUERTO,RENOVACIÓN,B.2,15/abr/2025,15/abr/2025,15/abr/2026,VIGENTE
MASCULINO,VENADO TUERTO,RENOVACIÓN,"A.2.2, A.4, B.2",15/abr/2025,15/abr/2025,15/abr/2027,VIGENTE
MASCULINO,VENADO TUERTO,ORIGINAL,A.2.1,15/abr/2025,15/abr/2025,15/abr/2026,VIGENTE
MASCULINO,VENADO TUERTO,RENOVACIÓN CON AMPLIACIÓN,"A.3, E.1, G.1, G.2",15/abr/2025,15/abr/2025,15/abr/2027,VIGENTE
FEMENINO,VENADO TUERTO,RENOVACIÓN,B.2,15/abr/2025,15/abr/2025,15/abr/2028,VIGENTE
MASCULINO,VENADO TUERTO,RENOVACIÓN,B.2,15/abr/2025,15/abr/2025,15/abr/2028,VIGENTE
MASCULINO,VENADO TUERTO,RENOVACIÓN,"A.2.1, B.2",15/abr/2025,15/abr/2025,15/abr/2030,VIGENTE
MASCULINO,VENADO TUERTO,RENOVACIÓN,E.1,15/abr/2025,15/abr/2025,15/abr/2027,VIGENTE
MASCULINO,VENADO TUERTO,RENOVACIÓN CON AMPLIACIÓN,"A.3, B.2",15/abr/2025,15/abr/2025,15/abr/2030,VIGENTE
MASCULINO,VENADO TUERTO,DUPLICADO,"A.2.1, B.1",15/abr/2025,15/abr/2025,15/ago/2029,VIGENTE
MASCULINO,VENADO TUERTO,DUPLICADO,"A.2.1, E.1",15/abr/2025,15/abr/2025,20/sept/2025,VIGENTE
FEMENINO,VENADO TUERTO,RENOVACIÓN,B.1,15/abr/2025,15/abr/2025,15/abr/2030,VIGENTE
MASCULINO,VENADO TUERTO,ORIGINAL,A.2.1,15/abr/2025,15/abr/2025,15/abr/2028,VIGENTE
FEMENINO,VENADO TUERTO,RENOVACIÓN,"A.2.1, B.1",15/abr/2025,15/abr/2025,15/abr/2030,VIGENTE
FEMENINO,VENADO TUERTO,RENOVACIÓN CON AMPLIACIÓN,"A.2.1, B.1",15/abr/2025,15/abr/2025,15/abr/2030,VIGENTE
FEMENINO,VENADO TUERTO,RENOVACIÓN,B.2,15/abr/2025,15/abr/2025,15/abr/2028,VIGENTE
MASCULINO,VENADO TUERTO,RENOVACIÓN,B.2,15/abr/2025,15/abr/2025,15/abr/2026,VIGENTE
MASCULINO,VENADO TUERTO,RENOVACIÓN,B.2,15/abr/2025,15/abr/2025,15/abr/2026,VIGENTE
FEMENINO,VENADO TUERTO,RENOVACIÓN,A.2.1,15/abr/2025,15/abr/2025,15/abr/2030,VIGENTE
MASCULINO,VENADO TUERTO,RENOVACIÓN,"D.3, E.1, E.2",15/abr/2025,15/abr/2025,15/abr/2026,VIGENTE
MASCULINO,VENADO TUERTO,RENOVACIÓN,B.2,15/abr/2025,15/abr/2025,15/abr/2026,VIGENTE
MASCULINO,VENADO TUERTO,RENOVACIÓN,B.2,15/abr/2025,15/abr/2025,15/abr/2026,VIGENTE
FEMENINO,VENADO TUERTO,RENOVACIÓN CON AMPLIACIÓN,"A.2.1, B.1",15/abr/2025,15/abr/2025,15/abr/2030,VIGENTE
MASCULINO,VENADO TUERTO,RENOVACIÓN,B.2,15/abr/2025,15/abr/2025,15/abr/2030,VIGENTE
FEMENINO,VENADO TUERTO,ORIGINAL,A.2.1,15/abr/2025,15/abr/2025,15/abr/2030,VIGENTE
MASCULINO,VENADO TUERTO,RENOVACIÓN CON AMPLIACIÓN,"A.2.1, B.2",16/abr/2025,19/mar/2025,16/abr/2030,VIGENTE
MASCULINO,VENADO TUERTO,ORIGINAL,"A.2.1, B.1",16/abr/2025,28/mar/2025,16/abr/2026,VIGENTE
MASCULINO,VENADO TUERTO,ORIGINAL,A.2.1,16/abr/2025,3/abr/2025,16/abr/2026,VIGENTE
MASCULINO,VENADO TUERTO,RENOVACIÓN CON AMPLIACIÓN,"A.2.2, B.1",16/abr/2025,4/abr/2025,16/abr/2030,VIGENTE
MASCULINO,VENADO TUERTO,ORIGINAL,A.3,16/abr/2025,15/abr/2025,16/abr/2030,VIGENTE
MASCULINO,VENADO TUERTO,RENOVACIÓN CON AMPLIACIÓN,"A.2.2, B.1",16/abr/2025,15/abr/2025,16/abr/2030,VIGENTE
FEMENINO,VENADO TUERTO,RENOVACIÓN,A.2.1,16/abr/2025,16/abr/2025,16/abr/2030,VIGENTE
MASCULINO,VENADO TUERTO,RENOVACIÓN,"B.2, G.1, G.2",16/abr/2025,16/abr/2025,16/abr/2030,VIGENTE
FEMENINO,VENADO TUERTO,RENOVACIÓN,"A.2.1, B.1",16/abr/2025,16/abr/2025,16/abr/2030,VIGENTE
MASCULINO,VENADO TUERTO,RENOVACIÓN CON AMPLIACIÓN,"A.2.2, B.1",16/abr/2025,16/abr/2025,16/abr/2030,VIGENTE
FEMENINO,VENADO TUERTO,RENOVACIÓN,B.2,16/abr/2025,16/abr/2025,16/abr/2026,VIGENTE
MASCULINO,VENADO TUERTO,RENOVACIÓN,B.2,16/abr/2025,16/abr/2025,16/abr/2026,VIGENTE
MASCULINO,VENADO TUERTO,RENOVACIÓN,"A.2.1, B.1",16/abr/2025,16/abr/2025,16/abr/2026,VIGENTE
MASCULINO,VENADO TUERTO,RENOVACIÓN,E.1,16/abr/2025,16/abr/2025,16/abr/2026,VIGENTE
MASCULINO,VENADO TUERTO,RENOVACIÓN,B.2,16/abr/2025,16/abr/2025,16/abr/2026,VIGENTE
MASCULINO,VENADO TUERTO,RENOVACIÓN,B.2,16/abr/2025,16/abr/2025,16/abr/2026,VIGENTE
MASCULINO,VENADO TUERTO,RENOVACIÓN,B.2,16/abr/2025,16/abr/2025,16/abr/2026,VIGENTE
MASCULINO,VENADO TUERTO,RENOVACIÓN,B.2,16/abr/2025,16/abr/2025,16/abr/2026,VIGENTE
FEMENINO,VENADO TUERTO,ORIGINAL,"A.2.2, B.2",16/abr/2025,16/abr/2025,16/abr/2030,VIGENTE
MASCULINO,VENADO TUERTO,RENOVACIÓN,B.2,16/abr/2025,16/abr/2025,16/abr/2026,VIGENTE
MASCULINO,VENADO TUERTO,ORIGINAL,B.2,16/abr/2025,16/abr/2025,16/abr/2030,VIGENTE
MASCULINO,VENADO TUERTO,RENOVACIÓN,"E.1, E.2",16/abr/2025,16/abr/2025,16/abr/2026,VIGENTE
FEMENINO,VENADO TUERTO,RENOVACIÓN,A.2.1,16/abr/2025,16/abr/2025,16/abr/2030,VIGENTE
MASCULINO,VENADO TUERTO,ORIGINAL,"A.2.1, B.2",16/abr/2025,16/abr/2025,16/abr/2026,VIGENTE
FEMENINO,VENADO TUERTO,RENOVACIÓN,B.2,16/abr/2025,16/abr/2025,16/abr/2028,VIGENTE
MASCULINO,VENADO TUERTO,RENOVACIÓN,B.2,16/abr/2025,16/abr/2025,16/abr/2026,VIGENTE
MASCULINO,VENADO TUERTO,ORIGINAL,A.2.1,16/abr/2025,16/abr/2025,16/abr/2030,VIGENTE
MASCULINO,VENADO TUERTO,ORIGINAL,A.2.1,16/abr/2025,16/abr/2025,16/abr/2026,VIGENTE
MASCULINO,VENADO TUERTO,RENOVACIÓN,B.2,16/abr/2025,16/abr/2025,16/abr/2028,VIGENTE
MASCULINO,VENADO TUERTO,RENOVACIÓN,"A.2.1, B.2",16/abr/2025,16/abr/2025,16/abr/2030,VIGENTE
FEMENINO,VENADO TUERTO,ORIGINAL,A.2.1,16/abr/2025,16/abr/2025,16/abr/2030,VIGENTE
FEMENINO,VENADO TUERTO,RENOVACIÓN,B.2,16/abr/2025,16/abr/2025,16/abr/2026,VIGENTE
FEMENINO,VENADO TUERTO,ORIGINAL,"A.2.1, B.2",16/abr/2025,16/abr/2025,16/abr/2030,VIGENTE
MASCULINO,VENADO TUERTO,RENOVACIÓN,B.2,16/abr/2025,16/abr/2025,16/abr/2026,VIGENTE
MASCULINO,VENADO TUERTO,RENOVACIÓN,"A.2.2, E.1, E.2",16/abr/2025,16/abr/2025,16/abr/2027,VIGENTE
MASCULINO,VENADO TUERTO,RENOVACIÓN,"A.2.1, E.1",16/abr/2025,16/abr/2025,16/abr/2026,VIGENTE
MASCULINO,VENADO TUERTO,RENOVACIÓN,"A.2.1, E.1, G.1",16/abr/2025,16/abr/2025,16/abr/2026,VIGENTE
MASCULINO,VENADO TUERTO,RENOVACIÓN,B.1,16/abr/2025,16/abr/2025,16/abr/2028,VIGENTE
MASCULINO,VENADO TUERTO,RENOVACIÓN,B.2,16/abr/2025,16/abr/2025,16/abr/2026,VIGENTE
FEMENINO,VENADO TUERTO,RENOVACIÓN,A.2.1,16/abr/2025,16/abr/2025,16/abr/2030,VIGENTE
FEMENINO,VENADO TUERTO,RENOVACIÓN,B.1,16/abr/2025,16/abr/2025,16/abr/2030,VIGENTE
FEMENINO,VENADO TUERTO,ORIGINAL,"A.2.1, B.1",16/abr/2025,16/abr/2025,16/abr/2026,VIGENTE
MASCULINO,VENADO TUERTO,RENOVACIÓN,B.2,16/abr/2025,16/abr/2025,16/abr/2026,VIGENTE
FEMENINO,VENADO TUERTO,ORIGINAL,A.2.1,16/abr/2025,16/abr/2025,16/abr/2030,VIGENTE
MASCULINO,VENADO TUERTO,ORIGINAL,"A.2.1, B.1",16/abr/2025,16/abr/2025,16/abr/2026,VIGENTE
MASCULINO,VENADO TUERTO,RENOVACIÓN,"B.2, C",16/abr/2025,16/abr/2025,16/abr/2026,VIGENTE
MASCULINO,VENADO TUERTO,RENOVACIÓN,B.2,16/abr/2025,16/abr/2025,16/abr/2026,VIGENTE
FEMENINO,VENADO TUERTO,ORIGINAL,B.2,16/abr/2025,16/abr/2025,16/abr/2030,VIGENTE
MASCULINO,VENADO TUERTO,RENOVACIÓN,B.2,16/abr/2025,16/abr/2025,16/abr/2026,VIGENTE
MASCULINO,VENADO TUERTO,RENOVACIÓN,B.2,16/abr/2025,16/abr/2025,16/abr/2026,VIGENTE
FEMENINO,VENADO TUERTO,RENOVACIÓN,B.2,16/abr/2025,16/abr/2025,16/abr/2030,VIGENTE
FEMENINO,VENADO TUERTO,RENOVACIÓN,B.2,16/abr/2025,16/abr/2025,16/abr/2028,VIGENTE
MASCULINO,VENADO TUERTO,RENOVACIÓN,"A.2.1, B.2",16/abr/2025,16/abr/2025,16/abr/2026,VIGENTE
MASCULINO,VENADO TUERTO,RENOVACIÓN,"A.2.2, E.1, E.2",16/abr/2025,16/abr/2025,16/abr/2027,VIGENTE
MASCULINO,VENADO TUERTO,RENOVACIÓN CON AMPLIACIÓN,"A.3, B.2",16/abr/2025,16/abr/2025,16/abr/2030,VIGENTE
MASCULINO,VENADO TUERTO,RENOVACIÓN,B.2,16/abr/2025,16/abr/2025,16/abr/2026,VIGENTE
MASCULINO,VENADO TUERTO,RENOVACIÓN,"A.2.1, B.2",16/abr/2025,16/abr/2025,16/abr/2030,VIGENTE
MASCULINO,VENADO TUERTO,RENOVACIÓN,B.2,16/abr/2025,16/abr/2025,16/abr/2026,VIGENTE
FEMENINO,VENADO TUERTO,RENOVACIÓN,B.2,16/abr/2025,16/abr/2025,16/abr/2026,VIGENTE
MASCULINO,VENADO TUERTO,RENOVACIÓN,B.2,16/abr/2025,16/abr/2025,16/abr/2026,VIGENTE
MASCULINO,VENADO TUERTO,ORIGINAL,B.1,16/abr/2025,16/abr/2025,16/abr/2026,VIGENTE
MASCULINO,VENADO TUERTO,RENOVACIÓN,B.2,16/abr/2025,16/abr/2025,16/abr/2028,VIGENTE
MASCULINO,VENADO TUERTO,RENOVACIÓN CON AMPLIACIÓN,"A.2.2, B.1",16/abr/2025,16/abr/2025,16/abr/2030,VIGENTE
MASCULINO,VENADO TUERTO,RENOVACIÓN,"A.3, B.2",16/abr/2025,16/abr/2025,16/abr/2030,VIGENTE
FEMENINO,VENADO TUERTO,RENOVACIÓN CON AMPLIACIÓN,"A.2.1, B.1",16/abr/2025,16/abr/2025,16/abr/2030,VIGENTE
FEMENINO,VENADO TUERTO,ORIGINAL,"A.2.1, B.2",21/abr/2025,27/ene/2025,21/abr/2030,VIGENTE
MASCULINO,VENADO TUERTO,ORIGINAL,A.2.1,21/abr/2025,13/mar/2025,21/abr/2030,VIGENTE
MASCULINO,VENADO TUERTO,ORIGINAL,A.2.1,21/abr/2025,1/abr/2025,21/abr/2030,VIGENTE
FEMENINO,VENADO TUERTO,ORIGINAL,"A.2.1, B.1",21/abr/2025,1/abr/2025,21/abr/2030,VIGENTE
FEMENINO,VENADO TUERTO,ORIGINAL,A.2.1,21/abr/2025,7/abr/2025,21/abr/2030,VIGENTE
FEMENINO,VENADO TUERTO,RENOVACIÓN CON AMPLIACIÓN,"A.2.1, B.1",21/abr/2025,8/abr/2025,21/abr/2030,VIGENTE
MASCULINO,VENADO TUERTO,ORIGINAL,"A.2.1, B.1",21/abr/2025,8/abr/2025,21/abr/2026,VIGENTE
MASCULINO,VENADO TUERTO,RENOVACIÓN CON AMPLIACIÓN,"A.2.1, E.1",21/abr/2025,11/abr/2025,21/abr/2026,VIGENTE
MASCULINO,VENADO TUERTO,RENOVACIÓN CON AMPLIACIÓN,"A.2.1, E.1",21/abr/2025,16/abr/2025,21/abr/2027,VIGENTE
MASCULINO,VENADO TUERTO,RENOVACIÓN,"A.2.1, E.1",21/abr/2025,21/abr/2025,21/abr/2027,VIGENTE
MASCULINO,VENADO TUERTO,RENOVACIÓN,"A.3, B.2",21/abr/2025,21/abr/2025,21/abr/2026,VIGENTE
MASCULINO,VENADO TUERTO,RENOVACIÓN,B.2,21/abr/2025,21/abr/2025,21/abr/2026,VIGENTE
FEMENINO,VENADO TUERTO,ORIGINAL,A.2.1,21/abr/2025,21/abr/2025,21/abr/2026,VIGENTE
MASCULINO,VENADO TUERTO,RENOVACIÓN,"A.3, E.1",21/abr/2025,21/abr/2025,21/abr/2026,VIGENTE
MASCULINO,VENADO TUERTO,RENOVACIÓN,B.2,21/abr/2025,21/abr/2025,21/abr/2026,VIGENTE
FEMENINO,VENADO TUERTO,RENOVACIÓN,A.2.1,21/abr/2025,21/abr/2025,21/abr/2030,VIGENTE
MASCULINO,VENADO TUERTO,RENOVACIÓN CON AMPLIACIÓN,"A.2.1, B.1",21/abr/2025,21/abr/2025,21/abr/2030,VIGENTE
FEMENINO,VENADO TUERTO,RENOVACIÓN,B.1,21/abr/2025,21/abr/2025,21/abr/2028,VIGENTE
MASCULINO,VENADO TUERTO,RENOVACIÓN,B.2,21/abr/2025,21/abr/2025,21/abr/2026,VIGENTE
FEMENINO,VENADO TUERTO,RENOVACIÓN,"A.2.1, B.1",21/abr/2025,21/abr/2025,21/abr/2028,VIGENTE
MASCULINO,VENADO TUERTO,RENOVACIÓN,B.2,21/abr/2025,21/abr/2025,21/abr/2026,VIGENTE
MASCULINO,VENADO TUERTO,RENOVACIÓN,"A.2.1, B.1",21/abr/2025,21/abr/2025,21/abr/2028,VIGENTE
FEMENINO,VENADO TUERTO,RENOVACIÓN,"A.2.1, B.2",21/abr/2025,21/abr/2025,21/abr/2030,VIGENTE
MASCULINO,VENADO TUERTO,RENOVACIÓN,B.2,21/abr/2025,21/abr/2025,21/abr/2030,VIGENTE
MASCULINO,VENADO TUERTO,ORIGINAL,"A.2.1, B.1",21/abr/2025,21/abr/2025,21/abr/2030,VIGENTE
MASCULINO,VENADO TUERTO,RENOVACIÓN,B.1,21/abr/2025,21/abr/2025,21/abr/2028,VIGENTE
MASCULINO,VENADO TUERTO,RENOVACIÓN,E.1,21/abr/2025,21/abr/2025,21/abr/2026,VIGENTE
MASCULINO,VENADO TUERTO,RENOVACIÓN,B.2,21/abr/2025,21/abr/2025,21/abr/2026,VIGENTE
MASCULINO,VENADO TUERTO,RENOVACIÓN,A.2.1,21/abr/2025,21/abr/2025,21/abr/2026,VIGENTE
MASCULINO,VENADO TUERTO,RENOVACIÓN,B.2,21/abr/2025,21/abr/2025,21/abr/2026,VIGENTE
MASCULINO,SAN EDUARDO,RENOVACIÓN,"A.2.1, E.1",21/abr/2025,21/abr/2025,21/abr/2026,VIGENTE
MASCULINO,VENADO TUERTO,RENOVACIÓN,B.2,21/abr/2025,21/abr/2025,21/abr/2026,VIGENTE
FEMENINO,VENADO TUERTO,RENOVACIÓN,B.2,21/abr/2025,21/abr/2025,21/abr/2026,VIGENTE
FEMENINO,VENADO TUERTO,RENOVACIÓN CON AMPLIACIÓN,"A.2.1, B.1",21/abr/2025,21/abr/2025,21/abr/2030,VIGENTE
MASCULINO,VENADO TUERTO,RENOVACIÓN CON AMPLIACIÓN,"A.2.1, B.2",21/abr/2025,21/abr/2025,21/abr/2030,VIGENTE
MASCULINO,VENADO TUERTO,ORIGINAL,B.2,21/abr/2025,21/abr/2025,21/abr/2030,VIGENTE
MASCULINO,VENADO TUERTO,ORIGINAL,A.2.1,22/abr/2025,9/abr/2025,22/abr/2026,VIGENTE
FEMENINO,VENADO TUERTO,ORIGINAL,A.2.1,22/abr/2025,9/abr/2025,22/abr/2030,VIGENTE
FEMENINO,VENADO TUERTO,ORIGINAL,"A.2.1, B.1",22/abr/2025,11/abr/2025,22/abr/2030,VIGENTE
FEMENINO,VENADO TUERTO,ORIGINAL,A.2.1,22/abr/2025,11/abr/2025,22/abr/2026,VIGENTE
MASCULINO,VENADO TUERTO,ORIGINAL,A.2.1,22/abr/2025,16/abr/2025,22/abr/2030,VIGENTE
MASCULINO,VENADO TUERTO,RENOVACIÓN,D.1,22/abr/2025,21/abr/2025,22/abr/2026,VIGENTE
MASCULINO,SAN EDUARDO,RENOVACIÓN,"A.2.2, B.2",22/abr/2025,22/abr/2025,22/abr/2030,VIGENTE
MASCULINO,VENADO TUERTO,RENOVACIÓN,E.1,22/abr/2025,22/abr/2025,22/abr/2027,VIGENTE
MASCULINO,VENADO TUERTO,RENOVACIÓN,B.2,22/abr/2025,22/abr/2025,22/abr/2026,VIGENTE
FEMENINO,VENADO TUERTO,RENOVACIÓN,B.1,22/abr/2025,22/abr/2025,22/abr/2030,VIGENTE
FEMENINO,VENADO TUERTO,RENOVACIÓN,"A.2.1, D.1",22/abr/2025,22/abr/2025,22/abr/2026,VIGENTE
MASCULINO,VENADO TUERTO,RENOVACIÓN,"A.3, B.2",22/abr/2025,22/abr/2025,22/abr/2030,VIGENTE
MASCULINO,VENADO TUERTO,RENOVACIÓN,B.1,22/abr/2025,22/abr/2025,22/abr/2030,VIGENTE
MASCULINO,VENADO TUERTO,RENOVACIÓN,B.2,22/abr/2025,22/abr/2025,22/abr/2030,VIGENTE
FEMENINO,SAN EDUARDO,RENOVACIÓN,B.2,22/abr/2025,22/abr/2025,22/abr/2026,VIGENTE
MASCULINO,VENADO TUERTO,ORIGINAL,B.1,22/abr/2025,22/abr/2025,22/abr/2030,VIGENTE
MASCULINO,VENADO TUERTO,RENOVACIÓN,B.2,22/abr/2025,22/abr/2025,22/abr/2026,VIGENTE
MASCULINO,VENADO TUERTO,RENOVACIÓN,C,22/abr/2025,22/abr/2025,22/abr/2026,VIGENTE
FEMENINO,VENADO TUERTO,ORIGINAL,A.2.1,22/abr/2025,22/abr/2025,22/abr/2030,VIGENTE
MASCULINO,VENADO TUERTO,RENOVACIÓN,B.2,22/abr/2025,22/abr/2025,22/abr/2026,VIGENTE
MASCULINO,VENADO TUERTO,RENOVACIÓN,B.2,22/abr/2025,22/abr/2025,22/abr/2026,VIGENTE
MASCULINO,VENADO TUERTO,RENOVACIÓN,"A.2.1, B.2",22/abr/2025,22/abr/2025,22/abr/2026,VIGENTE
MASCULINO,VENADO TUERTO,ORIGINAL,B.1,22/abr/2025,22/abr/2025,22/abr/2030,VIGENTE
FEMENINO,VENADO TUERTO,RENOVACIÓN,"A.2.1, B.1",22/abr/2025,22/abr/2025,22/abr/2030,VIGENTE
MASCULINO,VENADO TUERTO,RENOVACIÓN,"D.1, E.1",22/abr/2025,22/abr/2025,22/abr/2027,VIGENTE
MASCULINO,VENADO TUERTO,RENOVACIÓN,"A.2.1, B.2",22/abr/2025,22/abr/2025,22/abr/2030,VIGENTE
FEMENINO,VENADO TUERTO,RENOVACIÓN,B.2,22/abr/2025,22/abr/2025,22/abr/2030,VIGENTE
FEMENINO,VENADO TUERTO,RENOVACIÓN,B.2,22/abr/2025,22/abr/2025,22/abr/2028,VIGENTE
FEMENINO,VENADO TUERTO,RENOVACIÓN CON AMPLIACIÓN,"A.2.1, B.1",22/abr/2025,22/abr/2025,22/abr/2030,VIGENTE
MASCULINO,VENADO TUERTO,RENOVACIÓN,"A.2.1, E.1",22/abr/2025,22/abr/2025,22/abr/2026,VIGENTE
MASCULINO,VENADO TUERTO,ORIGINAL,"A.2.1, B.1",22/abr/2025,22/abr/2025,22/abr/2030,VIGENTE
MASCULINO,VENADO TUERTO,RENOVACIÓN,A.2.1,22/abr/2025,22/abr/2025,22/abr/2030,VIGENTE
MASCULINO,VENADO TUERTO,RENOVACIÓN,B.2,22/abr/2025,22/abr/2025,22/abr/2026,VIGENTE
MASCULINO,VENADO TUERTO,RENOVACIÓN,"A.2.2, B.1",22/abr/2025,22/abr/2025,22/abr/2030,VIGENTE
FEMENINO,VENADO TUERTO,RENOVACIÓN,A.2.1,22/abr/2025,22/abr/2025,22/abr/2028,VIGENTE
MASCULINO,VENADO TUERTO,RENOVACIÓN,"A.2.2, B.2",22/abr/2025,22/abr/2025,22/abr/2026,VIGENTE
MASCULINO,VENADO TUERTO,RENOVACIÓN,"A.2.1, E.1",22/abr/2025,22/abr/2025,22/abr/2027,VIGENTE
MASCULINO,VENADO TUERTO,DUPLICADO,"A.2.1, E.1",22/abr/2025,22/abr/2025,7/feb/2027,VIGENTE
FEMENINO,VENADO TUERTO,RENOVACIÓN CON AMPLIACIÓN,"A.2.1, B.1",22/abr/2025,22/abr/2025,22/abr/2030,VIGENTE
MASCULINO,VENADO TUERTO,RENOVACIÓN,"A.3, E.1, E.2",22/abr/2025,22/abr/2025,22/abr/2026,VIGENTE
MASCULINO,VENADO TUERTO,RENOVACIÓN,B.2,22/abr/2025,22/abr/2025,22/abr/2026,VIGENTE
FEMENINO,VENADO TUERTO,RENOVACIÓN,"A.2.1, B.2",22/abr/2025,22/abr/2025,22/abr/2030,VIGENTE
MASCULINO,VENADO TUERTO,RENOVACIÓN,B.2,22/abr/2025,22/abr/2025,22/abr/2028,VIGENTE
FEMENINO,VENADO TUERTO,ORIGINAL,"A.2.1, B.1",22/abr/2025,22/abr/2025,22/abr/2030,VIGENTE
FEMENINO,VENADO TUERTO,ORIGINAL,"A.2.1, B.1",22/abr/2025,22/abr/2025,22/abr/2030,VIGENTE
MASCULINO,VENADO TUERTO,RENOVACIÓN,"A.2.2, B.1",22/abr/2025,22/abr/2025,22/abr/2026,VIGENTE
FEMENINO,VENADO TUERTO,RENOVACIÓN,B.2,22/abr/2025,22/abr/2025,22/abr/2026,VIGENTE
FEMENINO,VENADO TUERTO,ORIGINAL,B.1,22/abr/2025,22/abr/2025,22/abr/2030,VIGENTE
FEMENINO,VENADO TUERTO,ORIGINAL,B.1,23/abr/2025,18/feb/2025,23/abr/2030,VIGENTE
MASCULINO,VENADO TUERTO,RENOVACIÓN CON AMPLIACIÓN,"A.2.2, B.2",23/abr/2025,11/abr/2025,23/abr/2030,VIGENTE
MASCULINO,VENADO TUERTO,RENOVACIÓN,B.2,23/abr/2025,22/abr/2025,23/abr/2026,VIGENTE
MASCULINO,SAN EDUARDO,RENOVACIÓN,"A.2.1, B.1",23/abr/2025,22/abr/2025,23/abr/2028,VIGENTE
MASCULINO,VENADO TUERTO,RENOVACIÓN,"A.2.1, B.1",23/abr/2025,22/abr/2025,23/abr/2030,VIGENTE
MASCULINO,VENADO TUERTO,ORIGINAL,A.2.1,23/abr/2025,22/abr/2025,23/abr/2030,VIGENTE
MASCULINO,VENADO TUERTO,RENOVACIÓN CON AMPLIACIÓN,"A.2.1, B.1",23/abr/2025,22/abr/2025,23/abr/2030,VIGENTE
MASCULINO,VENADO TUERTO,RENOVACIÓN CON AMPLIACIÓN,"A.2.1, B.1, E.2",23/abr/2025,22/abr/2025,23/abr/2027,VIGENTE
MASCULINO,VENADO TUERTO,ORIGINAL,A.2.1,23/abr/2025,22/abr/2025,23/abr/2026,VIGENTE
MASCULINO,VENADO TUERTO,RENOVACIÓN,B.2,23/abr/2025,23/abr/2025,23/abr/2026,VIGENTE
MASCULINO,VENADO TUERTO,ORIGINAL,A.2.2,23/abr/2025,23/abr/2025,23/abr/2030,VIGENTE
MASCULINO,SAN EDUARDO,RENOVACIÓN,"B.2, G.1",23/abr/2025,23/abr/2025,23/abr/2030,VIGENTE
MASCULINO,VENADO TUERTO,RENOVACIÓN,B.2,23/abr/2025,23/abr/2025,23/abr/2026,VIGENTE
MASCULINO,VENADO TUERTO,RENOVACIÓN,"A.2.1, B.2",23/abr/2025,23/abr/2025,23/abr/2026,VIGENTE
FEMENINO,VENADO TUERTO,RENOVACIÓN,A.2.1,23/abr/2025,23/abr/2025,23/abr/2028,VIGENTE
MASCULINO,VENADO TUERTO,RENOVACIÓN,B.2,23/abr/2025,23/abr/2025,23/abr/2026,VIGENTE
MASCULINO,VENADO TUERTO,RENOVACIÓN,"A.3, B.2, G.2",23/abr/2025,23/abr/2025,23/abr/2030,VIGENTE
MASCULINO,SAN EDUARDO,RENOVACIÓN,"A.2.2, E.1, E.2, G.1",23/abr/2025,23/abr/2025,23/abr/2026,VIGENTE
MASCULINO,VENADO TUERTO,RENOVACIÓN,B.1,23/abr/2025,23/abr/2025,23/abr/2026,VIGENTE
MASCULINO,VENADO TUERTO,RENOVACIÓN,"A.3, B.2, D.3, E.2",23/abr/2025,23/abr/2025,23/abr/2027,VIGENTE
MASCULINO,SAN EDUARDO,RENOVACIÓN,"A.2.2, E.1, E.2, G.1",23/abr/2025,23/abr/2025,23/abr/2026,VIGENTE
MASCULINO,VENADO TUERTO,RENOVACIÓN,"A.2.1, B.2",23/abr/2025,23/abr/2025,23/abr/2028,VIGENTE
MASCULINO,VENADO TUERTO,RENOVACIÓN,"A.2.1, E.1",23/abr/2025,23/abr/2025,23/abr/2026,VIGENTE
MASCULINO,VENADO TUERTO,RENOVACIÓN,"A.2.1, B.2, C",23/abr/2025,23/abr/2025,23/abr/2026,VIGENTE
FEMENINO,VENADO TUERTO,RENOVACIÓN,B.2,23/abr/2025,23/abr/2025,23/abr/2026,VIGENTE
MASCULINO,VENADO TUERTO,RENOVACIÓN,"A.3, E.1",23/abr/2025,23/abr/2025,23/abr/2026,VIGENTE
MASCULINO,VENADO TUERTO,RENOVACIÓN,E.1,23/abr/2025,23/abr/2025,23/abr/2027,VIGENTE
FEMENINO,VENADO TUERTO,RENOVACIÓN,"A.3, B.2",23/abr/2025,23/abr/2025,23/abr/2030,VIGENTE
MASCULINO,VENADO TUERTO,RENOVACIÓN,B.2,23/abr/2025,23/abr/2025,23/abr/2026,VIGENTE
FEMENINO,VENADO TUERTO,RENOVACIÓN,B.2,23/abr/2025,23/abr/2025,23/abr/2026,VIGENTE
MASCULINO,VENADO TUERTO,RENOVACIÓN,"A.2.2, E.1",23/abr/2025,23/abr/2025,23/abr/2026,VIGENTE
MASCULINO,VENADO TUERTO,RENOVACIÓN,B.2,23/abr/2025,23/abr/2025,23/abr/2026,VIGENTE
FEMENINO,VENADO TUERTO,RENOVACIÓN,A.2.1,23/abr/2025,23/abr/2025,23/abr/2030,VIGENTE
MASCULINO,VENADO TUERTO,RENOVACIÓN,B.2,23/abr/2025,23/abr/2025,23/abr/2026,VIGENTE
MASCULINO,VENADO TUERTO,RENOVACIÓN,B.2,23/abr/2025,23/abr/2025,23/abr/2026,VIGENTE
MASCULINO,VENADO TUERTO,RENOVACIÓN,"A.3, B.2",23/abr/2025,23/abr/2025,23/abr/2026,VIGENTE
MASCULINO,VENADO TUERTO,RENOVACIÓN,"A.2.1, B.1",23/abr/2025,23/abr/2025,23/abr/2030,VIGENTE
MASCULINO,VENADO TUERTO,RENOVACIÓN,E.1,23/abr/2025,23/abr/2025,23/abr/2026,VIGENTE
FEMENINO,VENADO TUERTO,RENOVACIÓN,B.1,23/abr/2025,23/abr/2025,23/abr/2026,VIGENTE
MASCULINO,VENADO TUERTO,RENOVACIÓN,E.1,23/abr/2025,23/abr/2025,23/abr/2026,VIGENTE
FEMENINO,VENADO TUERTO,RENOVACIÓN CON AMPLIACIÓN,"A.2.1, B.1",23/abr/2025,23/abr/2025,23/abr/2030,VIGENTE
MASCULINO,VENADO TUERTO,RENOVACIÓN,"A.2.1, B.1",24/abr/2025,20/nov/2024,24/abr/2026,VIGENTE
MASCULINO,VENADO TUERTO,ORIGINAL,"A.2.1, B.1",24/abr/2025,21/ene/2025,24/abr/2030,VIGENTE
FEMENINO,VENADO TUERTO,ORIGINAL,A.2.1,24/abr/2025,7/abr/2025,24/abr/2030,VIGENTE
MASCULINO,VENADO TUERTO,ORIGINAL,A.2.1,24/abr/2025,9/abr/2025,24/abr/2026,VIGENTE
MASCULINO,VENADO TUERTO,RENOVACIÓN CON AMPLIACIÓN,"A.2.1, B.1",24/abr/2025,11/abr/2025,24/abr/2028,VIGENTE
FEMENINO,VENADO TUERTO,ORIGINAL,"A.2.1, B.1",24/abr/2025,11/abr/2025,24/abr/2030,VIGENTE
MASCULINO,VENADO TUERTO,RENOVACIÓN,B.2,24/abr/2025,21/abr/2025,24/abr/2026,VIGENTE
FEMENINO,VENADO TUERTO,ORIGINAL,A.2.1,24/abr/2025,22/abr/2025,24/abr/2026,VIGENTE
FEMENINO,VENADO TUERTO,ORIGINAL,A.2.1,24/abr/2025,22/abr/2025,24/abr/2026,VIGENTE
FEMENINO,VENADO TUERTO,RENOVACIÓN,"A.2.1, B.2",24/abr/2025,22/abr/2025,24/abr/2030,VIGENTE
FEMENINO,VENADO TUERTO,ORIGINAL,A.2.1,24/abr/2025,23/abr/2025,24/abr/2030,VIGENTE
FEMENINO,VENADO TUERTO,RENOVACIÓN CON AMPLIACIÓN,"A.2.1, B.1",24/abr/2025,23/abr/2025,24/abr/2030,VIGENTE
MASCULINO,VENADO TUERTO,ORIGINAL,"A.2.1, B.1",24/abr/2025,23/abr/2025,24/abr/2030,VIGENTE
FEMENINO,VENADO TUERTO,DUPLICADO POR CAMBIO DE DATOS,A.2.1,24/abr/2025,23/abr/2025,20/ene/2030,VIGENTE
FEMENINO,VENADO TUERTO,ORIGINAL,"A.2.1, B.1",24/abr/2025,23/abr/2025,24/abr/2026,VIGENTE
MASCULINO,VENADO TUERTO,ORIGINAL,A.2.1,24/abr/2025,23/abr/2025,24/abr/2026,VIGENTE
MASCULINO,VENADO TUERTO,RENOVACIÓN,E.1,24/abr/2025,23/abr/2025,24/abr/2026,VIGENTE
MASCULINO,VENADO TUERTO,RENOVACIÓN,"A.3, E.1",24/abr/2025,23/abr/2025,24/abr/2026,VIGENTE
MASCULINO,VENADO TUERTO,ORIGINAL,"A.2.1, B.1",24/abr/2025,23/abr/2025,24/abr/2026,VIGENTE
MASCULINO,VENADO TUERTO,ORIGINAL,A.2.1,24/abr/2025,23/abr/2025,24/abr/2026,VIGENTE
MASCULINO,VENADO TUERTO,RENOVACIÓN,"A.2.2, B.2, G.2",24/abr/2025,24/abr/2025,24/abr/2030,VIGENTE
FEMENINO,VENADO TUERTO,RENOVACIÓN,A.2.1,24/abr/2025,24/abr/2025,24/abr/2030,VIGENTE
MASCULINO,VENADO TUERTO,RENOVACIÓN,B.2,24/abr/2025,24/abr/2025,24/abr/2028,VIGENTE
FEMENINO,VENADO TUERTO,RENOVACIÓN,A.2.1,24/abr/2025,24/abr/2025,24/abr/2026,VIGENTE
MASCULINO,VENADO TUERTO,RENOVACIÓN CON AMPLIACIÓN,"A.2.1, B.2, G.1, G.2",24/abr/2025,24/abr/2025,24/abr/2030,VIGENTE
MASCULINO,VENADO TUERTO,RENOVACIÓN,B.2,24/abr/2025,24/abr/2025,24/abr/2026,VIGENTE
MASCULINO,VENADO TUERTO,RENOVACIÓN,B.2,24/abr/2025,24/abr/2025,24/abr/2030,VIGENTE
MASCULINO,VENADO TUERTO,RENOVACIÓN,"A.2.1, E.1",24/abr/2025,24/abr/2025,24/abr/2027,VIGENTE
MASCULINO,VENADO TUERTO,RENOVACIÓN,B.2,24/abr/2025,24/abr/2025,24/abr/2026,VIGENTE
MASCULINO,SAN EDUARDO,RENOVACIÓN,"A.3, E.1, G.1",24/abr/2025,24/abr/2025,24/abr/2026,VIGENTE
FEMENINO,VENADO TUERTO,RENOVACIÓN,"A.2.1, B.1",24/abr/2025,24/abr/2025,24/abr/2030,VIGENTE
MASCULINO,VENADO TUERTO,RENOVACIÓN,B.2,24/abr/2025,24/abr/2025,24/abr/2026,VIGENTE
FEMENINO,VENADO TUERTO,RENOVACIÓN,B.2,24/abr/2025,24/abr/2025,24/abr/2026,VIGENTE
FEMENINO,VENADO TUERTO,DUPLICADO,B.2,24/abr/2025,24/abr/2025,29/ene/2026,VIGENTE
MASCULINO,VENADO TUERTO,RENOVACIÓN,"A.3, B.2",24/abr/2025,24/abr/2025,24/abr/2030,VIGENTE
FEMENINO,VENADO TUERTO,RENOVACIÓN CON AMPLIACIÓN,"A.2.1, B.1",24/abr/2025,24/abr/2025,24/abr/2030,VIGENTE
MASCULINO,VENADO TUERTO,ORIGINAL,A.2.1,24/abr/2025,24/abr/2025,24/abr/2030,VIGENTE
FEMENINO,VENADO TUERTO,ORIGINAL,A.2.1,24/abr/2025,24/abr/2025,24/abr/2030,VIGENTE
FEMENINO,VENADO TUERTO,RENOVACIÓN,B.1,24/abr/2025,24/abr/2025,24/abr/2028,VIGENTE
FEMENINO,VENADO TUERTO,ORIGINAL,A.2.1,24/abr/2025,24/abr/2025,24/abr/2030,VIGENTE
MASCULINO,VENADO TUERTO,RENOVACIÓN,"A.2.1, E.1, E.2, G.1",24/abr/2025,24/abr/2025,24/abr/2027,VIGENTE
FEMENINO,VENADO TUERTO,RENOVACIÓN,B.2,24/abr/2025,24/abr/2025,24/abr/2026,VIGENTE
FEMENINO,VENADO TUERTO,RENOVACIÓN,B.1,24/abr/2025,24/abr/2025,24/abr/2026,VIGENTE
MASCULINO,VENADO TUERTO,RENOVACIÓN,B.2,24/abr/2025,24/abr/2025,24/abr/2026,VIGENTE
FEMENINO,VENADO TUERTO,RENOVACIÓN,B.2,24/abr/2025,24/abr/2025,24/abr/2026,VIGENTE
FEMENINO,VENADO TUERTO,RENOVACIÓN,B.2,24/abr/2025,24/abr/2025,24/abr/2026,VIGENTE
FEMENINO,VENADO TUERTO,ORIGINAL,A.2.1,24/abr/2025,24/abr/2025,24/abr/2030,VIGENTE
MASCULINO,VENADO TUERTO,RENOVACIÓN,B.2,24/abr/2025,24/abr/2025,24/abr/2026,VIGENTE
MASCULINO,VENADO TUERTO,RENOVACIÓN,E.1,24/abr/2025,24/abr/2025,24/abr/2026,VIGENTE
FEMENINO,VENADO TUERTO,RENOVACIÓN CON AMPLIACIÓN,"A.2.1, B.2",24/abr/2025,24/abr/2025,24/abr/2030,VIGENTE
FEMENINO,VENADO TUERTO,RENOVACIÓN,B.2,24/abr/2025,24/abr/2025,24/abr/2026,VIGENTE
FEMENINO,VENADO TUERTO,ORIGINAL,"A.2.1, B.1",24/abr/2025,24/abr/2025,24/abr/2030,VIGENTE
FEMENINO,VENADO TUERTO,RENOVACIÓN,"A.2.1, B.2",24/abr/2025,24/abr/2025,24/abr/2030,VIGENTE
MASCULINO,VENADO TUERTO,RENOVACIÓN,"E.1, G.1",24/abr/2025,24/abr/2025,24/abr/2026,VIGENTE
MASCULINO,VENADO TUERTO,RENOVACIÓN,"A.3, E.1, G.1",24/abr/2025,24/abr/2025,24/abr/2026,VIGENTE
MASCULINO,VENADO TUERTO,RENOVACIÓN,"E.1, G.1",24/abr/2025,24/abr/2025,24/abr/2026,VIGENTE
MASCULINO,VENADO TUERTO,RENOVACIÓN,"A.2.1, B.2",24/abr/2025,24/abr/2025,24/abr/2026,VIGENTE
FEMENINO,VENADO TUERTO,ORIGINAL,A.2.1,24/abr/2025,24/abr/2025,24/abr/2030,VIGENTE
FEMENINO,VENADO TUERTO,ORIGINAL,B.1,24/abr/2025,24/abr/2025,24/abr/2026,VIGENTE
MASCULINO,VENADO TUERTO,RENOVACIÓN,A.2.1,25/abr/2025,22/may/2024,25/abr/2026,VIGENTE
MASCULINO,VENADO TUERTO,RENOVACIÓN CON AMPLIACIÓN,"A.2.2, E.1",25/abr/2025,11/abr/2025,25/abr/2027,VIGENTE
FEMENINO,VENADO TUERTO,ORIGINAL,A.2.1,25/abr/2025,14/abr/2025,25/abr/2030,VIGENTE
MASCULINO,VENADO TUERTO,ORIGINAL,A.2.1,25/abr/2025,23/abr/2025,25/abr/2030,VIGENTE
FEMENINO,VENADO TUERTO,RENOVACIÓN CON AMPLIACIÓN,"A.2.1, D.1",25/abr/2025,24/abr/2025,25/abr/2027,VIGENTE
MASCULINO,VENADO TUERTO,RENOVACIÓN CON AMPLIACIÓN,"A.3, B.1",25/abr/2025,24/abr/2025,25/abr/2030,VIGENTE
MASCULINO,VENADO TUERTO,RENOVACIÓN,E.1,25/abr/2025,24/abr/2025,25/abr/2026,VIGENTE
MASCULINO,VENADO TUERTO,RENOVACIÓN CON AMPLIACIÓN,"A.2.1, B.2",25/abr/2025,24/abr/2025,25/abr/2026,VIGENTE
MASCULINO,VENADO TUERTO,RENOVACIÓN CON AMPLIACIÓN,A.3,25/abr/2025,24/abr/2025,25/abr/2030,VIGENTE
MASCULINO,VENADO TUERTO,ORIGINAL,A.2.1,25/abr/2025,25/abr/2025,25/abr/2030,VIGENTE
FEMENINO,VENADO TUERTO,RENOVACIÓN,B.2,25/abr/2025,25/abr/2025,25/abr/2028,VIGENTE
FEMENINO,SAN EDUARDO,RENOVACIÓN,"A.2.1, B.1",25/abr/2025,25/abr/2025,25/abr/2030,VIGENTE
MASCULINO,VENADO TUERTO,RENOVACIÓN,"A.3, B.2, D.3",25/abr/2025,25/abr/2025,25/abr/2027,VIGENTE
MASCULINO,VENADO TUERTO,RENOVACIÓN,"A.2.1, B.1",25/abr/2025,25/abr/2025,25/abr/2026,VIGENTE
MASCULINO,VENADO TUERTO,RENOVACIÓN,B.1,25/abr/2025,25/abr/2025,25/abr/2030,VIGENTE
MASCULINO,VENADO TUERTO,ORIGINAL,A.2.1,25/abr/2025,25/abr/2025,25/abr/2030,VIGENTE
MASCULINO,VENADO TUERTO,ORIGINAL,A.2.1,25/abr/2025,25/abr/2025,25/abr/2030,VIGENTE
MASCULINO,VENADO TUERTO,RENOVACIÓN,B.2,25/abr/2025,25/abr/2025,25/abr/2026,VIGENTE
MASCULINO,VENADO TUERTO,RENOVACIÓN,A.2.1,25/abr/2025,25/abr/2025,25/abr/2028,VIGENTE
FEMENINO,VENADO TUERTO,RENOVACIÓN,B.2,25/abr/2025,25/abr/2025,25/abr/2026,VIGENTE
MASCULINO,VENADO TUERTO,RENOVACIÓN,B.2,25/abr/2025,25/abr/2025,25/abr/2026,VIGENTE
MASCULINO,VENADO TUERTO,RENOVACIÓN,B.2,25/abr/2025,25/abr/2025,25/abr/2030,VIGENTE
MASCULINO,VENADO TUERTO,RENOVACIÓN,"A.2.1, B.1",25/abr/2025,25/abr/2025,25/abr/2028,VIGENTE
MASCULINO,VENADO TUERTO,RENOVACIÓN,B.2,25/abr/2025,25/abr/2025,25/abr/2026,VIGENTE
FEMENINO,VENADO TUERTO,RENOVACIÓN,B.2,25/abr/2025,25/abr/2025,25/abr/2026,VIGENTE
MASCULINO,VENADO TUERTO,RENOVACIÓN,B.2,25/abr/2025,25/abr/2025,25/abr/2026,VIGENTE
FEMENINO,VENADO TUERTO,ORIGINAL,B.1,25/abr/2025,25/abr/2025,25/abr/2026,VIGENTE
FEMENINO,VENADO TUERTO,ORIGINAL,"A.2.1, B.1",25/abr/2025,25/abr/2025,25/abr/2030,VIGENTE
FEMENINO,VENADO TUERTO,DUPLICADO POR CAMBIO DE DATOS,B.2,25/abr/2025,25/abr/2025,18/jul/2029,VIGENTE
FEMENINO,VENADO TUERTO,RENOVACIÓN,B.1,25/abr/2025,25/abr/2025,25/abr/2030,VIGENTE
FEMENINO,VENADO TUERTO,RENOVACIÓN,B.2,25/abr/2025,25/abr/2025,25/abr/2026,VIGENTE
MASCULINO,SAN EDUARDO,RENOVACIÓN,B.2,25/abr/2025,25/abr/2025,25/abr/2026,VIGENTE
FEMENINO,VENADO TUERTO,ORIGINAL,A.2.1,25/abr/2025,25/abr/2025,25/abr/2030,VIGENTE
FEMENINO,VENADO TUERTO,ORIGINAL,A.2.1,25/abr/2025,25/abr/2025,25/abr/2026,VIGENTE
MASCULINO,VENADO TUERTO,RENOVACIÓN,"A.2.1, B.1",25/abr/2025,25/abr/2025,25/abr/2028,VIGENTE
MASCULINO,VENADO TUERTO,ORIGINAL,A.2.1,25/abr/2025,25/abr/2025,25/abr/2030,VIGENTE
FEMENINO,VENADO TUERTO,RENOVACIÓN,B.2,25/abr/2025,25/abr/2025,25/abr/2026,VIGENTE
MASCULINO,VENADO TUERTO,RENOVACIÓN,A.2.1,25/abr/2025,25/abr/2025,25/abr/2030,VIGENTE
MASCULINO,VENADO TUERTO,RENOVACIÓN,"A.2.1, E.1",25/abr/2025,25/abr/2025,25/abr/2026,VIGENTE
FEMENINO,VENADO TUERTO,RENOVACIÓN CON AMPLIACIÓN,A.3,25/abr/2025,25/abr/2025,25/abr/2030,VIGENTE
MASCULINO,VENADO TUERTO,RENOVACIÓN,B.2,25/abr/2025,25/abr/2025,25/abr/2026,VIGENTE
FEMENINO,VENADO TUERTO,RENOVACIÓN,A.2.1,25/abr/2025,25/abr/2025,25/abr/2028,VIGENTE
MASCULINO,VENADO TUERTO,ORIGINAL,B.1,28/abr/2025,27/feb/2025,28/abr/2026,VIGENTE
MASCULINO,VENADO TUERTO,ORIGINAL,A.2.1,28/abr/2025,3/abr/2025,28/abr/2026,VIGENTE
FEMENINO,VENADO TUERTO,ORIGINAL,"A.2.1, B.1",28/abr/2025,14/abr/2025,28/abr/2026,VIGENTE
MASCULINO,VENADO TUERTO,ORIGINAL,"A.2.1, B.1",28/abr/2025,16/abr/2025,28/abr/2026,VIGENTE
FEMENINO,VENADO TUERTO,ORIGINAL,"A.2.1, B.1",28/abr/2025,16/abr/2025,28/abr/2030,VIGENTE
FEMENINO,VENADO TUERTO,ORIGINAL,A.2.1,28/abr/2025,28/abr/2025,28/abr/2026,VIGENTE
MASCULINO,VENADO TUERTO,RENOVACIÓN,"A.2.1, B.1",28/abr/2025,28/abr/2025,28/abr/2030,VIGENTE
MASCULINO,VENADO TUERTO,RENOVACIÓN,B.2,28/abr/2025,28/abr/2025,28/abr/2026,VIGENTE
FEMENINO,VENADO TUERTO,RENOVACIÓN,B.2,28/abr/2025,28/abr/2025,28/abr/2028,VIGENTE
FEMENINO,VENADO TUERTO,RENOVACIÓN,B.2,28/abr/2025,28/abr/2025,28/abr/2026,VIGENTE
MASCULINO,VENADO TUERTO,RENOVACIÓN,"E.1, G.1, G.2",28/abr/2025,28/abr/2025,28/abr/2027,VIGENTE
FEMENINO,VENADO TUERTO,RENOVACIÓN,B.2,28/abr/2025,28/abr/2025,28/abr/2028,VIGENTE
MASCULINO,VENADO TUERTO,RENOVACIÓN,B.2,28/abr/2025,28/abr/2025,28/abr/2026,VIGENTE
MASCULINO,VENADO TUERTO,RENOVACIÓN,"A.2.1, E.1",28/abr/2025,28/abr/2025,28/abr/2026,VIGENTE
MASCULINO,VENADO TUERTO,RENOVACIÓN,"A.3, C",28/abr/2025,28/abr/2025,28/abr/2026,VIGENTE
FEMENINO,VENADO TUERTO,RENOVACIÓN,B.1,28/abr/2025,28/abr/2025,28/abr/2030,VIGENTE
MASCULINO,VENADO TUERTO,RENOVACIÓN,B.1,28/abr/2025,28/abr/2025,28/abr/2030,VIGENTE
MASCULINO,VENADO TUERTO,RENOVACIÓN,B.2,28/abr/2025,28/abr/2025,28/abr/2026,VIGENTE
FEMENINO,VENADO TUERTO,RENOVACIÓN,B.2,28/abr/2025,28/abr/2025,28/abr/2028,VIGENTE
MASCULINO,VENADO TUERTO,RENOVACIÓN,B.2,28/abr/2025,28/abr/2025,28/abr/2030,VIGENTE
FEMENINO,VENADO TUERTO,RENOVACIÓN,B.1,28/abr/2025,28/abr/2025,28/abr/2026,VIGENTE
MASCULINO,VENADO TUERTO,ORIGINAL,A.2.1,28/abr/2025,28/abr/2025,28/abr/2030,VIGENTE
FEMENINO,VENADO TUERTO,RENOVACIÓN,B.2,28/abr/2025,28/abr/2025,28/abr/2026,VIGENTE
MASCULINO,SAN EDUARDO,ORIGINAL,A.2.1,28/abr/2025,28/abr/2025,28/abr/2030,VIGENTE
FEMENINO,VENADO TUERTO,RENOVACIÓN,B.2,28/abr/2025,28/abr/2025,28/abr/2026,VIGENTE
MASCULINO,VENADO TUERTO,RENOVACIÓN,B.2,28/abr/2025,28/abr/2025,28/abr/2026,VIGENTE
MASCULINO,VENADO TUERTO,RENOVACIÓN,B.1,28/abr/2025,28/abr/2025,28/abr/2028,VIGENTE
FEMENINO,VENADO TUERTO,ORIGINAL,A.2.1,28/abr/2025,28/abr/2025,28/abr/2026,VIGENTE
MASCULINO,VENADO TUERTO,RENOVACIÓN,"A.2.2, B.2",28/abr/2025,28/abr/2025,28/abr/2030,VIGENTE
FEMENINO,VENADO TUERTO,RENOVACIÓN,"A.2.1, B.2",28/abr/2025,28/abr/2025,28/abr/2030,VIGENTE
FEMENINO,VENADO TUERTO,ORIGINAL,A.2.1,28/abr/2025,28/abr/2025,28/abr/2030,VIGENTE
MASCULINO,VENADO TUERTO,RENOVACIÓN,"A.2.1, B.2",28/abr/2025,28/abr/2025,28/abr/2028,VIGENTE
FEMENINO,VENADO TUERTO,RENOVACIÓN,B.2,28/abr/2025,28/abr/2025,28/abr/2030,VIGENTE
MASCULINO,VENADO TUERTO,ORIGINAL,B.1,28/abr/2025,28/abr/2025,28/abr/2026,VIGENTE
MASCULINO,VENADO TUERTO,RENOVACIÓN CON AMPLIACIÓN,"A.2.1, B.2",28/abr/2025,28/abr/2025,28/abr/2030,VIGENTE
MASCULINO,VENADO TUERTO,ORIGINAL,A.2.1,29/abr/2025,4/abr/2025,29/abr/2026,VIGENTE
MASCULINO,VENADO TUERTO,ORIGINAL,A.2.1,29/abr/2025,15/abr/2025,29/abr/2030,VIGENTE
MASCULINO,VENADO TUERTO,RENOVACIÓN,A.2.1,29/abr/2025,25/abr/2025,29/abr/2028,VIGENTE
MASCULINO,VENADO TUERTO,ORIGINAL,A.2.1,29/abr/2025,28/abr/2025,29/abr/2026,VIGENTE
MASCULINO,VENADO TUERTO,RENOVACIÓN,E.1,29/abr/2025,29/abr/2025,29/abr/2026,VIGENTE
MASCULINO,VENADO TUERTO,RENOVACIÓN,"A.3, E.1",29/abr/2025,29/abr/2025,29/abr/2026,VIGENTE
MASCULINO,VENADO TUERTO,RENOVACIÓN,"A.2.1, E.1, E.2, G.1",29/abr/2025,29/abr/2025,29/abr/2026,VIGENTE
MASCULINO,VENADO TUERTO,ORIGINAL,A.2.1,29/abr/2025,29/abr/2025,29/abr/2026,VIGENTE
MASCULINO,VENADO TUERTO,RENOVACIÓN,B.2,29/abr/2025,29/abr/2025,29/abr/2026,VIGENTE
MASCULINO,VENADO TUERTO,RENOVACIÓN,D.1,29/abr/2025,29/abr/2025,29/abr/2027,VIGENTE
MASCULINO,VENADO TUERTO,ORIGINAL,A.2.1,29/abr/2025,29/abr/2025,29/abr/2030,VIGENTE
FEMENINO,VENADO TUERTO,RENOVACIÓN CON AMPLIACIÓN,"A.2.1, B.1",29/abr/2025,29/abr/2025,29/abr/2030,VIGENTE
MASCULINO,VENADO TUERTO,RENOVACIÓN,B.1,29/abr/2025,29/abr/2025,29/abr/2026,VIGENTE
FEMENINO,VENADO TUERTO,RENOVACIÓN,B.2,29/abr/2025,29/abr/2025,29/abr/2026,VIGENTE
MASCULINO,VENADO TUERTO,RENOVACIÓN CON AMPLIACIÓN,"A.2.1, B.1",29/abr/2025,29/abr/2025,29/abr/2030,VIGENTE
FEMENINO,VENADO TUERTO,RENOVACIÓN,B.2,29/abr/2025,29/abr/2025,29/abr/2026,VIGENTE
FEMENINO,VENADO TUERTO,RENOVACIÓN,B.1,29/abr/2025,29/abr/2025,29/abr/2026,VIGENTE
MASCULINO,VENADO TUERTO,RENOVACIÓN,B.2,29/abr/2025,29/abr/2025,29/abr/2026,VIGENTE
MASCULINO,VENADO TUERTO,RENOVACIÓN,B.2,29/abr/2025,29/abr/2025,29/abr/2026,VIGENTE
MASCULINO,VENADO TUERTO,RENOVACIÓN CON AMPLIACIÓN,"A.2.1, B.2, D.1",29/abr/2025,29/abr/2025,29/abr/2027,VIGENTE
FEMENINO,VENADO TUERTO,RENOVACIÓN,B.2,29/abr/2025,29/abr/2025,29/abr/2026,VIGENTE
MASCULINO,VENADO TUERTO,RENOVACIÓN,B.2,29/abr/2025,29/abr/2025,29/abr/2028,VIGENTE
FEMENINO,VENADO TUERTO,RENOVACIÓN CON AMPLIACIÓN,"A.2.1, B.2, D.1",29/abr/2025,29/abr/2025,29/abr/2027,VIGENTE
MASCULINO,VENADO TUERTO,RENOVACIÓN,"A.2.2, B.2",29/abr/2025,29/abr/2025,29/abr/2030,VIGENTE
MASCULINO,VENADO TUERTO,RENOVACIÓN,B.2,29/abr/2025,29/abr/2025,29/abr/2028,VIGENTE
MASCULINO,VENADO TUERTO,RENOVACIÓN,"A.2.1, E.1, E.2, G.1, G.2",29/abr/2025,29/abr/2025,29/abr/2027,VIGENTE
FEMENINO,VENADO TUERTO,RENOVACIÓN CON AMPLIACIÓN,"A.2.1, B.2",29/abr/2025,29/abr/2025,29/abr/2030,VIGENTE
MASCULINO,VENADO TUERTO,RENOVACIÓN,"A.2.1, B.2, D.1",29/abr/2025,29/abr/2025,29/abr/2027,VIGENTE
FEMENINO,VENADO TUERTO,RENOVACIÓN,"A.3, D.1, D.3, E.1",29/abr/2025,29/abr/2025,29/abr/2026,VIGENTE
MASCULINO,VENADO TUERTO,RENOVACIÓN,B.2,29/abr/2025,29/abr/2025,29/abr/2026,VIGENTE
MASCULINO,VENADO TUERTO,RENOVACIÓN,B.2,29/abr/2025,29/abr/2025,29/abr/2026,VIGENTE
FEMENINO,VENADO TUERTO,RENOVACIÓN,B.2,29/abr/2025,29/abr/2025,29/abr/2026,VIGENTE
MASCULINO,VENADO TUERTO,ORIGINAL,A.2.1,29/abr/2025,29/abr/2025,29/abr/2030,VIGENTE
MASCULINO,VENADO TUERTO,RENOVACIÓN,"A.2.2, B.2",29/abr/2025,29/abr/2025,29/abr/2030,VIGENTE
MASCULINO,VENADO TUERTO,RENOVACIÓN,"A.2.1, B.2",29/abr/2025,29/abr/2025,29/abr/2026,VIGENTE
MASCULINO,VENADO TUERTO,RENOVACIÓN,"B.1, G.2",29/abr/2025,29/abr/2025,29/abr/2030,VIGENTE
MASCULINO,VENADO TUERTO,RENOVACIÓN,B.2,29/abr/2025,29/abr/2025,29/abr/2030,VIGENTE
MASCULINO,VENADO TUERTO,ORIGINAL,"A.2.1, B.2",29/abr/2025,29/abr/2025,29/abr/2030,VIGENTE
FEMENINO,VENADO TUERTO,RENOVACIÓN,"A.2.1, B.2",29/abr/2025,29/abr/2025,29/abr/2030,VIGENTE
FEMENINO,VENADO TUERTO,RENOVACIÓN,"A.2.1, B.1",29/abr/2025,29/abr/2025,29/abr/2030,VIGENTE
MASCULINO,VENADO TUERTO,RENOVACIÓN,"A.2.1, B.1",29/abr/2025,29/abr/2025,29/abr/2030,VIGENTE
MASCULINO,VENADO TUERTO,RENOVACIÓN,A.2.1,29/abr/2025,29/abr/2025,29/abr/2028,VIGENTE
FEMENINO,VENADO TUERTO,RENOVACIÓN,B.2,29/abr/2025,29/abr/2025,29/abr/2026,VIGENTE
MASCULINO,VENADO TUERTO,DUPLICADO POR CAMBIO DE DATOS,"A.3, B.2",29/abr/2025,29/abr/2025,25/nov/2029,VIGENTE
MASCULINO,VENADO TUERTO,ORIGINAL,A.2.1,30/abr/2025,7/nov/2024,30/abr/2030,VIGENTE
MASCULINO,VENADO TUERTO,ORIGINAL,"A.2.1, B.1",30/abr/2025,7/abr/2025,30/abr/2026,VIGENTE
MASCULINO,VENADO TUERTO,ORIGINAL,A.2.1,30/abr/2025,28/abr/2025,30/abr/2030,VIGENTE
FEMENINO,VENADO TUERTO,RENOVACIÓN CON AMPLIACIÓN,"A.2.1, B.1",30/abr/2025,29/abr/2025,30/abr/2030,VIGENTE
MASCULINO,VENADO TUERTO,RENOVACIÓN,B.2,30/abr/2025,30/abr/2025,30/abr/2026,VIGENTE
MASCULINO,VENADO TUERTO,RENOVACIÓN,B.1,30/abr/2025,30/abr/2025,30/abr/2028,VIGENTE
FEMENINO,VENADO TUERTO,RENOVACIÓN,B.2,30/abr/2025,30/abr/2025,30/abr/2026,VIGENTE
MASCULINO,VENADO TUERTO,RENOVACIÓN,B.2,30/abr/2025,30/abr/2025,30/abr/2026,VIGENTE
MASCULINO,VENADO TUERTO,RENOVACIÓN,"A.2.1, E.1",30/abr/2025,30/abr/2025,30/abr/2026,VIGENTE
FEMENINO,VENADO TUERTO,ORIGINAL,A.2.1,30/abr/2025,30/abr/2025,30/abr/2030,VIGENTE
MASCULINO,VENADO TUERTO,RENOVACIÓN,"A.2.1, E.1, G.1, G.2",30/abr/2025,30/abr/2025,30/abr/2026,VIGENTE
MASCULINO,VENADO TUERTO,RENOVACIÓN,"A.3, C",30/abr/2025,30/abr/2025,30/abr/2027,VIGENTE
FEMENINO,VENADO TUERTO,RENOVACIÓN,B.2,30/abr/2025,30/abr/2025,30/abr/2026,VIGENTE
MASCULINO,VENADO TUERTO,RENOVACIÓN,"A.2.1, E.1",30/abr/2025,30/abr/2025,30/abr/2027,VIGENTE
FEMENINO,VENADO TUERTO,RENOVACIÓN,A.2.1,30/abr/2025,30/abr/2025,30/abr/2030,VIGENTE
MASCULINO,VENADO TUERTO,RENOVACIÓN,"A.2.1, B.1",30/abr/2025,30/abr/2025,30/abr/2026,VIGENTE
FEMENINO,VENADO TUERTO,RENOVACIÓN,A.2.1,30/abr/2025,30/abr/2025,30/abr/2028,VIGENTE
FEMENINO,VENADO TUERTO,RENOVACIÓN,A.2.1,30/abr/2025,30/abr/2025,30/abr/2028,VIGENTE
FEMENINO,VENADO TUERTO,RENOVACIÓN,"A.2.1, B.1",30/abr/2025,30/abr/2025,30/abr/2028,VIGENTE
MASCULINO,VENADO TUERTO,RENOVACIÓN,A.2.1,30/abr/2025,30/abr/2025,30/abr/2028,VIGENTE
FEMENINO,VENADO TUERTO,ORIGINAL,A.2.1,30/abr/2025,30/abr/2025,30/abr/2030,VIGENTE
MASCULINO,VENADO TUERTO,RENOVACIÓN,"A.2.1, B.2",30/abr/2025,30/abr/2025,30/abr/2026,VIGENTE
MASCULINO,VENADO TUERTO,RENOVACIÓN,B.2,30/abr/2025,30/abr/2025,30/abr/2026,VIGENTE
FEMENINO,VENADO TUERTO,RENOVACIÓN,A.2.1,30/abr/2025,30/abr/2025,30/abr/2028,VIGENTE
MASCULINO,VENADO TUERTO,RENOVACIÓN,B.2,30/abr/2025,30/abr/2025,30/abr/2030,VIGENTE
FEMENINO,VENADO TUERTO,RENOVACIÓN,B.2,30/abr/2025,30/abr/2025,30/abr/2026,VIGENTE
MASCULINO,VENADO TUERTO,RENOVACIÓN CON AMPLIACIÓN,"A.2.1, B.2",30/abr/2025,30/abr/2025,30/abr/2030,VIGENTE
MASCULINO,VENADO TUERTO,RENOVACIÓN,"A.2.1, B.2",30/abr/2025,30/abr/2025,30/abr/2026,VIGENTE
MASCULINO,VENADO TUERTO,RENOVACIÓN CON AMPLIACIÓN,"A.2.1, B.1",30/abr/2025,30/abr/2025,30/abr/2028,VIGENTE
FEMENINO,VENADO TUERTO,ORIGINAL,A.2.1,30/abr/2025,30/abr/2025,30/abr/2030,VIGENTE
MASCULINO,VENADO TUERTO,RENOVACIÓN,B.2,30/abr/2025,30/abr/2025,30/abr/2026,VIGENTE
MASCULINO,VENADO TUERTO,RENOVACIÓN,B.2,30/abr/2025,30/abr/2025,30/abr/2026,VIGENTE
FEMENINO,VENADO TUERTO,RENOVACIÓN,B.1,30/abr/2025,30/abr/2025,30/abr/2026,VIGENTE
FEMENINO,VENADO TUERTO,RENOVACIÓN,B.2,30/abr/2025,30/abr/2025,30/abr/2028,VIGENTE
MASCULINO,VENADO TUERTO,RENOVACIÓN,B.2,30/abr/2025,30/abr/2025,30/abr/2028,VIGENTE
FEMENINO,VENADO TUERTO,RENOVACIÓN,"A.2.1, B.1",30/abr/2025,30/abr/2025,30/abr/2030,VIGENTE
FEMENINO,VENADO TUERTO,RENOVACIÓN,B.2,30/abr/2025,30/abr/2025,30/abr/2026,VIGENTE
FEMENINO,VENADO TUERTO,RENOVACIÓN CON AMPLIACIÓN,"A.2.1, B.1",30/abr/2025,30/abr/2025,30/abr/2030,VIGENTE
MASCULINO,VENADO TUERTO,RENOVACIÓN,B.2,30/abr/2025,30/abr/2025,30/abr/2028,VIGENTE
MASCULINO,VENADO TUERTO,RENOVACIÓN,B.2,30/abr/2025,30/abr/2025,30/abr/2028,VIGENTE
MASCULINO,VENADO TUERTO,DUPLICADO,"A.2.1, B.2",30/abr/2025,30/abr/2025,6/jun/2029,VIGENTE
MASCULINO,VENADO TUERTO,RENOVACIÓN,B.2,30/abr/2025,30/abr/2025,30/abr/2026,VIGENTE
MASCULINO,VENADO TUERTO,RENOVACIÓN,B.2,30/abr/2025,30/abr/2025,30/abr/2026,VIGENTE
MASCULINO,VENADO TUERTO,RENOVACIÓN,"A.2.1, E.1",30/abr/2025,30/abr/2025,30/abr/2027,VIGENTE
FEMENINO,VENADO TUERTO,RENOVACIÓN,"A.2.1, B.1",30/abr/2025,30/abr/2025,30/abr/2030,VIGENTE
MASCULINO,VENADO TUERTO,RENOVACIÓN,"A.2.2, E.1",30/abr/2025,30/abr/2025,30/abr/2027,VIGENTE
MASCULINO,VENADO TUERTO,RENOVACIÓN,"A.3, B.2, D.3",30/abr/2025,30/abr/2025,30/abr/2027,VIGENTE
MASCULINO,VENADO TUERTO,RENOVACIÓN,B.2,30/abr/2025,30/abr/2025,30/abr/2026,VIGENTE
MASCULINO,VENADO TUERTO,RENOVACIÓN,B.2,30/abr/2025,30/abr/2025,30/abr/2026,VIGENTE
MASCULINO,VENADO TUERTO,RENOVACIÓN,B.2,30/abr/2025,30/abr/2025,30/abr/2026,VIGENTE
FEMENINO,VENADO TUERTO,RENOVACIÓN,B.2,30/abr/2025,30/abr/2025,30/abr/2028,VIGENTE
MASCULINO,VENADO TUERTO,RENOVACIÓN,"A.2.1, E.1",30/abr/2025,30/abr/2025,30/abr/2027,VIGENTE
MASCULINO,VENADO TUERTO,RENOVACIÓN,A.2.1,30/abr/2025,30/abr/2025,30/abr/2028,VIGENTE
FEMENINO,VENADO TUERTO,ORIGINAL,"A.2.1, B.1",30/abr/2025,30/abr/2025,30/abr/2026,VIGENTE
FEMENINO,VENADO TUERTO,RENOVACIÓN,B.2,30/abr/2025,30/abr/2025,30/abr/2030,VIGENTE
FEMENINO,VENADO TUERTO,RENOVACIÓN,B.2,30/abr/2025,30/abr/2025,30/abr/2026,VIGENTE
FEMENINO,VENADO TUERTO,RENOVACIÓN,B.2,30/abr/2025,30/abr/2025,30/abr/2026,VIGENTE
MASCULINO,VENADO TUERTO,RENOVACIÓN,"A.3, B.2",30/abr/2025,30/abr/2025,30/abr/2030,VIGENTE
MASCULINO,VENADO TUERTO,RENOVACIÓN,B.1,5/may/2025,17/oct/2024,5/may/2026,VIGENTE
MASCULINO,VENADO TUERTO,ORIGINAL,A.2.1,5/may/2025,14/mar/2025,5/may/2026,VIGENTE
FEMENINO,VENADO TUERTO,ORIGINAL,B.1,5/may/2025,31/mar/2025,5/may/2030,VIGENTE
MASCULINO,VENADO TUERTO,ORIGINAL,A.2.1,5/may/2025,16/abr/2025,5/may/2026,VIGENTE
MASCULINO,VENADO TUERTO,ORIGINAL,"A.2.1, B.2",5/may/2025,21/abr/2025,5/may/2030,VIGENTE
MASCULINO,VENADO TUERTO,RENOVACIÓN CON AMPLIACIÓN,"A.2.1, D.1",5/may/2025,21/abr/2025,5/may/2026,VIGENTE
MASCULINO,VENADO TUERTO,ORIGINAL,B.1,5/may/2025,22/abr/2025,5/may/2030,VIGENTE
MASCULINO,VENADO TUERTO,ORIGINAL,A.2.1,5/may/2025,23/abr/2025,5/may/2030,VIGENTE
FEMENINO,VENADO TUERTO,ORIGINAL,A.2.1,5/may/2025,24/abr/2025,5/may/2030,VIGENTE
MASCULINO,VENADO TUERTO,RENOVACIÓN,B.2,5/may/2025,5/may/2025,5/may/2026,VIGENTE
MASCULINO,VENADO TUERTO,DUPLICADO,"A.2.1, B.2",5/may/2025,5/may/2025,24/may/2027,VIGENTE
FEMENINO,VENADO TUERTO,ORIGINAL,A.2.1,5/may/2025,5/may/2025,5/may/2030,VIGENTE
MASCULINO,VENADO TUERTO,RENOVACIÓN,B.2,5/may/2025,5/may/2025,5/may/2026,VIGENTE
MASCULINO,VENADO TUERTO,RENOVACIÓN,B.2,5/may/2025,5/may/2025,5/may/2026,VIGENTE
MASCULINO,VENADO TUERTO,RENOVACIÓN,"A.2.1, B.1",5/may/2025,5/may/2025,5/may/2030,VIGENTE
MASCULINO,VENADO TUERTO,ORIGINAL,A.2.1,5/may/2025,5/may/2025,5/may/2026,VIGENTE
MASCULINO,VENADO TUERTO,RENOVACIÓN,B.2,5/may/2025,5/may/2025,5/may/2026,VIGENTE
MASCULINO,VENADO TUERTO,RENOVACIÓN,"A.3, D.1, D.3, E.1",5/may/2025,5/may/2025,5/may/2026,VIGENTE
MASCULINO,VENADO TUERTO,RENOVACIÓN,"A.3, B.2",5/may/2025,5/may/2025,5/may/2030,VIGENTE
MASCULINO,VENADO TUERTO,RENOVACIÓN,"A.2.1, B.2",5/may/2025,5/may/2025,5/may/2026,VIGENTE
MASCULINO,VENADO TUERTO,DUPLICADO,A.2.1,5/may/2025,5/may/2025,16/may/2027,VIGENTE
MASCULINO,VENADO TUERTO,RENOVACIÓN CON AMPLIACIÓN,"A.2.1, B.1",5/may/2025,5/may/2025,5/may/2030,VIGENTE
MASCULINO,VENADO TUERTO,ORIGINAL,"A.3, B.2",5/may/2025,5/may/2025,5/may/2030,VIGENTE
FEMENINO,VENADO TUERTO,RENOVACIÓN,"A.2.1, B.1",5/may/2025,5/may/2025,5/may/2026,VIGENTE
MASCULINO,VENADO TUERTO,RENOVACIÓN,"A.2.2, B.2, D.3",5/may/2025,5/may/2025,5/may/2027,VIGENTE
FEMENINO,VENADO TUERTO,RENOVACIÓN,"A.2.1, B.1",5/may/2025,5/may/2025,5/may/2026,VIGENTE
FEMENINO,VENADO TUERTO,RENOVACIÓN,B.2,5/may/2025,5/may/2025,5/may/2026,VIGENTE
MASCULINO,VENADO TUERTO,ORIGINAL,"A.2.1, D.1",5/may/2025,5/may/2025,5/may/2026,VIGENTE
FEMENINO,VENADO TUERTO,RENOVACIÓN,"A.2.1, B.2",5/may/2025,5/may/2025,5/may/2030,VIGENTE
FEMENINO,VENADO TUERTO,RENOVACIÓN,B.2,5/may/2025,5/may/2025,5/may/2028,VIGENTE
MASCULINO,VENADO TUERTO,RENOVACIÓN CON AMPLIACIÓN,"A.2.1, E.1",5/may/2025,5/may/2025,5/may/2027,VIGENTE
FEMENINO,VENADO TUERTO,RENOVACIÓN,B.2,5/may/2025,5/may/2025,5/may/2026,VIGENTE
FEMENINO,VENADO TUERTO,RENOVACIÓN,B.2,5/may/2025,5/may/2025,5/may/2026,VIGENTE
MASCULINO,VENADO TUERTO,ORIGINAL,A.2.1,5/may/2025,5/may/2025,5/may/2030,VIGENTE
MASCULINO,VENADO TUERTO,RENOVACIÓN,B.2,5/may/2025,5/may/2025,5/may/2026,VIGENTE
MASCULINO,VENADO TUERTO,RENOVACIÓN,"E.1, G.1",5/may/2025,5/may/2025,5/may/2026,VIGENTE
MASCULINO,VENADO TUERTO,RENOVACIÓN,B.2,5/may/2025,5/may/2025,5/may/2026,VIGENTE
MASCULINO,VENADO TUERTO,RENOVACIÓN,B.2,5/may/2025,5/may/2025,5/may/2026,VIGENTE
FEMENINO,VENADO TUERTO,RENOVACIÓN,B.2,5/may/2025,5/may/2025,5/may/2026,VIGENTE
MASCULINO,VENADO TUERTO,RENOVACIÓN,B.2,5/may/2025,5/may/2025,5/may/2026,VIGENTE
MASCULINO,VENADO TUERTO,RENOVACIÓN,E.1,5/may/2025,5/may/2025,5/may/2027,VIGENTE
MASCULINO,VENADO TUERTO,ORIGINAL,A.2.1,5/may/2025,5/may/2025,5/may/2026,VIGENTE
FEMENINO,VENADO TUERTO,RENOVACIÓN CON AMPLIACIÓN,"A.2.1, D.1",5/may/2025,5/may/2025,5/may/2027,VIGENTE
FEMENINO,VENADO TUERTO,RENOVACIÓN,B.2,5/may/2025,5/may/2025,5/may/2026,VIGENTE
FEMENINO,VENADO TUERTO,RENOVACIÓN CON AMPLIACIÓN,"A.2.1, B.2",6/may/2025,22/abr/2025,6/may/2030,VIGENTE
MASCULINO,VENADO TUERTO,ORIGINAL,"A.2.1, B.1",6/may/2025,29/abr/2025,6/may/2030,VIGENTE
MASCULINO,VENADO TUERTO,ORIGINAL,B.1,6/may/2025,29/abr/2025,6/may/2028,VIGENTE
MASCULINO,VENADO TUERTO,ORIGINAL,B.1,6/may/2025,5/may/2025,6/may/2026,VIGENTE
MASCULINO,VENADO TUERTO,ORIGINAL,A.2.1,6/may/2025,5/may/2025,6/may/2026,VIGENTE
FEMENINO,VENADO TUERTO,RENOVACIÓN,B.2,6/may/2025,5/may/2025,6/may/2026,VIGENTE
MASCULINO,VENADO TUERTO,RENOVACIÓN,"D.1, E.1",6/may/2025,6/may/2025,6/may/2026,VIGENTE
FEMENINO,VENADO TUERTO,ORIGINAL,B.1,6/may/2025,6/may/2025,6/may/2028,VIGENTE
MASCULINO,VENADO TUERTO,RENOVACIÓN,B.2,6/may/2025,6/may/2025,6/may/2028,VIGENTE
FEMENINO,VENADO TUERTO,RENOVACIÓN,B.2,6/may/2025,6/may/2025,6/may/2026,VIGENTE
MASCULINO,VENADO TUERTO,RENOVACIÓN,"A.2.1, E.1",6/may/2025,6/may/2025,6/may/2026,VIGENTE
MASCULINO,VENADO TUERTO,ORIGINAL,E.1,6/may/2025,6/may/2025,6/may/2027,VIGENTE
MASCULINO,VENADO TUERTO,RENOVACIÓN,"A.2.1, B.2",6/may/2025,6/may/2025,6/may/2026,VIGENTE
MASCULINO,VENADO TUERTO,RENOVACIÓN,"A.2.2, C, E.2",6/may/2025,6/may/2025,6/may/2026,VIGENTE
MASCULINO,VENADO TUERTO,RENOVACIÓN,E.1,6/may/2025,6/may/2025,6/may/2026,VIGENTE
MASCULINO,VENADO TUERTO,RENOVACIÓN,"A.2.1, B.1",6/may/2025,6/may/2025,6/may/2030,VIGENTE
MASCULINO,VENADO TUERTO,RENOVACIÓN,B.2,6/may/2025,6/may/2025,6/may/2026,VIGENTE
MASCULINO,VENADO TUERTO,RENOVACIÓN CON AMPLIACIÓN,"A.2.2, B.2",6/may/2025,6/may/2025,6/may/2030,VIGENTE
FEMENINO,VENADO TUERTO,RENOVACIÓN,B.2,6/may/2025,6/may/2025,6/may/2026,VIGENTE
MASCULINO,VENADO TUERTO,RENOVACIÓN,B.1,6/may/2025,6/may/2025,6/may/2026,VIGENTE
MASCULINO,VENADO TUERTO,RENOVACIÓN CON AMPLIACIÓN,"A.2.2, B.2",6/may/2025,6/may/2025,6/may/2030,VIGENTE
MASCULINO,VENADO TUERTO,RENOVACIÓN,A.2.1,6/may/2025,6/may/2025,6/may/2030,VIGENTE
MASCULINO,SAN EDUARDO,RENOVACIÓN,B.2,6/may/2025,6/may/2025,6/may/2026,VIGENTE
MASCULINO,VENADO TUERTO,RENOVACIÓN,B.2,6/may/2025,6/may/2025,6/may/2026,VIGENTE
MASCULINO,VENADO TUERTO,RENOVACIÓN,B.2,6/may/2025,6/may/2025,6/may/2026,VIGENTE
FEMENINO,VENADO TUERTO,RENOVACIÓN CON AMPLIACIÓN,"A.2.1, E.1",6/may/2025,6/may/2025,6/may/2027,VIGENTE
MASCULINO,SAN EDUARDO,RENOVACIÓN,"A.2.1, B.1",6/may/2025,6/may/2025,6/may/2030,VIGENTE
MASCULINO,VENADO TUERTO,RENOVACIÓN,B.2,6/may/2025,6/may/2025,6/may/2026,VIGENTE
FEMENINO,VENADO TUERTO,ORIGINAL,A.2.1,6/may/2025,6/may/2025,6/may/2030,VIGENTE
MASCULINO,VENADO TUERTO,RENOVACIÓN,B.2,6/may/2025,6/may/2025,6/may/2026,VIGENTE
FEMENINO,VENADO TUERTO,ORIGINAL,A.2.1,6/may/2025,6/may/2025,6/may/2030,VIGENTE
MASCULINO,VENADO TUERTO,DUPLICADO,"A.2.1, B.2",6/may/2025,6/may/2025,29/ene/2030,VIGENTE
FEMENINO,VENADO TUERTO,RENOVACIÓN,"A.2.1, B.1",6/may/2025,6/may/2025,6/may/2030,VIGENTE
MASCULINO,VENADO TUERTO,RENOVACIÓN,"A.2.2, E.1",6/may/2025,6/may/2025,6/may/2027,VIGENTE
MASCULINO,VENADO TUERTO,RENOVACIÓN,"A.2.1, B.2",6/may/2025,6/may/2025,6/may/2026,VIGENTE
MASCULINO,VENADO TUERTO,RENOVACIÓN,B.2,6/may/2025,6/may/2025,6/may/2030,VIGENTE
FEMENINO,VENADO TUERTO,RENOVACIÓN,"A.2.1, B.2",6/may/2025,6/may/2025,6/may/2030,VIGENTE
MASCULINO,VENADO TUERTO,RENOVACIÓN,E.1,6/may/2025,6/may/2025,6/may/2026,VIGENTE
MASCULINO,VENADO TUERTO,RENOVACIÓN,B.1,6/may/2025,6/may/2025,6/may/2026,VIGENTE
FEMENINO,VENADO TUERTO,RENOVACIÓN,B.2,6/may/2025,6/may/2025,6/may/2028,VIGENTE
MASCULINO,VENADO TUERTO,RENOVACIÓN,"B.2, G.1, G.2",6/may/2025,6/may/2025,6/may/2030,VIGENTE
FEMENINO,VENADO TUERTO,ORIGINAL,B.2,6/may/2025,6/may/2025,6/may/2030,VIGENTE
MASCULINO,VENADO TUERTO,RENOVACIÓN,B.2,6/may/2025,6/may/2025,6/may/2026,VIGENTE
MASCULINO,VENADO TUERTO,ORIGINAL,A.2.1,6/may/2025,6/may/2025,6/may/2026,VIGENTE
FEMENINO,VENADO TUERTO,RENOVACIÓN,B.2,6/may/2025,6/may/2025,6/may/2026,VIGENTE
FEMENINO,VENADO TUERTO,ORIGINAL,B.1,6/may/2025,6/may/2025,6/may/2030,VIGENTE
FEMENINO,VENADO TUERTO,RENOVACIÓN,B.2,6/may/2025,6/may/2025,6/may/2026,VIGENTE
FEMENINO,VENADO TUERTO,DUPLICADO,"A.2.1, B.1",6/may/2025,6/may/2025,8/may/2029,VIGENTE
MASCULINO,VENADO TUERTO,RENOVACIÓN,"A.2.1, B.2",6/may/2025,6/may/2025,6/may/2026,VIGENTE
MASCULINO,VENADO TUERTO,ORIGINAL,B.2,6/may/2025,6/may/2025,6/may/2030,VIGENTE
FEMENINO,VENADO TUERTO,ORIGINAL,A.2.1,7/may/2025,25/abr/2025,7/may/2030,VIGENTE
FEMENINO,VENADO TUERTO,ORIGINAL,A.2.1,7/may/2025,25/abr/2025,7/may/2030,VIGENTE
FEMENINO,VENADO TUERTO,RENOVACIÓN CON AMPLIACIÓN,"A.2.1, B.2",7/may/2025,5/may/2025,7/may/2030,VIGENTE
FEMENINO,VENADO TUERTO,RENOVACIÓN,B.2,7/may/2025,5/may/2025,7/may/2026,VIGENTE
FEMENINO,VENADO TUERTO,RENOVACIÓN,B.2,7/may/2025,5/may/2025,7/may/2026,VIGENTE
MASCULINO,VENADO TUERTO,ORIGINAL,A.2.1,7/may/2025,6/may/2025,7/may/2026,VIGENTE
MASCULINO,VENADO TUERTO,ORIGINAL,A.2.1,7/may/2025,7/may/2025,7/may/2030,VIGENTE
MASCULINO,VENADO TUERTO,RENOVACIÓN,"A.2.1, B.2",7/may/2025,7/may/2025,7/may/2026,VIGENTE
MASCULINO,VENADO TUERTO,RENOVACIÓN CON AMPLIACIÓN,"A.2.2, B.1",7/may/2025,7/may/2025,7/may/2030,VIGENTE
FEMENINO,VENADO TUERTO,ORIGINAL,A.2.1,7/may/2025,7/may/2025,7/may/2026,VIGENTE
MASCULINO,VENADO TUERTO,RENOVACIÓN,"A.3, B.2",7/may/2025,7/may/2025,7/may/2030,VIGENTE
FEMENINO,VENADO TUERTO,RENOVACIÓN,B.1,7/may/2025,7/may/2025,7/may/2030,VIGENTE
MASCULINO,VENADO TUERTO,RENOVACIÓN,B.2,7/may/2025,7/may/2025,7/may/2026,VIGENTE
MASCULINO,VENADO TUERTO,RENOVACIÓN,B.1,7/may/2025,7/may/2025,7/may/2026,VIGENTE
MASCULINO,VENADO TUERTO,RENOVACIÓN,"A.2.1, B.2",7/may/2025,7/may/2025,7/may/2026,VIGENTE
FEMENINO,VENADO TUERTO,RENOVACIÓN,B.2,7/may/2025,7/may/2025,7/may/2026,VIGENTE
FEMENINO,VENADO TUERTO,ORIGINAL,B.1,7/may/2025,7/may/2025,7/may/2030,VIGENTE
MASCULINO,VENADO TUERTO,RENOVACIÓN,"A.2.1, B.2",7/may/2025,7/may/2025,7/may/2030,VIGENTE
MASCULINO,VENADO TUERTO,RENOVACIÓN,B.2,7/may/2025,7/may/2025,7/may/2026,VIGENTE
MASCULINO,VENADO TUERTO,ORIGINAL,B.1,7/may/2025,7/may/2025,7/may/2030,VIGENTE
FEMENINO,VENADO TUERTO,RENOVACIÓN,B.1,7/may/2025,7/may/2025,7/may/2026,VIGENTE
FEMENINO,VENADO TUERTO,ORIGINAL,A.2.1,7/may/2025,7/may/2025,7/may/2030,VIGENTE
MASCULINO,VENADO TUERTO,RENOVACIÓN,B.2,7/may/2025,7/may/2025,7/may/2026,VIGENTE
FEMENINO,VENADO TUERTO,RENOVACIÓN,"A.2.1, B.1",7/may/2025,7/may/2025,7/may/2030,VIGENTE
MASCULINO,VENADO TUERTO,DUPLICADO,B.2,7/may/2025,7/may/2025,9/ene/2030,VIGENTE
MASCULINO,VENADO TUERTO,RENOVACIÓN,E.1,7/may/2025,7/may/2025,7/may/2026,VIGENTE
MASCULINO,VENADO TUERTO,RENOVACIÓN CON AMPLIACIÓN,"A.2.1, D.1, D.3, E.1",7/may/2025,7/may/2025,7/may/2026,VIGENTE
MASCULINO,VENADO TUERTO,RENOVACIÓN,B.2,7/may/2025,7/may/2025,7/may/2026,VIGENTE
FEMENINO,VENADO TUERTO,ORIGINAL,A.2.1,7/may/2025,7/may/2025,7/may/2030,VIGENTE
MASCULINO,VENADO TUERTO,RENOVACIÓN,E.1,7/may/2025,7/may/2025,7/may/2026,VIGENTE
MASCULINO,VENADO TUERTO,RENOVACIÓN CON AMPLIACIÓN,"A.2.1, B.2",7/may/2025,7/may/2025,7/may/2030,VIGENTE
MASCULINO,VENADO TUERTO,RENOVACIÓN,E.1,7/may/2025,7/may/2025,7/may/2026,VIGENTE
FEMENINO,VENADO TUERTO,ORIGINAL,B.2,7/may/2025,7/may/2025,7/may/2030,VIGENTE
MASCULINO,VENADO TUERTO,RENOVACIÓN,"A.2.1, B.2",7/may/2025,7/may/2025,7/may/2030,VIGENTE
MASCULINO,VENADO TUERTO,RENOVACIÓN,"A.3, E.1",7/may/2025,7/may/2025,7/may/2027,VIGENTE
FEMENINO,VENADO TUERTO,RENOVACIÓN CON AMPLIACIÓN,"A.2.1, B.1",7/may/2025,7/may/2025,7/may/2030,VIGENTE
MASCULINO,VENADO TUERTO,ORIGINAL,"A.2.2, B.2",7/may/2025,7/may/2025,7/may/2030,VIGENTE
FEMENINO,VENADO TUERTO,RENOVACIÓN,B.2,7/may/2025,7/may/2025,7/may/2026,VIGENTE
MASCULINO,VENADO TUERTO,RENOVACIÓN CON AMPLIACIÓN,"A.2.1, B.1",7/may/2025,7/may/2025,7/may/2030,VIGENTE
FEMENINO,VENADO TUERTO,RENOVACIÓN,B.2,7/may/2025,7/may/2025,7/may/2026,VIGENTE
FEMENINO,VENADO TUERTO,ORIGINAL,A.2.1,7/may/2025,7/may/2025,7/may/2030,VIGENTE
FEMENINO,VENADO TUERTO,DUPLICADO POR CAMBIO DE DATOS,"A.2.1, B.2",7/may/2025,7/may/2025,17/feb/2030,VIGENTE
MASCULINO,VENADO TUERTO,RENOVACIÓN,B.1,7/may/2025,7/may/2025,7/may/2030,VIGENTE
MASCULINO,VENADO TUERTO,RENOVACIÓN,"A.2.2, D.3, E.1",7/may/2025,7/may/2025,7/may/2026,VIGENTE
MASCULINO,VENADO TUERTO,ORIGINAL,"A.2.1, B.1",7/may/2025,7/may/2025,7/may/2026,VIGENTE
MASCULINO,VENADO TUERTO,RENOVACIÓN,"A.2.1, B.1, E.2",7/may/2025,7/may/2025,7/may/2027,VIGENTE
MASCULINO,VENADO TUERTO,RENOVACIÓN,B.2,7/may/2025,7/may/2025,7/may/2026,VIGENTE
MASCULINO,VENADO TUERTO,ORIGINAL,A.2.1,8/may/2025,6/dic/2024,8/may/2026,VIGENTE
FEMENINO,VENADO TUERTO,ORIGINAL,A.2.1,8/may/2025,21/mar/2025,8/may/2030,VIGENTE
MASCULINO,VENADO TUERTO,RENOVACIÓN,"A.2.1, B.1",8/may/2025,9/abr/2025,8/may/2030,VIGENTE
FEMENINO,VENADO TUERTO,ORIGINAL,"A.2.1, B.1",8/may/2025,23/abr/2025,8/may/2030,VIGENTE
FEMENINO,VENADO TUERTO,ORIGINAL,A.2.1,8/may/2025,25/abr/2025,8/may/2030,VIGENTE
FEMENINO,VENADO TUERTO,ORIGINAL,"A.2.1, B.2",8/may/2025,28/abr/2025,8/may/2030,VIGENTE
MASCULINO,VENADO TUERTO,ORIGINAL,"A.2.1, B.2",8/may/2025,6/may/2025,8/may/2030,VIGENTE
FEMENINO,VENADO TUERTO,ORIGINAL,"A.2.1, B.1",8/may/2025,6/may/2025,8/may/2030,VIGENTE
MASCULINO,VENADO TUERTO,DUPLICADO POR CAMBIO DE DATOS,"A.2.1, E.1, E.2",8/may/2025,7/may/2025,16/ago/2026,VIGENTE
FEMENINO,VENADO TUERTO,RENOVACIÓN,B.2,8/may/2025,8/may/2025,8/may/2030,VIGENTE
MASCULINO,VENADO TUERTO,RENOVACIÓN,B.2,8/may/2025,8/may/2025,8/may/2026,VIGENTE
MASCULINO,VENADO TUERTO,RENOVACIÓN CON AMPLIACIÓN,"A.2.1, B.2",8/may/2025,8/may/2025,8/may/2030,VIGENTE
MASCULINO,VENADO TUERTO,RENOVACIÓN,"A.3, B.2, G.1, G.2",8/may/2025,8/may/2025,8/may/2030,VIGENTE
FEMENINO,VENADO TUERTO,RENOVACIÓN CON AMPLIACIÓN,"A.2.1, B.1",8/may/2025,8/may/2025,8/may/2030,VIGENTE
FEMENINO,VENADO TUERTO,RENOVACIÓN,"A.2.1, B.1",8/may/2025,8/may/2025,8/may/2030,VIGENTE
MASCULINO,VENADO TUERTO,RENOVACIÓN,"A.2.1, E.1",8/may/2025,8/may/2025,8/may/2026,VIGENTE
FEMENINO,VENADO TUERTO,RENOVACIÓN,A.2.1,8/may/2025,8/may/2025,8/may/2030,VIGENTE
MASCULINO,VENADO TUERTO,RENOVACIÓN,"A.2.1, B.1",8/may/2025,8/may/2025,8/may/2030,VIGENTE
MASCULINO,VENADO TUERTO,RENOVACIÓN,"D.1, D.3",8/may/2025,8/may/2025,8/may/2026,VIGENTE
MASCULINO,VENADO TUERTO,RENOVACIÓN,"A.2.1, E.1",8/may/2025,8/may/2025,8/may/2026,VIGENTE
MASCULINO,VENADO TUERTO,RENOVACIÓN,"D.1, E.1",8/may/2025,8/may/2025,8/may/2026,VIGENTE
FEMENINO,VENADO TUERTO,ORIGINAL,"A.2.1, B.1",8/may/2025,8/may/2025,8/may/2026,VIGENTE
MASCULINO,VENADO TUERTO,RENOVACIÓN CON AMPLIACIÓN,"A.3, B.2",8/may/2025,8/may/2025,8/may/2030,VIGENTE
FEMENINO,VENADO TUERTO,RENOVACIÓN,B.2,8/may/2025,8/may/2025,8/may/2026,VIGENTE
MASCULINO,VENADO TUERTO,RENOVACIÓN,"A.3, E.1",8/may/2025,8/may/2025,8/may/2027,VIGENTE
FEMENINO,VENADO TUERTO,ORIGINAL,B.1,8/may/2025,8/may/2025,8/may/2030,VIGENTE
FEMENINO,VENADO TUERTO,RENOVACIÓN,B.2,8/may/2025,8/may/2025,8/may/2026,VIGENTE
FEMENINO,VENADO TUERTO,ORIGINAL,B.2,8/may/2025,8/may/2025,8/may/2030,VIGENTE
MASCULINO,VENADO TUERTO,RENOVACIÓN CON AMPLIACIÓN,"A.2.1, B.2",8/may/2025,8/may/2025,8/may/2030,VIGENTE
MASCULINO,VENADO TUERTO,RENOVACIÓN,A.2.1,8/may/2025,8/may/2025,8/may/2028,VIGENTE
FEMENINO,VENADO TUERTO,RENOVACIÓN,A.2.1,8/may/2025,8/may/2025,8/may/2030,VIGENTE
FEMENINO,VENADO TUERTO,RENOVACIÓN,D.1,8/may/2025,8/may/2025,8/may/2026,VIGENTE
MASCULINO,VENADO TUERTO,RENOVACIÓN CON AMPLIACIÓN,"A.2.1, E.1",8/may/2025,8/may/2025,8/may/2027,VIGENTE
MASCULINO,VENADO TUERTO,RENOVACIÓN,"A.2.1, B.2",8/may/2025,8/may/2025,8/may/2030,VIGENTE
MASCULINO,VENADO TUERTO,RENOVACIÓN,B.2,8/may/2025,8/may/2025,8/may/2026,VIGENTE
FEMENINO,VENADO TUERTO,RENOVACIÓN,B.2,8/may/2025,8/may/2025,8/may/2026,VIGENTE
MASCULINO,VENADO TUERTO,RENOVACIÓN CON AMPLIACIÓN,"A.3, B.2",8/may/2025,8/may/2025,8/may/2030,VIGENTE
MASCULINO,VENADO TUERTO,RENOVACIÓN,E.1,8/may/2025,8/may/2025,8/may/2026,VIGENTE
MASCULINO,VENADO TUERTO,RENOVACIÓN,B.2,8/may/2025,8/may/2025,8/may/2026,VIGENTE
MASCULINO,VENADO TUERTO,DUPLICADO,B.2,8/may/2025,8/may/2025,6/nov/2029,VIGENTE
FEMENINO,VENADO TUERTO,RENOVACIÓN CON AMPLIACIÓN,"A.2.1, B.1",8/may/2025,8/may/2025,8/may/2030,VIGENTE
MASCULINO,VENADO TUERTO,RENOVACIÓN,B.2,8/may/2025,8/may/2025,8/may/2026,VIGENTE
FEMENINO,VENADO TUERTO,DUPLICADO,"A.2.1, B.1",8/may/2025,8/may/2025,2/may/2029,VIGENTE
MASCULINO,VENADO TUERTO,RENOVACIÓN,"A.3, E.1",8/may/2025,8/may/2025,8/may/2026,VIGENTE
MASCULINO,VENADO TUERTO,RENOVACIÓN CON AMPLIACIÓN,"A.2.1, E.1, E.2, G.1",8/may/2025,8/may/2025,8/may/2027,VIGENTE
FEMENINO,VENADO TUERTO,RENOVACIÓN,"A.2.2, B.2",8/may/2025,8/may/2025,8/may/2030,VIGENTE
MASCULINO,VENADO TUERTO,RENOVACIÓN,"A.3, E.1, E.2, G.1",8/may/2025,8/may/2025,8/may/2026,VIGENTE
MASCULINO,VENADO TUERTO,ORIGINAL,"A.2.1, B.1",8/may/2025,8/may/2025,8/may/2030,VIGENTE
FEMENINO,VENADO TUERTO,RENOVACIÓN,B.2,8/may/2025,8/may/2025,8/may/2026,VIGENTE
MASCULINO,VENADO TUERTO,ORIGINAL,B.1,9/may/2025,11/abr/2025,9/may/2026,VIGENTE
MASCULINO,VENADO TUERTO,RENOVACIÓN CON AMPLIACIÓN,"A.2.2, E.1",9/may/2025,23/abr/2025,9/may/2027,VIGENTE
MASCULINO,VENADO TUERTO,ORIGINAL,A.2.1,9/may/2025,24/abr/2025,9/may/2026,VIGENTE
FEMENINO,VENADO TUERTO,ORIGINAL,A.2.1,9/may/2025,29/abr/2025,9/may/2030,VIGENTE
MASCULINO,VENADO TUERTO,RENOVACIÓN,A.2.1,9/may/2025,5/may/2025,9/may/2030,VIGENTE
FEMENINO,VENADO TUERTO,ORIGINAL,A.2.1,9/may/2025,9/may/2025,9/may/2026,VIGENTE
FEMENINO,VENADO TUERTO,RENOVACIÓN,B.2,9/may/2025,9/may/2025,9/may/2030,VIGENTE
MASCULINO,VENADO TUERTO,ORIGINAL,"A.2.1, B.2",9/may/2025,9/may/2025,9/may/2030,VIGENTE
MASCULINO,VENADO TUERTO,RENOVACIÓN,"A.2.2, E.1, E.2, G.1",9/may/2025,9/may/2025,9/may/2027,VIGENTE
FEMENINO,VENADO TUERTO,RENOVACIÓN,B.1,9/may/2025,9/may/2025,9/may/2028,VIGENTE
MASCULINO,VENADO TUERTO,RENOVACIÓN,B.2,9/may/2025,9/may/2025,9/may/2026,VIGENTE
FEMENINO,VENADO TUERTO,ORIGINAL,A.2.1,9/may/2025,9/may/2025,9/may/2030,VIGENTE
MASCULINO,VENADO TUERTO,RENOVACIÓN,B.1,9/may/2025,9/may/2025,9/may/2030,VIGENTE
MASCULINO,VENADO TUERTO,RENOVACIÓN,B.2,9/may/2025,9/may/2025,9/may/2026,VIGENTE
FEMENINO,VENADO TUERTO,RENOVACIÓN,B.2,9/may/2025,9/may/2025,9/may/2026,VIGENTE
MASCULINO,VENADO TUERTO,RENOVACIÓN,B.2,9/may/2025,9/may/2025,9/may/2028,VIGENTE
MASCULINO,VENADO TUERTO,RENOVACIÓN,B.2,9/may/2025,9/may/2025,9/may/2028,VIGENTE
FEMENINO,VENADO TUERTO,RENOVACIÓN,"A.2.1, B.2",9/may/2025,9/may/2025,9/may/2030,VIGENTE
FEMENINO,VENADO TUERTO,RENOVACIÓN,B.2,9/may/2025,9/may/2025,9/may/2026,VIGENTE
MASCULINO,VENADO TUERTO,RENOVACIÓN CON AMPLIACIÓN,E.1,9/may/2025,9/may/2025,9/may/2026,VIGENTE
MASCULINO,VENADO TUERTO,RENOVACIÓN,"A.3, B.2",9/may/2025,9/may/2025,9/may/2030,VIGENTE
MASCULINO,VENADO TUERTO,ORIGINAL,B.2,9/may/2025,9/may/2025,9/may/2030,VIGENTE
FEMENINO,VENADO TUERTO,RENOVACIÓN,B.2,9/may/2025,9/may/2025,9/may/2028,VIGENTE
MASCULINO,VENADO TUERTO,RENOVACIÓN CON AMPLIACIÓN,"A.2.1, B.2",9/may/2025,9/may/2025,9/may/2030,VIGENTE
MASCULINO,VENADO TUERTO,RENOVACIÓN,"A.2.2, D.1, E.1",9/may/2025,9/may/2025,9/may/2026,VIGENTE
FEMENINO,VENADO TUERTO,RENOVACIÓN CON AMPLIACIÓN,"A.2.1, B.1",9/may/2025,9/may/2025,9/may/2028,VIGENTE
MASCULINO,VENADO TUERTO,RENOVACIÓN CON AMPLIACIÓN,"A.2.1, D.1, D.3, E.1, E.2",9/may/2025,9/may/2025,9/may/2027,VIGENTE
FEMENINO,VENADO TUERTO,RENOVACIÓN,B.1,9/may/2025,9/may/2025,9/may/2030,VIGENTE
FEMENINO,VENADO TUERTO,ORIGINAL,A.2.1,9/may/2025,9/may/2025,9/may/2026,VIGENTE
FEMENINO,VENADO TUERTO,RENOVACIÓN,B.2,9/may/2025,9/may/2025,9/may/2030,VIGENTE
MASCULINO,VENADO TUERTO,RENOVACIÓN,"A.2.1, B.2",9/may/2025,9/may/2025,9/may/2030,VIGENTE
MASCULINO,VENADO TUERTO,RENOVACIÓN,B.2,9/may/2025,9/may/2025,9/may/2026,VIGENTE
MASCULINO,VENADO TUERTO,RENOVACIÓN,"A.2.1, B.2, D.1",9/may/2025,9/may/2025,9/may/2027,VIGENTE
MASCULINO,VENADO TUERTO,RENOVACIÓN,"A.2.1, B.2, G.1",9/may/2025,9/may/2025,9/may/2028,VIGENTE
FEMENINO,VENADO TUERTO,RENOVACIÓN,"A.2.1, D.1",9/may/2025,9/may/2025,9/may/2027,VIGENTE
MASCULINO,VENADO TUERTO,RENOVACIÓN,E.1,9/may/2025,9/may/2025,9/may/2027,VIGENTE
FEMENINO,VENADO TUERTO,RENOVACIÓN,"D.1, D.3, E.1",9/may/2025,9/may/2025,9/may/2027,VIGENTE
MASCULINO,VENADO TUERTO,RENOVACIÓN,B.2,9/may/2025,9/may/2025,9/may/2028,VIGENTE
MASCULINO,VENADO TUERTO,RENOVACIÓN,D.1,9/may/2025,9/may/2025,9/may/2026,VIGENTE
MASCULINO,VENADO TUERTO,RENOVACIÓN,B.2,9/may/2025,9/may/2025,9/may/2026,VIGENTE
MASCULINO,VENADO TUERTO,RENOVACIÓN,"A.2.1, E.1",9/may/2025,9/may/2025,9/may/2027,VIGENTE
MASCULINO,VENADO TUERTO,RENOVACIÓN,"A.2.1, B.2, D.1",9/may/2025,9/may/2025,9/may/2027,VIGENTE
MASCULINO,VENADO TUERTO,RENOVACIÓN,"A.2.1, D.1",9/may/2025,9/may/2025,9/may/2027,VIGENTE
MASCULINO,VENADO TUERTO,RENOVACIÓN,"A.2.2, B.2",9/may/2025,9/may/2025,9/may/2030,VIGENTE
MASCULINO,VENADO TUERTO,RENOVACIÓN,"A.3, B.2, D.1",9/may/2025,9/may/2025,9/may/2027,VIGENTE
MASCULINO,VENADO TUERTO,RENOVACIÓN,B.2,9/may/2025,9/may/2025,9/may/2026,VIGENTE
FEMENINO,VENADO TUERTO,RENOVACIÓN CON AMPLIACIÓN,"A.2.1, B.1",12/may/2025,30/abr/2025,12/may/2030,VIGENTE
MASCULINO,VENADO TUERTO,RENOVACIÓN,B.1,12/may/2025,8/may/2025,12/may/2026,VIGENTE
MASCULINO,VENADO TUERTO,RENOVACIÓN,"A.2.1, E.1",12/may/2025,12/may/2025,12/may/2027,VIGENTE
FEMENINO,VENADO TUERTO,ORIGINAL,B.1,12/may/2025,12/may/2025,12/may/2030,VIGENTE
FEMENINO,VENADO TUERTO,RENOVACIÓN,B.2,12/may/2025,12/may/2025,12/may/2026,VIGENTE
MASCULINO,VENADO TUERTO,RENOVACIÓN,"A.2.1, B.2",12/may/2025,12/may/2025,12/may/2030,VIGENTE
FEMENINO,VENADO TUERTO,RENOVACIÓN,B.2,12/may/2025,12/may/2025,12/may/2026,VIGENTE
MASCULINO,VENADO TUERTO,RENOVACIÓN,"A.2.2, E.1",12/may/2025,12/may/2025,12/may/2027,VIGENTE
FEMENINO,VENADO TUERTO,ORIGINAL,A.2.1,12/may/2025,12/may/2025,12/may/2030,VIGENTE
MASCULINO,VENADO TUERTO,RENOVACIÓN,"A.2.1, E.1, E.2",12/may/2025,12/may/2025,12/may/2027,VIGENTE
MASCULINO,VENADO TUERTO,RENOVACIÓN,E.1,12/may/2025,12/may/2025,12/may/2027,VIGENTE
MASCULINO,VENADO TUERTO,RENOVACIÓN,"A.3, B.2, D.1, D.3",12/may/2025,12/may/2025,12/may/2026,VIGENTE
FEMENINO,VENADO TUERTO,RENOVACIÓN,"A.2.1, B.2",12/may/2025,12/may/2025,12/may/2030,VIGENTE
MASCULINO,VENADO TUERTO,RENOVACIÓN,"A.3, E.1",12/may/2025,12/may/2025,12/may/2027,VIGENTE
MASCULINO,VENADO TUERTO,RENOVACIÓN,B.2,12/may/2025,12/may/2025,12/may/2026,VIGENTE
MASCULINO,VENADO TUERTO,RENOVACIÓN CON AMPLIACIÓN,E.1,12/may/2025,12/may/2025,12/may/2026,VIGENTE
FEMENINO,VENADO TUERTO,DUPLICADO POR CAMBIO DE DATOS,B.2,12/may/2025,12/may/2025,15/may/2029,VIGENTE
MASCULINO,VENADO TUERTO,RENOVACIÓN,B.2,12/may/2025,12/may/2025,12/may/2026,VIGENTE
FEMENINO,VENADO TUERTO,RENOVACIÓN,"A.2.1, B.2",12/may/2025,12/may/2025,12/may/2030,VIGENTE
FEMENINO,VENADO TUERTO,RENOVACIÓN,A.2.1,12/may/2025,12/may/2025,12/may/2030,VIGENTE
MASCULINO,VENADO TUERTO,RENOVACIÓN,B.2,12/may/2025,12/may/2025,12/may/2026,VIGENTE
MASCULINO,VENADO TUERTO,RENOVACIÓN,B.2,12/may/2025,12/may/2025,12/may/2026,VIGENTE
FEMENINO,VENADO TUERTO,RENOVACIÓN,B.2,12/may/2025,12/may/2025,12/may/2030,VIGENTE
MASCULINO,VENADO TUERTO,RENOVACIÓN,"A.3, B.2",12/may/2025,12/may/2025,12/may/2030,VIGENTE
MASCULINO,VENADO TUERTO,RENOVACIÓN,"A.2.1, B.2",12/may/2025,12/may/2025,12/may/2026,VIGENTE
MASCULINO,VENADO TUERTO,RENOVACIÓN,"A.2.1, B.2",12/may/2025,12/may/2025,12/may/2026,VIGENTE
MASCULINO,VENADO TUERTO,RENOVACIÓN,B.2,12/may/2025,12/may/2025,12/may/2030,VIGENTE
MASCULINO,VENADO TUERTO,RENOVACIÓN,B.2,12/may/2025,12/may/2025,12/may/2026,VIGENTE
MASCULINO,VENADO TUERTO,RENOVACIÓN,"A.2.1, B.2",12/may/2025,12/may/2025,12/may/2026,VIGENTE
MASCULINO,VENADO TUERTO,RENOVACIÓN,"A.2.1, B.2",12/may/2025,12/may/2025,12/may/2026,VIGENTE
FEMENINO,VENADO TUERTO,RENOVACIÓN,B.2,12/may/2025,12/may/2025,12/may/2026,VIGENTE
MASCULINO,VENADO TUERTO,RENOVACIÓN,B.2,12/may/2025,12/may/2025,12/may/2026,VIGENTE
MASCULINO,VENADO TUERTO,RENOVACIÓN,"A.2.1, B.2",12/may/2025,12/may/2025,12/may/2030,VIGENTE
FEMENINO,VENADO TUERTO,ORIGINAL,A.2.1,12/may/2025,12/may/2025,12/may/2030,VIGENTE
FEMENINO,VENADO TUERTO,RENOVACIÓN,B.2,12/may/2025,12/may/2025,12/may/2026,VIGENTE
MASCULINO,VENADO TUERTO,RENOVACIÓN,E.1,12/may/2025,12/may/2025,12/may/2026,VIGENTE
FEMENINO,VENADO TUERTO,RENOVACIÓN CON AMPLIACIÓN,"A.2.1, B.1",12/may/2025,12/may/2025,12/may/2030,VIGENTE
FEMENINO,VENADO TUERTO,RENOVACIÓN,B.2,12/may/2025,12/may/2025,12/may/2026,VIGENTE
MASCULINO,VENADO TUERTO,DUPLICADO POR CAMBIO DE DATOS,"A.2.2, B.2",12/may/2025,12/may/2025,23/oct/2029,VIGENTE
MASCULINO,VENADO TUERTO,RENOVACIÓN,"A.2.1, E.1",12/may/2025,12/may/2025,12/may/2026,VIGENTE
FEMENINO,VENADO TUERTO,ORIGINAL,A.2.1,12/may/2025,12/may/2025,12/may/2030,VIGENTE
MASCULINO,VENADO TUERTO,RENOVACIÓN CON AMPLIACIÓN,"A.2.1, B.1",12/may/2025,12/may/2025,12/may/2030,VIGENTE
MASCULINO,VENADO TUERTO,RENOVACIÓN,B.2,12/may/2025,12/may/2025,12/may/2030,VIGENTE
MASCULINO,VENADO TUERTO,RENOVACIÓN,"A.2.1, B.1",12/may/2025,12/may/2025,12/may/2028,VIGENTE
MASCULINO,VENADO TUERTO,RENOVACIÓN,B.1,13/may/2025,16/ene/2025,13/may/2028,VIGENTE
MASCULINO,VENADO TUERTO,RENOVACIÓN CON AMPLIACIÓN,"A.2.2, E.1, G.1, G.2",13/may/2025,25/mar/2025,13/may/2027,VIGENTE
MASCULINO,VENADO TUERTO,ORIGINAL,A.2.1,13/may/2025,30/abr/2025,13/may/2026,VIGENTE
MASCULINO,VENADO TUERTO,ORIGINAL,B.2,13/may/2025,12/may/2025,13/may/2026,VIGENTE
MASCULINO,VENADO TUERTO,RENOVACIÓN,B.1,13/may/2025,13/may/2025,13/may/2026,VIGENTE
MASCULINO,VENADO TUERTO,RENOVACIÓN,B.1,13/may/2025,13/may/2025,13/may/2026,VIGENTE
MASCULINO,VENADO TUERTO,RENOVACIÓN,E.1,13/may/2025,13/may/2025,13/may/2026,VIGENTE
MASCULINO,VENADO TUERTO,RENOVACIÓN,"A.2.1, B.2",13/may/2025,13/may/2025,13/may/2026,VIGENTE
FEMENINO,VENADO TUERTO,RENOVACIÓN,A.2.1,13/may/2025,13/may/2025,13/may/2026,VIGENTE
FEMENINO,VENADO TUERTO,RENOVACIÓN,B.2,13/may/2025,13/may/2025,13/may/2026,VIGENTE
MASCULINO,VENADO TUERTO,RENOVACIÓN,"A.2.1, B.1",13/may/2025,13/may/2025,13/may/2030,VIGENTE
MASCULINO,VENADO TUERTO,RENOVACIÓN,"A.2.1, B.1",13/may/2025,13/may/2025,13/may/2030,VIGENTE
FEMENINO,VENADO TUERTO,RENOVACIÓN,B.2,13/may/2025,13/may/2025,13/may/2026,VIGENTE
FEMENINO,VENADO TUERTO,RENOVACIÓN CON AMPLIACIÓN,"A.2.1, B.1",13/may/2025,13/may/2025,13/may/2028,VIGENTE
MASCULINO,VENADO TUERTO,RENOVACIÓN,B.1,13/may/2025,13/may/2025,13/may/2030,VIGENTE
MASCULINO,VENADO TUERTO,ORIGINAL,A.2.1,13/may/2025,13/may/2025,13/may/2026,VIGENTE
MASCULINO,VENADO TUERTO,RENOVACIÓN,"A.3, B.1",13/may/2025,13/may/2025,13/may/2030,VIGENTE
MASCULINO,VENADO TUERTO,RENOVACIÓN CON AMPLIACIÓN,"A.2.1, B.2",13/may/2025,13/may/2025,13/may/2030,VIGENTE
FEMENINO,VENADO TUERTO,RENOVACIÓN,"A.2.1, B.2",13/may/2025,13/may/2025,13/may/2030,VIGENTE
FEMENINO,VENADO TUERTO,ORIGINAL,B.2,13/may/2025,13/may/2025,13/may/2030,VIGENTE
MASCULINO,VENADO TUERTO,RENOVACIÓN,"A.2.2, B.2",13/may/2025,13/may/2025,13/may/2030,VIGENTE
MASCULINO,VENADO TUERTO,RENOVACIÓN,B.2,13/may/2025,13/may/2025,13/may/2026,VIGENTE
MASCULINO,VENADO TUERTO,RENOVACIÓN CON AMPLIACIÓN,D.1,13/may/2025,13/may/2025,13/may/2026,VIGENTE
MASCULINO,VENADO TUERTO,RENOVACIÓN,"A.2.1, B.1",13/may/2025,13/may/2025,13/may/2030,VIGENTE
FEMENINO,VENADO TUERTO,RENOVACIÓN,"A.2.1, B.2",13/may/2025,13/may/2025,13/may/2030,VIGENTE
MASCULINO,VENADO TUERTO,ORIGINAL,A.2.1,13/may/2025,13/may/2025,13/may/2030,VIGENTE
MASCULINO,VENADO TUERTO,RENOVACIÓN,"A.2.1, E.1",13/may/2025,13/may/2025,13/may/2026,VIGENTE
MASCULINO,VENADO TUERTO,RENOVACIÓN,A.2.1,13/may/2025,13/may/2025,13/may/2030,VIGENTE
MASCULINO,VENADO TUERTO,ORIGINAL,E.1,13/may/2025,13/may/2025,13/may/2026,VIGENTE
MASCULINO,VENADO TUERTO,RENOVACIÓN,"A.3, B.2",13/may/2025,13/may/2025,13/may/2026,VIGENTE
MASCULINO,VENADO TUERTO,RENOVACIÓN,"A.3, E.1",13/may/2025,13/may/2025,13/may/2027,VIGENTE
MASCULINO,VENADO TUERTO,ORIGINAL,"A.2.1, B.1",13/may/2025,13/may/2025,13/may/2026,VIGENTE
MASCULINO,VENADO TUERTO,RENOVACIÓN,B.2,13/may/2025,13/may/2025,13/may/2026,VIGENTE
MASCULINO,VENADO TUERTO,RENOVACIÓN,"A.2.1, E.1, G.1",13/may/2025,13/may/2025,13/may/2027,VIGENTE
FEMENINO,VENADO TUERTO,RENOVACIÓN,B.2,13/may/2025,13/may/2025,13/may/2026,VIGENTE
FEMENINO,VENADO TUERTO,RENOVACIÓN,B.2,13/may/2025,13/may/2025,13/may/2030,VIGENTE
MASCULINO,VENADO TUERTO,RENOVACIÓN,B.2,13/may/2025,13/may/2025,13/may/2028,VIGENTE
MASCULINO,VENADO TUERTO,RENOVACIÓN,B.2,13/may/2025,13/may/2025,13/may/2026,VIGENTE
MASCULINO,VENADO TUERTO,RENOVACIÓN CON AMPLIACIÓN,"A.3, B.2, D.3",13/may/2025,13/may/2025,13/may/2027,VIGENTE
FEMENINO,VENADO TUERTO,ORIGINAL,A.2.1,13/may/2025,13/may/2025,13/may/2030,VIGENTE
MASCULINO,VENADO TUERTO,RENOVACIÓN,B.2,13/may/2025,13/may/2025,13/may/2026,VIGENTE
MASCULINO,VENADO TUERTO,RENOVACIÓN,B.2,14/may/2025,25/abr/2025,14/may/2026,VIGENTE
FEMENINO,VENADO TUERTO,ORIGINAL,"A.2.1, B.1",14/may/2025,29/abr/2025,14/may/2030,VIGENTE
MASCULINO,VENADO TUERTO,ORIGINAL,"A.2.1, B.2",14/may/2025,7/may/2025,14/may/2030,VIGENTE
MASCULINO,VENADO TUERTO,ORIGINAL,B.1,14/may/2025,12/may/2025,14/may/2030,VIGENTE
MASCULINO,VENADO TUERTO,ORIGINAL,A.2.1,14/may/2025,13/may/2025,14/may/2030,VIGENTE
MASCULINO,VENADO TUERTO,RENOVACIÓN CON AMPLIACIÓN,E.1,14/may/2025,13/may/2025,14/may/2027,VIGENTE
MASCULINO,VENADO TUERTO,RENOVACIÓN CON AMPLIACIÓN,"A.2.1, B.1",14/may/2025,13/may/2025,14/may/2030,VIGENTE
FEMENINO,VENADO TUERTO,ORIGINAL,A.2.1,14/may/2025,14/may/2025,14/may/2030,VIGENTE
FEMENINO,VENADO TUERTO,RENOVACIÓN,B.2,14/may/2025,14/may/2025,14/may/2030,VIGENTE
FEMENINO,VENADO TUERTO,RENOVACIÓN,B.2,14/may/2025,14/may/2025,14/may/2028,VIGENTE
MASCULINO,VENADO TUERTO,RENOVACIÓN,D.1,14/may/2025,14/may/2025,14/may/2026,VIGENTE
MASCULINO,VENADO TUERTO,DUPLICADO,"A.2.2, B.2",14/may/2025,14/may/2025,12/sept/2029,VIGENTE
FEMENINO,VENADO TUERTO,ORIGINAL,B.1,14/may/2025,14/may/2025,14/may/2030,VIGENTE
FEMENINO,VENADO TUERTO,RENOVACIÓN,"A.2.1, B.2",14/may/2025,14/may/2025,14/may/2030,VIGENTE
FEMENINO,VENADO TUERTO,RENOVACIÓN,"A.2.1, B.1",14/may/2025,14/may/2025,14/may/2028,VIGENTE
FEMENINO,VENADO TUERTO,RENOVACIÓN,B.2,14/may/2025,14/may/2025,14/may/2026,VIGENTE
MASCULINO,VENADO TUERTO,RENOVACIÓN CON AMPLIACIÓN,"A.2.2, E.1, E.2",14/may/2025,14/may/2025,14/may/2027,VIGENTE
MASCULINO,VENADO TUERTO,RENOVACIÓN,"A.2.2, B.2",14/may/2025,14/may/2025,14/may/2028,VIGENTE
MASCULINO,VENADO TUERTO,RENOVACIÓN,E.1,14/may/2025,14/may/2025,14/may/2026,VIGENTE
FEMENINO,VENADO TUERTO,RENOVACIÓN,B.2,14/may/2025,14/may/2025,14/may/2030,VIGENTE
FEMENINO,VENADO TUERTO,ORIGINAL,A.2.1,14/may/2025,14/may/2025,14/may/2026,VIGENTE
FEMENINO,VENADO TUERTO,ORIGINAL,"A.2.1, B.2",14/may/2025,14/may/2025,14/may/2030,VIGENTE
MASCULINO,VENADO TUERTO,RENOVACIÓN,B.2,14/may/2025,14/may/2025,14/may/2026,VIGENTE
FEMENINO,VENADO TUERTO,RENOVACIÓN,B.2,14/may/2025,14/may/2025,14/may/2030,VIGENTE
MASCULINO,VENADO TUERTO,RENOVACIÓN,"A.2.2, B.2",14/may/2025,14/may/2025,14/may/2026,VIGENTE
FEMENINO,VENADO TUERTO,RENOVACIÓN CON AMPLIACIÓN,"A.2.1, B.2",14/may/2025,14/may/2025,14/may/2030,VIGENTE
MASCULINO,VENADO TUERTO,RENOVACIÓN,"B.2, C",14/may/2025,14/may/2025,14/may/2026,VIGENTE
MASCULINO,VENADO TUERTO,RENOVACIÓN,A.2.1,14/may/2025,14/may/2025,14/may/2030,VIGENTE
FEMENINO,VENADO TUERTO,RENOVACIÓN CON AMPLIACIÓN,"A.3, B.2, G.1",14/may/2025,14/may/2025,14/may/2030,VIGENTE
MASCULINO,VENADO TUERTO,RENOVACIÓN,"A.3, E.1, G.1, G.2",14/may/2025,14/may/2025,14/may/2027,VIGENTE
MASCULINO,VENADO TUERTO,ORIGINAL,B.2,14/may/2025,14/may/2025,14/may/2030,VIGENTE
MASCULINO,VENADO TUERTO,RENOVACIÓN,B.2,14/may/2025,14/may/2025,14/may/2026,VIGENTE
MASCULINO,VENADO TUERTO,RENOVACIÓN,E.1,14/may/2025,14/may/2025,14/may/2026,VIGENTE
MASCULINO,VENADO TUERTO,RENOVACIÓN,"A.2.1, E.1",14/may/2025,14/may/2025,14/may/2027,VIGENTE
FEMENINO,VENADO TUERTO,ORIGINAL,A.2.1,14/may/2025,14/may/2025,14/may/2030,VIGENTE
MASCULINO,VENADO TUERTO,ORIGINAL,"A.2.1, B.1",14/may/2025,14/may/2025,14/may/2026,VIGENTE
MASCULINO,SAN EDUARDO,RENOVACIÓN,B.2,14/may/2025,14/may/2025,14/may/2026,VIGENTE
FEMENINO,VENADO TUERTO,RENOVACIÓN,"A.2.1, B.1",14/may/2025,14/may/2025,14/may/2030,VIGENTE
FEMENINO,VENADO TUERTO,RENOVACIÓN,B.2,14/may/2025,14/may/2025,14/may/2026,VIGENTE
MASCULINO,VENADO TUERTO,ORIGINAL,"A.2.1, B.2",14/may/2025,14/may/2025,14/may/2030,VIGENTE
MASCULINO,VENADO TUERTO,RENOVACIÓN,"A.2.1, B.2",14/may/2025,14/may/2025,14/may/2030,VIGENTE
MASCULINO,VENADO TUERTO,RENOVACIÓN,"A.2.1, E.1",14/may/2025,14/may/2025,14/may/2027,VIGENTE
MASCULINO,VENADO TUERTO,RENOVACIÓN,"A.2.1, B.2",14/may/2025,14/may/2025,14/may/2030,VIGENTE
FEMENINO,VENADO TUERTO,RENOVACIÓN,"A.2.2, D.1",14/may/2025,14/may/2025,14/may/2027,VIGENTE
MASCULINO,VENADO TUERTO,ORIGINAL,"A.2.1, B.2",14/may/2025,14/may/2025,14/may/2030,VIGENTE
MASCULINO,VENADO TUERTO,RENOVACIÓN,E.1,14/may/2025,14/may/2025,14/may/2026,VIGENTE
MASCULINO,VENADO TUERTO,RENOVACIÓN,B.2,14/may/2025,14/may/2025,14/may/2026,VIGENTE
MASCULINO,VENADO TUERTO,RENOVACIÓN,B.2,14/may/2025,14/may/2025,14/may/2030,VIGENTE
MASCULINO,VENADO TUERTO,ORIGINAL,"A.2.1, B.2",15/may/2025,11/dic/2024,15/may/2028,VIGENTE
MASCULINO,VENADO TUERTO,ORIGINAL,"A.2.1, B.1",15/may/2025,21/abr/2025,15/may/2030,VIGENTE
FEMENINO,VENADO TUERTO,ORIGINAL,A.2.1,15/may/2025,8/may/2025,15/may/2030,VIGENTE
MASCULINO,VENADO TUERTO,RENOVACIÓN,B.1,15/may/2025,12/may/2025,15/may/2028,VIGENTE
FEMENINO,VENADO TUERTO,ORIGINAL,A.2.1,15/may/2025,14/may/2025,15/may/2030,VIGENTE
MASCULINO,VENADO TUERTO,RENOVACIÓN,B.1,15/may/2025,15/may/2025,15/may/2030,VIGENTE
FEMENINO,VENADO TUERTO,RENOVACIÓN,B.1,15/may/2025,15/may/2025,15/may/2030,VIGENTE
MASCULINO,VENADO TUERTO,RENOVACIÓN,"A.2.1, B.2",15/may/2025,15/may/2025,15/may/2026,VIGENTE
MASCULINO,VENADO TUERTO,RENOVACIÓN,"A.2.2, E.1",15/may/2025,15/may/2025,15/may/2026,VIGENTE
MASCULINO,VENADO TUERTO,RENOVACIÓN,B.2,15/may/2025,15/may/2025,15/may/2026,VIGENTE
MASCULINO,VENADO TUERTO,RENOVACIÓN,E.1,15/may/2025,15/may/2025,15/may/2026,VIGENTE
MASCULINO,VENADO TUERTO,RENOVACIÓN,E.1,15/may/2025,15/may/2025,15/may/2026,VIGENTE
MASCULINO,VENADO TUERTO,RENOVACIÓN,"A.2.2, E.1, E.2, G.1",15/may/2025,15/may/2025,15/may/2026,VIGENTE
MASCULINO,VENADO TUERTO,RENOVACIÓN,B.2,15/may/2025,15/may/2025,15/may/2028,VIGENTE
MASCULINO,VENADO TUERTO,RENOVACIÓN,"A.2.2, E.1",15/may/2025,15/may/2025,15/may/2026,VIGENTE
FEMENINO,VENADO TUERTO,RENOVACIÓN,A.2.1,15/may/2025,15/may/2025,15/may/2030,VIGENTE
MASCULINO,VENADO TUERTO,RENOVACIÓN,B.2,15/may/2025,15/may/2025,15/may/2026,VIGENTE
FEMENINO,VENADO TUERTO,RENOVACIÓN,B.2,15/may/2025,15/may/2025,15/may/2026,VIGENTE
MASCULINO,VENADO TUERTO,RENOVACIÓN,"A.3, B.2, D.1, D.3",15/may/2025,15/may/2025,15/may/2026,VIGENTE
FEMENINO,VENADO TUERTO,RENOVACIÓN,B.1,15/may/2025,15/may/2025,15/may/2030,VIGENTE
MASCULINO,VENADO TUERTO,RENOVACIÓN,B.1,15/may/2025,15/may/2025,15/may/2030,VIGENTE
MASCULINO,VENADO TUERTO,RENOVACIÓN,B.2,15/may/2025,15/may/2025,15/may/2026,VIGENTE
FEMENINO,VENADO TUERTO,RENOVACIÓN,"A.2.1, B.1",15/may/2025,15/may/2025,15/may/2030,VIGENTE
MASCULINO,VENADO TUERTO,RENOVACIÓN,"A.2.1, B.2",15/may/2025,15/may/2025,15/may/2026,VIGENTE
MASCULINO,VENADO TUERTO,RENOVACIÓN,"A.2.1, B.2",15/may/2025,15/may/2025,15/may/2030,VIGENTE
FEMENINO,VENADO TUERTO,RENOVACIÓN,A.2.1,15/may/2025,15/may/2025,15/may/2028,VIGENTE
MASCULINO,VENADO TUERTO,RENOVACIÓN,B.1,15/may/2025,15/may/2025,15/may/2030,VIGENTE
MASCULINO,VENADO TUERTO,RENOVACIÓN,B.2,15/may/2025,15/may/2025,15/may/2026,VIGENTE
MASCULINO,VENADO TUERTO,RENOVACIÓN,B.2,15/may/2025,15/may/2025,15/may/2026,VIGENTE
MASCULINO,VENADO TUERTO,RENOVACIÓN,D.1,15/may/2025,15/may/2025,15/may/2026,VIGENTE
MASCULINO,VENADO TUERTO,RENOVACIÓN,B.2,15/may/2025,15/may/2025,15/may/2030,VIGENTE
MASCULINO,VENADO TUERTO,RENOVACIÓN,E.1,15/may/2025,15/may/2025,15/may/2027,VIGENTE
FEMENINO,VENADO TUERTO,RENOVACIÓN,"A.2.1, B.1",15/may/2025,15/may/2025,15/may/2030,VIGENTE
FEMENINO,VENADO TUERTO,RENOVACIÓN,B.1,15/may/2025,15/may/2025,15/may/2030,VIGENTE
FEMENINO,VENADO TUERTO,RENOVACIÓN,"A.2.2, B.2",15/may/2025,15/may/2025,15/may/2030,VIGENTE
MASCULINO,VENADO TUERTO,RENOVACIÓN,A.2.1,15/may/2025,15/may/2025,15/may/2028,VIGENTE
MASCULINO,VENADO TUERTO,RENOVACIÓN,"A.2.1, B.1",15/may/2025,15/may/2025,15/may/2030,VIGENTE
MASCULINO,VENADO TUERTO,RENOVACIÓN,B.2,15/may/2025,15/may/2025,15/may/2026,VIGENTE
FEMENINO,VENADO TUERTO,RENOVACIÓN,B.2,15/may/2025,15/may/2025,15/may/2026,VIGENTE
MASCULINO,VENADO TUERTO,RENOVACIÓN,B.2,15/may/2025,15/may/2025,15/may/2026,VIGENTE
MASCULINO,VENADO TUERTO,RENOVACIÓN,A.2.1,15/may/2025,15/may/2025,15/may/2028,VIGENTE
FEMENINO,VENADO TUERTO,ORIGINAL,"A.2.1, B.2",15/may/2025,15/may/2025,15/may/2030,VIGENTE
MASCULINO,VENADO TUERTO,RENOVACIÓN,"A.2.1, B.2",15/may/2025,15/may/2025,15/may/2026,VIGENTE
MASCULINO,VENADO TUERTO,RENOVACIÓN,B.2,15/may/2025,15/may/2025,15/may/2026,VIGENTE
FEMENINO,VENADO TUERTO,RENOVACIÓN,B.2,15/may/2025,15/may/2025,15/may/2026,VIGENTE
FEMENINO,VENADO TUERTO,RENOVACIÓN,B.2,15/may/2025,15/may/2025,15/may/2026,VIGENTE
MASCULINO,VENADO TUERTO,RENOVACIÓN,B.2,15/may/2025,15/may/2025,15/may/2026,VIGENTE
MASCULINO,VENADO TUERTO,RENOVACIÓN,"A.2.1, D.1, D.3, E.1",15/may/2025,15/may/2025,15/may/2027,VIGENTE
FEMENINO,VENADO TUERTO,RENOVACIÓN,B.2,15/may/2025,15/may/2025,15/may/2028,VIGENTE
FEMENINO,VENADO TUERTO,RENOVACIÓN,A.2.1,15/may/2025,15/may/2025,15/may/2030,VIGENTE
FEMENINO,VENADO TUERTO,RENOVACIÓN,B.2,15/may/2025,15/may/2025,15/may/2028,VIGENTE
MASCULINO,VENADO TUERTO,RENOVACIÓN,B.1,15/may/2025,15/may/2025,15/may/2030,VIGENTE
MASCULINO,VENADO TUERTO,RENOVACIÓN CON AMPLIACIÓN,"A.2.2, D.3, E.1, E.2, G.1",15/may/2025,15/may/2025,15/may/2027,VIGENTE
FEMENINO,VENADO TUERTO,RENOVACIÓN,B.2,15/may/2025,15/may/2025,15/may/2026,VIGENTE
MASCULINO,VENADO TUERTO,RENOVACIÓN,"A.2.1, B.2",15/may/2025,15/may/2025,15/may/2030,VIGENTE
FEMENINO,VENADO TUERTO,RENOVACIÓN,B.2,15/may/2025,15/may/2025,15/may/2026,VIGENTE
MASCULINO,VENADO TUERTO,RENOVACIÓN,B.2,15/may/2025,15/may/2025,15/may/2026,VIGENTE
FEMENINO,VENADO TUERTO,RENOVACIÓN,A.2.1,15/may/2025,15/may/2025,15/may/2030,VIGENTE
MASCULINO,VENADO TUERTO,RENOVACIÓN,B.2,15/may/2025,15/may/2025,15/may/2026,VIGENTE
MASCULINO,VENADO TUERTO,RENOVACIÓN,B.2,15/may/2025,15/may/2025,15/may/2028,VIGENTE
MASCULINO,VENADO TUERTO,ORIGINAL,A.2.1,19/may/2025,23/abr/2025,19/may/2030,VIGENTE
FEMENINO,VENADO TUERTO,ORIGINAL,A.2.1,19/may/2025,5/may/2025,19/may/2030,VIGENTE
MASCULINO,VENADO TUERTO,ORIGINAL,"A.2.1, B.1",19/may/2025,7/may/2025,19/may/2030,VIGENTE
MASCULINO,VENADO TUERTO,RENOVACIÓN,"A.2.1, B.1",19/may/2025,7/may/2025,19/may/2030,VIGENTE
MASCULINO,VENADO TUERTO,RENOVACIÓN CON AMPLIACIÓN,"A.2.2, B.2, G.1, G.2",19/may/2025,12/may/2025,19/may/2030,VIGENTE
MASCULINO,VENADO TUERTO,ORIGINAL,A.2.1,19/may/2025,13/may/2025,19/may/2030,VIGENTE
MASCULINO,VENADO TUERTO,ORIGINAL,"A.2.2, B.2",19/may/2025,14/may/2025,19/may/2030,VIGENTE
MASCULINO,VENADO TUERTO,ORIGINAL,A.2.1,19/may/2025,15/may/2025,19/may/2026,VIGENTE
FEMENINO,VENADO TUERTO,ORIGINAL,A.2.1,19/may/2025,15/may/2025,19/may/2030,VIGENTE
MASCULINO,VENADO TUERTO,RENOVACIÓN,B.2,19/may/2025,15/may/2025,19/may/2026,VIGENTE
FEMENINO,VENADO TUERTO,RENOVACIÓN,B.2,19/may/2025,15/may/2025,19/may/2026,VIGENTE
MASCULINO,VENADO TUERTO,RENOVACIÓN,B.2,19/may/2025,15/may/2025,19/may/2026,VIGENTE
MASCULINO,VENADO TUERTO,RENOVACIÓN,B.2,19/may/2025,19/may/2025,19/may/2026,VIGENTE
MASCULINO,VENADO TUERTO,RENOVACIÓN,"A.2.1, B.2, G.1",19/may/2025,19/may/2025,19/may/2030,VIGENTE
MASCULINO,VENADO TUERTO,RENOVACIÓN,"A.2.1, B.1",19/may/2025,19/may/2025,19/may/2030,VIGENTE
MASCULINO,VENADO TUERTO,RENOVACIÓN,B.2,19/may/2025,19/may/2025,19/may/2026,VIGENTE
MASCULINO,VENADO TUERTO,RENOVACIÓN,B.2,19/may/2025,19/may/2025,19/may/2026,VIGENTE
MASCULINO,VENADO TUERTO,ORIGINAL,A.2.1,19/may/2025,19/may/2025,19/may/2026,VIGENTE
FEMENINO,VENADO TUERTO,RENOVACIÓN CON AMPLIACIÓN,"A.2.1, B.1",19/may/2025,19/may/2025,19/may/2030,VIGENTE
MASCULINO,VENADO TUERTO,RENOVACIÓN,"E.1, E.2",19/may/2025,19/may/2025,19/may/2027,VIGENTE
MASCULINO,VENADO TUERTO,RENOVACIÓN,E.1,19/may/2025,19/may/2025,19/may/2026,VIGENTE
MASCULINO,VENADO TUERTO,RENOVACIÓN CON AMPLIACIÓN,"A.3, B.1, D.3",19/may/2025,19/may/2025,19/may/2027,VIGENTE
FEMENINO,VENADO TUERTO,RENOVACIÓN,B.1,19/may/2025,19/may/2025,19/may/2030,VIGENTE
MASCULINO,VENADO TUERTO,RENOVACIÓN,"A.3, E.1",19/may/2025,19/may/2025,19/may/2026,VIGENTE
MASCULINO,VENADO TUERTO,RENOVACIÓN,E.1,19/may/2025,19/may/2025,19/may/2026,VIGENTE
MASCULINO,VENADO TUERTO,RENOVACIÓN CON AMPLIACIÓN,"A.2.1, E.1, E.2, G.1, G.2",19/may/2025,19/may/2025,19/may/2027,VIGENTE
FEMENINO,VENADO TUERTO,RENOVACIÓN,B.1,19/may/2025,19/may/2025,19/may/2030,VIGENTE
MASCULINO,VENADO TUERTO,RENOVACIÓN,A.2.1,19/may/2025,19/may/2025,19/may/2028,VIGENTE
MASCULINO,VENADO TUERTO,RENOVACIÓN,"A.2.2, E.1, G.1, G.2",19/may/2025,19/may/2025,19/may/2026,VIGENTE
FEMENINO,VENADO TUERTO,RENOVACIÓN,B.2,19/may/2025,19/may/2025,19/may/2028,VIGENTE
MASCULINO,VENADO TUERTO,RENOVACIÓN,B.2,19/may/2025,19/may/2025,19/may/2026,VIGENTE
FEMENINO,VENADO TUERTO,RENOVACIÓN,"A.2.1, B.1",19/may/2025,19/may/2025,19/may/2028,VIGENTE
MASCULINO,VENADO TUERTO,RENOVACIÓN,B.2,19/may/2025,19/may/2025,19/may/2026,VIGENTE
MASCULINO,VENADO TUERTO,RENOVACIÓN,"A.2.1, E.1",19/may/2025,19/may/2025,19/may/2027,VIGENTE
FEMENINO,VENADO TUERTO,ORIGINAL,A.2.1,19/may/2025,19/may/2025,19/may/2030,VIGENTE
MASCULINO,VENADO TUERTO,RENOVACIÓN,"D.1, E.1",19/may/2025,19/may/2025,19/may/2026,VIGENTE
MASCULINO,VENADO TUERTO,RENOVACIÓN,"A.2.2, B.2",19/may/2025,19/may/2025,19/may/2030,VIGENTE
MASCULINO,VENADO TUERTO,RENOVACIÓN,"A.3, E.1",19/may/2025,19/may/2025,19/may/2026,VIGENTE
MASCULINO,VENADO TUERTO,RENOVACIÓN,"A.2.1, E.1",19/may/2025,19/may/2025,19/may/2026,VIGENTE
FEMENINO,VENADO TUERTO,RENOVACIÓN,B.2,19/may/2025,19/may/2025,19/may/2026,VIGENTE
MASCULINO,VENADO TUERTO,RENOVACIÓN,B.2,19/may/2025,19/may/2025,19/may/2026,VIGENTE
MASCULINO,VENADO TUERTO,RENOVACIÓN,B.1,19/may/2025,19/may/2025,19/may/2028,VIGENTE
MASCULINO,VENADO TUERTO,RENOVACIÓN,B.2,19/may/2025,19/may/2025,19/may/2026,VIGENTE
FEMENINO,VENADO TUERTO,RENOVACIÓN,A.2.1,19/may/2025,19/may/2025,19/may/2030,VIGENTE
FEMENINO,VENADO TUERTO,RENOVACIÓN,B.2,19/may/2025,19/may/2025,19/may/2030,VIGENTE
FEMENINO,VENADO TUERTO,RENOVACIÓN,"A.2.1, B.1",19/may/2025,19/may/2025,19/may/2030,VIGENTE
MASCULINO,VENADO TUERTO,RENOVACIÓN,B.2,19/may/2025,19/may/2025,19/may/2026,VIGENTE
FEMENINO,VENADO TUERTO,RENOVACIÓN,"A.2.1, B.1",19/may/2025,19/may/2025,19/may/2030,VIGENTE
FEMENINO,VENADO TUERTO,RENOVACIÓN,B.2,19/may/2025,19/may/2025,19/may/2026,VIGENTE
MASCULINO,VENADO TUERTO,ORIGINAL,A.2.1,19/may/2025,19/may/2025,19/may/2026,VIGENTE
MASCULINO,VENADO TUERTO,RENOVACIÓN,"B.2, G.2",19/may/2025,19/may/2025,19/may/2030,VIGENTE
FEMENINO,VENADO TUERTO,RENOVACIÓN,B.1,19/may/2025,19/may/2025,19/may/2030,VIGENTE
MASCULINO,VENADO TUERTO,RENOVACIÓN,B.1,19/may/2025,19/may/2025,19/may/2026,VIGENTE
MASCULINO,VENADO TUERTO,RENOVACIÓN,"A.2.1, E.1",19/may/2025,19/may/2025,19/may/2026,VIGENTE
FEMENINO,VENADO TUERTO,ORIGINAL,A.2.1,20/may/2025,6/may/2025,20/may/2030,VIGENTE
FEMENINO,VENADO TUERTO,ORIGINAL,A.2.1,20/may/2025,7/may/2025,20/may/2026,VIGENTE
MASCULINO,VENADO TUERTO,RENOVACIÓN CON AMPLIACIÓN,"A.2.2, B.2",20/may/2025,7/may/2025,20/may/2030,VIGENTE
MASCULINO,VENADO TUERTO,ORIGINAL,A.2.1,20/may/2025,7/may/2025,20/may/2030,VIGENTE
FEMENINO,VENADO TUERTO,ORIGINAL,A.2.1,20/may/2025,9/may/2025,20/may/2030,VIGENTE
FEMENINO,VENADO TUERTO,ORIGINAL,A.2.1,20/may/2025,14/may/2025,20/may/2030,VIGENTE
MASCULINO,VENADO TUERTO,RENOVACIÓN,A.2.1,20/may/2025,15/may/2025,20/may/2030,VIGENTE
MASCULINO,VENADO TUERTO,ORIGINAL,A.2.1,20/may/2025,19/may/2025,20/may/2030,VIGENTE
FEMENINO,VENADO TUERTO,RENOVACIÓN,"A.2.1, B.2",20/may/2025,20/may/2025,20/may/2030,VIGENTE
MASCULINO,VENADO TUERTO,RENOVACIÓN,A.2.1,20/may/2025,20/may/2025,20/may/2030,VIGENTE
MASCULINO,VENADO TUERTO,RENOVACIÓN,B.2,20/may/2025,20/may/2025,20/may/2026,VIGENTE
FEMENINO,VENADO TUERTO,RENOVACIÓN,"A.2.1, B.1",20/may/2025,20/may/2025,20/may/2030,VIGENTE
FEMENINO,VENADO TUERTO,RENOVACIÓN,B.2,20/may/2025,20/may/2025,20/may/2026,VIGENTE
FEMENINO,VENADO TUERTO,RENOVACIÓN,B.2,20/may/2025,20/may/2025,20/may/2028,VIGENTE
FEMENINO,VENADO TUERTO,RENOVACIÓN,B.2,20/may/2025,20/may/2025,20/may/2026,VIGENTE
MASCULINO,VENADO TUERTO,ORIGINAL,B.1,20/may/2025,20/may/2025,20/may/2026,VIGENTE
FEMENINO,VENADO TUERTO,RENOVACIÓN,"A.2.1, B.2",20/may/2025,20/may/2025,20/may/2030,VIGENTE
FEMENINO,VENADO TUERTO,RENOVACIÓN CON AMPLIACIÓN,"A.2.1, B.1",20/may/2025,20/may/2025,20/may/2030,VIGENTE
MASCULINO,VENADO TUERTO,RENOVACIÓN,"A.3, D.1, E.1",20/may/2025,20/may/2025,20/may/2026,VIGENTE
FEMENINO,VENADO TUERTO,RENOVACIÓN,A.2.1,20/may/2025,20/may/2025,20/may/2030,VIGENTE
MASCULINO,VENADO TUERTO,RENOVACIÓN,"A.2.1, B.1",20/may/2025,20/may/2025,20/may/2030,VIGENTE
MASCULINO,VENADO TUERTO,RENOVACIÓN,D.1,20/may/2025,20/may/2025,20/may/2026,VIGENTE
MASCULINO,VENADO TUERTO,RENOVACIÓN,B.2,20/may/2025,20/may/2025,20/may/2028,VIGENTE
MASCULINO,VENADO TUERTO,RENOVACIÓN CON AMPLIACIÓN,"A.2.1, B.2, D.1",20/may/2025,20/may/2025,20/may/2027,VIGENTE
FEMENINO,VENADO TUERTO,RENOVACIÓN,B.1,20/may/2025,20/may/2025,20/may/2030,VIGENTE
MASCULINO,VENADO TUERTO,RENOVACIÓN,B.1,20/may/2025,20/may/2025,20/may/2026,VIGENTE
MASCULINO,VENADO TUERTO,RENOVACIÓN,E.1,20/may/2025,20/may/2025,20/may/2027,VIGENTE
MASCULINO,VENADO TUERTO,RENOVACIÓN,E.1,20/may/2025,20/may/2025,20/may/2027,VIGENTE
FEMENINO,VENADO TUERTO,RENOVACIÓN,B.2,20/may/2025,20/may/2025,20/may/2030,VIGENTE
FEMENINO,VENADO TUERTO,RENOVACIÓN,A.2.1,20/may/2025,20/may/2025,20/may/2030,VIGENTE
MASCULINO,VENADO TUERTO,RENOVACIÓN,"A.3, D.1, E.1",20/may/2025,20/may/2025,20/may/2027,VIGENTE
MASCULINO,VENADO TUERTO,RENOVACIÓN,"A.2.1, E.1",20/may/2025,20/may/2025,20/may/2026,VIGENTE
MASCULINO,VENADO TUERTO,RENOVACIÓN,C,20/may/2025,20/may/2025,20/may/2026,VIGENTE
MASCULINO,VENADO TUERTO,RENOVACIÓN,E.1,20/may/2025,20/may/2025,20/may/2026,VIGENTE
FEMENINO,VENADO TUERTO,RENOVACIÓN,B.2,20/may/2025,20/may/2025,20/may/2026,VIGENTE
MASCULINO,VENADO TUERTO,RENOVACIÓN,B.2,20/may/2025,20/may/2025,20/may/2030,VIGENTE
FEMENINO,VENADO TUERTO,RENOVACIÓN,B.2,20/may/2025,20/may/2025,20/may/2026,VIGENTE
MASCULINO,VENADO TUERTO,RENOVACIÓN,B.2,20/may/2025,20/may/2025,20/may/2026,VIGENTE
FEMENINO,VENADO TUERTO,RENOVACIÓN,B.2,20/may/2025,20/may/2025,20/may/2026,VIGENTE
MASCULINO,VENADO TUERTO,RENOVACIÓN,"E.1, E.2",20/may/2025,20/may/2025,20/may/2026,VIGENTE
MASCULINO,VENADO TUERTO,RENOVACIÓN,B.1,20/may/2025,20/may/2025,20/may/2026,VIGENTE
MASCULINO,VENADO TUERTO,RENOVACIÓN,"A.2.1, B.2",20/may/2025,20/may/2025,20/may/2030,VIGENTE
FEMENINO,VENADO TUERTO,RENOVACIÓN,"A.2.1, B.2",20/may/2025,20/may/2025,20/may/2030,VIGENTE
FEMENINO,VENADO TUERTO,RENOVACIÓN,A.2.1,20/may/2025,20/may/2025,20/may/2028,VIGENTE
MASCULINO,VENADO TUERTO,RENOVACIÓN,B.1,20/may/2025,20/may/2025,20/may/2030,VIGENTE
MASCULINO,VENADO TUERTO,RENOVACIÓN,"A.2.1, B.2",20/may/2025,20/may/2025,20/may/2026,VIGENTE
MASCULINO,VENADO TUERTO,RENOVACIÓN CON AMPLIACIÓN,"A.2.1, B.1",20/may/2025,20/may/2025,20/may/2028,VIGENTE
MASCULINO,SAN EDUARDO,ORIGINAL,A.2.1,20/may/2025,20/may/2025,20/may/2030,VIGENTE
MASCULINO,VENADO TUERTO,RENOVACIÓN,B.2,20/may/2025,20/may/2025,20/may/2026,VIGENTE
MASCULINO,VENADO TUERTO,ORIGINAL,A.2.1,21/may/2025,28/mar/2025,21/may/2026,VIGENTE
FEMENINO,VENADO TUERTO,ORIGINAL,A.2.1,21/may/2025,22/abr/2025,21/may/2026,VIGENTE
FEMENINO,VENADO TUERTO,ORIGINAL,A.2.1,21/may/2025,25/abr/2025,21/may/2030,VIGENTE
FEMENINO,VENADO TUERTO,RENOVACIÓN,A.2.1,21/may/2025,29/abr/2025,21/may/2026,VIGENTE
MASCULINO,VENADO TUERTO,RENOVACIÓN CON AMPLIACIÓN,"A.3, B.1",21/may/2025,6/may/2025,21/may/2030,VIGENTE
FEMENINO,VENADO TUERTO,RENOVACIÓN CON AMPLIACIÓN,"A.2.1, B.1",21/may/2025,9/may/2025,21/may/2030,VIGENTE
MASCULINO,VENADO TUERTO,ORIGINAL,A.2.1,21/may/2025,19/may/2025,21/may/2030,VIGENTE
MASCULINO,VENADO TUERTO,RENOVACIÓN,"A.3, E.1",21/may/2025,20/may/2025,21/may/2027,VIGENTE
FEMENINO,VENADO TUERTO,ORIGINAL,A.2.1,21/may/2025,21/may/2025,21/may/2030,VIGENTE
MASCULINO,VENADO TUERTO,RENOVACIÓN CON AMPLIACIÓN,"A.2.2, B.1",21/may/2025,21/may/2025,21/may/2030,VIGENTE
MASCULINO,SAN EDUARDO,RENOVACIÓN,B.2,21/may/2025,21/may/2025,21/may/2026,VIGENTE
MASCULINO,VENADO TUERTO,RENOVACIÓN CON AMPLIACIÓN,"A.2.2, B.2",21/may/2025,21/may/2025,21/may/2030,VIGENTE
MASCULINO,VENADO TUERTO,RENOVACIÓN CON AMPLIACIÓN,"A.2.1, B.2, G.1, G.2",21/may/2025,21/may/2025,21/may/2030,VIGENTE
FEMENINO,VENADO TUERTO,RENOVACIÓN,"A.2.1, B.2",21/may/2025,21/may/2025,21/may/2030,VIGENTE
FEMENINO,VENADO TUERTO,RENOVACIÓN,"A.2.1, B.2",21/may/2025,21/may/2025,21/may/2030,VIGENTE
FEMENINO,VENADO TUERTO,RENOVACIÓN,"A.2.1, B.1",21/may/2025,21/may/2025,21/may/2030,VIGENTE
MASCULINO,VENADO TUERTO,ORIGINAL,B.2,21/may/2025,21/may/2025,21/may/2030,VIGENTE
MASCULINO,VENADO TUERTO,RENOVACIÓN,B.2,21/may/2025,21/may/2025,21/may/2030,VIGENTE
MASCULINO,VENADO TUERTO,RENOVACIÓN,"A.2.1, B.2",21/may/2025,21/may/2025,21/may/2026,VIGENTE
MASCULINO,VENADO TUERTO,RENOVACIÓN,"A.2.1, D.3, E.1",21/may/2025,21/may/2025,21/may/2026,VIGENTE
MASCULINO,VENADO TUERTO,RENOVACIÓN CON AMPLIACIÓN,"A.2.1, B.2",21/may/2025,21/may/2025,21/may/2030,VIGENTE
FEMENINO,VENADO TUERTO,RENOVACIÓN,"A.2.1, B.2",21/may/2025,21/may/2025,21/may/2030,VIGENTE
FEMENINO,VENADO TUERTO,RENOVACIÓN,E.1,21/may/2025,21/may/2025,21/may/2027,VIGENTE
FEMENINO,VENADO TUERTO,RENOVACIÓN,"A.2.1, B.2",21/may/2025,21/may/2025,21/may/2030,VIGENTE
MASCULINO,VENADO TUERTO,RENOVACIÓN,B.2,21/may/2025,21/may/2025,21/may/2026,VIGENTE
MASCULINO,VENADO TUERTO,RENOVACIÓN,"A.2.1, B.2",21/may/2025,21/may/2025,21/may/2028,VIGENTE
MASCULINO,VENADO TUERTO,RENOVACIÓN,"A.2.1, B.2, D.1",21/may/2025,21/may/2025,21/may/2026,VIGENTE
MASCULINO,VENADO TUERTO,RENOVACIÓN CON AMPLIACIÓN,"A.2.1, B.1",21/may/2025,21/may/2025,21/may/2030,VIGENTE
FEMENINO,VENADO TUERTO,RENOVACIÓN CON AMPLIACIÓN,"A.2.1, B.1",21/may/2025,21/may/2025,21/may/2030,VIGENTE
FEMENINO,VENADO TUERTO,RENOVACIÓN,B.2,21/may/2025,21/may/2025,21/may/2026,VIGENTE
MASCULINO,VENADO TUERTO,RENOVACIÓN,"A.2.1, B.2",21/may/2025,21/may/2025,21/may/2026,VIGENTE
MASCULINO,VENADO TUERTO,RENOVACIÓN,A.2.1,21/may/2025,21/may/2025,21/may/2026,VIGENTE
MASCULINO,VENADO TUERTO,RENOVACIÓN CON AMPLIACIÓN,"A.2.2, B.2",21/may/2025,21/may/2025,21/may/2030,VIGENTE
MASCULINO,VENADO TUERTO,ORIGINAL,A.2.1,21/may/2025,21/may/2025,21/may/2030,VIGENTE
MASCULINO,VENADO TUERTO,RENOVACIÓN,"A.2.1, D.1",21/may/2025,21/may/2025,21/may/2027,VIGENTE
MASCULINO,VENADO TUERTO,RENOVACIÓN,B.1,21/may/2025,21/may/2025,21/may/2030,VIGENTE
MASCULINO,VENADO TUERTO,RENOVACIÓN,D.1,21/may/2025,21/may/2025,21/may/2026,VIGENTE
FEMENINO,VENADO TUERTO,RENOVACIÓN CON AMPLIACIÓN,"A.2.1, B.1",21/may/2025,21/may/2025,21/may/2030,VIGENTE
MASCULINO,VENADO TUERTO,RENOVACIÓN,B.2,21/may/2025,21/may/2025,21/may/2028,VIGENTE
FEMENINO,VENADO TUERTO,RENOVACIÓN,B.2,21/may/2025,21/may/2025,21/may/2026,VIGENTE
MASCULINO,VENADO TUERTO,RENOVACIÓN,B.2,21/may/2025,21/may/2025,21/may/2028,VIGENTE
FEMENINO,VENADO TUERTO,RENOVACIÓN,B.1,21/may/2025,21/may/2025,21/may/2030,VIGENTE
MASCULINO,VENADO TUERTO,RENOVACIÓN,"A.2.1, B.1",21/may/2025,21/may/2025,21/may/2028,VIGENTE
FEMENINO,VENADO TUERTO,RENOVACIÓN,"A.2.1, B.2",21/may/2025,21/may/2025,21/may/2030,VIGENTE
MASCULINO,VENADO TUERTO,RENOVACIÓN,B.2,21/may/2025,21/may/2025,21/may/2026,VIGENTE
MASCULINO,VENADO TUERTO,DUPLICADO,"A.3, E.1",21/may/2025,21/may/2025,22/jul/2026,VIGENTE
MASCULINO,VENADO TUERTO,ORIGINAL,A.2.1,21/may/2025,21/may/2025,21/may/2030,VIGENTE
FEMENINO,VENADO TUERTO,RENOVACIÓN,"A.2.1, B.1",22/may/2025,21/ene/2025,22/may/2030,VIGENTE
FEMENINO,VENADO TUERTO,RENOVACIÓN,"A.2.1, B.1",22/may/2025,6/mar/2025,22/may/2030,VIGENTE
MASCULINO,VENADO TUERTO,ORIGINAL,B.1,22/may/2025,6/may/2025,22/may/2030,VIGENTE
MASCULINO,VENADO TUERTO,ORIGINAL,"A.2.1, B.1",22/may/2025,9/may/2025,22/may/2026,VIGENTE
FEMENINO,VENADO TUERTO,RENOVACIÓN CON AMPLIACIÓN,B.2,22/may/2025,9/may/2025,22/may/2030,VIGENTE
FEMENINO,VENADO TUERTO,ORIGINAL,A.2.1,22/may/2025,12/may/2025,22/may/2030,VIGENTE
MASCULINO,VENADO TUERTO,ORIGINAL,A.2.1,22/may/2025,15/may/2025,22/may/2030,VIGENTE
MASCULINO,VENADO TUERTO,RENOVACIÓN,"A.2.1, B.2",22/may/2025,20/may/2025,22/may/2030,VIGENTE
FEMENINO,VENADO TUERTO,RENOVACIÓN,A.2.1,22/may/2025,21/may/2025,22/may/2028,VIGENTE
MASCULINO,VENADO TUERTO,RENOVACIÓN,"A.2.1, B.1",22/may/2025,21/may/2025,22/may/2030,VIGENTE
FEMENINO,VENADO TUERTO,RENOVACIÓN,A.2.1,22/may/2025,21/may/2025,22/may/2030,VIGENTE
FEMENINO,VENADO TUERTO,RENOVACIÓN,B.2,22/may/2025,21/may/2025,22/may/2028,VIGENTE
MASCULINO,VENADO TUERTO,RENOVACIÓN,B.2,22/may/2025,22/may/2025,22/may/2028,VIGENTE
FEMENINO,VENADO TUERTO,RENOVACIÓN,"B.2, D.1",22/may/2025,22/may/2025,22/may/2026,VIGENTE
FEMENINO,VENADO TUERTO,ORIGINAL,A.2.1,22/may/2025,22/may/2025,22/may/2026,VIGENTE
FEMENINO,VENADO TUERTO,RENOVACIÓN,"A.2.1, B.2",22/may/2025,22/may/2025,22/may/2030,VIGENTE
MASCULINO,SAN EDUARDO,RENOVACIÓN,"A.2.1, B.1",22/may/2025,22/may/2025,22/may/2030,VIGENTE
MASCULINO,VENADO TUERTO,ORIGINAL,"A.2.1, B.1",22/may/2025,22/may/2025,22/may/2030,VIGENTE
FEMENINO,VENADO TUERTO,ORIGINAL,A.2.1,22/may/2025,22/may/2025,22/may/2030,VIGENTE
FEMENINO,VENADO TUERTO,RENOVACIÓN,"A.2.1, D.1",22/may/2025,22/may/2025,22/may/2027,VIGENTE
MASCULINO,VENADO TUERTO,RENOVACIÓN,B.2,22/may/2025,22/may/2025,22/may/2026,VIGENTE
FEMENINO,VENADO TUERTO,RENOVACIÓN,B.2,22/may/2025,22/may/2025,22/may/2026,VIGENTE
MASCULINO,VENADO TUERTO,RENOVACIÓN,"A.2.1, B.2",22/may/2025,22/may/2025,22/may/2030,VIGENTE
FEMENINO,VENADO TUERTO,ORIGINAL,B.2,22/may/2025,22/may/2025,22/may/2026,VIGENTE
MASCULINO,VENADO TUERTO,RENOVACIÓN,"A.2.1, B.2",22/may/2025,22/may/2025,22/may/2030,VIGENTE
FEMENINO,VENADO TUERTO,RENOVACIÓN,"A.2.1, B.2",22/may/2025,22/may/2025,22/may/2030,VIGENTE
FEMENINO,VENADO TUERTO,RENOVACIÓN,"A.3, B.2",22/may/2025,22/may/2025,22/may/2030,VIGENTE
FEMENINO,VENADO TUERTO,RENOVACIÓN,"A.2.1, B.2",22/may/2025,22/may/2025,22/may/2030,VIGENTE
MASCULINO,VENADO TUERTO,RENOVACIÓN,B.2,22/may/2025,22/may/2025,22/may/2026,VIGENTE
MASCULINO,VENADO TUERTO,RENOVACIÓN,B.2,22/may/2025,22/may/2025,22/may/2030,VIGENTE
MASCULINO,VENADO TUERTO,RENOVACIÓN,B.2,22/may/2025,22/may/2025,22/may/2026,VIGENTE
FEMENINO,VENADO TUERTO,RENOVACIÓN,B.2,22/may/2025,22/may/2025,22/may/2026,VIGENTE
FEMENINO,VENADO TUERTO,RENOVACIÓN,B.2,22/may/2025,22/may/2025,22/may/2026,VIGENTE
FEMENINO,VENADO TUERTO,RENOVACIÓN,"A.3, B.2, D.1, D.3",22/may/2025,22/may/2025,22/may/2027,VIGENTE
MASCULINO,VENADO TUERTO,RENOVACIÓN,"A.2.1, B.2, G.1, G.2",22/may/2025,22/may/2025,22/may/2030,VIGENTE
MASCULINO,VENADO TUERTO,RENOVACIÓN,A.2.1,22/may/2025,22/may/2025,22/may/2028,VIGENTE
MASCULINO,VENADO TUERTO,RENOVACIÓN,B.2,22/may/2025,22/may/2025,22/may/2026,VIGENTE
MASCULINO,VENADO TUERTO,RENOVACIÓN,B.1,22/may/2025,22/may/2025,22/may/2030,VIGENTE
MASCULINO,VENADO TUERTO,RENOVACIÓN,B.2,22/may/2025,22/may/2025,22/may/2026,VIGENTE
FEMENINO,VENADO TUERTO,ORIGINAL,A.2.1,23/may/2025,9/oct/2024,23/may/2026,VIGENTE
MASCULINO,VENADO TUERTO,RENOVACIÓN CON AMPLIACIÓN,"A.3, B.2",23/may/2025,30/abr/2025,23/may/2030,VIGENTE
MASCULINO,VENADO TUERTO,RENOVACIÓN CON AMPLIACIÓN,"A.2.1, B.2",23/may/2025,30/abr/2025,23/may/2030,VIGENTE
MASCULINO,VENADO TUERTO,RENOVACIÓN CON AMPLIACIÓN,"A.2.1, B.1",23/may/2025,5/may/2025,23/may/2030,VIGENTE
FEMENINO,VENADO TUERTO,ORIGINAL,"A.2.1, B.1",23/may/2025,8/may/2025,23/may/2026,VIGENTE
FEMENINO,VENADO TUERTO,ORIGINAL,"A.2.1, B.2",23/may/2025,9/may/2025,23/may/2030,VIGENTE
FEMENINO,VENADO TUERTO,ORIGINAL,A.2.1,23/may/2025,9/may/2025,23/may/2026,VIGENTE
MASCULINO,VENADO TUERTO,ORIGINAL,A.2.1,23/may/2025,12/may/2025,23/may/2026,VIGENTE
FEMENINO,VENADO TUERTO,ORIGINAL,B.1,23/may/2025,20/may/2025,23/may/2026,VIGENTE
FEMENINO,VENADO TUERTO,ORIGINAL,A.2.1,23/may/2025,22/may/2025,23/may/2026,VIGENTE
MASCULINO,VENADO TUERTO,ORIGINAL,A.2.1,23/may/2025,22/may/2025,23/may/2030,VIGENTE
MASCULINO,VENADO TUERTO,RENOVACIÓN CON AMPLIACIÓN,"A.2.1, B.2",23/may/2025,22/may/2025,23/may/2028,VIGENTE
MASCULINO,VENADO TUERTO,ORIGINAL,A.2.1,23/may/2025,22/may/2025,23/may/2026,VIGENTE
FEMENINO,VENADO TUERTO,RENOVACIÓN,D.1,23/may/2025,23/may/2025,23/may/2026,VIGENTE
MASCULINO,VENADO TUERTO,RENOVACIÓN,"A.2.2, B.2",23/may/2025,23/may/2025,23/may/2028,VIGENTE
FEMENINO,VENADO TUERTO,RENOVACIÓN,B.1,23/may/2025,23/may/2025,23/may/2030,VIGENTE
MASCULINO,VENADO TUERTO,RENOVACIÓN,"A.3, E.1",23/may/2025,23/may/2025,23/mar/2026,VIGENTE
MASCULINO,VENADO TUERTO,RENOVACIÓN,B.2,23/may/2025,23/may/2025,23/may/2026,VIGENTE
MASCULINO,SAN EDUARDO,RENOVACIÓN CON AMPLIACIÓN,"A.2.2, B.2, G.1, G.2",23/may/2025,23/may/2025,23/may/2030,VIGENTE
MASCULINO,VENADO TUERTO,RENOVACIÓN,"A.2.2, B.2",23/may/2025,23/may/2025,23/may/2030,VIGENTE
MASCULINO,VENADO TUERTO,RENOVACIÓN,"A.2.1, B.2",23/may/2025,23/may/2025,23/may/2026,VIGENTE
FEMENINO,VENADO TUERTO,RENOVACIÓN,B.1,23/may/2025,23/may/2025,23/may/2030,VIGENTE
FEMENINO,VENADO TUERTO,ORIGINAL,B.1,23/may/2025,23/may/2025,23/may/2030,VIGENTE
FEMENINO,VENADO TUERTO,RENOVACIÓN,B.1,23/may/2025,23/may/2025,23/may/2028,VIGENTE
FEMENINO,VENADO TUERTO,RENOVACIÓN,B.2,23/may/2025,23/may/2025,23/may/2026,VIGENTE
FEMENINO,VENADO TUERTO,RENOVACIÓN,B.2,23/may/2025,23/may/2025,23/may/2030,VIGENTE
FEMENINO,VENADO TUERTO,RENOVACIÓN,"A.2.1, B.1",23/may/2025,23/may/2025,23/may/2030,VIGENTE
MASCULINO,VENADO TUERTO,ORIGINAL,A.2.1,23/may/2025,23/may/2025,23/may/2030,VIGENTE
MASCULINO,VENADO TUERTO,RENOVACIÓN,"A.2.1, B.2",23/may/2025,23/may/2025,23/may/2030,VIGENTE
MASCULINO,VENADO TUERTO,RENOVACIÓN,B.2,23/may/2025,23/may/2025,23/may/2026,VIGENTE
MASCULINO,VENADO TUERTO,DUPLICADO,"A.2.2, B.2",23/may/2025,23/may/2025,6/nov/2029,VIGENTE
MASCULINO,VENADO TUERTO,RENOVACIÓN CON AMPLIACIÓN,"A.2.2, B.2",23/may/2025,23/may/2025,23/may/2030,VIGENTE
FEMENINO,VENADO TUERTO,RENOVACIÓN,A.2.1,23/may/2025,23/may/2025,23/may/2030,VIGENTE
MASCULINO,VENADO TUERTO,ORIGINAL,"A.2.1, B.2, G.1",23/may/2025,23/may/2025,23/may/2030,VIGENTE
MASCULINO,VENADO TUERTO,RENOVACIÓN,"A.3, B.2",23/may/2025,23/may/2025,23/may/2030,VIGENTE
FEMENINO,VENADO TUERTO,ORIGINAL,A.2.1,23/may/2025,23/may/2025,23/may/2030,VIGENTE
MASCULINO,VENADO TUERTO,RENOVACIÓN,B.2,23/may/2025,23/may/2025,23/may/2026,VIGENTE
FEMENINO,VENADO TUERTO,RENOVACIÓN,A.2.1,23/may/2025,23/may/2025,23/may/2030,VIGENTE
MASCULINO,VENADO TUERTO,RENOVACIÓN,B.2,23/may/2025,23/may/2025,23/may/2028,VIGENTE
MASCULINO,VENADO TUERTO,RENOVACIÓN,B.1,23/may/2025,23/may/2025,23/may/2030,VIGENTE
FEMENINO,VENADO TUERTO,ORIGINAL,B.1,23/may/2025,23/may/2025,23/may/2026,VIGENTE
MASCULINO,VENADO TUERTO,RENOVACIÓN CON AMPLIACIÓN,B.2,23/may/2025,23/may/2025,23/may/2030,VIGENTE
FEMENINO,VENADO TUERTO,RENOVACIÓN,B.2,23/may/2025,23/may/2025,23/may/2030,VIGENTE
FEMENINO,VENADO TUERTO,RENOVACIÓN,"A.2.1, B.2",23/may/2025,23/may/2025,23/may/2030,VIGENTE
MASCULINO,VENADO TUERTO,RENOVACIÓN CON AMPLIACIÓN,"A.2.1, B.1",26/may/2025,28/abr/2025,26/may/2030,VIGENTE
MASCULINO,VENADO TUERTO,ORIGINAL,A.2.1,26/may/2025,8/may/2025,26/may/2026,VIGENTE
FEMENINO,VENADO TUERTO,ORIGINAL,B.1,26/may/2025,9/may/2025,26/may/2030,VIGENTE
FEMENINO,VENADO TUERTO,ORIGINAL,B.1,26/may/2025,13/may/2025,26/may/2030,VIGENTE
MASCULINO,VENADO TUERTO,ORIGINAL,"A.3, B.2, G.1, G.2",26/may/2025,14/may/2025,26/may/2030,VIGENTE
FEMENINO,VENADO TUERTO,ORIGINAL,B.1,26/may/2025,15/may/2025,26/may/2030,VIGENTE
MASCULINO,VENADO TUERTO,RENOVACIÓN CON AMPLIACIÓN,"A.2.2, E.1",26/may/2025,15/may/2025,26/may/2027,VIGENTE
MASCULINO,VENADO TUERTO,ORIGINAL,A.2.1,26/may/2025,23/may/2025,26/may/2030,VIGENTE
MASCULINO,VENADO TUERTO,RENOVACIÓN,"A.3, D.1, D.3",26/may/2025,26/may/2025,26/may/2027,VIGENTE
MASCULINO,VENADO TUERTO,RENOVACIÓN,B.1,26/may/2025,26/may/2025,26/may/2028,VIGENTE
FEMENINO,VENADO TUERTO,RENOVACIÓN,A.2.1,26/may/2025,26/may/2025,26/may/2030,VIGENTE
FEMENINO,VENADO TUERTO,RENOVACIÓN,B.1,26/may/2025,26/may/2025,26/may/2030,VIGENTE
MASCULINO,VENADO TUERTO,RENOVACIÓN,"A.2.1, B.2",26/may/2025,26/may/2025,26/may/2030,VIGENTE
MASCULINO,VENADO TUERTO,RENOVACIÓN,A.2.1,26/may/2025,26/may/2025,26/may/2030,VIGENTE
MASCULINO,VENADO TUERTO,RENOVACIÓN CON AMPLIACIÓN,"A.2.1, B.1",26/may/2025,26/may/2025,26/may/2028,VIGENTE
FEMENINO,VENADO TUERTO,RENOVACIÓN,B.1,26/may/2025,26/may/2025,26/may/2030,VIGENTE
MASCULINO,VENADO TUERTO,RENOVACIÓN,B.2,26/may/2025,26/may/2025,26/may/2026,VIGENTE
MASCULINO,VENADO TUERTO,RENOVACIÓN,"A.2.1, B.1",26/may/2025,26/may/2025,26/may/2028,VIGENTE
MASCULINO,VENADO TUERTO,RENOVACIÓN,"A.2.1, E.1",26/may/2025,26/may/2025,26/may/2026,VIGENTE
MASCULINO,VENADO TUERTO,RENOVACIÓN,B.2,26/may/2025,26/may/2025,26/may/2026,VIGENTE
MASCULINO,VENADO TUERTO,RENOVACIÓN,B.1,26/may/2025,26/may/2025,26/may/2026,VIGENTE
MASCULINO,VENADO TUERTO,RENOVACIÓN,B.2,26/may/2025,26/may/2025,26/may/2030,VIGENTE
MASCULINO,VENADO TUERTO,RENOVACIÓN,"A.3, B.2",26/may/2025,26/may/2025,26/may/2030,VIGENTE
MASCULINO,VENADO TUERTO,RENOVACIÓN,"A.2.1, B.2",26/may/2025,26/may/2025,26/may/2030,VIGENTE
FEMENINO,VENADO TUERTO,RENOVACIÓN,B.2,26/may/2025,26/may/2025,26/may/2030,VIGENTE
MASCULINO,VENADO TUERTO,RENOVACIÓN,"A.2.1, B.2",26/may/2025,26/may/2025,26/may/2030,VIGENTE
FEMENINO,VENADO TUERTO,RENOVACIÓN,"A.2.1, B.1",26/may/2025,26/may/2025,26/may/2030,VIGENTE
MASCULINO,VENADO TUERTO,RENOVACIÓN,B.2,26/may/2025,26/may/2025,26/may/2028,VIGENTE
MASCULINO,VENADO TUERTO,RENOVACIÓN,A.2.1,26/may/2025,26/may/2025,26/may/2030,VIGENTE
MASCULINO,VENADO TUERTO,RENOVACIÓN,B.2,26/may/2025,26/may/2025,26/may/2026,VIGENTE
MASCULINO,VENADO TUERTO,RENOVACIÓN,B.2,26/may/2025,26/may/2025,26/may/2026,VIGENTE
MASCULINO,VENADO TUERTO,RENOVACIÓN,B.2,26/may/2025,26/may/2025,26/may/2030,VIGENTE
MASCULINO,VENADO TUERTO,RENOVACIÓN,"A.3, E.1",26/may/2025,26/may/2025,26/ago/2025,VIGENTE
MASCULINO,VENADO TUERTO,RENOVACIÓN,A.2.1,26/may/2025,26/may/2025,26/may/2026,VIGENTE
MASCULINO,VENADO TUERTO,RENOVACIÓN,"A.2.1, B.1",26/may/2025,26/may/2025,26/may/2028,VIGENTE
MASCULINO,VENADO TUERTO,RENOVACIÓN,B.1,26/may/2025,26/may/2025,26/may/2030,VIGENTE
FEMENINO,VENADO TUERTO,RENOVACIÓN,B.1,26/may/2025,26/may/2025,26/may/2026,VIGENTE
FEMENINO,VENADO TUERTO,RENOVACIÓN,B.2,26/may/2025,26/may/2025,26/may/2030,VIGENTE
FEMENINO,VENADO TUERTO,RENOVACIÓN,"A.2.1, B.1",26/may/2025,26/may/2025,26/may/2030,VIGENTE
MASCULINO,VENADO TUERTO,RENOVACIÓN,"A.2.1, B.1",26/may/2025,26/may/2025,26/may/2028,VIGENTE
MASCULINO,VENADO TUERTO,RENOVACIÓN,"A.2.1, B.1",26/may/2025,26/may/2025,26/may/2030,VIGENTE
MASCULINO,VENADO TUERTO,RENOVACIÓN CON AMPLIACIÓN,"A.2.1, B.2, G.1",26/may/2025,26/may/2025,26/may/2030,VIGENTE
FEMENINO,VENADO TUERTO,RENOVACIÓN,B.2,26/may/2025,26/may/2025,26/may/2026,VIGENTE
FEMENINO,VENADO TUERTO,RENOVACIÓN,B.1,26/may/2025,26/may/2025,26/may/2028,VIGENTE
MASCULINO,VENADO TUERTO,RENOVACIÓN,"A.2.1, B.2, D.1",26/may/2025,26/may/2025,26/may/2026,VIGENTE
FEMENINO,VENADO TUERTO,ORIGINAL,A.2.1,27/may/2025,10/mar/2025,27/may/2026,VIGENTE
FEMENINO,VENADO TUERTO,ORIGINAL,A.2.1,27/may/2025,21/abr/2025,27/may/2030,VIGENTE
MASCULINO,VENADO TUERTO,ORIGINAL,A.2.1,27/may/2025,14/may/2025,27/may/2026,VIGENTE
FEMENINO,VENADO TUERTO,RENOVACIÓN CON AMPLIACIÓN,"A.2.1, B.2",27/may/2025,21/may/2025,27/may/2030,VIGENTE
FEMENINO,VENADO TUERTO,ORIGINAL,A.2.1,27/may/2025,23/may/2025,27/may/2030,VIGENTE
MASCULINO,VENADO TUERTO,ORIGINAL,A.2.1,27/may/2025,26/may/2025,27/may/2026,VIGENTE
FEMENINO,VENADO TUERTO,ORIGINAL,A.2.1,27/may/2025,26/may/2025,27/may/2030,VIGENTE
MASCULINO,VENADO TUERTO,RENOVACIÓN,"A.2.1, B.2",27/may/2025,27/may/2025,27/may/2030,VIGENTE
MASCULINO,VENADO TUERTO,RENOVACIÓN,B.2,27/may/2025,27/may/2025,27/may/2026,VIGENTE
MASCULINO,VENADO TUERTO,RENOVACIÓN,B.2,27/may/2025,27/may/2025,27/may/2026,VIGENTE
MASCULINO,VENADO TUERTO,RENOVACIÓN,B.2,27/may/2025,27/may/2025,27/may/2030,VIGENTE
FEMENINO,VENADO TUERTO,RENOVACIÓN,"A.2.1, B.2",27/may/2025,27/may/2025,27/may/2030,VIGENTE
FEMENINO,VENADO TUERTO,RENOVACIÓN,"A.2.1, B.1",27/may/2025,27/may/2025,27/may/2030,VIGENTE
MASCULINO,VENADO TUERTO,RENOVACIÓN,"A.3, B.2",27/may/2025,27/may/2025,27/may/2030,VIGENTE
MASCULINO,VENADO TUERTO,RENOVACIÓN,"A.2.1, B.1",27/may/2025,27/may/2025,27/may/2028,VIGENTE
FEMENINO,VENADO TUERTO,ORIGINAL,A.2.1,27/may/2025,27/may/2025,27/may/2030,VIGENTE
MASCULINO,VENADO TUERTO,RENOVACIÓN,"A.2.2, B.2",27/may/2025,27/may/2025,27/may/2030,VIGENTE
FEMENINO,VENADO TUERTO,RENOVACIÓN,B.2,27/may/2025,27/may/2025,27/may/2026,VIGENTE
FEMENINO,VENADO TUERTO,RENOVACIÓN,B.2,27/may/2025,27/may/2025,27/may/2026,VIGENTE
FEMENINO,VENADO TUERTO,RENOVACIÓN,"A.2.1, B.1",27/may/2025,27/may/2025,27/may/2030,VIGENTE
MASCULINO,VENADO TUERTO,RENOVACIÓN,B.2,27/may/2025,27/may/2025,27/may/2030,VIGENTE
FEMENINO,VENADO TUERTO,ORIGINAL,A.2.1,27/may/2025,27/may/2025,27/may/2030,VIGENTE
FEMENINO,VENADO TUERTO,ORIGINAL,"A.2.1, B.1",27/may/2025,27/may/2025,27/may/2030,VIGENTE
FEMENINO,VENADO TUERTO,RENOVACIÓN,A.2.1,27/may/2025,27/may/2025,27/may/2030,VIGENTE
FEMENINO,VENADO TUERTO,RENOVACIÓN,B.2,27/may/2025,27/may/2025,27/may/2026,VIGENTE
MASCULINO,VENADO TUERTO,RENOVACIÓN,"A.3, B.2",27/may/2025,27/may/2025,27/may/2030,VIGENTE
FEMENINO,VENADO TUERTO,RENOVACIÓN,B.2,27/may/2025,27/may/2025,27/may/2030,VIGENTE
MASCULINO,VENADO TUERTO,RENOVACIÓN,B.2,27/may/2025,27/may/2025,27/may/2026,VIGENTE
MASCULINO,VENADO TUERTO,RENOVACIÓN,B.2,27/may/2025,27/may/2025,27/may/2026,VIGENTE
FEMENINO,VENADO TUERTO,ORIGINAL,B.1,27/may/2025,27/may/2025,27/may/2030,VIGENTE
MASCULINO,VENADO TUERTO,RENOVACIÓN,B.1,27/may/2025,27/may/2025,27/may/2030,VIGENTE
MASCULINO,VENADO TUERTO,RENOVACIÓN,D.1,27/may/2025,27/may/2025,27/may/2026,VIGENTE
MASCULINO,VENADO TUERTO,RENOVACIÓN,"A.2.1, B.1",27/may/2025,27/may/2025,27/may/2028,VIGENTE
MASCULINO,VENADO TUERTO,RENOVACIÓN,"A.2.2, B.2, D.1",27/may/2025,27/may/2025,27/may/2027,VIGENTE
MASCULINO,VENADO TUERTO,RENOVACIÓN,"A.3, E.1, G.1",27/may/2025,27/may/2025,27/dic/2025,VIGENTE
MASCULINO,VENADO TUERTO,RENOVACIÓN,B.2,27/may/2025,27/may/2025,27/may/2030,VIGENTE
MASCULINO,VENADO TUERTO,RENOVACIÓN,"A.2.1, B.2",27/may/2025,27/may/2025,27/may/2030,VIGENTE
FEMENINO,VENADO TUERTO,ORIGINAL,A.2.1,27/may/2025,27/may/2025,27/may/2030,VIGENTE
FEMENINO,VENADO TUERTO,ORIGINAL,"A.2.1, B.2",27/may/2025,27/may/2025,27/may/2030,VIGENTE
MASCULINO,VENADO TUERTO,RENOVACIÓN,"B.2, D.1",27/may/2025,27/may/2025,27/may/2026,VIGENTE
MASCULINO,VENADO TUERTO,RENOVACIÓN,"A.2.1, B.2",27/may/2025,27/may/2025,27/may/2028,VIGENTE
MASCULINO,VENADO TUERTO,RENOVACIÓN,B.2,27/may/2025,27/may/2025,27/may/2026,VIGENTE
MASCULINO,VENADO TUERTO,RENOVACIÓN,B.1,27/may/2025,27/may/2025,27/may/2028,VIGENTE
MASCULINO,VENADO TUERTO,RENOVACIÓN,B.2,27/may/2025,27/may/2025,27/may/2026,VIGENTE
FEMENINO,VENADO TUERTO,ORIGINAL,A.2.1,27/may/2025,27/may/2025,27/may/2026,VIGENTE
MASCULINO,VENADO TUERTO,RENOVACIÓN CON AMPLIACIÓN,E.1,27/may/2025,27/may/2025,27/may/2027,VIGENTE
MASCULINO,VENADO TUERTO,RENOVACIÓN,"A.3, B.2",27/may/2025,27/may/2025,27/may/2030,VIGENTE
FEMENINO,VENADO TUERTO,RENOVACIÓN,B.2,27/may/2025,27/may/2025,27/may/2026,VIGENTE
MASCULINO,VENADO TUERTO,ORIGINAL,B.2,27/may/2025,27/may/2025,27/may/2030,VIGENTE
FEMENINO,VENADO TUERTO,RENOVACIÓN,"A.2.2, D.1",27/may/2025,27/may/2025,27/may/2027,VIGENTE
MASCULINO,VENADO TUERTO,RENOVACIÓN,B.2,27/may/2025,27/may/2025,27/may/2026,VIGENTE
FEMENINO,VENADO TUERTO,ORIGINAL,"A.2.1, B.1",28/may/2025,28/abr/2025,28/may/2026,VIGENTE
MASCULINO,VENADO TUERTO,RENOVACIÓN CON AMPLIACIÓN,"A.2.1, B.2",28/may/2025,15/may/2025,28/may/2030,VIGENTE
MASCULINO,VENADO TUERTO,RENOVACIÓN CON AMPLIACIÓN,"A.2.1, C",28/may/2025,15/may/2025,28/may/2027,VIGENTE
MASCULINO,VENADO TUERTO,RENOVACIÓN,"A.3, E.1, G.1, G.2",28/may/2025,22/may/2025,28/may/2026,VIGENTE
MASCULINO,VENADO TUERTO,RENOVACIÓN,"A.2.1, B.2",28/may/2025,26/may/2025,28/may/2030,VIGENTE
MASCULINO,VENADO TUERTO,RENOVACIÓN,B.1,28/may/2025,28/may/2025,28/may/2030,VIGENTE
MASCULINO,VENADO TUERTO,ORIGINAL,"A.2.1, B.1",28/may/2025,28/may/2025,28/may/2030,VIGENTE
MASCULINO,VENADO TUERTO,RENOVACIÓN,"A.2.1, E.1",28/may/2025,28/may/2025,28/may/2026,VIGENTE
MASCULINO,VENADO TUERTO,RENOVACIÓN,"B.2, G.1, G.2",28/may/2025,28/may/2025,28/may/2030,VIGENTE
MASCULINO,VENADO TUERTO,RENOVACIÓN,B.2,28/may/2025,28/may/2025,28/may/2026,VIGENTE
FEMENINO,VENADO TUERTO,RENOVACIÓN,B.2,28/may/2025,28/may/2025,28/may/2026,VIGENTE
MASCULINO,VENADO TUERTO,RENOVACIÓN,B.2,28/may/2025,28/may/2025,28/may/2026,VIGENTE
MASCULINO,VENADO TUERTO,RENOVACIÓN,"A.3, B.2",28/may/2025,28/may/2025,28/may/2026,VIGENTE
FEMENINO,VENADO TUERTO,ORIGINAL,B.1,28/may/2025,28/may/2025,28/may/2026,VIGENTE
MASCULINO,VENADO TUERTO,RENOVACIÓN,E.1,28/may/2025,28/may/2025,28/nov/2025,VIGENTE
FEMENINO,VENADO TUERTO,RENOVACIÓN,B.2,28/may/2025,28/may/2025,28/may/2030,VIGENTE
MASCULINO,VENADO TUERTO,RENOVACIÓN,B.2,29/may/2025,15/abr/2025,29/may/2026,VIGENTE
MASCULINO,VENADO TUERTO,ORIGINAL,"A.2.1, B.2",29/may/2025,15/may/2025,29/may/2030,VIGENTE
MASCULINO,VENADO TUERTO,ORIGINAL,"A.2.1, B.1",29/may/2025,19/may/2025,29/may/2026,VIGENTE
MASCULINO,VENADO TUERTO,RENOVACIÓN CON AMPLIACIÓN,"A.2.1, B.1",29/may/2025,19/may/2025,29/may/2030,VIGENTE
MASCULINO,VENADO TUERTO,ORIGINAL,A.2.1,29/may/2025,19/may/2025,29/may/2026,VIGENTE
FEMENINO,VENADO TUERTO,RENOVACIÓN,A.2.1,29/may/2025,29/may/2025,29/may/2030,VIGENTE
FEMENINO,VENADO TUERTO,RENOVACIÓN,B.2,29/may/2025,29/may/2025,29/may/2026,VIGENTE
MASCULINO,VENADO TUERTO,RENOVACIÓN,B.2,29/may/2025,29/may/2025,29/may/2030,VIGENTE
MASCULINO,VENADO TUERTO,RENOVACIÓN,B.2,29/may/2025,29/may/2025,29/may/2026,VIGENTE
MASCULINO,VENADO TUERTO,RENOVACIÓN,"A.2.1, B.2",29/may/2025,29/may/2025,29/may/2030,VIGENTE
FEMENINO,VENADO TUERTO,RENOVACIÓN,A.2.1,29/may/2025,29/may/2025,29/may/2026,VIGENTE
MASCULINO,VENADO TUERTO,RENOVACIÓN,"A.2.1, B.2",29/may/2025,29/may/2025,29/may/2030,VIGENTE
MASCULINO,VENADO TUERTO,RENOVACIÓN,"A.2.1, B.2",29/may/2025,29/may/2025,29/may/2030,VIGENTE
FEMENINO,VENADO TUERTO,RENOVACIÓN,B.2,29/may/2025,29/may/2025,29/may/2030,VIGENTE
FEMENINO,VENADO TUERTO,ORIGINAL,A.2.1,29/may/2025,29/may/2025,29/may/2030,VIGENTE
MASCULINO,VENADO TUERTO,RENOVACIÓN,B.2,29/may/2025,29/may/2025,29/may/2030,VIGENTE
MASCULINO,VENADO TUERTO,RENOVACIÓN,"A.2.2, B.2",29/may/2025,29/may/2025,29/may/2030,VIGENTE
MASCULINO,VENADO TUERTO,RENOVACIÓN,B.2,29/may/2025,29/may/2025,29/may/2028,VIGENTE
MASCULINO,VENADO TUERTO,RENOVACIÓN,B.2,29/may/2025,29/may/2025,29/may/2026,VIGENTE
FEMENINO,VENADO TUERTO,RENOVACIÓN,B.2,29/may/2025,29/may/2025,29/may/2026,VIGENTE
MASCULINO,VENADO TUERTO,RENOVACIÓN CON AMPLIACIÓN,B.2,29/may/2025,29/may/2025,29/may/2028,VIGENTE
MASCULINO,VENADO TUERTO,RENOVACIÓN CON AMPLIACIÓN,"A.2.1, B.2, G.1",29/may/2025,29/may/2025,29/may/2028,VIGENTE
MASCULINO,VENADO TUERTO,RENOVACIÓN,B.2,29/may/2025,29/may/2025,29/may/2030,VIGENTE
MASCULINO,VENADO TUERTO,RENOVACIÓN,B.2,29/may/2025,29/may/2025,29/may/2028,VIGENTE
FEMENINO,VENADO TUERTO,ORIGINAL,A.2.1,29/may/2025,29/may/2025,29/may/2030,VIGENTE
FEMENINO,VENADO TUERTO,RENOVACIÓN,"A.2.1, B.2",29/may/2025,29/may/2025,29/may/2030,VIGENTE
FEMENINO,VENADO TUERTO,RENOVACIÓN,A.2.1,29/may/2025,29/may/2025,29/may/2028,VIGENTE
FEMENINO,VENADO TUERTO,RENOVACIÓN,B.2,29/may/2025,29/may/2025,29/may/2026,VIGENTE
MASCULINO,VENADO TUERTO,RENOVACIÓN,"A.2.1, B.1",29/may/2025,29/may/2025,29/may/2030,VIGENTE
FEMENINO,VENADO TUERTO,RENOVACIÓN,"A.2.1, B.1",29/may/2025,29/may/2025,29/may/2030,VIGENTE
FEMENINO,VENADO TUERTO,RENOVACIÓN,"A.2.1, B.2",29/may/2025,29/may/2025,29/may/2030,VIGENTE
MASCULINO,VENADO TUERTO,RENOVACIÓN,"A.2.2, B.1",30/may/2025,27/mar/2025,30/may/2026,VIGENTE
MASCULINO,VENADO TUERTO,ORIGINAL,"A.2.1, B.1, G.1, G.2",30/may/2025,6/may/2025,30/may/2030,VIGENTE
MASCULINO,VENADO TUERTO,ORIGINAL,"A.2.1, B.1",30/may/2025,8/may/2025,30/may/2030,VIGENTE
FEMENINO,VENADO TUERTO,ORIGINAL,A.2.1,30/may/2025,12/may/2025,30/may/2030,VIGENTE
MASCULINO,VENADO TUERTO,RENOVACIÓN CON AMPLIACIÓN,"A.2.1, B.1",30/may/2025,13/may/2025,30/may/2030,VIGENTE
FEMENINO,VENADO TUERTO,ORIGINAL,"A.2.1, B.1",30/may/2025,14/may/2025,30/may/2030,VIGENTE
FEMENINO,VENADO TUERTO,ORIGINAL,"A.2.1, B.1",30/may/2025,14/may/2025,30/may/2030,VIGENTE
FEMENINO,VENADO TUERTO,ORIGINAL,A.2.1,30/may/2025,20/may/2025,30/may/2026,VIGENTE
MASCULINO,VENADO TUERTO,RENOVACIÓN,"A.2.1, E.1",30/may/2025,26/may/2025,30/may/2026,VIGENTE
MASCULINO,VENADO TUERTO,ORIGINAL,"A.2.1, B.2",30/may/2025,28/may/2025,30/may/2026,VIGENTE
MASCULINO,VENADO TUERTO,RENOVACIÓN,"A.2.1, D.1",30/may/2025,29/may/2025,30/may/2026,VIGENTE
FEMENINO,VENADO TUERTO,ORIGINAL,A.2.1,30/may/2025,29/may/2025,30/may/2026,VIGENTE
FEMENINO,VENADO TUERTO,RENOVACIÓN,B.2,30/may/2025,30/may/2025,30/may/2030,VIGENTE
MASCULINO,VENADO TUERTO,RENOVACIÓN,B.2,30/may/2025,30/may/2025,30/may/2026,VIGENTE
FEMENINO,VENADO TUERTO,RENOVACIÓN,B.2,30/may/2025,30/may/2025,30/may/2028,VIGENTE
MASCULINO,VENADO TUERTO,RENOVACIÓN,"A.2.2, B.2",30/may/2025,30/may/2025,30/may/2030,VIGENTE
MASCULINO,VENADO TUERTO,RENOVACIÓN,B.2,30/may/2025,30/may/2025,30/may/2026,VIGENTE
FEMENINO,VENADO TUERTO,RENOVACIÓN,B.2,30/may/2025,30/may/2025,30/may/2030,VIGENTE
MASCULINO,VENADO TUERTO,RENOVACIÓN,B.2,30/may/2025,30/may/2025,30/may/2026,VIGENTE
MASCULINO,VENADO TUERTO,RENOVACIÓN,B.2,30/may/2025,30/may/2025,30/may/2026,VIGENTE
MASCULINO,VENADO TUERTO,RENOVACIÓN,B.2,30/may/2025,30/may/2025,30/may/2026,VIGENTE
MASCULINO,VENADO TUERTO,RENOVACIÓN,"A.2.2, B.2",30/may/2025,30/may/2025,30/may/2030,VIGENTE
MASCULINO,VENADO TUERTO,RENOVACIÓN,B.2,30/may/2025,30/may/2025,30/may/2026,VIGENTE
MASCULINO,VENADO TUERTO,RENOVACIÓN,"A.2.1, B.2",30/may/2025,30/may/2025,30/may/2026,VIGENTE
MASCULINO,VENADO TUERTO,RENOVACIÓN,"A.2.1, B.1",30/may/2025,30/may/2025,30/may/2030,VIGENTE
FEMENINO,VENADO TUERTO,RENOVACIÓN,B.2,30/may/2025,30/may/2025,30/may/2026,VIGENTE
MASCULINO,VENADO TUERTO,RENOVACIÓN,B.2,30/may/2025,30/may/2025,30/may/2026,VIGENTE
FEMENINO,VENADO TUERTO,ORIGINAL,"A.2.1, B.1",30/may/2025,30/may/2025,30/may/2030,VIGENTE
FEMENINO,VENADO TUERTO,ORIGINAL,A.2.1,30/may/2025,30/may/2025,30/may/2030,VIGENTE
FEMENINO,VENADO TUERTO,ORIGINAL,"A.2.1, B.1",30/may/2025,30/may/2025,30/may/2030,VIGENTE
FEMENINO,VENADO TUERTO,RENOVACIÓN,"A.3, E.1",30/may/2025,30/may/2025,30/may/2026,VIGENTE
MASCULINO,VENADO TUERTO,RENOVACIÓN,B.2,30/may/2025,30/may/2025,30/may/2028,VIGENTE
MASCULINO,VENADO TUERTO,RENOVACIÓN CON AMPLIACIÓN,B.2,30/may/2025,30/may/2025,30/may/2030,VIGENTE
FEMENINO,VENADO TUERTO,ORIGINAL,A.2.1,30/may/2025,30/may/2025,30/may/2030,VIGENTE
MASCULINO,VENADO TUERTO,RENOVACIÓN,B.1,30/may/2025,30/may/2025,30/may/2026,VIGENTE
MASCULINO,VENADO TUERTO,RENOVACIÓN,"A.2.1, B.1",30/may/2025,30/may/2025,30/may/2030,VIGENTE
MASCULINO,VENADO TUERTO,RENOVACIÓN,B.2,30/may/2025,30/may/2025,30/may/2026,VIGENTE
MASCULINO,VENADO TUERTO,RENOVACIÓN,B.2,30/may/2025,30/may/2025,30/may/2030,VIGENTE
FEMENINO,VENADO TUERTO,RENOVACIÓN,A.2.1,30/may/2025,30/may/2025,30/may/2028,VIGENTE
MASCULINO,VENADO TUERTO,RENOVACIÓN,A.2.1,30/may/2025,30/may/2025,30/may/2026,VIGENTE
MASCULINO,VENADO TUERTO,RENOVACIÓN,B.1,30/may/2025,30/may/2025,30/may/2030,VIGENTE
MASCULINO,VENADO TUERTO,RENOVACIÓN,"A.3, E.1",30/may/2025,30/may/2025,30/may/2026,VIGENTE
MASCULINO,VENADO TUERTO,RENOVACIÓN,"A.2.1, B.2",30/may/2025,30/may/2025,30/may/2030,VIGENTE
FEMENINO,VENADO TUERTO,RENOVACIÓN,"A.2.1, B.2",30/may/2025,30/may/2025,30/may/2028,VIGENTE
MASCULINO,VENADO TUERTO,ORIGINAL,"A.3, B.2, D.3",30/may/2025,30/may/2025,30/may/2027,VIGENTE
MASCULINO,VENADO TUERTO,RENOVACIÓN,B.2,30/may/2025,30/may/2025,30/may/2026,VIGENTE
FEMENINO,VENADO TUERTO,RENOVACIÓN,B.1,30/may/2025,30/may/2025,30/may/2028,VIGENTE
MASCULINO,VENADO TUERTO,ORIGINAL,A.2.1,30/may/2025,30/may/2025,30/may/2026,VIGENTE
MASCULINO,VENADO TUERTO,RENOVACIÓN,B.2,30/may/2025,30/may/2025,30/may/2026,VIGENTE
MASCULINO,VENADO TUERTO,RENOVACIÓN,"A.3, B.2, D.3",30/may/2025,30/may/2025,30/may/2027,VIGENTE
MASCULINO,VENADO TUERTO,RENOVACIÓN,B.1,30/may/2025,30/may/2025,30/may/2028,VIGENTE
FEMENINO,VENADO TUERTO,ORIGINAL,A.2.1,2/jun/2025,20/feb/2025,2/jun/2026,VIGENTE
MASCULINO,VENADO TUERTO,RENOVACIÓN CON AMPLIACIÓN,"A.2.1, B.2",2/jun/2025,21/abr/2025,2/jun/2030,VIGENTE
MASCULINO,VENADO TUERTO,ORIGINAL,A.2.1,2/jun/2025,13/may/2025,2/jun/2026,VIGENTE
MASCULINO,VENADO TUERTO,RENOVACIÓN,"A.2.1, B.1",2/jun/2025,15/may/2025,2/jun/2030,VIGENTE
MASCULINO,VENADO TUERTO,ORIGINAL,"A.2.1, B.1",2/jun/2025,22/may/2025,2/jun/2026,VIGENTE
MASCULINO,VENADO TUERTO,ORIGINAL,"A.2.1, B.2",2/jun/2025,22/may/2025,2/jun/2030,VIGENTE
MASCULINO,VENADO TUERTO,ORIGINAL,"A.2.1, B.1",2/jun/2025,26/may/2025,2/jun/2030,VIGENTE
MASCULINO,VENADO TUERTO,RENOVACIÓN,B.1,2/jun/2025,30/may/2025,2/jun/2030,VIGENTE
MASCULINO,VENADO TUERTO,RENOVACIÓN,"A.2.1, B.1",2/jun/2025,30/may/2025,2/jun/2030,VIGENTE
MASCULINO,VENADO TUERTO,RENOVACIÓN,"A.2.1, B.2",2/jun/2025,30/may/2025,2/jun/2030,VIGENTE
MASCULINO,VENADO TUERTO,RENOVACIÓN,B.2,2/jun/2025,30/may/2025,2/jun/2026,VIGENTE
MASCULINO,VENADO TUERTO,ORIGINAL,B.2,2/jun/2025,2/jun/2025,2/jun/2026,VIGENTE
MASCULINO,VENADO TUERTO,RENOVACIÓN,"A.2.1, B.2",2/jun/2025,2/jun/2025,2/jun/2030,VIGENTE
FEMENINO,VENADO TUERTO,RENOVACIÓN,B.1,2/jun/2025,2/jun/2025,2/jun/2030,VIGENTE
MASCULINO,VENADO TUERTO,RENOVACIÓN,"A.2.2, B.2",2/jun/2025,2/jun/2025,2/jun/2030,VIGENTE
FEMENINO,VENADO TUERTO,RENOVACIÓN,B.1,2/jun/2025,2/jun/2025,2/jun/2030,VIGENTE
MASCULINO,SAN EDUARDO,RENOVACIÓN,"A.3, E.1",2/jun/2025,2/jun/2025,2/may/2026,VIGENTE
FEMENINO,VENADO TUERTO,RENOVACIÓN,B.2,2/jun/2025,2/jun/2025,2/jun/2026,VIGENTE
FEMENINO,VENADO TUERTO,ORIGINAL,"A.2.1, B.2",2/jun/2025,2/jun/2025,2/jun/2030,VIGENTE
MASCULINO,VENADO TUERTO,RENOVACIÓN,B.2,2/jun/2025,2/jun/2025,2/jun/2026,VIGENTE
MASCULINO,VENADO TUERTO,RENOVACIÓN CON AMPLIACIÓN,"A.2.1, B.1, G.1",2/jun/2025,2/jun/2025,2/jun/2030,VIGENTE
MASCULINO,VENADO TUERTO,RENOVACIÓN,B.2,2/jun/2025,2/jun/2025,2/jun/2026,VIGENTE
FEMENINO,VENADO TUERTO,RENOVACIÓN,B.2,2/jun/2025,2/jun/2025,2/jun/2026,VIGENTE
FEMENINO,VENADO TUERTO,RENOVACIÓN,B.2,2/jun/2025,2/jun/2025,2/jun/2026,VIGENTE
MASCULINO,VENADO TUERTO,RENOVACIÓN,B.1,2/jun/2025,2/jun/2025,2/jun/2030,VIGENTE
FEMENINO,VENADO TUERTO,RENOVACIÓN,"A.2.1, B.2",2/jun/2025,2/jun/2025,2/jun/2030,VIGENTE
FEMENINO,VENADO TUERTO,ORIGINAL,A.2.1,2/jun/2025,2/jun/2025,2/jun/2030,VIGENTE
MASCULINO,VENADO TUERTO,RENOVACIÓN CON AMPLIACIÓN,"A.3, B.2",2/jun/2025,2/jun/2025,2/jun/2030,VIGENTE
MASCULINO,VENADO TUERTO,RENOVACIÓN,"A.2.1, B.1",2/jun/2025,2/jun/2025,2/jun/2030,VIGENTE
MASCULINO,VENADO TUERTO,RENOVACIÓN,B.2,2/jun/2025,2/jun/2025,2/jun/2028,VIGENTE
MASCULINO,VENADO TUERTO,RENOVACIÓN,B.1,2/jun/2025,2/jun/2025,2/jun/2030,VIGENTE
FEMENINO,VENADO TUERTO,RENOVACIÓN,B.1,2/jun/2025,2/jun/2025,2/jun/2030,VIGENTE
MASCULINO,VENADO TUERTO,RENOVACIÓN,B.2,2/jun/2025,2/jun/2025,2/jun/2030,VIGENTE
MASCULINO,VENADO TUERTO,RENOVACIÓN,"A.2.1, D.1, E.1",2/jun/2025,2/jun/2025,2/jun/2027,VIGENTE
FEMENINO,VENADO TUERTO,RENOVACIÓN,"A.2.1, B.2",2/jun/2025,2/jun/2025,2/jun/2028,VIGENTE
MASCULINO,VENADO TUERTO,ORIGINAL,B.1,2/jun/2025,2/jun/2025,2/jun/2030,VIGENTE
FEMENINO,VENADO TUERTO,RENOVACIÓN,B.1,2/jun/2025,2/jun/2025,2/jun/2030,VIGENTE
MASCULINO,VENADO TUERTO,RENOVACIÓN,B.1,2/jun/2025,2/jun/2025,2/jun/2030,VIGENTE
MASCULINO,VENADO TUERTO,RENOVACIÓN,B.2,2/jun/2025,2/jun/2025,2/jun/2030,VIGENTE
MASCULINO,VENADO TUERTO,RENOVACIÓN,"A.2.1, B.1",2/jun/2025,2/jun/2025,2/jun/2030,VIGENTE
FEMENINO,VENADO TUERTO,ORIGINAL,B.1,2/jun/2025,2/jun/2025,2/jun/2026,VIGENTE
FEMENINO,VENADO TUERTO,RENOVACIÓN,"A.2.1, B.2",2/jun/2025,2/jun/2025,2/jun/2030,VIGENTE
MASCULINO,VENADO TUERTO,RENOVACIÓN,"A.2.1, B.2",2/jun/2025,2/jun/2025,2/jun/2026,VIGENTE
FEMENINO,VENADO TUERTO,RENOVACIÓN,B.2,2/jun/2025,2/jun/2025,2/jun/2026,VIGENTE
FEMENINO,VENADO TUERTO,RENOVACIÓN,B.2,2/jun/2025,2/jun/2025,2/jun/2026,VIGENTE
MASCULINO,VENADO TUERTO,RENOVACIÓN,B.2,2/jun/2025,2/jun/2025,2/jun/2030,VIGENTE
FEMENINO,VENADO TUERTO,RENOVACIÓN,B.1,2/jun/2025,2/jun/2025,2/jun/2030,VIGENTE
MASCULINO,VENADO TUERTO,RENOVACIÓN,B.1,2/jun/2025,2/jun/2025,2/jun/2030,VIGENTE
MASCULINO,VENADO TUERTO,RENOVACIÓN,B.2,2/jun/2025,2/jun/2025,2/jun/2026,VIGENTE
FEMENINO,VENADO TUERTO,RENOVACIÓN CON AMPLIACIÓN,"A.2.1, B.1",2/jun/2025,2/jun/2025,2/jun/2030,VIGENTE
FEMENINO,VENADO TUERTO,RENOVACIÓN,D.1,2/jun/2025,2/jun/2025,2/jun/2027,VIGENTE
FEMENINO,VENADO TUERTO,RENOVACIÓN,B.2,2/jun/2025,2/jun/2025,2/jun/2028,VIGENTE
FEMENINO,VENADO TUERTO,RENOVACIÓN,B.2,2/jun/2025,2/jun/2025,2/jun/2026,VIGENTE
FEMENINO,VENADO TUERTO,RENOVACIÓN,B.2,2/jun/2025,2/jun/2025,2/jun/2030,VIGENTE
MASCULINO,VENADO TUERTO,RENOVACIÓN,E.1,2/jun/2025,2/jun/2025,2/oct/2025,VIGENTE
FEMENINO,VENADO TUERTO,ORIGINAL,"A.2.1, B.1",3/jun/2025,29/oct/2024,3/jun/2030,VIGENTE
FEMENINO,VENADO TUERTO,RENOVACIÓN CON AMPLIACIÓN,"A.2.1, B.2",3/jun/2025,22/may/2025,3/jun/2030,VIGENTE
MASCULINO,VENADO TUERTO,RENOVACIÓN,"A.3, E.1",3/jun/2025,27/may/2025,3/jun/2026,VIGENTE
FEMENINO,VENADO TUERTO,ORIGINAL,"A.2.1, B.2",3/jun/2025,29/may/2025,3/jun/2030,VIGENTE
FEMENINO,VENADO TUERTO,RENOVACIÓN,A.2.1,3/jun/2025,30/may/2025,3/jun/2030,VIGENTE
MASCULINO,VENADO TUERTO,RENOVACIÓN,"A.3, B.2, D.3",3/jun/2025,2/jun/2025,3/jun/2026,VIGENTE
MASCULINO,VENADO TUERTO,RENOVACIÓN,"A.2.1, E.1",3/jun/2025,2/jun/2025,3/dic/2025,VIGENTE
FEMENINO,VENADO TUERTO,ORIGINAL,A.2.1,3/jun/2025,2/jun/2025,3/jun/2030,VIGENTE
MASCULINO,VENADO TUERTO,ORIGINAL,A.2.1,3/jun/2025,2/jun/2025,3/jun/2026,VIGENTE
MASCULINO,VENADO TUERTO,RENOVACIÓN,"A.2.1, B.2",3/jun/2025,3/jun/2025,3/jun/2030,VIGENTE
FEMENINO,VENADO TUERTO,RENOVACIÓN,B.2,3/jun/2025,3/jun/2025,3/jun/2026,VIGENTE
MASCULINO,VENADO TUERTO,ORIGINAL,"A.2.1, B.2",3/jun/2025,3/jun/2025,3/jun/2030,VIGENTE
MASCULINO,VENADO TUERTO,RENOVACIÓN,"A.2.2, B.2",3/jun/2025,3/jun/2025,3/jun/2030,VIGENTE
FEMENINO,VENADO TUERTO,RENOVACIÓN,B.2,3/jun/2025,3/jun/2025,3/jun/2028,VIGENTE
FEMENINO,VENADO TUERTO,ORIGINAL,B.1,3/jun/2025,3/jun/2025,3/jun/2030,VIGENTE
MASCULINO,VENADO TUERTO,RENOVACIÓN,"A.2.1, B.2",3/jun/2025,3/jun/2025,3/jun/2030,VIGENTE
MASCULINO,SAN EDUARDO,RENOVACIÓN,"E.1, G.1, G.2",3/jun/2025,3/jun/2025,3/jun/2026,VIGENTE
FEMENINO,VENADO TUERTO,RENOVACIÓN,B.1,3/jun/2025,3/jun/2025,3/jun/2028,VIGENTE
FEMENINO,VENADO TUERTO,RENOVACIÓN,B.2,3/jun/2025,3/jun/2025,3/jun/2026,VIGENTE
MASCULINO,VENADO TUERTO,DUPLICADO,E.1,3/jun/2025,3/jun/2025,21/nov/2025,VIGENTE
MASCULINO,VENADO TUERTO,RENOVACIÓN,B.2,3/jun/2025,3/jun/2025,3/jun/2030,VIGENTE
MASCULINO,VENADO TUERTO,ORIGINAL,A.2.1,3/jun/2025,3/jun/2025,3/jun/2030,VIGENTE
MASCULINO,VENADO TUERTO,RENOVACIÓN,B.2,3/jun/2025,3/jun/2025,3/jun/2030,VIGENTE
MASCULINO,VENADO TUERTO,RENOVACIÓN,B.2,3/jun/2025,3/jun/2025,3/jun/2026,VIGENTE
MASCULINO,VENADO TUERTO,RENOVACIÓN,"A.2.1, B.1",3/jun/2025,3/jun/2025,3/jun/2028,VIGENTE
MASCULINO,VENADO TUERTO,RENOVACIÓN,"E.1, E.2",3/jun/2025,3/jun/2025,3/jun/2026,VIGENTE
MASCULINO,VENADO TUERTO,RENOVACIÓN,B.1,3/jun/2025,3/jun/2025,3/jun/2026,VIGENTE
FEMENINO,VENADO TUERTO,RENOVACIÓN,B.2,3/jun/2025,3/jun/2025,3/jun/2026,VIGENTE
MASCULINO,VENADO TUERTO,RENOVACIÓN,B.1,3/jun/2025,3/jun/2025,3/jun/2026,VIGENTE
FEMENINO,VENADO TUERTO,RENOVACIÓN,"A.2.1, B.2",3/jun/2025,3/jun/2025,3/jun/2028,VIGENTE
FEMENINO,VENADO TUERTO,RENOVACIÓN,B.1,3/jun/2025,3/jun/2025,3/jun/2030,VIGENTE
MASCULINO,VENADO TUERTO,RENOVACIÓN,B.1,3/jun/2025,3/jun/2025,3/jun/2030,VIGENTE
MASCULINO,VENADO TUERTO,RENOVACIÓN,"E.1, G.1",3/jun/2025,3/jun/2025,3/oct/2025,VIGENTE
FEMENINO,VENADO TUERTO,RENOVACIÓN,B.1,3/jun/2025,3/jun/2025,3/jun/2030,VIGENTE
FEMENINO,VENADO TUERTO,RENOVACIÓN,D.1,3/jun/2025,3/jun/2025,3/jun/2026,VIGENTE
MASCULINO,VENADO TUERTO,RENOVACIÓN CON AMPLIACIÓN,"A.3, B.2",3/jun/2025,3/jun/2025,3/jun/2030,VIGENTE
MASCULINO,VENADO TUERTO,DUPLICADO,B.2,3/jun/2025,3/jun/2025,20/may/2026,VIGENTE
MASCULINO,VENADO TUERTO,RENOVACIÓN,B.2,3/jun/2025,3/jun/2025,3/jun/2028,VIGENTE
FEMENINO,VENADO TUERTO,RENOVACIÓN,A.2.1,3/jun/2025,3/jun/2025,3/jun/2028,VIGENTE
MASCULINO,VENADO TUERTO,RENOVACIÓN,D.1,3/jun/2025,3/jun/2025,3/jun/2026,VIGENTE
MASCULINO,VENADO TUERTO,ORIGINAL,"A.2.2, B.2",3/jun/2025,3/jun/2025,3/jun/2030,VIGENTE
MASCULINO,VENADO TUERTO,RENOVACIÓN,"A.2.1, E.1, G.1, G.2",3/jun/2025,3/jun/2025,3/oct/2025,VIGENTE
MASCULINO,VENADO TUERTO,RENOVACIÓN,"A.3, D.1",3/jun/2025,3/jun/2025,3/jun/2026,VIGENTE
FEMENINO,VENADO TUERTO,RENOVACIÓN,B.2,3/jun/2025,3/jun/2025,3/jun/2026,VIGENTE
FEMENINO,VENADO TUERTO,ORIGINAL,A.2.1,3/jun/2025,3/jun/2025,3/jun/2030,VIGENTE
MASCULINO,VENADO TUERTO,RENOVACIÓN,B.2,3/jun/2025,3/jun/2025,3/jun/2026,VIGENTE
MASCULINO,VENADO TUERTO,RENOVACIÓN,B.2,3/jun/2025,3/jun/2025,3/jun/2026,VIGENTE
MASCULINO,VENADO TUERTO,RENOVACIÓN,B.2,3/jun/2025,3/jun/2025,3/jun/2030,VIGENTE
FEMENINO,VENADO TUERTO,RENOVACIÓN CON AMPLIACIÓN,"A.2.1, B.1",3/jun/2025,3/jun/2025,3/jun/2030,VIGENTE
MASCULINO,VENADO TUERTO,RENOVACIÓN,"A.2.1, B.2",3/jun/2025,3/jun/2025,3/jun/2030,VIGENTE
MASCULINO,VENADO TUERTO,ORIGINAL,B.1,4/jun/2025,26/ago/2024,4/jun/2030,VIGENTE
MASCULINO,SAN EDUARDO,RENOVACIÓN,"A.2.2, D.1, D.3",4/jun/2025,27/may/2025,4/jun/2027,VIGENTE
MASCULINO,VENADO TUERTO,RENOVACIÓN,"A.2.1, B.2",4/jun/2025,28/may/2025,4/jun/2030,VIGENTE
MASCULINO,VENADO TUERTO,RENOVACIÓN,"E.1, E.2",4/jun/2025,30/may/2025,4/jun/2027,VIGENTE
FEMENINO,VENADO TUERTO,ORIGINAL,"A.2.1, B.1",4/jun/2025,3/jun/2025,4/jun/2030,VIGENTE
FEMENINO,VENADO TUERTO,ORIGINAL,A.2.1,4/jun/2025,4/jun/2025,4/jun/2030,VIGENTE
MASCULINO,VENADO TUERTO,RENOVACIÓN,B.2,4/jun/2025,4/jun/2025,4/jun/2026,VIGENTE
MASCULINO,VENADO TUERTO,RENOVACIÓN,"A.2.2, B.2, D.3",4/jun/2025,4/jun/2025,4/jun/2027,VIGENTE
FEMENINO,VENADO TUERTO,RENOVACIÓN,B.2,4/jun/2025,4/jun/2025,4/jun/2030,VIGENTE
MASCULINO,VENADO TUERTO,RENOVACIÓN,"A.2.1, B.2",4/jun/2025,4/jun/2025,4/jun/2026,VIGENTE
FEMENINO,VENADO TUERTO,ORIGINAL,A.2.1,4/jun/2025,4/jun/2025,4/jun/2030,VIGENTE
FEMENINO,VENADO TUERTO,RENOVACIÓN,"A.2.1, B.2",4/jun/2025,4/jun/2025,4/jun/2030,VIGENTE
MASCULINO,VENADO TUERTO,RENOVACIÓN,"A.3, B.2",4/jun/2025,4/jun/2025,4/jun/2026,VIGENTE
MASCULINO,VENADO TUERTO,RENOVACIÓN,"A.2.1, B.1",4/jun/2025,4/jun/2025,4/jun/2030,VIGENTE
FEMENINO,VENADO TUERTO,RENOVACIÓN,B.2,4/jun/2025,4/jun/2025,4/jun/2030,VIGENTE
FEMENINO,VENADO TUERTO,RENOVACIÓN,B.2,4/jun/2025,4/jun/2025,4/jun/2026,VIGENTE
MASCULINO,VENADO TUERTO,RENOVACIÓN,B.2,4/jun/2025,4/jun/2025,4/jun/2026,VIGENTE
MASCULINO,VENADO TUERTO,RENOVACIÓN,E.1,4/jun/2025,4/jun/2025,4/oct/2025,VIGENTE
MASCULINO,VENADO TUERTO,RENOVACIÓN,B.2,4/jun/2025,4/jun/2025,4/jun/2026,VIGENTE
FEMENINO,VENADO TUERTO,DUPLICADO POR CAMBIO DE DATOS,"A.2.1, B.1",4/jun/2025,4/jun/2025,17/mar/2030,VIGENTE
MASCULINO,VENADO TUERTO,ORIGINAL,A.2.1,4/jun/2025,4/jun/2025,4/jun/2030,VIGENTE
MASCULINO,VENADO TUERTO,RENOVACIÓN,B.2,4/jun/2025,4/jun/2025,4/jun/2028,VIGENTE
FEMENINO,VENADO TUERTO,RENOVACIÓN CON AMPLIACIÓN,A.2.2,4/jun/2025,4/jun/2025,4/jun/2030,VIGENTE
MASCULINO,VENADO TUERTO,RENOVACIÓN,B.2,4/jun/2025,4/jun/2025,4/jun/2026,VIGENTE
MASCULINO,VENADO TUERTO,RENOVACIÓN,"A.3, B.2, E.2, G.1",4/jun/2025,4/jun/2025,4/jun/2026,VIGENTE
MASCULINO,VENADO TUERTO,ORIGINAL,A.2.1,4/jun/2025,4/jun/2025,4/jun/2026,VIGENTE
MASCULINO,VENADO TUERTO,RENOVACIÓN CON AMPLIACIÓN,"A.3, B.2",4/jun/2025,4/jun/2025,4/jun/2028,VIGENTE
MASCULINO,VENADO TUERTO,RENOVACIÓN CON AMPLIACIÓN,"A.2.1, D.1",4/jun/2025,4/jun/2025,4/jun/2027,VIGENTE
MASCULINO,VENADO TUERTO,RENOVACIÓN,E.1,4/jun/2025,4/jun/2025,4/jun/2026,VIGENTE
MASCULINO,VENADO TUERTO,RENOVACIÓN,"A.2.1, B.2, D.1",4/jun/2025,4/jun/2025,4/jun/2026,VIGENTE
MASCULINO,VENADO TUERTO,RENOVACIÓN,"A.2.1, B.2, G.1, G.2",4/jun/2025,4/jun/2025,4/jun/2030,VIGENTE
FEMENINO,VENADO TUERTO,RENOVACIÓN,"A.2.1, B.1",4/jun/2025,4/jun/2025,4/jun/2030,VIGENTE
MASCULINO,VENADO TUERTO,RENOVACIÓN,"A.2.2, B.2",4/jun/2025,4/jun/2025,4/jun/2026,VIGENTE
MASCULINO,VENADO TUERTO,RENOVACIÓN CON AMPLIACIÓN,"A.2.1, B.2",4/jun/2025,4/jun/2025,4/jun/2030,VIGENTE
MASCULINO,VENADO TUERTO,RENOVACIÓN,"C, D.1",4/jun/2025,4/jun/2025,4/abr/2027,VIGENTE
FEMENINO,VENADO TUERTO,RENOVACIÓN,B.1,4/jun/2025,4/jun/2025,4/jun/2030,VIGENTE
MASCULINO,VENADO TUERTO,RENOVACIÓN CON AMPLIACIÓN,"A.3, B.2, D.1",4/jun/2025,4/jun/2025,4/jun/2027,VIGENTE
MASCULINO,VENADO TUERTO,DUPLICADO,B.2,4/jun/2025,4/jun/2025,15/abr/2026,VIGENTE
MASCULINO,VENADO TUERTO,RENOVACIÓN,E.1,4/jun/2025,4/jun/2025,4/ene/2026,VIGENTE
MASCULINO,VENADO TUERTO,RENOVACIÓN,"A.2.1, B.2",4/jun/2025,4/jun/2025,4/jun/2030,VIGENTE
MASCULINO,VENADO TUERTO,RENOVACIÓN,A.2.1,4/jun/2025,4/jun/2025,4/jun/2030,VIGENTE
FEMENINO,VENADO TUERTO,RENOVACIÓN,B.1,4/jun/2025,4/jun/2025,4/jun/2030,VIGENTE
FEMENINO,VENADO TUERTO,RENOVACIÓN,B.1,4/jun/2025,4/jun/2025,4/jun/2028,VIGENTE
MASCULINO,VENADO TUERTO,RENOVACIÓN,"A.3, B.1, E.2",4/jun/2025,4/jun/2025,4/jun/2027,VIGENTE
MASCULINO,VENADO TUERTO,RENOVACIÓN,B.2,4/jun/2025,4/jun/2025,4/jun/2030,VIGENTE
FEMENINO,VENADO TUERTO,ORIGINAL,A.2.1,5/jun/2025,12/may/2025,5/jun/2030,VIGENTE
FEMENINO,VENADO TUERTO,RENOVACIÓN,B.2,5/jun/2025,23/may/2025,5/jun/2026,VIGENTE
MASCULINO,VENADO TUERTO,RENOVACIÓN,"A.2.1, B.1",5/jun/2025,23/may/2025,5/jun/2030,VIGENTE
FEMENINO,VENADO TUERTO,RENOVACIÓN CON AMPLIACIÓN,"A.2.1, B.1",5/jun/2025,26/may/2025,5/jun/2030,VIGENTE
FEMENINO,VENADO TUERTO,ORIGINAL,A.2.1,5/jun/2025,26/may/2025,5/jun/2030,VIGENTE
MASCULINO,VENADO TUERTO,ORIGINAL,"B.1, G.1",5/jun/2025,26/may/2025,5/jun/2026,VIGENTE
FEMENINO,VENADO TUERTO,RENOVACIÓN CON AMPLIACIÓN,"A.2.1, B.1",5/jun/2025,27/may/2025,5/jun/2028,VIGENTE
MASCULINO,VENADO TUERTO,RENOVACIÓN CON AMPLIACIÓN,"A.2.1, E.1",5/jun/2025,2/jun/2025,5/jun/2026,VIGENTE
MASCULINO,VENADO TUERTO,RENOVACIÓN,"A.3, B.2",5/jun/2025,4/jun/2025,5/jun/2030,VIGENTE
MASCULINO,VENADO TUERTO,RENOVACIÓN,"A.2.1, B.1",5/jun/2025,5/jun/2025,5/jun/2030,VIGENTE
MASCULINO,VENADO TUERTO,RENOVACIÓN CON AMPLIACIÓN,"A.2.1, B.1",5/jun/2025,5/jun/2025,5/jun/2030,VIGENTE
MASCULINO,VENADO TUERTO,RENOVACIÓN CON AMPLIACIÓN,"A.2.1, B.2",5/jun/2025,5/jun/2025,5/jun/2030,VIGENTE
MASCULINO,VENADO TUERTO,RENOVACIÓN,"A.2.1, B.2",5/jun/2025,5/jun/2025,5/jun/2030,VIGENTE
MASCULINO,VENADO TUERTO,ORIGINAL,"A.2.1, B.1",5/jun/2025,5/jun/2025,5/jun/2030,VIGENTE
MASCULINO,VENADO TUERTO,RENOVACIÓN,B.2,5/jun/2025,5/jun/2025,5/jun/2026,VIGENTE
FEMENINO,VENADO TUERTO,ORIGINAL,A.2.1,5/jun/2025,5/jun/2025,5/jun/2030,VIGENTE
FEMENINO,VENADO TUERTO,RENOVACIÓN,"B.2, D.1",5/jun/2025,5/jun/2025,5/jun/2026,VIGENTE
MASCULINO,VENADO TUERTO,RENOVACIÓN,"A.2.1, B.2, D.1",5/jun/2025,5/jun/2025,5/jun/2026,VIGENTE
MASCULINO,VENADO TUERTO,RENOVACIÓN,"A.2.1, D.1",5/jun/2025,5/jun/2025,5/jun/2026,VIGENTE
MASCULINO,VENADO TUERTO,RENOVACIÓN,B.2,5/jun/2025,5/jun/2025,5/jun/2026,VIGENTE
FEMENINO,VENADO TUERTO,ORIGINAL,A.2.1,5/jun/2025,5/jun/2025,5/jun/2030,VIGENTE
FEMENINO,VENADO TUERTO,RENOVACIÓN,B.2,5/jun/2025,5/jun/2025,5/jun/2030,VIGENTE
MASCULINO,VENADO TUERTO,RENOVACIÓN,B.2,5/jun/2025,5/jun/2025,5/jun/2026,VIGENTE
MASCULINO,VENADO TUERTO,RENOVACIÓN,"A.2.2, B.2",5/jun/2025,5/jun/2025,5/jun/2026,VIGENTE
MASCULINO,VENADO TUERTO,RENOVACIÓN,"A.2.2, E.1",5/jun/2025,5/jun/2025,5/mar/2026,VIGENTE
MASCULINO,VENADO TUERTO,RENOVACIÓN,B.2,5/jun/2025,5/jun/2025,5/jun/2026,VIGENTE
MASCULINO,VENADO TUERTO,RENOVACIÓN,D.1,5/jun/2025,5/jun/2025,5/jun/2026,VIGENTE
FEMENINO,VENADO TUERTO,RENOVACIÓN,B.2,5/jun/2025,5/jun/2025,5/jun/2030,VIGENTE
MASCULINO,VENADO TUERTO,RENOVACIÓN,B.2,5/jun/2025,5/jun/2025,5/jun/2030,VIGENTE
MASCULINO,VENADO TUERTO,RENOVACIÓN,"A.3, E.1",5/jun/2025,5/jun/2025,5/jun/2026,VIGENTE
MASCULINO,SAN EDUARDO,RENOVACIÓN CON AMPLIACIÓN,"A.2.1, B.2",5/jun/2025,5/jun/2025,5/jun/2030,VIGENTE
MASCULINO,VENADO TUERTO,DUPLICADO POR CAMBIO DE DATOS,B.1,5/jun/2025,5/jun/2025,30/dic/2025,VIGENTE
FEMENINO,VENADO TUERTO,RENOVACIÓN,"A.2.1, B.1",5/jun/2025,5/jun/2025,5/jun/2026,VIGENTE
MASCULINO,VENADO TUERTO,RENOVACIÓN,"A.3, B.2",5/jun/2025,5/jun/2025,5/jun/2030,VIGENTE
MASCULINO,VENADO TUERTO,RENOVACIÓN CON AMPLIACIÓN,"A.3, B.2",5/jun/2025,5/jun/2025,5/jun/2030,VIGENTE
FEMENINO,VENADO TUERTO,RENOVACIÓN,"A.2.1, B.1",5/jun/2025,5/jun/2025,5/jun/2030,VIGENTE
MASCULINO,VENADO TUERTO,ORIGINAL,B.1,5/jun/2025,5/jun/2025,5/jun/2026,VIGENTE
MASCULINO,VENADO TUERTO,RENOVACIÓN,"A.2.1, B.2",5/jun/2025,5/jun/2025,5/jun/2030,VIGENTE
FEMENINO,VENADO TUERTO,ORIGINAL,A.2.1,5/jun/2025,5/jun/2025,5/jun/2030,VIGENTE
MASCULINO,VENADO TUERTO,DUPLICADO,"A.2.1, E.1",5/jun/2025,5/jun/2025,2/ene/2027,VIGENTE
MASCULINO,VENADO TUERTO,ORIGINAL,B.1,5/jun/2025,5/jun/2025,5/jun/2026,VIGENTE
FEMENINO,VENADO TUERTO,RENOVACIÓN,B.2,5/jun/2025,5/jun/2025,5/jun/2026,VIGENTE
FEMENINO,VENADO TUERTO,RENOVACIÓN,B.2,5/jun/2025,5/jun/2025,5/jun/2030,VIGENTE
MASCULINO,VENADO TUERTO,RENOVACIÓN,B.2,5/jun/2025,5/jun/2025,5/jun/2030,VIGENTE
MASCULINO,VENADO TUERTO,RENOVACIÓN,E.1,5/jun/2025,5/jun/2025,5/jun/2026,VIGENTE
FEMENINO,VENADO TUERTO,RENOVACIÓN,B.1,5/jun/2025,5/jun/2025,5/jun/2030,VIGENTE
MASCULINO,VENADO TUERTO,RENOVACIÓN,B.2,5/jun/2025,5/jun/2025,5/jun/2030,VIGENTE
MASCULINO,VENADO TUERTO,RENOVACIÓN,"A.2.1, B.2",5/jun/2025,5/jun/2025,5/jun/2030,VIGENTE
MASCULINO,VENADO TUERTO,RENOVACIÓN CON AMPLIACIÓN,"A.2.1, B.1",5/jun/2025,5/jun/2025,5/jun/2028,VIGENTE
MASCULINO,VENADO TUERTO,RENOVACIÓN,A.2.1,5/jun/2025,5/jun/2025,5/jun/2030,VIGENTE
MASCULINO,VENADO TUERTO,ORIGINAL,A.2.1,6/jun/2025,29/abr/2025,6/jun/2026,VIGENTE
MASCULINO,VENADO TUERTO,ORIGINAL,"A.2.1, B.1",6/jun/2025,8/may/2025,6/jun/2026,VIGENTE
MASCULINO,VENADO TUERTO,DUPLICADO,A.2.1,6/jun/2025,15/may/2025,31/jul/2029,VIGENTE
MASCULINO,VENADO TUERTO,RENOVACIÓN CON AMPLIACIÓN,A.2.2,6/jun/2025,20/may/2025,6/jun/2030,VIGENTE
FEMENINO,VENADO TUERTO,ORIGINAL,A.2.1,6/jun/2025,22/may/2025,6/jun/2030,VIGENTE
FEMENINO,VENADO TUERTO,ORIGINAL,A.2.1,6/jun/2025,26/may/2025,6/jun/2030,VIGENTE
MASCULINO,VENADO TUERTO,RENOVACIÓN,"A.2.1, E.1, E.2",6/jun/2025,27/may/2025,6/jun/2027,VIGENTE
MASCULINO,VENADO TUERTO,RENOVACIÓN,B.2,6/jun/2025,27/may/2025,6/jun/2030,VIGENTE
MASCULINO,VENADO TUERTO,RENOVACIÓN,B.2,6/jun/2025,5/jun/2025,6/jun/2030,VIGENTE
FEMENINO,VENADO TUERTO,ORIGINAL,A.2.1,6/jun/2025,5/jun/2025,6/jun/2030,VIGENTE
MASCULINO,VENADO TUERTO,RENOVACIÓN,"A.3, E.1",6/jun/2025,6/jun/2025,6/jun/2027,VIGENTE
MASCULINO,VENADO TUERTO,ORIGINAL,A.2.1,6/jun/2025,6/jun/2025,6/jun/2026,VIGENTE
MASCULINO,VENADO TUERTO,RENOVACIÓN,"A.2.1, B.2",6/jun/2025,6/jun/2025,6/jun/2030,VIGENTE
MASCULINO,VENADO TUERTO,RENOVACIÓN,B.2,6/jun/2025,6/jun/2025,6/jun/2026,VIGENTE
MASCULINO,VENADO TUERTO,RENOVACIÓN,"A.2.1, B.2",6/jun/2025,6/jun/2025,6/jun/2030,VIGENTE
FEMENINO,VENADO TUERTO,RENOVACIÓN,B.2,6/jun/2025,6/jun/2025,6/jun/2026,VIGENTE
MASCULINO,VENADO TUERTO,RENOVACIÓN,"A.3, B.2",6/jun/2025,6/jun/2025,6/jun/2028,VIGENTE
MASCULINO,VENADO TUERTO,ORIGINAL,B.1,6/jun/2025,6/jun/2025,6/jun/2026,VIGENTE
MASCULINO,VENADO TUERTO,RENOVACIÓN CON AMPLIACIÓN,"A.2.1, B.2",6/jun/2025,6/jun/2025,6/jun/2030,VIGENTE
FEMENINO,VENADO TUERTO,RENOVACIÓN,B.2,6/jun/2025,6/jun/2025,6/jun/2030,VIGENTE
MASCULINO,VENADO TUERTO,RENOVACIÓN,"A.3, B.2",6/jun/2025,6/jun/2025,6/jun/2030,VIGENTE
FEMENINO,VENADO TUERTO,RENOVACIÓN,B.2,6/jun/2025,6/jun/2025,6/jun/2026,VIGENTE
FEMENINO,VENADO TUERTO,RENOVACIÓN,B.2,6/jun/2025,6/jun/2025,6/jun/2026,VIGENTE
MASCULINO,VENADO TUERTO,RENOVACIÓN,B.2,6/jun/2025,6/jun/2025,6/jun/2026,VIGENTE
FEMENINO,VENADO TUERTO,RENOVACIÓN,B.1,6/jun/2025,6/jun/2025,6/jun/2026,VIGENTE
FEMENINO,VENADO TUERTO,RENOVACIÓN,"A.2.1, B.2",6/jun/2025,6/jun/2025,6/jun/2030,VIGENTE
FEMENINO,VENADO TUERTO,RENOVACIÓN,B.2,6/jun/2025,6/jun/2025,6/jun/2026,VIGENTE
MASCULINO,VENADO TUERTO,RENOVACIÓN,B.2,6/jun/2025,6/jun/2025,6/jun/2026,VIGENTE
FEMENINO,VENADO TUERTO,RENOVACIÓN,B.2,6/jun/2025,6/jun/2025,6/jun/2028,VIGENTE
MASCULINO,VENADO TUERTO,RENOVACIÓN,"A.3, B.1",6/jun/2025,6/jun/2025,6/jun/2030,VIGENTE
MASCULINO,VENADO TUERTO,RENOVACIÓN,B.2,6/jun/2025,6/jun/2025,6/jun/2030,VIGENTE
MASCULINO,VENADO TUERTO,RENOVACIÓN,B.2,6/jun/2025,6/jun/2025,6/jun/2026,VIGENTE
FEMENINO,VENADO TUERTO,RENOVACIÓN,"A.2.1, B.2, D.3",6/jun/2025,6/jun/2025,6/jun/2027,VIGENTE
MASCULINO,VENADO TUERTO,RENOVACIÓN CON AMPLIACIÓN,"A.2.1, B.1",6/jun/2025,6/jun/2025,6/jun/2030,VIGENTE
MASCULINO,VENADO TUERTO,RENOVACIÓN,B.2,6/jun/2025,6/jun/2025,6/jun/2030,VIGENTE
MASCULINO,VENADO TUERTO,ORIGINAL,B.1,6/jun/2025,6/jun/2025,6/jun/2026,VIGENTE
MASCULINO,VENADO TUERTO,RENOVACIÓN,C,6/jun/2025,6/jun/2025,6/oct/2025,VIGENTE
FEMENINO,VENADO TUERTO,RENOVACIÓN,A.2.1,6/jun/2025,6/jun/2025,6/jun/2028,VIGENTE
MASCULINO,VENADO TUERTO,RENOVACIÓN,"A.2.1, E.1",6/jun/2025,6/jun/2025,6/jun/2026,VIGENTE
MASCULINO,VENADO TUERTO,RENOVACIÓN,B.2,6/jun/2025,6/jun/2025,6/jun/2026,VIGENTE
MASCULINO,VENADO TUERTO,RENOVACIÓN,"A.2.1, B.1",6/jun/2025,6/jun/2025,6/jun/2030,VIGENTE
MASCULINO,VENADO TUERTO,RENOVACIÓN CON AMPLIACIÓN,"A.2.1, D.1",6/jun/2025,6/jun/2025,6/jun/2027,VIGENTE
MASCULINO,VENADO TUERTO,RENOVACIÓN,B.2,6/jun/2025,6/jun/2025,6/jun/2026,VIGENTE
MASCULINO,VENADO TUERTO,RENOVACIÓN,B.2,6/jun/2025,6/jun/2025,6/jun/2026,VIGENTE
FEMENINO,VENADO TUERTO,RENOVACIÓN,A.2.2,6/jun/2025,6/jun/2025,6/jun/2030,VIGENTE
FEMENINO,VENADO TUERTO,RENOVACIÓN,"A.2.2, B.2",6/jun/2025,6/jun/2025,6/jun/2030,VIGENTE
FEMENINO,VENADO TUERTO,RENOVACIÓN,A.2.1,6/jun/2025,6/jun/2025,6/jun/2030,VIGENTE
MASCULINO,VENADO TUERTO,ORIGINAL,A.2.1,6/jun/2025,6/jun/2025,6/jun/2026,VIGENTE
FEMENINO,VENADO TUERTO,ORIGINAL,A.2.1,6/jun/2025,6/jun/2025,6/jun/2026,VIGENTE
MASCULINO,VENADO TUERTO,RENOVACIÓN,B.2,6/jun/2025,6/jun/2025,6/jun/2030,VIGENTE
MASCULINO,VENADO TUERTO,RENOVACIÓN,B.2,6/jun/2025,6/jun/2025,6/jun/2026,VIGENTE
MASCULINO,VENADO TUERTO,RENOVACIÓN,"A.2.1, B.2",6/jun/2025,6/jun/2025,6/jun/2026,VIGENTE
MASCULINO,VENADO TUERTO,RENOVACIÓN,E.1,6/jun/2025,6/jun/2025,6/oct/2025,VIGENTE
FEMENINO,VENADO TUERTO,RENOVACIÓN,B.2,6/jun/2025,6/jun/2025,6/jun/2030,VIGENTE
MASCULINO,VENADO TUERTO,RENOVACIÓN,"A.3, B.1",6/jun/2025,6/jun/2025,6/jun/2030,VIGENTE
MASCULINO,VENADO TUERTO,RENOVACIÓN,B.2,6/jun/2025,6/jun/2025,6/jun/2030,VIGENTE
MASCULINO,VENADO TUERTO,RENOVACIÓN,"A.3, B.2, D.1, D.3",6/jun/2025,6/jun/2025,6/jun/2027,VIGENTE
FEMENINO,VENADO TUERTO,RENOVACIÓN,A.2.1,6/jun/2025,6/jun/2025,6/jun/2030,VIGENTE
FEMENINO,VENADO TUERTO,RENOVACIÓN,B.2,6/jun/2025,6/jun/2025,6/jun/2028,VIGENTE
MASCULINO,VENADO TUERTO,RENOVACIÓN,"A.2.1, E.1, G.1",6/jun/2025,6/jun/2025,6/jun/2026,VIGENTE
FEMENINO,VENADO TUERTO,RENOVACIÓN,B.2,6/jun/2025,6/jun/2025,6/jun/2026,VIGENTE
FEMENINO,VENADO TUERTO,RENOVACIÓN,B.2,6/jun/2025,6/jun/2025,6/jun/2026,VIGENTE
MASCULINO,VENADO TUERTO,RENOVACIÓN,"A.2.1, B.2",6/jun/2025,6/jun/2025,6/jun/2026,VIGENTE
MASCULINO,VENADO TUERTO,RENOVACIÓN,"A.3, B.2",9/jun/2025,29/oct/2024,9/jun/2030,VIGENTE
MASCULINO,VENADO TUERTO,RENOVACIÓN,"A.3, B.1",9/jun/2025,3/feb/2025,9/jun/2030,VIGENTE
FEMENINO,VENADO TUERTO,ORIGINAL,A.2.1,9/jun/2025,23/abr/2025,9/jun/2030,VIGENTE
MASCULINO,VENADO TUERTO,ORIGINAL,A.2.1,9/jun/2025,7/may/2025,9/jun/2030,VIGENTE
FEMENINO,VENADO TUERTO,ORIGINAL,A.2.1,9/jun/2025,14/may/2025,9/jun/2030,VIGENTE
MASCULINO,VENADO TUERTO,ORIGINAL,A.2.1,9/jun/2025,15/may/2025,9/jun/2026,VIGENTE
FEMENINO,VENADO TUERTO,ORIGINAL,B.1,9/jun/2025,27/may/2025,9/jun/2030,VIGENTE
MASCULINO,VENADO TUERTO,RENOVACIÓN,"A.2.2, E.1, G.1",9/jun/2025,30/may/2025,9/jun/2026,VIGENTE
MASCULINO,VENADO TUERTO,RENOVACIÓN,E.1,9/jun/2025,2/jun/2025,9/jun/2026,VIGENTE
MASCULINO,VENADO TUERTO,RENOVACIÓN,E.1,9/jun/2025,2/jun/2025,9/jun/2026,VIGENTE
MASCULINO,VENADO TUERTO,RENOVACIÓN,"A.2.2, E.1",9/jun/2025,5/jun/2025,9/jun/2026,VIGENTE
FEMENINO,VENADO TUERTO,ORIGINAL,A.2.1,9/jun/2025,6/jun/2025,9/jun/2030,VIGENTE
MASCULINO,VENADO TUERTO,RENOVACIÓN CON AMPLIACIÓN,"A.2.1, B.2",9/jun/2025,6/jun/2025,9/jun/2030,VIGENTE
MASCULINO,VENADO TUERTO,ORIGINAL,"A.2.2, B.2",9/jun/2025,6/jun/2025,9/jun/2030,VIGENTE
MASCULINO,VENADO TUERTO,RENOVACIÓN,B.1,9/jun/2025,6/jun/2025,9/jun/2026,VIGENTE
MASCULINO,VENADO TUERTO,ORIGINAL,A.2.1,9/jun/2025,9/jun/2025,9/jun/2026,VIGENTE
FEMENINO,VENADO TUERTO,RENOVACIÓN,"A.2.1, B.2",9/jun/2025,9/jun/2025,9/jun/2030,VIGENTE
MASCULINO,VENADO TUERTO,RENOVACIÓN,"A.2.1, B.2",9/jun/2025,9/jun/2025,9/jun/2030,VIGENTE
MASCULINO,VENADO TUERTO,RENOVACIÓN,B.2,9/jun/2025,9/jun/2025,9/jun/2026,VIGENTE
FEMENINO,VENADO TUERTO,RENOVACIÓN,"A.2.1, B.2",9/jun/2025,9/jun/2025,9/jun/2030,VIGENTE
MASCULINO,VENADO TUERTO,RENOVACIÓN,E.1,9/jun/2025,9/jun/2025,9/ago/2026,VIGENTE
MASCULINO,VENADO TUERTO,RENOVACIÓN,B.2,9/jun/2025,9/jun/2025,9/jun/2026,VIGENTE
MASCULINO,VENADO TUERTO,RENOVACIÓN,"A.2.1, B.2",9/jun/2025,9/jun/2025,9/jun/2030,VIGENTE
MASCULINO,VENADO TUERTO,ORIGINAL,A.2.1,9/jun/2025,9/jun/2025,9/jun/2026,VIGENTE
MASCULINO,VENADO TUERTO,RENOVACIÓN,"B.2, G.1, G.2",9/jun/2025,9/jun/2025,9/jun/2028,VIGENTE
MASCULINO,VENADO TUERTO,RENOVACIÓN,B.2,9/jun/2025,9/jun/2025,9/jun/2030,VIGENTE
FEMENINO,VENADO TUERTO,ORIGINAL,A.2.1,9/jun/2025,9/jun/2025,9/jun/2030,VIGENTE
FEMENINO,VENADO TUERTO,ORIGINAL,A.2.1,9/jun/2025,9/jun/2025,9/jun/2026,VIGENTE
MASCULINO,VENADO TUERTO,RENOVACIÓN,B.2,9/jun/2025,9/jun/2025,9/jun/2030,VIGENTE
MASCULINO,VENADO TUERTO,RENOVACIÓN,B.1,9/jun/2025,9/jun/2025,9/jun/2026,VIGENTE
MASCULINO,VENADO TUERTO,RENOVACIÓN,B.2,9/jun/2025,9/jun/2025,9/jun/2028,VIGENTE
MASCULINO,VENADO TUERTO,RENOVACIÓN,"A.2.1, B.2",9/jun/2025,9/jun/2025,9/jun/2030,VIGENTE
MASCULINO,VENADO TUERTO,RENOVACIÓN,"A.2.1, B.2",9/jun/2025,9/jun/2025,9/jun/2030,VIGENTE
MASCULINO,VENADO TUERTO,RENOVACIÓN,B.2,9/jun/2025,9/jun/2025,9/jun/2030,VIGENTE
FEMENINO,VENADO TUERTO,RENOVACIÓN,"A.2.1, D.1",9/jun/2025,9/jun/2025,9/jun/2027,VIGENTE
FEMENINO,VENADO TUERTO,ORIGINAL,A.2.1,9/jun/2025,9/jun/2025,9/jun/2026,VIGENTE
FEMENINO,VENADO TUERTO,RENOVACIÓN,B.1,9/jun/2025,9/jun/2025,9/jun/2030,VIGENTE
FEMENINO,VENADO TUERTO,ORIGINAL,B.2,9/jun/2025,9/jun/2025,9/jun/2030,VIGENTE
MASCULINO,VENADO TUERTO,RENOVACIÓN,"A.2.1, B.2",9/jun/2025,9/jun/2025,9/jun/2030,VIGENTE
MASCULINO,VENADO TUERTO,RENOVACIÓN,B.2,9/jun/2025,9/jun/2025,9/jun/2026,VIGENTE
MASCULINO,VENADO TUERTO,RENOVACIÓN,"A.3, B.1",9/jun/2025,9/jun/2025,9/jun/2030,VIGENTE
MASCULINO,VENADO TUERTO,RENOVACIÓN,"A.3, B.2, G.1, G.2",9/jun/2025,9/jun/2025,9/jun/2030,VIGENTE
FEMENINO,VENADO TUERTO,ORIGINAL,B.1,9/jun/2025,9/jun/2025,9/jun/2030,VIGENTE
MASCULINO,VENADO TUERTO,RENOVACIÓN CON AMPLIACIÓN,"A.3, B.2",9/jun/2025,9/jun/2025,9/jun/2030,VIGENTE
FEMENINO,VENADO TUERTO,RENOVACIÓN,A.2.1,9/jun/2025,9/jun/2025,9/jun/2030,VIGENTE
MASCULINO,VENADO TUERTO,RENOVACIÓN,"A.2.1, B.1",9/jun/2025,9/jun/2025,9/jun/2030,VIGENTE
FEMENINO,VENADO TUERTO,RENOVACIÓN,"A.2.1, B.1",9/jun/2025,9/jun/2025,9/jun/2030,VIGENTE
FEMENINO,VENADO TUERTO,RENOVACIÓN,A.2.1,9/jun/2025,9/jun/2025,9/jun/2030,VIGENTE
MASCULINO,VENADO TUERTO,RENOVACIÓN,B.1,9/jun/2025,9/jun/2025,9/jun/2030,VIGENTE
FEMENINO,VENADO TUERTO,RENOVACIÓN,A.2.1,9/jun/2025,9/jun/2025,9/jun/2030,VIGENTE
MASCULINO,VENADO TUERTO,RENOVACIÓN,"A.2.1, B.2",9/jun/2025,9/jun/2025,9/jun/2030,VIGENTE
MASCULINO,VENADO TUERTO,RENOVACIÓN,E.1,9/jun/2025,9/jun/2025,9/mar/2026,VIGENTE
MASCULINO,VENADO TUERTO,RENOVACIÓN,"A.3, B.2",9/jun/2025,9/jun/2025,9/jun/2026,VIGENTE
FEMENINO,VENADO TUERTO,RENOVACIÓN,B.2,9/jun/2025,9/jun/2025,9/jun/2030,VIGENTE
MASCULINO,VENADO TUERTO,RENOVACIÓN,A.2.1,9/jun/2025,9/jun/2025,9/jun/2030,VIGENTE
MASCULINO,VENADO TUERTO,RENOVACIÓN,"A.3, E.1",9/jun/2025,9/jun/2025,9/oct/2025,VIGENTE
MASCULINO,VENADO TUERTO,RENOVACIÓN,B.1,9/jun/2025,9/jun/2025,9/jun/2030,VIGENTE
MASCULINO,VENADO TUERTO,RENOVACIÓN,B.2,9/jun/2025,9/jun/2025,9/jun/2026,VIGENTE
MASCULINO,VENADO TUERTO,RENOVACIÓN,"A.3, D.1, D.3",9/jun/2025,9/jun/2025,9/jun/2027,VIGENTE
FEMENINO,VENADO TUERTO,RENOVACIÓN,B.2,9/jun/2025,9/jun/2025,9/jun/2026,VIGENTE
MASCULINO,VENADO TUERTO,RENOVACIÓN,"A.2.1, B.1",9/jun/2025,9/jun/2025,9/jun/2028,VIGENTE
MASCULINO,VENADO TUERTO,RENOVACIÓN CON AMPLIACIÓN,"A.2.1, B.2",9/jun/2025,9/jun/2025,9/jun/2030,VIGENTE
FEMENINO,VENADO TUERTO,RENOVACIÓN,"A.2.1, B.2",9/jun/2025,9/jun/2025,9/jun/2030,VIGENTE
FEMENINO,VENADO TUERTO,RENOVACIÓN,B.2,9/jun/2025,9/jun/2025,9/jun/2030,VIGENTE
FEMENINO,VENADO TUERTO,RENOVACIÓN,"A.2.1, B.1",9/jun/2025,9/jun/2025,9/jun/2030,VIGENTE
FEMENINO,VENADO TUERTO,ORIGINAL,"A.2.1, B.1",10/jun/2025,7/abr/2025,10/jun/2026,VIGENTE
MASCULINO,VENADO TUERTO,RENOVACIÓN CON AMPLIACIÓN,"A.2.1, B.2",10/jun/2025,23/may/2025,10/jun/2026,VIGENTE
MASCULINO,VENADO TUERTO,RENOVACIÓN CON AMPLIACIÓN,"A.2.2, D.3, E.1, E.2",10/jun/2025,26/may/2025,10/jun/2027,VIGENTE
FEMENINO,VENADO TUERTO,ORIGINAL,A.2.1,10/jun/2025,30/may/2025,10/jun/2030,VIGENTE
MASCULINO,VENADO TUERTO,RENOVACIÓN,"A.3, D.1, E.1",10/jun/2025,2/jun/2025,10/jun/2026,VIGENTE
MASCULINO,VENADO TUERTO,RENOVACIÓN,"A.2.1, E.1",10/jun/2025,3/jun/2025,10/jun/2026,VIGENTE
MASCULINO,VENADO TUERTO,RENOVACIÓN,E.1,10/jun/2025,5/jun/2025,10/jun/2026,VIGENTE
MASCULINO,VENADO TUERTO,RENOVACIÓN,B.2,10/jun/2025,10/jun/2025,10/jun/2026,VIGENTE
MASCULINO,VENADO TUERTO,DUPLICADO POR CAMBIO DE DATOS,B.1,10/jun/2025,10/jun/2025,9/may/2030,VIGENTE
MASCULINO,VENADO TUERTO,RENOVACIÓN,B.2,10/jun/2025,10/jun/2025,10/jun/2030,VIGENTE
MASCULINO,VENADO TUERTO,ORIGINAL,A.2.1,10/jun/2025,10/jun/2025,10/jun/2030,VIGENTE
MASCULINO,VENADO TUERTO,RENOVACIÓN,"A.3, D.1",10/jun/2025,10/jun/2025,10/jun/2026,VIGENTE
MASCULINO,VENADO TUERTO,RENOVACIÓN,B.2,10/jun/2025,10/jun/2025,10/jun/2026,VIGENTE
MASCULINO,VENADO TUERTO,RENOVACIÓN CON AMPLIACIÓN,"A.2.2, B.2",10/jun/2025,10/jun/2025,10/jun/2030,VIGENTE
MASCULINO,VENADO TUERTO,RENOVACIÓN,"A.3, B.1",10/jun/2025,10/jun/2025,10/jun/2030,VIGENTE
MASCULINO,VENADO TUERTO,RENOVACIÓN,B.1,10/jun/2025,10/jun/2025,10/jun/2030,VIGENTE
MASCULINO,VENADO TUERTO,RENOVACIÓN,D.1,10/jun/2025,10/jun/2025,10/jun/2026,VIGENTE
FEMENINO,VENADO TUERTO,RENOVACIÓN CON AMPLIACIÓN,"A.2.1, B.2",10/jun/2025,10/jun/2025,10/jun/2030,VIGENTE
FEMENINO,VENADO TUERTO,RENOVACIÓN,B.2,10/jun/2025,10/jun/2025,10/jun/2026,VIGENTE
FEMENINO,VENADO TUERTO,RENOVACIÓN,B.2,10/jun/2025,10/jun/2025,10/jun/2026,VIGENTE
FEMENINO,VENADO TUERTO,ORIGINAL,B.1,10/jun/2025,10/jun/2025,10/jun/2030,VIGENTE
MASCULINO,VENADO TUERTO,RENOVACIÓN,B.2,10/jun/2025,10/jun/2025,10/jun/2026,VIGENTE
MASCULINO,VENADO TUERTO,RENOVACIÓN,B.2,10/jun/2025,10/jun/2025,10/jun/2026,VIGENTE
FEMENINO,VENADO TUERTO,ORIGINAL,A.2.1,10/jun/2025,10/jun/2025,10/jun/2030,VIGENTE
FEMENINO,VENADO TUERTO,RENOVACIÓN,"A.2.1, B.2",10/jun/2025,10/jun/2025,10/jun/2030,VIGENTE
FEMENINO,VENADO TUERTO,RENOVACIÓN,"A.2.1, B.2",10/jun/2025,10/jun/2025,10/jun/2030,VIGENTE
MASCULINO,VENADO TUERTO,ORIGINAL,"A.2.2, B.1, D.3",10/jun/2025,10/jun/2025,10/jun/2027,VIGENTE
FEMENINO,VENADO TUERTO,RENOVACIÓN,"A.2.1, B.1",10/jun/2025,10/jun/2025,10/jun/2030,VIGENTE
MASCULINO,VENADO TUERTO,RENOVACIÓN,"A.2.1, E.1",10/jun/2025,10/jun/2025,10/oct/2025,VIGENTE
MASCULINO,VENADO TUERTO,RENOVACIÓN,"A.2.2, E.1",10/jun/2025,10/jun/2025,10/jun/2026,VIGENTE
FEMENINO,VENADO TUERTO,ORIGINAL,B.1,10/jun/2025,10/jun/2025,10/jun/2030,VIGENTE
MASCULINO,VENADO TUERTO,RENOVACIÓN,A.2.1,10/jun/2025,10/jun/2025,10/jun/2028,VIGENTE
MASCULINO,VENADO TUERTO,RENOVACIÓN,B.2,10/jun/2025,10/jun/2025,10/jun/2026,VIGENTE
MASCULINO,VENADO TUERTO,RENOVACIÓN,B.2,10/jun/2025,10/jun/2025,10/jun/2026,VIGENTE
MASCULINO,VENADO TUERTO,ORIGINAL,B.1,10/jun/2025,10/jun/2025,10/jun/2030,VIGENTE
FEMENINO,VENADO TUERTO,RENOVACIÓN,B.2,10/jun/2025,10/jun/2025,10/jun/2030,VIGENTE
MASCULINO,VENADO TUERTO,RENOVACIÓN,"A.2.1, B.2",10/jun/2025,10/jun/2025,10/jun/2030,VIGENTE
MASCULINO,VENADO TUERTO,RENOVACIÓN,"A.2.1, E.1",10/jun/2025,10/jun/2025,10/jun/2026,VIGENTE
MASCULINO,VENADO TUERTO,RENOVACIÓN,B.1,10/jun/2025,10/jun/2025,10/jun/2026,VIGENTE
MASCULINO,VENADO TUERTO,RENOVACIÓN,"A.2.1, B.2",10/jun/2025,10/jun/2025,10/jun/2030,VIGENTE
FEMENINO,VENADO TUERTO,ORIGINAL,"A.2.1, B.1",10/jun/2025,10/jun/2025,10/jun/2030,VIGENTE
MASCULINO,VENADO TUERTO,RENOVACIÓN,B.2,10/jun/2025,10/jun/2025,10/jun/2026,VIGENTE
FEMENINO,VENADO TUERTO,RENOVACIÓN CON AMPLIACIÓN,"A.2.1, B.1",10/jun/2025,10/jun/2025,10/jun/2030,VIGENTE
FEMENINO,VENADO TUERTO,ORIGINAL,A.2.1,10/jun/2025,10/jun/2025,10/jun/2026,VIGENTE
MASCULINO,VENADO TUERTO,RENOVACIÓN,B.2,10/jun/2025,10/jun/2025,10/jun/2026,VIGENTE
MASCULINO,VENADO TUERTO,RENOVACIÓN CON AMPLIACIÓN,B.1,10/jun/2025,10/jun/2025,10/jun/2030,VIGENTE
MASCULINO,VENADO TUERTO,RENOVACIÓN,B.2,10/jun/2025,10/jun/2025,10/jun/2026,VIGENTE
MASCULINO,VENADO TUERTO,RENOVACIÓN,B.2,10/jun/2025,10/jun/2025,10/jun/2030,VIGENTE
MASCULINO,VENADO TUERTO,RENOVACIÓN CON AMPLIACIÓN,"A.2.1, B.2",10/jun/2025,10/jun/2025,10/jun/2030,VIGENTE
MASCULINO,VENADO TUERTO,ORIGINAL,A.2.1,11/jun/2025,14/mar/2025,11/jun/2026,VIGENTE
MASCULINO,VENADO TUERTO,RENOVACIÓN,"A.2.1, E.1",11/jun/2025,27/may/2025,11/jun/2026,VIGENTE
FEMENINO,VENADO TUERTO,ORIGINAL,"A.2.1, B.1",11/jun/2025,11/jun/2025,11/jun/2030,VIGENTE
MASCULINO,VENADO TUERTO,RENOVACIÓN,"A.2.2, D.1",11/jun/2025,11/jun/2025,11/jun/2026,VIGENTE
FEMENINO,VENADO TUERTO,ORIGINAL,A.2.1,11/jun/2025,11/jun/2025,11/jun/2030,VIGENTE
MASCULINO,SAN EDUARDO,RENOVACIÓN,"A.3, B.2",11/jun/2025,11/jun/2025,11/jun/2030,VIGENTE
MASCULINO,VENADO TUERTO,RENOVACIÓN,"A.2.1, B.1",11/jun/2025,11/jun/2025,11/jun/2030,VIGENTE
MASCULINO,VENADO TUERTO,RENOVACIÓN,"A.2.2, E.1, G.1",11/jun/2025,11/jun/2025,11/jun/2026,VIGENTE
MASCULINO,VENADO TUERTO,RENOVACIÓN,"A.2.1, B.2, G.1, G.2",11/jun/2025,11/jun/2025,11/jun/2030,VIGENTE
MASCULINO,VENADO TUERTO,RENOVACIÓN,B.2,11/jun/2025,11/jun/2025,11/jun/2028,VIGENTE
MASCULINO,VENADO TUERTO,RENOVACIÓN,A.2.1,11/jun/2025,11/jun/2025,11/jun/2030,VIGENTE
MASCULINO,VENADO TUERTO,RENOVACIÓN,B.2,11/jun/2025,11/jun/2025,11/jun/2030,VIGENTE
MASCULINO,VENADO TUERTO,RENOVACIÓN,"D.1, D.3, E.1",11/jun/2025,11/jun/2025,11/jun/2026,VIGENTE
MASCULINO,VENADO TUERTO,RENOVACIÓN,B.2,11/jun/2025,11/jun/2025,11/jun/2030,VIGENTE
MASCULINO,VENADO TUERTO,RENOVACIÓN,"A.2.2, E.1, E.2, G.1",11/jun/2025,11/jun/2025,11/jun/2026,VIGENTE
MASCULINO,VENADO TUERTO,RENOVACIÓN,B.1,11/jun/2025,11/jun/2025,11/jun/2026,VIGENTE
MASCULINO,VENADO TUERTO,RENOVACIÓN,B.2,11/jun/2025,11/jun/2025,11/jun/2026,VIGENTE
MASCULINO,VENADO TUERTO,ORIGINAL,B.2,11/jun/2025,11/jun/2025,11/jun/2030,VIGENTE
MASCULINO,VENADO TUERTO,ORIGINAL,B.2,11/jun/2025,11/jun/2025,11/jun/2028,VIGENTE
MASCULINO,VENADO TUERTO,RENOVACIÓN,B.2,11/jun/2025,11/jun/2025,11/jun/2026,VIGENTE
FEMENINO,VENADO TUERTO,ORIGINAL,A.2.1,11/jun/2025,11/jun/2025,11/jun/2026,VIGENTE
FEMENINO,VENADO TUERTO,DUPLICADO,"A.2.1, B.1",11/jun/2025,11/jun/2025,26/dic/2025,VIGENTE
MASCULINO,VENADO TUERTO,RENOVACIÓN,B.2,11/jun/2025,11/jun/2025,11/jun/2028,VIGENTE
MASCULINO,VENADO TUERTO,RENOVACIÓN,"A.3, B.2",11/jun/2025,11/jun/2025,11/jun/2030,VIGENTE
FEMENINO,VENADO TUERTO,RENOVACIÓN,B.2,11/jun/2025,11/jun/2025,11/jun/2026,VIGENTE
MASCULINO,VENADO TUERTO,RENOVACIÓN,B.2,11/jun/2025,11/jun/2025,11/jun/2026,VIGENTE
MASCULINO,VENADO TUERTO,RENOVACIÓN,"A.2.1, C",11/jun/2025,11/jun/2025,11/jun/2026,VIGENTE
MASCULINO,VENADO TUERTO,RENOVACIÓN,B.1,11/jun/2025,11/jun/2025,11/jun/2026,VIGENTE
MASCULINO,VENADO TUERTO,RENOVACIÓN,"A.2.1, B.2",11/jun/2025,11/jun/2025,11/jun/2026,VIGENTE
MASCULINO,VENADO TUERTO,RENOVACIÓN,"A.2.2, B.2",11/jun/2025,11/jun/2025,11/jun/2030,VIGENTE
MASCULINO,VENADO TUERTO,RENOVACIÓN,B.2,11/jun/2025,11/jun/2025,11/jun/2026,VIGENTE
MASCULINO,VENADO TUERTO,RENOVACIÓN,"A.2.1, B.1",11/jun/2025,11/jun/2025,11/jun/2030,VIGENTE
MASCULINO,VENADO TUERTO,RENOVACIÓN,"A.2.1, B.2",11/jun/2025,11/jun/2025,11/jun/2030,VIGENTE
FEMENINO,VENADO TUERTO,RENOVACIÓN,"A.3, B.2",11/jun/2025,11/jun/2025,11/jun/2030,VIGENTE
MASCULINO,VENADO TUERTO,RENOVACIÓN,"A.2.1, B.2",11/jun/2025,11/jun/2025,11/jun/2030,VIGENTE
FEMENINO,VENADO TUERTO,RENOVACIÓN CON AMPLIACIÓN,"A.2.1, B.1",11/jun/2025,11/jun/2025,11/jun/2030,VIGENTE
MASCULINO,VENADO TUERTO,RENOVACIÓN,A.2.1,11/jun/2025,11/jun/2025,11/jun/2028,VIGENTE
FEMENINO,VENADO TUERTO,RENOVACIÓN,B.1,11/jun/2025,11/jun/2025,11/jun/2026,VIGENTE
MASCULINO,VENADO TUERTO,RENOVACIÓN,"A.2.1, D.1, D.3, E.1",11/jun/2025,11/jun/2025,11/jun/2027,VIGENTE
MASCULINO,VENADO TUERTO,RENOVACIÓN,"A.2.1, B.2",11/jun/2025,11/jun/2025,11/jun/2026,VIGENTE
FEMENINO,VENADO TUERTO,RENOVACIÓN CON AMPLIACIÓN,B.2,11/jun/2025,11/jun/2025,11/jun/2030,VIGENTE
MASCULINO,VENADO TUERTO,RENOVACIÓN,B.2,11/jun/2025,11/jun/2025,11/jun/2026,VIGENTE
MASCULINO,VENADO TUERTO,RENOVACIÓN,B.2,11/jun/2025,11/jun/2025,11/jun/2030,VIGENTE
FEMENINO,VENADO TUERTO,RENOVACIÓN,B.2,11/jun/2025,11/jun/2025,11/jun/2026,VIGENTE
MASCULINO,VENADO TUERTO,RENOVACIÓN,"A.3, B.2",11/jun/2025,11/jun/2025,11/jun/2030,VIGENTE
MASCULINO,VENADO TUERTO,ORIGINAL,B.1,11/jun/2025,11/jun/2025,11/jun/2030,VIGENTE
FEMENINO,VENADO TUERTO,RENOVACIÓN,"A.2.1, B.1",11/jun/2025,11/jun/2025,11/jun/2030,VIGENTE
MASCULINO,VENADO TUERTO,RENOVACIÓN CON AMPLIACIÓN,"A.3, D.1, D.3",11/jun/2025,11/jun/2025,11/jun/2027,VIGENTE
MASCULINO,VENADO TUERTO,RENOVACIÓN,B.2,11/jun/2025,11/jun/2025,11/jun/2026,VIGENTE
MASCULINO,VENADO TUERTO,RENOVACIÓN,"A.3, B.2, D.1",11/jun/2025,11/jun/2025,11/jun/2026,VIGENTE
MASCULINO,SAN EDUARDO,RENOVACIÓN,"A.2.1, B.1",11/jun/2025,11/jun/2025,11/jun/2028,VIGENTE
FEMENINO,VENADO TUERTO,RENOVACIÓN,B.2,11/jun/2025,11/jun/2025,11/jun/2030,VIGENTE
FEMENINO,VENADO TUERTO,RENOVACIÓN CON AMPLIACIÓN,"A.2.1, B.2",11/jun/2025,11/jun/2025,11/jun/2030,VIGENTE
MASCULINO,VENADO TUERTO,RENOVACIÓN,E.1,11/jun/2025,11/jun/2025,11/feb/2026,VIGENTE
MASCULINO,VENADO TUERTO,RENOVACIÓN,"A.2.1, B.2, E.2",12/jun/2025,23/may/2025,12/jun/2026,VIGENTE
FEMENINO,VENADO TUERTO,ORIGINAL,A.2.1,12/jun/2025,30/may/2025,12/jun/2030,VIGENTE
MASCULINO,VENADO TUERTO,RENOVACIÓN,"A.2.1, E.1",12/jun/2025,6/jun/2025,12/jun/2026,VIGENTE
FEMENINO,VENADO TUERTO,RENOVACIÓN CON AMPLIACIÓN,"A.2.1, B.2",12/jun/2025,6/jun/2025,12/jun/2030,VIGENTE
MASCULINO,VENADO TUERTO,RENOVACIÓN CON AMPLIACIÓN,"A.3, B.2",12/jun/2025,11/jun/2025,12/jun/2030,VIGENTE
MASCULINO,VENADO TUERTO,ORIGINAL,"A.2.1, B.1",12/jun/2025,12/jun/2025,12/jun/2026,VIGENTE
MASCULINO,VENADO TUERTO,RENOVACIÓN,"A.2.1, B.2",12/jun/2025,12/jun/2025,12/jun/2030,VIGENTE
MASCULINO,VENADO TUERTO,RENOVACIÓN,"A.2.1, B.1, G.1",12/jun/2025,12/jun/2025,12/jun/2028,VIGENTE
MASCULINO,VENADO TUERTO,ORIGINAL,"A.2.1, B.2",12/jun/2025,12/jun/2025,12/jun/2030,VIGENTE
FEMENINO,VENADO TUERTO,RENOVACIÓN,B.2,12/jun/2025,12/jun/2025,12/jun/2026,VIGENTE
FEMENINO,VENADO TUERTO,RENOVACIÓN,B.2,12/jun/2025,12/jun/2025,12/jun/2026,VIGENTE
MASCULINO,VENADO TUERTO,RENOVACIÓN,"A.2.1, B.2",12/jun/2025,12/jun/2025,12/jun/2028,VIGENTE
MASCULINO,VENADO TUERTO,RENOVACIÓN,"A.2.1, B.1",12/jun/2025,12/jun/2025,12/jun/2030,VIGENTE
MASCULINO,VENADO TUERTO,RENOVACIÓN CON AMPLIACIÓN,"A.3, B.2",12/jun/2025,12/jun/2025,12/jun/2030,VIGENTE
MASCULINO,VENADO TUERTO,ORIGINAL,B.2,12/jun/2025,12/jun/2025,12/jun/2030,VIGENTE
FEMENINO,VENADO TUERTO,RENOVACIÓN,B.2,12/jun/2025,12/jun/2025,12/jun/2026,VIGENTE
FEMENINO,VENADO TUERTO,RENOVACIÓN CON AMPLIACIÓN,"A.2.1, B.1",12/jun/2025,12/jun/2025,12/jun/2030,VIGENTE
FEMENINO,VENADO TUERTO,RENOVACIÓN,B.2,12/jun/2025,12/jun/2025,12/jun/2026,VIGENTE
MASCULINO,VENADO TUERTO,RENOVACIÓN,B.2,12/jun/2025,12/jun/2025,12/jun/2026,VIGENTE
FEMENINO,VENADO TUERTO,RENOVACIÓN,A.2.1,12/jun/2025,12/jun/2025,12/jun/2030,VIGENTE
MASCULINO,VENADO TUERTO,ORIGINAL,A.2.1,12/jun/2025,12/jun/2025,12/jun/2030,VIGENTE
FEMENINO,VENADO TUERTO,RENOVACIÓN,B.1,12/jun/2025,12/jun/2025,12/jun/2030,VIGENTE
MASCULINO,VENADO TUERTO,RENOVACIÓN,B.2,12/jun/2025,12/jun/2025,12/jun/2028,VIGENTE
FEMENINO,VENADO TUERTO,RENOVACIÓN CON AMPLIACIÓN,"A.2.1, B.1",12/jun/2025,12/jun/2025,12/jun/2030,VIGENTE
MASCULINO,VENADO TUERTO,RENOVACIÓN,"A.2.1, B.2",12/jun/2025,12/jun/2025,12/jun/2030,VIGENTE
FEMENINO,VENADO TUERTO,RENOVACIÓN,A.2.1,12/jun/2025,12/jun/2025,12/jun/2030,VIGENTE
FEMENINO,VENADO TUERTO,ORIGINAL,"A.3, B.2",12/jun/2025,12/jun/2025,12/jun/2030,VIGENTE
FEMENINO,VENADO TUERTO,RENOVACIÓN,B.2,12/jun/2025,12/jun/2025,12/jun/2026,VIGENTE
FEMENINO,VENADO TUERTO,RENOVACIÓN,A.2.1,12/jun/2025,12/jun/2025,12/jun/2028,VIGENTE
MASCULINO,VENADO TUERTO,RENOVACIÓN,"A.2.1, B.2",12/jun/2025,12/jun/2025,12/jun/2030,VIGENTE
MASCULINO,VENADO TUERTO,RENOVACIÓN,"A.2.2, B.1, E.2",12/jun/2025,12/jun/2025,12/jun/2027,VIGENTE
FEMENINO,VENADO TUERTO,RENOVACIÓN,B.2,12/jun/2025,12/jun/2025,12/jun/2026,VIGENTE
MASCULINO,VENADO TUERTO,RENOVACIÓN,B.2,12/jun/2025,12/jun/2025,12/jun/2026,VIGENTE
FEMENINO,VENADO TUERTO,RENOVACIÓN,"A.2.1, B.1",12/jun/2025,12/jun/2025,12/jun/2030,VIGENTE
MASCULINO,VENADO TUERTO,ORIGINAL,"A.3, B.2",12/jun/2025,12/jun/2025,12/jun/2030,VIGENTE
MASCULINO,VENADO TUERTO,RENOVACIÓN,B.2,12/jun/2025,12/jun/2025,12/jun/2026,VIGENTE
MASCULINO,VENADO TUERTO,RENOVACIÓN,"A.2.1, B.2",12/jun/2025,12/jun/2025,12/jun/2030,VIGENTE
FEMENINO,VENADO TUERTO,ORIGINAL,B.1,12/jun/2025,12/jun/2025,12/jun/2030,VIGENTE
FEMENINO,VENADO TUERTO,RENOVACIÓN,B.2,12/jun/2025,12/jun/2025,12/jun/2026,VIGENTE
FEMENINO,VENADO TUERTO,RENOVACIÓN,B.2,12/jun/2025,12/jun/2025,12/jun/2026,VIGENTE
MASCULINO,VENADO TUERTO,RENOVACIÓN,"A.2.1, B.1, G.1, G.2",12/jun/2025,12/jun/2025,12/jun/2030,VIGENTE
MASCULINO,VENADO TUERTO,RENOVACIÓN CON AMPLIACIÓN,"A.2.2, B.1",12/jun/2025,12/jun/2025,12/jun/2030,VIGENTE
FEMENINO,VENADO TUERTO,ORIGINAL,A.2.1,12/jun/2025,12/jun/2025,12/jun/2030,VIGENTE
MASCULINO,VENADO TUERTO,ORIGINAL,"A.2.1, B.1",12/jun/2025,12/jun/2025,12/jun/2030,VIGENTE
FEMENINO,VENADO TUERTO,ORIGINAL,A.2.1,12/jun/2025,12/jun/2025,12/jun/2026,VIGENTE
FEMENINO,VENADO TUERTO,RENOVACIÓN CON AMPLIACIÓN,"A.3, B.2",12/jun/2025,12/jun/2025,12/jun/2030,VIGENTE
MASCULINO,VENADO TUERTO,ORIGINAL,B.1,13/jun/2025,2/jun/2025,13/jun/2026,VIGENTE
MASCULINO,VENADO TUERTO,RENOVACIÓN,E.1,13/jun/2025,10/jun/2025,13/jun/2026,VIGENTE
MASCULINO,VENADO TUERTO,RENOVACIÓN,E.1,13/jun/2025,12/jun/2025,13/jun/2026,VIGENTE
MASCULINO,VENADO TUERTO,RENOVACIÓN,B.2,13/jun/2025,13/jun/2025,13/jun/2026,VIGENTE
MASCULINO,VENADO TUERTO,RENOVACIÓN CON AMPLIACIÓN,A.2.2,13/jun/2025,13/jun/2025,13/jun/2030,VIGENTE
FEMENINO,VENADO TUERTO,RENOVACIÓN,B.2,13/jun/2025,13/jun/2025,13/jun/2030,VIGENTE
MASCULINO,VENADO TUERTO,RENOVACIÓN,"A.2.2, B.2",13/jun/2025,13/jun/2025,13/jun/2030,VIGENTE
FEMENINO,VENADO TUERTO,RENOVACIÓN CON AMPLIACIÓN,"A.2.2, B.1",13/jun/2025,13/jun/2025,13/jun/2030,VIGENTE
MASCULINO,VENADO TUERTO,RENOVACIÓN,B.2,13/jun/2025,13/jun/2025,13/jun/2028,VIGENTE
FEMENINO,VENADO TUERTO,ORIGINAL,B.1,13/jun/2025,13/jun/2025,13/jun/2030,VIGENTE
MASCULINO,VENADO TUERTO,RENOVACIÓN,"A.2.1, B.2",13/jun/2025,13/jun/2025,13/jun/2028,VIGENTE
MASCULINO,VENADO TUERTO,RENOVACIÓN,B.2,13/jun/2025,13/jun/2025,13/jun/2026,VIGENTE
MASCULINO,VENADO TUERTO,RENOVACIÓN,B.2,13/jun/2025,13/jun/2025,13/jun/2026,VIGENTE
MASCULINO,VENADO TUERTO,RENOVACIÓN,B.2,13/jun/2025,13/jun/2025,13/jun/2026,VIGENTE
MASCULINO,VENADO TUERTO,RENOVACIÓN,B.2,13/jun/2025,13/jun/2025,13/jun/2026,VIGENTE
MASCULINO,VENADO TUERTO,RENOVACIÓN,"A.2.2, B.2, D.1",13/jun/2025,13/jun/2025,13/jun/2026,VIGENTE
FEMENINO,VENADO TUERTO,RENOVACIÓN,B.2,13/jun/2025,13/jun/2025,13/jun/2030,VIGENTE
MASCULINO,VENADO TUERTO,RENOVACIÓN,"A.3, B.2",13/jun/2025,13/jun/2025,13/jun/2030,VIGENTE
MASCULINO,VENADO TUERTO,RENOVACIÓN,"A.3, E.1",13/jun/2025,13/jun/2025,13/jun/2026,VIGENTE
MASCULINO,VENADO TUERTO,RENOVACIÓN,B.2,13/jun/2025,13/jun/2025,13/jun/2026,VIGENTE
MASCULINO,VENADO TUERTO,RENOVACIÓN,B.2,13/jun/2025,13/jun/2025,13/jun/2026,VIGENTE
MASCULINO,VENADO TUERTO,RENOVACIÓN,B.2,13/jun/2025,13/jun/2025,13/jun/2026,VIGENTE
FEMENINO,VENADO TUERTO,RENOVACIÓN,B.2,13/jun/2025,13/jun/2025,13/jun/2026,VIGENTE
FEMENINO,VENADO TUERTO,RENOVACIÓN,B.2,13/jun/2025,13/jun/2025,13/jun/2026,VIGENTE
FEMENINO,VENADO TUERTO,RENOVACIÓN,B.2,13/jun/2025,13/jun/2025,13/jun/2030,VIGENTE
FEMENINO,VENADO TUERTO,RENOVACIÓN,B.2,13/jun/2025,13/jun/2025,13/jun/2026,VIGENTE
MASCULINO,VENADO TUERTO,ORIGINAL,"A.2.1, B.1",13/jun/2025,13/jun/2025,13/jun/2026,VIGENTE
MASCULINO,VENADO TUERTO,RENOVACIÓN,"A.3, B.2",13/jun/2025,13/jun/2025,13/jun/2030,VIGENTE
MASCULINO,VENADO TUERTO,RENOVACIÓN,"A.2.1, E.1, G.1, G.2",13/jun/2025,13/jun/2025,13/ene/2026,VIGENTE
FEMENINO,VENADO TUERTO,ORIGINAL,B.1,13/jun/2025,13/jun/2025,13/jun/2030,VIGENTE
MASCULINO,VENADO TUERTO,RENOVACIÓN,B.2,13/jun/2025,13/jun/2025,13/jun/2026,VIGENTE
MASCULINO,VENADO TUERTO,RENOVACIÓN,"A.2.1, B.2",13/jun/2025,13/jun/2025,13/jun/2026,VIGENTE
MASCULINO,VENADO TUERTO,RENOVACIÓN,"A.2.1, E.1",13/jun/2025,13/jun/2025,13/nov/2025,VIGENTE
MASCULINO,VENADO TUERTO,RENOVACIÓN,"A.2.1, B.1",13/jun/2025,13/jun/2025,13/jun/2028,VIGENTE
MASCULINO,VENADO TUERTO,RENOVACIÓN,E.1,13/jun/2025,13/jun/2025,13/jun/2027,VIGENTE
FEMENINO,VENADO TUERTO,RENOVACIÓN,B.2,13/jun/2025,13/jun/2025,13/jun/2026,VIGENTE
FEMENINO,VENADO TUERTO,RENOVACIÓN,"A.2.1, B.1",13/jun/2025,13/jun/2025,13/jun/2028,VIGENTE
MASCULINO,VENADO TUERTO,RENOVACIÓN,B.2,13/jun/2025,13/jun/2025,13/jun/2026,VIGENTE
FEMENINO,VENADO TUERTO,RENOVACIÓN,B.2,13/jun/2025,13/jun/2025,13/jun/2026,VIGENTE
MASCULINO,VENADO TUERTO,RENOVACIÓN,"A.2.1, B.1",13/jun/2025,13/jun/2025,13/jun/2030,VIGENTE
MASCULINO,VENADO TUERTO,RENOVACIÓN,"A.2.1, B.2",13/jun/2025,13/jun/2025,13/jun/2030,VIGENTE
FEMENINO,VENADO TUERTO,RENOVACIÓN,B.2,13/jun/2025,13/jun/2025,13/jun/2030,VIGENTE
MASCULINO,VENADO TUERTO,RENOVACIÓN,"B.2, D.1",13/jun/2025,13/jun/2025,13/jun/2026,VIGENTE
MASCULINO,VENADO TUERTO,RENOVACIÓN CON AMPLIACIÓN,"A.2.1, B.1",13/jun/2025,13/jun/2025,13/jun/2030,VIGENTE
MASCULINO,VENADO TUERTO,RENOVACIÓN,"A.2.1, B.2, G.1",17/jun/2025,21/feb/2025,17/jun/2026,VIGENTE
FEMENINO,VENADO TUERTO,ORIGINAL,A.2.1,17/jun/2025,6/may/2025,17/jun/2030,VIGENTE
MASCULINO,VENADO TUERTO,ORIGINAL,A.2.1,17/jun/2025,19/may/2025,17/jun/2030,VIGENTE
FEMENINO,VENADO TUERTO,ORIGINAL,"A.2.1, B.1",17/jun/2025,21/may/2025,17/jun/2030,VIGENTE
FEMENINO,VENADO TUERTO,RENOVACIÓN CON AMPLIACIÓN,A.2.2,17/jun/2025,27/may/2025,17/jun/2030,VIGENTE
MASCULINO,VENADO TUERTO,ORIGINAL,A.2.1,17/jun/2025,2/jun/2025,17/jun/2026,VIGENTE
FEMENINO,VENADO TUERTO,ORIGINAL,"A.2.1, B.1",17/jun/2025,4/jun/2025,17/jun/2030,VIGENTE
MASCULINO,VENADO TUERTO,ORIGINAL,A.2.1,17/jun/2025,6/jun/2025,17/jun/2030,VIGENTE
MASCULINO,VENADO TUERTO,RENOVACIÓN,"A.2.2, E.1",17/jun/2025,10/jun/2025,17/jun/2026,VIGENTE
FEMENINO,VENADO TUERTO,ORIGINAL,A.2.1,17/jun/2025,12/jun/2025,17/jun/2030,VIGENTE
MASCULINO,VENADO TUERTO,RENOVACIÓN,B.2,17/jun/2025,17/jun/2025,17/jun/2026,VIGENTE
MASCULINO,VENADO TUERTO,RENOVACIÓN,"A.2.1, E.1, G.1",17/jun/2025,17/jun/2025,17/jun/2027,VIGENTE
MASCULINO,VENADO TUERTO,RENOVACIÓN,E.1,17/jun/2025,17/jun/2025,17/jun/2026,VIGENTE
MASCULINO,VENADO TUERTO,RENOVACIÓN CON AMPLIACIÓN,"A.2.1, B.1",17/jun/2025,17/jun/2025,17/jun/2028,VIGENTE
MASCULINO,VENADO TUERTO,RENOVACIÓN,B.2,17/jun/2025,17/jun/2025,17/jun/2026,VIGENTE
FEMENINO,VENADO TUERTO,RENOVACIÓN,"A.2.1, B.2",17/jun/2025,17/jun/2025,17/jun/2030,VIGENTE
MASCULINO,VENADO TUERTO,RENOVACIÓN,E.1,17/jun/2025,17/jun/2025,17/jun/2026,VIGENTE
MASCULINO,VENADO TUERTO,RENOVACIÓN,B.1,17/jun/2025,17/jun/2025,17/jun/2030,VIGENTE
FEMENINO,VENADO TUERTO,ORIGINAL,B.1,17/jun/2025,17/jun/2025,17/jun/2030,VIGENTE
MASCULINO,VENADO TUERTO,RENOVACIÓN,"A.2.1, B.2",17/jun/2025,17/jun/2025,17/jun/2026,VIGENTE
MASCULINO,VENADO TUERTO,RENOVACIÓN,"A.2.1, B.1",17/jun/2025,17/jun/2025,17/jun/2028,VIGENTE
FEMENINO,VENADO TUERTO,RENOVACIÓN,B.1,17/jun/2025,17/jun/2025,17/jun/2030,VIGENTE
MASCULINO,VENADO TUERTO,RENOVACIÓN CON AMPLIACIÓN,"A.3, B.1",17/jun/2025,17/jun/2025,17/jun/2030,VIGENTE
MASCULINO,VENADO TUERTO,RENOVACIÓN,B.1,17/jun/2025,17/jun/2025,17/jun/2030,VIGENTE
MASCULINO,VENADO TUERTO,RENOVACIÓN,B.2,17/jun/2025,17/jun/2025,17/jun/2030,VIGENTE
MASCULINO,VENADO TUERTO,ORIGINAL,B.2,17/jun/2025,17/jun/2025,17/jun/2030,VIGENTE
FEMENINO,VENADO TUERTO,RENOVACIÓN,B.1,17/jun/2025,17/jun/2025,17/jun/2030,VIGENTE
MASCULINO,VENADO TUERTO,ORIGINAL,"A.2.1, B.2",17/jun/2025,17/jun/2025,17/jun/2030,VIGENTE
MASCULINO,VENADO TUERTO,RENOVACIÓN CON AMPLIACIÓN,"A.3, B.2",17/jun/2025,17/jun/2025,17/jun/2030,VIGENTE
MASCULINO,VENADO TUERTO,RENOVACIÓN,"A.2.1, B.1",17/jun/2025,17/jun/2025,17/jun/2030,VIGENTE
MASCULINO,VENADO TUERTO,RENOVACIÓN CON AMPLIACIÓN,"A.2.1, B.1",17/jun/2025,17/jun/2025,17/jun/2030,VIGENTE
FEMENINO,VENADO TUERTO,RENOVACIÓN,B.2,17/jun/2025,17/jun/2025,17/jun/2028,VIGENTE
MASCULINO,VENADO TUERTO,RENOVACIÓN,B.2,17/jun/2025,17/jun/2025,17/jun/2026,VIGENTE
MASCULINO,VENADO TUERTO,RENOVACIÓN,"A.2.2, B.2",17/jun/2025,17/jun/2025,17/jun/2030,VIGENTE
FEMENINO,VENADO TUERTO,ORIGINAL,A.2.1,17/jun/2025,17/jun/2025,17/jun/2026,VIGENTE
FEMENINO,VENADO TUERTO,RENOVACIÓN CON AMPLIACIÓN,"A.2.2, B.1",17/jun/2025,17/jun/2025,17/jun/2030,VIGENTE
MASCULINO,VENADO TUERTO,RENOVACIÓN,"A.2.1, B.2",17/jun/2025,17/jun/2025,17/jun/2030,VIGENTE
MASCULINO,VENADO TUERTO,RENOVACIÓN,B.2,17/jun/2025,17/jun/2025,17/jun/2026,VIGENTE
MASCULINO,VENADO TUERTO,RENOVACIÓN,"A.2.2, B.2, E.2",17/jun/2025,17/jun/2025,17/jun/2026,VIGENTE
MASCULINO,VENADO TUERTO,RENOVACIÓN,D.1,17/jun/2025,17/jun/2025,17/jun/2026,VIGENTE
FEMENINO,VENADO TUERTO,ORIGINAL,"A.2.1, B.1",17/jun/2025,17/jun/2025,17/jun/2030,VIGENTE
FEMENINO,VENADO TUERTO,RENOVACIÓN,A.2.1,17/jun/2025,17/jun/2025,17/jun/2030,VIGENTE
MASCULINO,VENADO TUERTO,RENOVACIÓN,"B.2, G.1, G.2",17/jun/2025,17/jun/2025,17/jun/2030,VIGENTE
MASCULINO,VENADO TUERTO,RENOVACIÓN,B.1,17/jun/2025,17/jun/2025,17/jun/2030,VIGENTE
FEMENINO,VENADO TUERTO,RENOVACIÓN,"A.2.1, B.1",17/jun/2025,17/jun/2025,17/jun/2030,VIGENTE
MASCULINO,VENADO TUERTO,RENOVACIÓN CON AMPLIACIÓN,"A.2.2, E.1",17/jun/2025,17/jun/2025,17/jun/2027,VIGENTE
MASCULINO,VENADO TUERTO,RENOVACIÓN CON AMPLIACIÓN,A.2.2,17/jun/2025,17/jun/2025,17/jun/2030,VIGENTE
MASCULINO,VENADO TUERTO,RENOVACIÓN,B.2,17/jun/2025,17/jun/2025,17/jun/2026,VIGENTE
MASCULINO,VENADO TUERTO,RENOVACIÓN,E.1,17/jun/2025,17/jun/2025,17/feb/2026,VIGENTE
MASCULINO,VENADO TUERTO,ORIGINAL,B.2,17/jun/2025,17/jun/2025,17/jun/2030,VIGENTE
MASCULINO,VENADO TUERTO,RENOVACIÓN,B.1,17/jun/2025,17/jun/2025,17/jun/2030,VIGENTE
MASCULINO,VENADO TUERTO,RENOVACIÓN,A.2.1,18/jun/2025,21/ene/2025,18/jun/2030,VIGENTE
MASCULINO,VENADO TUERTO,ORIGINAL,A.2.1,18/jun/2025,5/jun/2025,18/jun/2030,VIGENTE
FEMENINO,VENADO TUERTO,ORIGINAL,A.2.1,18/jun/2025,5/jun/2025,18/jun/2030,VIGENTE
MASCULINO,VENADO TUERTO,ORIGINAL,"A.2.1, B.1",18/jun/2025,6/jun/2025,18/jun/2026,VIGENTE
MASCULINO,VENADO TUERTO,RENOVACIÓN,"E.1, G.1, G.2",18/jun/2025,9/jun/2025,18/jun/2026,VIGENTE
FEMENINO,VENADO TUERTO,RENOVACIÓN,B.2,18/jun/2025,10/jun/2025,18/jun/2026,VIGENTE
MASCULINO,VENADO TUERTO,ORIGINAL,"A.2.1, B.2",18/jun/2025,13/jun/2025,18/jun/2030,VIGENTE
MASCULINO,VENADO TUERTO,ORIGINAL,A.2.1,18/jun/2025,17/jun/2025,18/jun/2030,VIGENTE
MASCULINO,VENADO TUERTO,RENOVACIÓN,"A.2.1, B.1",18/jun/2025,18/jun/2025,18/jun/2030,VIGENTE
FEMENINO,VENADO TUERTO,RENOVACIÓN,B.2,18/jun/2025,18/jun/2025,18/jun/2026,VIGENTE
FEMENINO,VENADO TUERTO,RENOVACIÓN CON AMPLIACIÓN,"A.2.1, B.1",18/jun/2025,18/jun/2025,18/jun/2030,VIGENTE
MASCULINO,VENADO TUERTO,RENOVACIÓN,B.2,18/jun/2025,18/jun/2025,18/jun/2026,VIGENTE
FEMENINO,SAN EDUARDO,RENOVACIÓN,B.2,18/jun/2025,18/jun/2025,18/jun/2030,VIGENTE
MASCULINO,VENADO TUERTO,RENOVACIÓN,"A.2.2, B.2, D.3",18/jun/2025,18/jun/2025,18/jun/2027,VIGENTE
FEMENINO,VENADO TUERTO,RENOVACIÓN,B.2,18/jun/2025,18/jun/2025,18/jun/2026,VIGENTE
MASCULINO,VENADO TUERTO,RENOVACIÓN,B.2,18/jun/2025,18/jun/2025,18/jun/2028,VIGENTE
MASCULINO,VENADO TUERTO,RENOVACIÓN,B.2,18/jun/2025,18/jun/2025,18/jun/2026,VIGENTE
FEMENINO,VENADO TUERTO,RENOVACIÓN,"A.2.2, B.2",18/jun/2025,18/jun/2025,18/jun/2030,VIGENTE
FEMENINO,VENADO TUERTO,RENOVACIÓN,"A.2.1, B.1",18/jun/2025,18/jun/2025,18/jun/2030,VIGENTE
FEMENINO,VENADO TUERTO,RENOVACIÓN,B.2,18/jun/2025,18/jun/2025,18/jun/2026,VIGENTE
FEMENINO,VENADO TUERTO,RENOVACIÓN,"A.2.1, B.1",18/jun/2025,18/jun/2025,18/jun/2030,VIGENTE
MASCULINO,VENADO TUERTO,RENOVACIÓN CON AMPLIACIÓN,"A.2.2, B.1",18/jun/2025,18/jun/2025,18/jun/2030,VIGENTE
MASCULINO,VENADO TUERTO,RENOVACIÓN,B.2,18/jun/2025,18/jun/2025,18/jun/2026,VIGENTE
MASCULINO,VENADO TUERTO,RENOVACIÓN,E.1,18/jun/2025,18/jun/2025,18/jun/2026,VIGENTE
FEMENINO,VENADO TUERTO,RENOVACIÓN,B.2,18/jun/2025,18/jun/2025,18/jun/2028,VIGENTE
MASCULINO,VENADO TUERTO,RENOVACIÓN,B.2,18/jun/2025,18/jun/2025,18/jun/2028,VIGENTE
FEMENINO,VENADO TUERTO,ORIGINAL,A.2.1,18/jun/2025,18/jun/2025,18/jun/2026,VIGENTE
FEMENINO,VENADO TUERTO,RENOVACIÓN,"A.2.1, B.2",18/jun/2025,18/jun/2025,18/jun/2030,VIGENTE
MASCULINO,VENADO TUERTO,RENOVACIÓN,"A.2.1, E.1",18/jun/2025,18/jun/2025,18/jun/2026,VIGENTE
FEMENINO,VENADO TUERTO,RENOVACIÓN,B.2,18/jun/2025,18/jun/2025,18/jun/2026,VIGENTE
MASCULINO,VENADO TUERTO,RENOVACIÓN,B.2,18/jun/2025,18/jun/2025,18/jun/2028,VIGENTE
MASCULINO,VENADO TUERTO,ORIGINAL,"A.2.1, B.1",18/jun/2025,18/jun/2025,18/jun/2026,VIGENTE
MASCULINO,VENADO TUERTO,RENOVACIÓN,B.2,18/jun/2025,18/jun/2025,18/jun/2026,VIGENTE
MASCULINO,VENADO TUERTO,RENOVACIÓN CON AMPLIACIÓN,"A.2.1, B.1",18/jun/2025,18/jun/2025,18/jun/2028,VIGENTE
MASCULINO,VENADO TUERTO,RENOVACIÓN,B.1,18/jun/2025,18/jun/2025,18/jun/2026,VIGENTE
FEMENINO,VENADO TUERTO,RENOVACIÓN,"A.2.1, B.2",18/jun/2025,18/jun/2025,18/jun/2030,VIGENTE
FEMENINO,VENADO TUERTO,ORIGINAL,A.2.1,18/jun/2025,18/jun/2025,18/jun/2030,VIGENTE
MASCULINO,VENADO TUERTO,RENOVACIÓN,B.1,18/jun/2025,18/jun/2025,18/jun/2030,VIGENTE
MASCULINO,VENADO TUERTO,RENOVACIÓN CON AMPLIACIÓN,"A.2.1, B.1",18/jun/2025,18/jun/2025,18/jun/2028,VIGENTE
MASCULINO,VENADO TUERTO,RENOVACIÓN,"A.2.1, B.2",18/jun/2025,18/jun/2025,18/jun/2026,VIGENTE
MASCULINO,VENADO TUERTO,RENOVACIÓN,A.2.1,18/jun/2025,18/jun/2025,18/jun/2030,VIGENTE
FEMENINO,VENADO TUERTO,ORIGINAL,A.2.1,18/jun/2025,18/jun/2025,18/jun/2030,VIGENTE
MASCULINO,VENADO TUERTO,RENOVACIÓN,B.2,18/jun/2025,18/jun/2025,18/jun/2026,VIGENTE
FEMENINO,VENADO TUERTO,RENOVACIÓN,B.1,18/jun/2025,18/jun/2025,18/jun/2028,VIGENTE
MASCULINO,VENADO TUERTO,RENOVACIÓN,B.1,18/jun/2025,18/jun/2025,18/jun/2030,VIGENTE
MASCULINO,VENADO TUERTO,RENOVACIÓN,"A.2.1, B.1",18/jun/2025,18/jun/2025,18/jun/2028,VIGENTE
MASCULINO,VENADO TUERTO,RENOVACIÓN,B.2,18/jun/2025,18/jun/2025,18/jun/2030,VIGENTE
MASCULINO,VENADO TUERTO,RENOVACIÓN,B.2,18/jun/2025,18/jun/2025,18/jun/2026,VIGENTE
MASCULINO,VENADO TUERTO,ORIGINAL,A.2.1,19/jun/2025,4/jun/2025,19/jun/2030,VIGENTE
MASCULINO,VENADO TUERTO,RENOVACIÓN,"A.2.2, E.1",19/jun/2025,4/jun/2025,19/jun/2026,VIGENTE
FEMENINO,VENADO TUERTO,RENOVACIÓN,A.2.1,19/jun/2025,5/jun/2025,19/jun/2030,VIGENTE
MASCULINO,VENADO TUERTO,RENOVACIÓN CON AMPLIACIÓN,"A.3, B.1",19/jun/2025,5/jun/2025,19/jun/2030,VIGENTE
MASCULINO,VENADO TUERTO,RENOVACIÓN,"A.3, E.1",19/jun/2025,6/jun/2025,19/jun/2026,VIGENTE
MASCULINO,VENADO TUERTO,RENOVACIÓN,A.2.1,19/jun/2025,13/jun/2025,19/jun/2028,VIGENTE
FEMENINO,VENADO TUERTO,RENOVACIÓN CON AMPLIACIÓN,"A.2.1, B.1",19/jun/2025,18/jun/2025,19/jun/2030,VIGENTE
MASCULINO,VENADO TUERTO,RENOVACIÓN,"A.2.1, E.1",19/jun/2025,18/jun/2025,19/ago/2025,VIGENTE
MASCULINO,VENADO TUERTO,RENOVACIÓN,B.2,19/jun/2025,19/jun/2025,19/jun/2026,VIGENTE
FEMENINO,VENADO TUERTO,RENOVACIÓN,A.2.1,19/jun/2025,19/jun/2025,19/jun/2030,VIGENTE
FEMENINO,VENADO TUERTO,RENOVACIÓN,B.1,19/jun/2025,19/jun/2025,19/jun/2026,VIGENTE
FEMENINO,VENADO TUERTO,RENOVACIÓN,A.2.1,19/jun/2025,19/jun/2025,19/jun/2030,VIGENTE
MASCULINO,VENADO TUERTO,RENOVACIÓN CON AMPLIACIÓN,"A.2.2, B.1",19/jun/2025,19/jun/2025,19/jun/2030,VIGENTE
MASCULINO,VENADO TUERTO,RENOVACIÓN,B.2,19/jun/2025,19/jun/2025,19/jun/2026,VIGENTE
FEMENINO,VENADO TUERTO,RENOVACIÓN,B.1,19/jun/2025,19/jun/2025,19/jun/2026,VIGENTE
FEMENINO,VENADO TUERTO,RENOVACIÓN,"A.2.1, B.1",19/jun/2025,19/jun/2025,19/jun/2030,VIGENTE
MASCULINO,VENADO TUERTO,RENOVACIÓN,B.1,19/jun/2025,19/jun/2025,19/jun/2028,VIGENTE
MASCULINO,VENADO TUERTO,RENOVACIÓN,"A.2.1, B.2",19/jun/2025,19/jun/2025,19/jun/2030,VIGENTE
FEMENINO,VENADO TUERTO,RENOVACIÓN,"A.2.1, B.2",19/jun/2025,19/jun/2025,19/jun/2030,VIGENTE
FEMENINO,VENADO TUERTO,RENOVACIÓN,"A.2.1, B.1",19/jun/2025,19/jun/2025,19/jun/2030,VIGENTE
FEMENINO,VENADO TUERTO,RENOVACIÓN,A.2.1,19/jun/2025,19/jun/2025,19/jun/2030,VIGENTE
MASCULINO,VENADO TUERTO,RENOVACIÓN,B.2,19/jun/2025,19/jun/2025,19/jun/2026,VIGENTE
FEMENINO,VENADO TUERTO,ORIGINAL,B.1,19/jun/2025,19/jun/2025,19/jun/2026,VIGENTE
MASCULINO,VENADO TUERTO,RENOVACIÓN CON AMPLIACIÓN,"A.2.1, D.1, E.1, E.2",19/jun/2025,19/jun/2025,19/feb/2027,VIGENTE
FEMENINO,VENADO TUERTO,ORIGINAL,A.2.1,19/jun/2025,19/jun/2025,19/jun/2026,VIGENTE
MASCULINO,VENADO TUERTO,RENOVACIÓN,"A.3, B.2, G.1",19/jun/2025,19/jun/2025,19/jun/2030,VIGENTE
FEMENINO,VENADO TUERTO,RENOVACIÓN,"A.2.1, B.1",19/jun/2025,19/jun/2025,19/jun/2030,VIGENTE
FEMENINO,VENADO TUERTO,ORIGINAL,A.2.1,19/jun/2025,19/jun/2025,19/jun/2030,VIGENTE
MASCULINO,VENADO TUERTO,ORIGINAL,"A.3, B.2",19/jun/2025,19/jun/2025,19/jun/2030,VIGENTE
FEMENINO,VENADO TUERTO,RENOVACIÓN CON AMPLIACIÓN,"A.2.1, B.1",19/jun/2025,19/jun/2025,19/jun/2030,VIGENTE
FEMENINO,SAN EDUARDO,RENOVACIÓN,"A.2.1, B.2",19/jun/2025,19/jun/2025,19/jun/2030,VIGENTE
MASCULINO,VENADO TUERTO,RENOVACIÓN,A.2.2,19/jun/2025,19/jun/2025,19/jun/2030,VIGENTE
MASCULINO,VENADO TUERTO,RENOVACIÓN,A.2.1,19/jun/2025,19/jun/2025,19/jun/2028,VIGENTE
MASCULINO,VENADO TUERTO,RENOVACIÓN,"A.2.2, B.2",19/jun/2025,19/jun/2025,19/jun/2030,VIGENTE
MASCULINO,VENADO TUERTO,RENOVACIÓN,B.2,19/jun/2025,19/jun/2025,19/jun/2026,VIGENTE
MASCULINO,VENADO TUERTO,RENOVACIÓN,"A.2.1, B.2",19/jun/2025,19/jun/2025,19/jun/2026,VIGENTE
FEMENINO,SAN EDUARDO,RENOVACIÓN,B.2,19/jun/2025,19/jun/2025,19/jun/2030,VIGENTE
MASCULINO,VENADO TUERTO,RENOVACIÓN CON AMPLIACIÓN,"A.3, B.2",19/jun/2025,19/jun/2025,19/jun/2030,VIGENTE
MASCULINO,VENADO TUERTO,ORIGINAL,A.2.1,19/jun/2025,19/jun/2025,19/jun/2030,VIGENTE
MASCULINO,VENADO TUERTO,RENOVACIÓN,"A.2.1, B.2",19/jun/2025,19/jun/2025,19/jun/2030,VIGENTE
MASCULINO,VENADO TUERTO,RENOVACIÓN,"B.2, G.1, G.2",19/jun/2025,19/jun/2025,19/jun/2030,VIGENTE
MASCULINO,VENADO TUERTO,RENOVACIÓN,"A.2.1, B.2",19/jun/2025,19/jun/2025,19/jun/2030,VIGENTE
MASCULINO,VENADO TUERTO,RENOVACIÓN,"A.2.1, B.1",19/jun/2025,19/jun/2025,19/jun/2030,VIGENTE
FEMENINO,VENADO TUERTO,RENOVACIÓN,B.2,19/jun/2025,19/jun/2025,19/jun/2028,VIGENTE
MASCULINO,SAN EDUARDO,RENOVACIÓN,B.2,19/jun/2025,19/jun/2025,19/jun/2026,VIGENTE
MASCULINO,VENADO TUERTO,RENOVACIÓN,"A.2.1, B.2",19/jun/2025,19/jun/2025,19/jun/2028,VIGENTE
MASCULINO,VENADO TUERTO,RENOVACIÓN,B.1,19/jun/2025,19/jun/2025,19/jun/2026,VIGENTE
MASCULINO,VENADO TUERTO,RENOVACIÓN,B.2,19/jun/2025,19/jun/2025,19/jun/2026,VIGENTE
FEMENINO,VENADO TUERTO,RENOVACIÓN,B.1,19/jun/2025,19/jun/2025,19/jun/2030,VIGENTE
FEMENINO,VENADO TUERTO,ORIGINAL,A.2.1,19/jun/2025,19/jun/2025,19/jun/2030,VIGENTE
FEMENINO,VENADO TUERTO,RENOVACIÓN,B.2,19/jun/2025,19/jun/2025,19/jun/2026,VIGENTE
MASCULINO,VENADO TUERTO,RENOVACIÓN,"A.2.1, B.2",19/jun/2025,19/jun/2025,19/jun/2030,VIGENTE
FEMENINO,VENADO TUERTO,RENOVACIÓN,B.2,19/jun/2025,19/jun/2025,19/jun/2030,VIGENTE
MASCULINO,VENADO TUERTO,RENOVACIÓN,B.1,19/jun/2025,19/jun/2025,19/jun/2028,VIGENTE
FEMENINO,VENADO TUERTO,RENOVACIÓN CON AMPLIACIÓN,"A.3, B.2",19/jun/2025,19/jun/2025,19/jun/2030,VIGENTE
FEMENINO,VENADO TUERTO,RENOVACIÓN,A.2.1,19/jun/2025,19/jun/2025,19/jun/2030,VIGENTE
MASCULINO,VENADO TUERTO,ORIGINAL,"A.2.1, B.1",23/jun/2025,13/mar/2025,23/jun/2030,VIGENTE
FEMENINO,VENADO TUERTO,ORIGINAL,A.2.1,23/jun/2025,27/may/2025,23/jun/2030,VIGENTE
MASCULINO,VENADO TUERTO,RENOVACIÓN CON AMPLIACIÓN,"A.2.2, B.2",23/jun/2025,4/jun/2025,23/jun/2030,VIGENTE
MASCULINO,VENADO TUERTO,ORIGINAL,A.2.1,23/jun/2025,9/jun/2025,23/jun/2026,VIGENTE
FEMENINO,VENADO TUERTO,ORIGINAL,A.2.1,23/jun/2025,10/jun/2025,23/jun/2030,VIGENTE
FEMENINO,VENADO TUERTO,RENOVACIÓN,D.1,23/jun/2025,12/jun/2025,23/jun/2026,VIGENTE
FEMENINO,VENADO TUERTO,ORIGINAL,"A.2.1, B.2, G.1, G.2",23/jun/2025,12/jun/2025,23/jun/2030,VIGENTE
MASCULINO,VENADO TUERTO,RENOVACIÓN,E.1,23/jun/2025,13/jun/2025,23/jun/2026,VIGENTE
MASCULINO,VENADO TUERTO,RENOVACIÓN,"A.2.2, E.1",23/jun/2025,13/jun/2025,23/jun/2026,VIGENTE
MASCULINO,VENADO TUERTO,RENOVACIÓN,B.2,23/jun/2025,23/jun/2025,23/jun/2026,VIGENTE
MASCULINO,VENADO TUERTO,RENOVACIÓN,B.2,23/jun/2025,23/jun/2025,23/jun/2026,VIGENTE
MASCULINO,VENADO TUERTO,RENOVACIÓN CON AMPLIACIÓN,"A.2.2, B.2, D.1, D.3",23/jun/2025,23/jun/2025,23/jun/2027,VIGENTE
MASCULINO,VENADO TUERTO,RENOVACIÓN,B.2,23/jun/2025,23/jun/2025,23/jun/2026,VIGENTE
MASCULINO,VENADO TUERTO,RENOVACIÓN,"A.3, D.3, E.1, E.2",23/jun/2025,23/jun/2025,23/jun/2026,VIGENTE
FEMENINO,VENADO TUERTO,RENOVACIÓN,B.2,23/jun/2025,23/jun/2025,23/jun/2028,VIGENTE
MASCULINO,VENADO TUERTO,RENOVACIÓN,"A.2.1, B.1",23/jun/2025,23/jun/2025,23/jun/2030,VIGENTE
FEMENINO,VENADO TUERTO,RENOVACIÓN,A.2.1,23/jun/2025,23/jun/2025,23/jun/2030,VIGENTE
MASCULINO,VENADO TUERTO,RENOVACIÓN,B.2,23/jun/2025,23/jun/2025,23/jun/2030,VIGENTE
FEMENINO,VENADO TUERTO,RENOVACIÓN,B.2,23/jun/2025,23/jun/2025,23/jun/2026,VIGENTE
FEMENINO,VENADO TUERTO,RENOVACIÓN,B.2,23/jun/2025,23/jun/2025,23/jun/2026,VIGENTE
MASCULINO,VENADO TUERTO,RENOVACIÓN,B.2,23/jun/2025,23/jun/2025,23/jun/2030,VIGENTE
MASCULINO,VENADO TUERTO,RENOVACIÓN,D.1,23/jun/2025,23/jun/2025,23/jun/2026,VIGENTE
FEMENINO,VENADO TUERTO,RENOVACIÓN,"A.2.1, B.1",23/jun/2025,23/jun/2025,23/jun/2030,VIGENTE
FEMENINO,VENADO TUERTO,RENOVACIÓN,B.2,23/jun/2025,23/jun/2025,23/jun/2030,VIGENTE
MASCULINO,VENADO TUERTO,RENOVACIÓN,"A.2.1, E.1",23/jun/2025,23/jun/2025,23/mar/2026,VIGENTE
MASCULINO,VENADO TUERTO,RENOVACIÓN,B.2,23/jun/2025,23/jun/2025,23/jun/2026,VIGENTE
MASCULINO,VENADO TUERTO,RENOVACIÓN,"A.2.1, B.1",23/jun/2025,23/jun/2025,23/jun/2028,VIGENTE
MASCULINO,VENADO TUERTO,ORIGINAL,B.1,23/jun/2025,23/jun/2025,23/jun/2026,VIGENTE
FEMENINO,VENADO TUERTO,RENOVACIÓN,B.2,23/jun/2025,23/jun/2025,23/jun/2030,VIGENTE
FEMENINO,VENADO TUERTO,ORIGINAL,A.2.1,23/jun/2025,23/jun/2025,23/jun/2030,VIGENTE
MASCULINO,VENADO TUERTO,RENOVACIÓN,B.2,23/jun/2025,23/jun/2025,23/jun/2028,VIGENTE
MASCULINO,VENADO TUERTO,RENOVACIÓN CON AMPLIACIÓN,"A.2.2, B.2",23/jun/2025,23/jun/2025,23/jun/2030,VIGENTE
MASCULINO,VENADO TUERTO,RENOVACIÓN,"A.3, B.2",23/jun/2025,23/jun/2025,23/jun/2030,VIGENTE
MASCULINO,VENADO TUERTO,RENOVACIÓN,"A.2.2, B.2, G.1, G.2",23/jun/2025,23/jun/2025,23/jun/2030,VIGENTE
MASCULINO,VENADO TUERTO,RENOVACIÓN,B.1,23/jun/2025,23/jun/2025,23/jun/2030,VIGENTE
MASCULINO,VENADO TUERTO,RENOVACIÓN,B.1,23/jun/2025,23/jun/2025,23/jun/2026,VIGENTE
MASCULINO,VENADO TUERTO,RENOVACIÓN,B.2,23/jun/2025,23/jun/2025,23/jun/2026,VIGENTE
MASCULINO,VENADO TUERTO,RENOVACIÓN,B.1,23/jun/2025,23/jun/2025,23/jun/2028,VIGENTE
FEMENINO,VENADO TUERTO,RENOVACIÓN,B.1,23/jun/2025,23/jun/2025,23/jun/2030,VIGENTE
MASCULINO,VENADO TUERTO,RENOVACIÓN,"A.3, B.2",23/jun/2025,23/jun/2025,23/jun/2030,VIGENTE
MASCULINO,VENADO TUERTO,RENOVACIÓN,B.1,23/jun/2025,23/jun/2025,23/jun/2026,VIGENTE
MASCULINO,VENADO TUERTO,RENOVACIÓN,B.2,23/jun/2025,23/jun/2025,23/jun/2030,VIGENTE
MASCULINO,VENADO TUERTO,RENOVACIÓN,"A.2.2, E.1",23/jun/2025,23/jun/2025,23/jun/2027,VIGENTE
FEMENINO,VENADO TUERTO,DUPLICADO,"A.2.1, B.1",23/jun/2025,23/jun/2025,27/mar/2030,VIGENTE
FEMENINO,VENADO TUERTO,RENOVACIÓN,A.2.1,23/jun/2025,23/jun/2025,23/jun/2030,VIGENTE
MASCULINO,VENADO TUERTO,RENOVACIÓN,"A.2.1, B.1",23/jun/2025,23/jun/2025,23/jun/2030,VIGENTE
MASCULINO,VENADO TUERTO,ORIGINAL,B.2,24/jun/2025,30/abr/2025,24/jun/2026,VIGENTE
MASCULINO,VENADO TUERTO,ORIGINAL,A.2.1,24/jun/2025,13/jun/2025,24/jun/2026,VIGENTE
FEMENINO,VENADO TUERTO,ORIGINAL,A.2.1,24/jun/2025,13/jun/2025,24/jun/2026,VIGENTE
MASCULINO,SAN EDUARDO,RENOVACIÓN,E.1,24/jun/2025,17/jun/2025,24/jun/2026,VIGENTE
FEMENINO,VENADO TUERTO,RENOVACIÓN,B.2,24/jun/2025,18/jun/2025,24/jun/2030,VIGENTE
MASCULINO,VENADO TUERTO,RENOVACIÓN,E.1,24/jun/2025,18/jun/2025,24/jun/2026,VIGENTE
FEMENINO,VENADO TUERTO,RENOVACIÓN,B.2,24/jun/2025,24/jun/2025,24/jun/2026,VIGENTE
MASCULINO,VENADO TUERTO,RENOVACIÓN,"E.1, E.2, G.1, G.2",24/jun/2025,24/jun/2025,24/jun/2026,VIGENTE
FEMENINO,VENADO TUERTO,RENOVACIÓN CON AMPLIACIÓN,"A.2.1, B.1",24/jun/2025,24/jun/2025,24/jun/2030,VIGENTE
MASCULINO,VENADO TUERTO,RENOVACIÓN,"A.2.1, B.1",24/jun/2025,24/jun/2025,24/jun/2030,VIGENTE
MASCULINO,VENADO TUERTO,RENOVACIÓN,"A.2.1, B.1",24/jun/2025,24/jun/2025,24/jun/2030,VIGENTE
FEMENINO,VENADO TUERTO,RENOVACIÓN,B.2,24/jun/2025,24/jun/2025,24/jun/2026,VIGENTE
MASCULINO,VENADO TUERTO,RENOVACIÓN,"A.3, B.2",24/jun/2025,24/jun/2025,24/jun/2030,VIGENTE
MASCULINO,VENADO TUERTO,RENOVACIÓN,"A.2.1, B.1",24/jun/2025,24/jun/2025,24/jun/2030,VIGENTE
FEMENINO,VENADO TUERTO,RENOVACIÓN,B.2,24/jun/2025,24/jun/2025,24/jun/2026,VIGENTE
FEMENINO,VENADO TUERTO,RENOVACIÓN,B.2,24/jun/2025,24/jun/2025,24/jun/2026,VIGENTE
FEMENINO,VENADO TUERTO,RENOVACIÓN,"A.2.1, B.2",24/jun/2025,24/jun/2025,24/jun/2030,VIGENTE
MASCULINO,VENADO TUERTO,ORIGINAL,A.2.1,24/jun/2025,24/jun/2025,24/jun/2026,VIGENTE
MASCULINO,SAN EDUARDO,RENOVACIÓN,"B.2, G.1, G.2",24/jun/2025,24/jun/2025,24/jun/2030,VIGENTE
MASCULINO,VENADO TUERTO,RENOVACIÓN,A.2.1,24/jun/2025,24/jun/2025,24/jun/2028,VIGENTE
MASCULINO,VENADO TUERTO,RENOVACIÓN,E.1,24/jun/2025,24/jun/2025,24/feb/2026,VIGENTE
MASCULINO,VENADO TUERTO,RENOVACIÓN,A.2.1,24/jun/2025,24/jun/2025,24/jun/2030,VIGENTE
MASCULINO,VENADO TUERTO,RENOVACIÓN,"A.2.1, E.1",24/jun/2025,24/jun/2025,24/mar/2026,VIGENTE
MASCULINO,VENADO TUERTO,RENOVACIÓN,B.2,24/jun/2025,24/jun/2025,24/jun/2028,VIGENTE
MASCULINO,VENADO TUERTO,RENOVACIÓN CON AMPLIACIÓN,"A.2.1, B.2",24/jun/2025,24/jun/2025,24/jun/2028,VIGENTE
MASCULINO,VENADO TUERTO,RENOVACIÓN,"A.2.1, B.2",24/jun/2025,24/jun/2025,24/jun/2030,VIGENTE
MASCULINO,VENADO TUERTO,RENOVACIÓN CON AMPLIACIÓN,"A.2.1, E.1",24/jun/2025,24/jun/2025,24/jun/2026,VIGENTE
FEMENINO,VENADO TUERTO,ORIGINAL,B.1,24/jun/2025,24/jun/2025,24/jun/2026,VIGENTE
MASCULINO,VENADO TUERTO,RENOVACIÓN,"A.2.2, E.1",24/jun/2025,24/jun/2025,24/ago/2026,VIGENTE
MASCULINO,VENADO TUERTO,RENOVACIÓN,"A.2.1, B.2",24/jun/2025,24/jun/2025,24/jun/2030,VIGENTE
MASCULINO,VENADO TUERTO,RENOVACIÓN,B.2,24/jun/2025,24/jun/2025,24/jun/2026,VIGENTE
MASCULINO,VENADO TUERTO,RENOVACIÓN,B.1,24/jun/2025,24/jun/2025,24/jun/2030,VIGENTE
MASCULINO,VENADO TUERTO,RENOVACIÓN,"A.3, E.1",24/jun/2025,24/jun/2025,24/jun/2026,VIGENTE
MASCULINO,VENADO TUERTO,RENOVACIÓN CON AMPLIACIÓN,"A.2.1, B.2",24/jun/2025,24/jun/2025,24/jun/2026,VIGENTE
FEMENINO,VENADO TUERTO,RENOVACIÓN,"A.2.1, B.2",24/jun/2025,24/jun/2025,24/jun/2026,VIGENTE
MASCULINO,VENADO TUERTO,RENOVACIÓN,"A.3, B.2",24/jun/2025,24/jun/2025,24/jun/2030,VIGENTE
FEMENINO,VENADO TUERTO,RENOVACIÓN,B.2,24/jun/2025,24/jun/2025,24/jun/2026,VIGENTE
FEMENINO,VENADO TUERTO,RENOVACIÓN,B.2,24/jun/2025,24/jun/2025,24/jun/2030,VIGENTE
MASCULINO,VENADO TUERTO,ORIGINAL,B.2,24/jun/2025,24/jun/2025,24/jun/2030,VIGENTE
MASCULINO,VENADO TUERTO,RENOVACIÓN,D.1,24/jun/2025,24/jun/2025,24/jun/2026,VIGENTE
MASCULINO,VENADO TUERTO,RENOVACIÓN,B.2,24/jun/2025,24/jun/2025,24/jun/2030,VIGENTE
FEMENINO,VENADO TUERTO,RENOVACIÓN,B.2,24/jun/2025,24/jun/2025,24/jun/2026,VIGENTE
FEMENINO,VENADO TUERTO,RENOVACIÓN,B.1,24/jun/2025,24/jun/2025,24/jun/2030,VIGENTE
MASCULINO,VENADO TUERTO,RENOVACIÓN,B.2,24/jun/2025,24/jun/2025,24/jun/2030,VIGENTE
FEMENINO,VENADO TUERTO,RENOVACIÓN,A.2.1,24/jun/2025,24/jun/2025,24/jun/2030,VIGENTE
FEMENINO,VENADO TUERTO,RENOVACIÓN,B.1,24/jun/2025,24/jun/2025,24/jun/2030,VIGENTE
MASCULINO,VENADO TUERTO,RENOVACIÓN CON AMPLIACIÓN,"A.2.1, B.2, G.1",24/jun/2025,24/jun/2025,24/jun/2030,VIGENTE
MASCULINO,VENADO TUERTO,RENOVACIÓN,"A.2.1, B.2",24/jun/2025,24/jun/2025,24/jun/2030,VIGENTE
MASCULINO,VENADO TUERTO,ORIGINAL,B.1,25/jun/2025,9/ene/2025,25/jun/2026,VIGENTE
MASCULINO,VENADO TUERTO,RENOVACIÓN,E.1,25/jun/2025,5/jun/2025,25/jun/2026,VIGENTE
FEMENINO,VENADO TUERTO,RENOVACIÓN CON AMPLIACIÓN,"A.2.1, B.1",25/jun/2025,17/jun/2025,25/jun/2030,VIGENTE
MASCULINO,VENADO TUERTO,RENOVACIÓN,"A.2.2, E.1",25/jun/2025,18/jun/2025,25/jun/2027,VIGENTE
MASCULINO,VENADO TUERTO,RENOVACIÓN CON AMPLIACIÓN,A.2.2,25/jun/2025,24/jun/2025,25/jun/2030,VIGENTE
MASCULINO,VENADO TUERTO,RENOVACIÓN,"A.2.2, B.1",25/jun/2025,25/jun/2025,25/jun/2030,VIGENTE
MASCULINO,VENADO TUERTO,RENOVACIÓN CON AMPLIACIÓN,"A.2.1, B.1",25/jun/2025,25/jun/2025,25/jun/2028,VIGENTE
MASCULINO,VENADO TUERTO,RENOVACIÓN,B.2,25/jun/2025,25/jun/2025,25/jun/2030,VIGENTE
MASCULINO,VENADO TUERTO,RENOVACIÓN CON AMPLIACIÓN,"A.2.2, B.2, D.1",25/jun/2025,25/jun/2025,25/jun/2026,VIGENTE
MASCULINO,VENADO TUERTO,DUPLICADO,A.2.1,25/jun/2025,25/jun/2025,4/abr/2026,VIGENTE
FEMENINO,VENADO TUERTO,RENOVACIÓN,"A.2.1, B.1",25/jun/2025,25/jun/2025,25/jun/2030,VIGENTE
MASCULINO,VENADO TUERTO,RENOVACIÓN,B.2,25/jun/2025,25/jun/2025,25/jun/2030,VIGENTE
MASCULINO,VENADO TUERTO,RENOVACIÓN,B.2,25/jun/2025,25/jun/2025,25/jun/2026,VIGENTE
FEMENINO,VENADO TUERTO,RENOVACIÓN,B.2,25/jun/2025,25/jun/2025,25/jun/2026,VIGENTE
MASCULINO,VENADO TUERTO,RENOVACIÓN,B.2,25/jun/2025,25/jun/2025,25/jun/2026,VIGENTE
FEMENINO,VENADO TUERTO,RENOVACIÓN,B.2,25/jun/2025,25/jun/2025,25/jun/2026,VIGENTE
MASCULINO,VENADO TUERTO,RENOVACIÓN,B.2,25/jun/2025,25/jun/2025,25/jun/2026,VIGENTE
FEMENINO,VENADO TUERTO,RENOVACIÓN,B.1,25/jun/2025,25/jun/2025,25/jun/2028,VIGENTE
MASCULINO,VENADO TUERTO,RENOVACIÓN,"A.3, E.1",25/jun/2025,25/jun/2025,25/sept/2025,VIGENTE
MASCULINO,VENADO TUERTO,RENOVACIÓN,"A.3, B.2",25/jun/2025,25/jun/2025,25/jun/2030,VIGENTE
FEMENINO,VENADO TUERTO,RENOVACIÓN,B.2,25/jun/2025,25/jun/2025,25/jun/2026,VIGENTE
FEMENINO,VENADO TUERTO,ORIGINAL,A.2.1,25/jun/2025,25/jun/2025,25/jun/2030,VIGENTE
FEMENINO,VENADO TUERTO,ORIGINAL,A.2.1,25/jun/2025,25/jun/2025,25/jun/2030,VIGENTE
MASCULINO,VENADO TUERTO,RENOVACIÓN,"A.2.1, B.2",25/jun/2025,25/jun/2025,25/jun/2030,VIGENTE
FEMENINO,VENADO TUERTO,ORIGINAL,B.1,25/jun/2025,25/jun/2025,25/jun/2026,VIGENTE
MASCULINO,VENADO TUERTO,ORIGINAL,A.2.1,25/jun/2025,25/jun/2025,25/jun/2026,VIGENTE
FEMENINO,VENADO TUERTO,RENOVACIÓN,A.2.1,25/jun/2025,25/jun/2025,25/jun/2028,VIGENTE
FEMENINO,VENADO TUERTO,RENOVACIÓN,"A.2.1, B.2",25/jun/2025,25/jun/2025,25/jun/2030,VIGENTE
MASCULINO,VENADO TUERTO,RENOVACIÓN,"A.2.1, B.2",25/jun/2025,25/jun/2025,25/jun/2030,VIGENTE
FEMENINO,VENADO TUERTO,RENOVACIÓN CON AMPLIACIÓN,"A.2.1, D.1",25/jun/2025,25/jun/2025,25/jun/2026,VIGENTE
MASCULINO,VENADO TUERTO,RENOVACIÓN,B.2,25/jun/2025,25/jun/2025,25/jun/2026,VIGENTE
MASCULINO,VENADO TUERTO,ORIGINAL,"A.3, B.2",25/jun/2025,25/jun/2025,25/jun/2030,VIGENTE
FEMENINO,VENADO TUERTO,RENOVACIÓN,A.2.1,25/jun/2025,25/jun/2025,25/jun/2030,VIGENTE
MASCULINO,VENADO TUERTO,RENOVACIÓN,B.2,25/jun/2025,25/jun/2025,25/jun/2028,VIGENTE
MASCULINO,VENADO TUERTO,RENOVACIÓN,"A.2.1, B.1",25/jun/2025,25/jun/2025,25/jun/2030,VIGENTE
MASCULINO,SAN EDUARDO,RENOVACIÓN,B.2,25/jun/2025,25/jun/2025,25/jun/2028,VIGENTE
MASCULINO,VENADO TUERTO,RENOVACIÓN,"A.2.2, B.2",25/jun/2025,25/jun/2025,25/jun/2026,VIGENTE
MASCULINO,VENADO TUERTO,RENOVACIÓN,"A.2.1, B.2",25/jun/2025,25/jun/2025,25/jun/2030,VIGENTE
FEMENINO,VENADO TUERTO,RENOVACIÓN,B.2,25/jun/2025,25/jun/2025,25/jun/2030,VIGENTE
FEMENINO,VENADO TUERTO,RENOVACIÓN,B.2,25/jun/2025,25/jun/2025,25/jun/2026,VIGENTE
MASCULINO,VENADO TUERTO,ORIGINAL,E.1,25/jun/2025,25/jun/2025,25/nov/2026,VIGENTE
MASCULINO,VENADO TUERTO,RENOVACIÓN,E.1,25/jun/2025,25/jun/2025,25/oct/2025,VIGENTE
MASCULINO,VENADO TUERTO,RENOVACIÓN,B.2,25/jun/2025,25/jun/2025,25/jun/2030,VIGENTE
FEMENINO,VENADO TUERTO,RENOVACIÓN,"A.3, B.1",25/jun/2025,25/jun/2025,25/jun/2030,VIGENTE
MASCULINO,VENADO TUERTO,ORIGINAL,A.2.1,26/jun/2025,13/jun/2025,26/jun/2026,VIGENTE
FEMENINO,VENADO TUERTO,ORIGINAL,B.1,26/jun/2025,19/jun/2025,26/jun/2030,VIGENTE
FEMENINO,VENADO TUERTO,ORIGINAL,"A.2.1, B.1",26/jun/2025,23/jun/2025,26/jun/2026,VIGENTE
MASCULINO,VENADO TUERTO,RENOVACIÓN,"A.2.2, B.2",26/jun/2025,24/jun/2025,26/jun/2030,VIGENTE
FEMENINO,VENADO TUERTO,ORIGINAL,A.2.1,26/jun/2025,26/jun/2025,26/jun/2030,VIGENTE
FEMENINO,VENADO TUERTO,ORIGINAL,A.2.1,26/jun/2025,26/jun/2025,26/jun/2030,VIGENTE
MASCULINO,VENADO TUERTO,RENOVACIÓN,"A.3, E.1, G.1, G.2",26/jun/2025,26/jun/2025,26/jun/2026,VIGENTE
MASCULINO,VENADO TUERTO,RENOVACIÓN,B.2,26/jun/2025,26/jun/2025,26/jun/2026,VIGENTE
MASCULINO,VENADO TUERTO,RENOVACIÓN,B.2,26/jun/2025,26/jun/2025,26/jun/2026,VIGENTE
MASCULINO,VENADO TUERTO,RENOVACIÓN,B.2,26/jun/2025,26/jun/2025,26/jun/2030,VIGENTE
MASCULINO,VENADO TUERTO,RENOVACIÓN,B.2,26/jun/2025,26/jun/2025,26/jun/2026,VIGENTE
MASCULINO,VENADO TUERTO,RENOVACIÓN,B.2,26/jun/2025,26/jun/2025,26/jun/2026,VIGENTE
MASCULINO,VENADO TUERTO,RENOVACIÓN,"A.3, B.2",26/jun/2025,26/jun/2025,26/jun/2030,VIGENTE
FEMENINO,VENADO TUERTO,RENOVACIÓN,B.2,26/jun/2025,26/jun/2025,26/jun/2026,VIGENTE
MASCULINO,SAN EDUARDO,RENOVACIÓN,B.2,26/jun/2025,26/jun/2025,26/jun/2026,VIGENTE
FEMENINO,VENADO TUERTO,RENOVACIÓN,A.2.1,26/jun/2025,26/jun/2025,26/jun/2028,VIGENTE
MASCULINO,VENADO TUERTO,ORIGINAL,A.2.1,26/jun/2025,26/jun/2025,26/jun/2026,VIGENTE
MASCULINO,VENADO TUERTO,ORIGINAL,"A.2.1, B.1",26/jun/2025,26/jun/2025,26/jun/2030,VIGENTE
FEMENINO,VENADO TUERTO,RENOVACIÓN,"A.2.1, B.1",26/jun/2025,26/jun/2025,26/jun/2028,VIGENTE
FEMENINO,VENADO TUERTO,RENOVACIÓN,B.2,26/jun/2025,26/jun/2025,26/jun/2030,VIGENTE
MASCULINO,VENADO TUERTO,RENOVACIÓN,B.2,26/jun/2025,26/jun/2025,26/jun/2026,VIGENTE
MASCULINO,VENADO TUERTO,RENOVACIÓN,B.2,26/jun/2025,26/jun/2025,26/jun/2030,VIGENTE
FEMENINO,VENADO TUERTO,RENOVACIÓN,"A.2.1, B.1",26/jun/2025,26/jun/2025,26/jun/2030,VIGENTE
MASCULINO,VENADO TUERTO,RENOVACIÓN,B.1,26/jun/2025,26/jun/2025,26/jun/2030,VIGENTE
MASCULINO,VENADO TUERTO,RENOVACIÓN,B.2,26/jun/2025,26/jun/2025,26/jun/2030,VIGENTE
MASCULINO,VENADO TUERTO,RENOVACIÓN,"A.2.1, B.2",26/jun/2025,26/jun/2025,26/jun/2026,VIGENTE
MASCULINO,VENADO TUERTO,RENOVACIÓN,"A.2.1, B.2",26/jun/2025,26/jun/2025,26/jun/2030,VIGENTE
MASCULINO,VENADO TUERTO,RENOVACIÓN,"A.2.1, B.2",26/jun/2025,26/jun/2025,26/jun/2030,VIGENTE
MASCULINO,VENADO TUERTO,ORIGINAL,"A.2.1, B.1",26/jun/2025,26/jun/2025,26/jun/2030,VIGENTE
MASCULINO,VENADO TUERTO,RENOVACIÓN,"A.2.1, B.2",26/jun/2025,26/jun/2025,26/jun/2030,VIGENTE
FEMENINO,VENADO TUERTO,RENOVACIÓN,B.2,26/jun/2025,26/jun/2025,26/jun/2026,VIGENTE
MASCULINO,VENADO TUERTO,RENOVACIÓN,"E.1, E.2",26/jun/2025,26/jun/2025,26/jun/2026,VIGENTE
FEMENINO,VENADO TUERTO,RENOVACIÓN,"A.2.1, B.2",26/jun/2025,26/jun/2025,26/jun/2030,VIGENTE
FEMENINO,VENADO TUERTO,RENOVACIÓN,A.2.1,26/jun/2025,26/jun/2025,26/jun/2030,VIGENTE
MASCULINO,VENADO TUERTO,RENOVACIÓN,"A.2.1, B.1, E.2",26/jun/2025,26/jun/2025,26/jun/2027,VIGENTE
FEMENINO,VENADO TUERTO,ORIGINAL,"A.2.1, B.1",26/jun/2025,26/jun/2025,26/jun/2030,VIGENTE
MASCULINO,VENADO TUERTO,RENOVACIÓN,"A.2.1, E.1",26/jun/2025,26/jun/2025,26/dic/2025,VIGENTE
FEMENINO,VENADO TUERTO,ORIGINAL,A.2.1,26/jun/2025,26/jun/2025,26/jun/2030,VIGENTE
MASCULINO,VENADO TUERTO,RENOVACIÓN,"A.2.1, B.2",26/jun/2025,26/jun/2025,26/jun/2030,VIGENTE
MASCULINO,VENADO TUERTO,RENOVACIÓN,B.1,26/jun/2025,26/jun/2025,26/jun/2030,VIGENTE
MASCULINO,VENADO TUERTO,RENOVACIÓN,B.2,26/jun/2025,26/jun/2025,26/jun/2026,VIGENTE
FEMENINO,VENADO TUERTO,RENOVACIÓN,B.2,26/jun/2025,26/jun/2025,26/jun/2026,VIGENTE
MASCULINO,VENADO TUERTO,RENOVACIÓN,"A.3, B.2, D.3",26/jun/2025,26/jun/2025,26/jun/2026,VIGENTE
MASCULINO,VENADO TUERTO,RENOVACIÓN,B.1,26/jun/2025,26/jun/2025,26/jun/2026,VIGENTE
FEMENINO,VENADO TUERTO,RENOVACIÓN,B.2,27/jun/2025,26/may/2025,27/jun/2026,VIGENTE
MASCULINO,VENADO TUERTO,RENOVACIÓN,E.1,27/jun/2025,5/jun/2025,27/jun/2026,VIGENTE
MASCULINO,VENADO TUERTO,ORIGINAL,A.2.2,27/jun/2025,17/jun/2025,27/jun/2030,VIGENTE
MASCULINO,VENADO TUERTO,ORIGINAL,"A.2.1, B.1",27/jun/2025,17/jun/2025,27/jun/2026,VIGENTE
MASCULINO,VENADO TUERTO,RENOVACIÓN,E.1,27/jun/2025,18/jun/2025,27/jun/2026,VIGENTE
MASCULINO,VENADO TUERTO,RENOVACIÓN,E.1,27/jun/2025,19/jun/2025,27/jun/2026,VIGENTE
FEMENINO,VENADO TUERTO,ORIGINAL,A.2.1,27/jun/2025,26/jun/2025,27/jun/2030,VIGENTE
FEMENINO,VENADO TUERTO,ORIGINAL,A.2.1,27/jun/2025,26/jun/2025,27/jun/2030,VIGENTE
MASCULINO,VENADO TUERTO,ORIGINAL,"A.2.1, B.1",27/jun/2025,26/jun/2025,27/jun/2026,VIGENTE
FEMENINO,VENADO TUERTO,RENOVACIÓN,"A.3, B.2",27/jun/2025,27/jun/2025,27/jun/2030,VIGENTE
MASCULINO,VENADO TUERTO,RENOVACIÓN,"A.2.1, B.1",27/jun/2025,27/jun/2025,27/jun/2028,VIGENTE
MASCULINO,VENADO TUERTO,RENOVACIÓN,B.2,27/jun/2025,27/jun/2025,27/jun/2026,VIGENTE
FEMENINO,VENADO TUERTO,RENOVACIÓN,B.2,27/jun/2025,27/jun/2025,27/jun/2030,VIGENTE
FEMENINO,VENADO TUERTO,RENOVACIÓN,B.2,27/jun/2025,27/jun/2025,27/jun/2026,VIGENTE
FEMENINO,VENADO TUERTO,RENOVACIÓN,A.2.1,27/jun/2025,27/jun/2025,27/jun/2026,VIGENTE
FEMENINO,VENADO TUERTO,RENOVACIÓN CON AMPLIACIÓN,"A.2.1, B.1",27/jun/2025,27/jun/2025,27/jun/2030,VIGENTE
FEMENINO,VENADO TUERTO,RENOVACIÓN,B.2,27/jun/2025,27/jun/2025,27/jun/2026,VIGENTE
MASCULINO,VENADO TUERTO,RENOVACIÓN,B.2,27/jun/2025,27/jun/2025,27/jun/2030,VIGENTE
FEMENINO,VENADO TUERTO,RENOVACIÓN,B.2,27/jun/2025,27/jun/2025,27/jun/2030,VIGENTE
FEMENINO,VENADO TUERTO,RENOVACIÓN,B.2,27/jun/2025,27/jun/2025,27/jun/2030,VIGENTE
MASCULINO,VENADO TUERTO,RENOVACIÓN,A.2.1,27/jun/2025,27/jun/2025,27/jun/2030,VIGENTE
MASCULINO,VENADO TUERTO,RENOVACIÓN CON AMPLIACIÓN,"A.3, B.2",27/jun/2025,27/jun/2025,27/jun/2030,VIGENTE
MASCULINO,VENADO TUERTO,RENOVACIÓN,"A.3, B.2",27/jun/2025,27/jun/2025,27/jun/2030,VIGENTE
MASCULINO,VENADO TUERTO,ORIGINAL,"A.2.1, B.2",27/jun/2025,27/jun/2025,27/jun/2030,VIGENTE
MASCULINO,VENADO TUERTO,RENOVACIÓN,"A.2.1, E.1",27/jun/2025,27/jun/2025,27/nov/2025,VIGENTE
MASCULINO,VENADO TUERTO,ORIGINAL,"A.3, B.2",27/jun/2025,27/jun/2025,27/jun/2030,VIGENTE
MASCULINO,SAN EDUARDO,RENOVACIÓN,B.2,27/jun/2025,27/jun/2025,27/jun/2030,VIGENTE
FEMENINO,VENADO TUERTO,RENOVACIÓN,A.2.1,27/jun/2025,27/jun/2025,27/jun/2028,VIGENTE
MASCULINO,VENADO TUERTO,RENOVACIÓN,B.2,27/jun/2025,27/jun/2025,27/jun/2026,VIGENTE
MASCULINO,VENADO TUERTO,RENOVACIÓN,B.2,27/jun/2025,27/jun/2025,27/jun/2026,VIGENTE
FEMENINO,VENADO TUERTO,RENOVACIÓN,A.2.1,27/jun/2025,27/jun/2025,27/jun/2028,VIGENTE
MASCULINO,VENADO TUERTO,RENOVACIÓN,"B.2, G.1",27/jun/2025,27/jun/2025,27/jun/2030,VIGENTE
MASCULINO,VENADO TUERTO,RENOVACIÓN,"A.3, B.2",27/jun/2025,27/jun/2025,27/jun/2030,VIGENTE
MASCULINO,VENADO TUERTO,RENOVACIÓN,"A.2.1, B.2",27/jun/2025,27/jun/2025,27/jun/2030,VIGENTE
MASCULINO,VENADO TUERTO,RENOVACIÓN,B.2,27/jun/2025,27/jun/2025,27/jun/2026,VIGENTE
MASCULINO,VENADO TUERTO,RENOVACIÓN,B.1,27/jun/2025,27/jun/2025,27/jun/2030,VIGENTE
FEMENINO,VENADO TUERTO,RENOVACIÓN,"A.2.1, B.2",27/jun/2025,27/jun/2025,27/jun/2030,VIGENTE
MASCULINO,VENADO TUERTO,RENOVACIÓN,B.1,27/jun/2025,27/jun/2025,27/jun/2030,VIGENTE
MASCULINO,VENADO TUERTO,RENOVACIÓN,"A.2.1, B.2",27/jun/2025,27/jun/2025,27/jun/2030,VIGENTE
FEMENINO,VENADO TUERTO,RENOVACIÓN,B.1,27/jun/2025,27/jun/2025,27/jun/2030,VIGENTE
MASCULINO,VENADO TUERTO,RENOVACIÓN CON AMPLIACIÓN,"A.3, B.2",27/jun/2025,27/jun/2025,27/jun/2030,VIGENTE
MASCULINO,VENADO TUERTO,RENOVACIÓN,B.2,27/jun/2025,27/jun/2025,27/jun/2026,VIGENTE
MASCULINO,VENADO TUERTO,RENOVACIÓN,E.1,27/jun/2025,27/jun/2025,27/nov/2025,VIGENTE
FEMENINO,VENADO TUERTO,RENOVACIÓN,"A.2.1, B.1",27/jun/2025,27/jun/2025,27/jun/2030,VIGENTE
MASCULINO,VENADO TUERTO,RENOVACIÓN,B.2,27/jun/2025,27/jun/2025,27/jun/2026,VIGENTE
FEMENINO,SAN EDUARDO,RENOVACIÓN,B.2,27/jun/2025,27/jun/2025,27/jun/2030,VIGENTE
MASCULINO,VENADO TUERTO,RENOVACIÓN CON AMPLIACIÓN,"A.3, B.1",27/jun/2025,27/jun/2025,27/jun/2030,VIGENTE
FEMENINO,VENADO TUERTO,RENOVACIÓN,A.2.1,27/jun/2025,27/jun/2025,27/jun/2028,VIGENTE
MASCULINO,VENADO TUERTO,RENOVACIÓN,"A.2.2, B.2",27/jun/2025,27/jun/2025,27/jun/2026,VIGENTE
MASCULINO,VENADO TUERTO,ORIGINAL,A.2.1,27/jun/2025,27/jun/2025,27/jun/2030,VIGENTE
FEMENINO,VENADO TUERTO,ORIGINAL,A.2.1,27/jun/2025,27/jun/2025,27/jun/2030,VIGENTE
FEMENINO,VENADO TUERTO,RENOVACIÓN,A.2.1,27/jun/2025,27/jun/2025,27/jun/2030,VIGENTE
MASCULINO,VENADO TUERTO,RENOVACIÓN,"A.2.1, D.3, E.1",27/jun/2025,27/jun/2025,27/jun/2027,VIGENTE
MASCULINO,VENADO TUERTO,RENOVACIÓN,B.2,27/jun/2025,27/jun/2025,27/jun/2026,VIGENTE
FEMENINO,VENADO TUERTO,RENOVACIÓN,A.2.1,27/jun/2025,27/jun/2025,27/jun/2030,VIGENTE
FEMENINO,VENADO TUERTO,RENOVACIÓN,B.2,27/jun/2025,27/jun/2025,27/jun/2026,VIGENTE
MASCULINO,VENADO TUERTO,RENOVACIÓN,B.1,27/jun/2025,27/jun/2025,27/jun/2030,VIGENTE
MASCULINO,VENADO TUERTO,RENOVACIÓN CON AMPLIACIÓN,"A.2.1, B.1, E.2",28/jun/2025,25/jun/2025,28/jun/2027,VIGENTE
MASCULINO,SAN EDUARDO,RENOVACIÓN CON AMPLIACIÓN,"A.2.2, B.1, E.2",28/jun/2025,25/jun/2025,28/jun/2027,VIGENTE
MASCULINO,VENADO TUERTO,RENOVACIÓN CON AMPLIACIÓN,"A.2.2, B.2, D.1, E.2",28/jun/2025,25/jun/2025,28/jun/2027,VIGENTE
MASCULINO,VENADO TUERTO,RENOVACIÓN CON AMPLIACIÓN,"A.2.1, B.2, E.2",28/jun/2025,26/jun/2025,28/jun/2026,VIGENTE
FEMENINO,VENADO TUERTO,RENOVACIÓN CON AMPLIACIÓN,"A.2.2, B.1, E.2",28/jun/2025,26/jun/2025,28/jun/2027,VIGENTE
MASCULINO,VENADO TUERTO,RENOVACIÓN CON AMPLIACIÓN,"A.3, B.2, E.2",28/jun/2025,26/jun/2025,28/jun/2027,VIGENTE
MASCULINO,VENADO TUERTO,ORIGINAL,A.2.1,30/jun/2025,26/feb/2025,30/jun/2026,VIGENTE
FEMENINO,VENADO TUERTO,ORIGINAL,A.2.1,30/jun/2025,29/may/2025,30/jun/2030,VIGENTE
MASCULINO,VENADO TUERTO,ORIGINAL,"A.2.1, B.1",30/jun/2025,30/may/2025,30/jun/2030,VIGENTE
MASCULINO,VENADO TUERTO,ORIGINAL,"A.2.1, B.1",30/jun/2025,17/jun/2025,30/jun/2026,VIGENTE
MASCULINO,VENADO TUERTO,ORIGINAL,"A.2.1, B.1",30/jun/2025,17/jun/2025,30/jun/2026,VIGENTE
MASCULINO,VENADO TUERTO,RENOVACIÓN CON AMPLIACIÓN,"A.3, B.2",30/jun/2025,18/jun/2025,30/jun/2030,VIGENTE
MASCULINO,VENADO TUERTO,RENOVACIÓN,E.1,30/jun/2025,24/jun/2025,30/jun/2026,VIGENTE
MASCULINO,VENADO TUERTO,RENOVACIÓN CON AMPLIACIÓN,"A.2.1, E.1, G.1, G.2",30/jun/2025,24/jun/2025,30/jun/2026,VIGENTE
MASCULINO,VENADO TUERTO,RENOVACIÓN,B.1,30/jun/2025,26/jun/2025,30/jun/2028,VIGENTE
FEMENINO,VENADO TUERTO,ORIGINAL,A.2.1,30/jun/2025,26/jun/2025,30/jun/2026,VIGENTE
MASCULINO,VENADO TUERTO,RENOVACIÓN,B.2,30/jun/2025,26/jun/2025,30/jun/2030,VIGENTE
MASCULINO,VENADO TUERTO,RENOVACIÓN,"B.2, D.1",30/jun/2025,30/jun/2025,30/jun/2026,VIGENTE
MASCULINO,VENADO TUERTO,ORIGINAL,B.1,30/jun/2025,30/jun/2025,30/jun/2026,VIGENTE
MASCULINO,VENADO TUERTO,RENOVACIÓN,B.2,30/jun/2025,30/jun/2025,30/jun/2030,VIGENTE
MASCULINO,VENADO TUERTO,RENOVACIÓN,A.2.1,30/jun/2025,30/jun/2025,30/jun/2028,VIGENTE
FEMENINO,VENADO TUERTO,RENOVACIÓN,"A.2.1, B.1",30/jun/2025,30/jun/2025,30/jun/2030,VIGENTE
MASCULINO,VENADO TUERTO,RENOVACIÓN,A.2.1,30/jun/2025,30/jun/2025,30/jun/2028,VIGENTE
MASCULINO,VENADO TUERTO,RENOVACIÓN,"A.2.2, B.2",30/jun/2025,30/jun/2025,30/jun/2030,VIGENTE
FEMENINO,VENADO TUERTO,RENOVACIÓN CON AMPLIACIÓN,"A.2.1, E.1, E.2",30/jun/2025,30/jun/2025,30/jun/2027,VIGENTE
FEMENINO,VENADO TUERTO,RENOVACIÓN,"A.2.1, B.1",30/jun/2025,30/jun/2025,30/jun/2030,VIGENTE
MASCULINO,VENADO TUERTO,RENOVACIÓN,B.2,30/jun/2025,30/jun/2025,30/jun/2026,VIGENTE
FEMENINO,VENADO TUERTO,RENOVACIÓN,B.2,30/jun/2025,30/jun/2025,30/jun/2026,VIGENTE
FEMENINO,VENADO TUERTO,RENOVACIÓN,B.2,30/jun/2025,30/jun/2025,30/jun/2026,VIGENTE
FEMENINO,VENADO TUERTO,RENOVACIÓN,B.1,30/jun/2025,30/jun/2025,30/jun/2026,VIGENTE
FEMENINO,VENADO TUERTO,RENOVACIÓN,B.2,30/jun/2025,30/jun/2025,30/jun/2030,VIGENTE
FEMENINO,VENADO TUERTO,RENOVACIÓN,B.1,30/jun/2025,30/jun/2025,30/jun/2026,VIGENTE
MASCULINO,VENADO TUERTO,DUPLICADO,B.2,30/jun/2025,30/jun/2025,10/dic/2025,VIGENTE
MASCULINO,VENADO TUERTO,RENOVACIÓN,A.2.1,30/jun/2025,30/jun/2025,30/jun/2030,VIGENTE
MASCULINO,VENADO TUERTO,RENOVACIÓN,"A.2.1, B.2",30/jun/2025,30/jun/2025,30/jun/2030,VIGENTE
MASCULINO,VENADO TUERTO,RENOVACIÓN,E.1,30/jun/2025,30/jun/2025,30/jun/2026,VIGENTE
MASCULINO,VENADO TUERTO,RENOVACIÓN,E.1,30/jun/2025,30/jun/2025,30/ene/2026,VIGENTE
MASCULINO,VENADO TUERTO,RENOVACIÓN,"A.2.1, B.2",30/jun/2025,30/jun/2025,30/jun/2030,VIGENTE
FEMENINO,VENADO TUERTO,RENOVACIÓN,B.2,30/jun/2025,30/jun/2025,30/jun/2026,VIGENTE
MASCULINO,VENADO TUERTO,RENOVACIÓN,B.2,30/jun/2025,30/jun/2025,30/jun/2030,VIGENTE
FEMENINO,VENADO TUERTO,RENOVACIÓN,"A.2.1, B.2",30/jun/2025,30/jun/2025,30/jun/2030,VIGENTE
MASCULINO,VENADO TUERTO,RENOVACIÓN,E.1,30/jun/2025,30/jun/2025,30/jun/2026,VIGENTE
MASCULINO,VENADO TUERTO,RENOVACIÓN,"A.2.1, B.2",30/jun/2025,30/jun/2025,30/jun/2026,VIGENTE
FEMENINO,VENADO TUERTO,RENOVACIÓN,B.2,30/jun/2025,30/jun/2025,30/jun/2026,VIGENTE
FEMENINO,VENADO TUERTO,RENOVACIÓN,"A.2.1, B.2",30/jun/2025,30/jun/2025,30/jun/2030,VIGENTE
MASCULINO,VENADO TUERTO,RENOVACIÓN,A.2.1,30/jun/2025,30/jun/2025,30/jun/2030,VIGENTE
MASCULINO,VENADO TUERTO,RENOVACIÓN,B.2,30/jun/2025,30/jun/2025,30/jun/2030,VIGENTE
FEMENINO,VENADO TUERTO,RENOVACIÓN,B.2,30/jun/2025,30/jun/2025,30/jun/2030,VIGENTE
FEMENINO,VENADO TUERTO,RENOVACIÓN,A.2.1,30/jun/2025,30/jun/2025,30/jun/2030,VIGENTE
FEMENINO,VENADO TUERTO,RENOVACIÓN,B.1,30/jun/2025,30/jun/2025,30/jun/2030,VIGENTE
MASCULINO,VENADO TUERTO,RENOVACIÓN,"A.3, E.1",30/jun/2025,30/jun/2025,30/jun/2027,VIGENTE
MASCULINO,VENADO TUERTO,RENOVACIÓN,"A.2.2, B.2",30/jun/2025,30/jun/2025,30/jun/2030,VIGENTE
MASCULINO,VENADO TUERTO,RENOVACIÓN,B.2,30/jun/2025,30/jun/2025,30/jun/2026,VIGENTE
FEMENINO,VENADO TUERTO,RENOVACIÓN,B.2,30/jun/2025,30/jun/2025,30/jun/2030,VIGENTE
MASCULINO,VENADO TUERTO,RENOVACIÓN,B.2,30/jun/2025,30/jun/2025,30/jun/2030,VIGENTE
FEMENINO,VENADO TUERTO,RENOVACIÓN,"A.2.1, B.2",30/jun/2025,30/jun/2025,30/jun/2030,VIGENTE
MASCULINO,VENADO TUERTO,RENOVACIÓN,B.2,30/jun/2025,30/jun/2025,30/jun/2026,VIGENTE
MASCULINO,VENADO TUERTO,RENOVACIÓN,"A.2.1, E.1, E.2",30/jun/2025,30/jun/2025,30/nov/2026,VIGENTE